:START_ID(Person),:END_ID(Person),:TYPE,evidence_count:INT,relationship_id
HP-00000002,HP-00000001,FATHER_OF,1,FR-1f21999426708c0b
HP-00000006,HP-00000005,FATHER_OF,1,FR-eba30ee269c9dcf9
HP-00000014,HP-00000013,FATHER_OF,1,FR-2080b1b26ad0f027
HP-00000018,HP-00000017,FATHER_OF,1,FR-4a4a2fc93c45777c
HP-00000022,HP-00000021,FATHER_OF,1,FR-238d67a15d7d9f32
HP-00000028,HP-00000027,FATHER_OF,1,FR-4acad439ec95599b
HP-00000031,HP-00000030,FATHER_OF,1,FR-0c2338a0df3cff32
HP-00000035,HP-00000034,FATHER_OF,1,FR-43aa4308d3e9466f
HP-00000042,HP-00000041,FATHER_OF,1,FR-1fe90466945692f2
HP-00000046,HP-00000045,FATHER_OF,1,FR-fec2148d2bb49354
HP-00000050,HP-00000049,FATHER_OF,1,FR-150ad028ceaa560d
HP-00000054,HP-00000053,FATHER_OF,1,FR-105be93c27b54732
HP-00000058,HP-00000057,FATHER_OF,1,FR-a83151ca5e9f1f71
HP-00000066,HP-00000065,FATHER_OF,1,FR-14aa46140d228f3c
HP-00000070,HP-00000069,FATHER_OF,1,FR-7670246acd61abb5
HP-00000074,HP-00000073,FATHER_OF,1,FR-3353efff02b910b3
HP-00000084,HP-00000083,FATHER_OF,1,FR-bd3ba5c613893165
HP-00000100,HP-00000099,FATHER_OF,1,FR-7fa042bbc1b4b5e8
HP-00000111,HP-00000110,FATHER_OF,1,FR-26b9be64694cffa3
HP-00000115,HP-00000114,FATHER_OF,1,FR-36cdc0bd0dc9a065
HP-00000119,HP-00000118,FATHER_OF,1,FR-c2cb4984b9bd0d2e
HP-00000123,HP-00000122,FATHER_OF,1,FR-340728338051fd9b
HP-00000130,HP-00000129,FATHER_OF,1,FR-7e0c7739be7e42ea
HP-00000134,HP-00000133,FATHER_OF,1,FR-92fa26cbac79aaca
HP-00000138,HP-00000137,FATHER_OF,1,FR-c8b049c312c0e302
HP-00000148,HP-00000147,FATHER_OF,1,FR-b58caf2d017a4850
HP-00000152,HP-00000151,FATHER_OF,1,FR-fcda660ec8947b4f
HP-00000156,HP-00000155,FATHER_OF,1,FR-26f588d4854d1f45
HP-00000160,HP-00000159,FATHER_OF,1,FR-951acc904e3847b6
HP-00000164,HP-00000163,FATHER_OF,1,FR-da467b4d8dc463cd
HP-00000168,HP-00000167,FATHER_OF,1,FR-ad2b5ddbaa9b1bc7
HP-00000172,HP-00000171,FATHER_OF,1,FR-755f58f11e70c1b3
HP-00000176,HP-00000175,FATHER_OF,1,FR-d67b27b95f714c5e
HP-00000180,HP-00000179,FATHER_OF,1,FR-ea8e5d5732d7b107
HP-00000192,HP-00000191,FATHER_OF,1,FR-35ebd607a337f2f9
HP-00000199,HP-00000198,FATHER_OF,1,FR-4568ca03dae28f91
HP-00000210,HP-00000209,FATHER_OF,1,FR-ec08e6da30c1e922
HP-00000221,HP-00000220,FATHER_OF,1,FR-a3404285f337cb3f
HP-00000228,HP-00000227,FATHER_OF,1,FR-e787b2de38c5dfc2
HP-00000232,HP-00000231,FATHER_OF,1,FR-0104f39fcc6b5344
HP-00000236,HP-00000235,FATHER_OF,1,FR-8dff798262bcf7ee
HP-00000247,HP-00000246,FATHER_OF,1,FR-a3ea13a8f802c638
HP-00000255,HP-00000254,FATHER_OF,1,FR-ad83fbfb3d7bf90b
HP-00000259,HP-00000258,FATHER_OF,1,FR-a064723b326a46a5
HP-00000263,HP-00000262,FATHER_OF,1,FR-f04b5f1657f0c161
HP-00000267,HP-00000266,FATHER_OF,1,FR-ea122e5093a355c4
HP-00000283,HP-00000282,FATHER_OF,1,FR-cd493fadabf7a132
HP-00000291,HP-00000290,FATHER_OF,1,FR-471a0d9fe0e48431
HP-00000299,HP-00000298,FATHER_OF,1,FR-96e98255e56584d6
HP-00000303,HP-00000302,FATHER_OF,1,FR-97ecc67e3712f383
HP-00000307,HP-00000306,FATHER_OF,1,FR-b243c642f021d5b7
HP-00000311,HP-00000310,FATHER_OF,1,FR-f7ea83c1e4adc8c2
HP-00000315,HP-00000314,FATHER_OF,1,FR-ea3859d8351596b6
HP-00000323,HP-00000322,FATHER_OF,1,FR-b726b453bb53af6b
HP-00000327,HP-00000326,FATHER_OF,1,FR-881a3b4222a6fc44
HP-00000335,HP-00000334,FATHER_OF,1,FR-0dd4e6cd947a922f
HP-00000356,HP-00000355,FATHER_OF,1,FR-a0c4a011187c29b3
HP-00000373,HP-00000372,FATHER_OF,1,FR-0d8a683a3c9368b2
HP-00000380,HP-00000379,FATHER_OF,1,FR-d2e5221f9462779d
HP-00000384,HP-00000383,FATHER_OF,1,FR-d9822732dff73dd2
HP-00000391,HP-00000390,FATHER_OF,1,FR-a83be6fbf035bfe4
HP-00000399,HP-00000398,FATHER_OF,1,FR-849917e43e7bfbc4
HP-00000403,HP-00000402,FATHER_OF,1,FR-359e986397b76280
HP-00000411,HP-00000410,FATHER_OF,1,FR-49ed8e013b010f4d
HP-00000415,HP-00000414,FATHER_OF,1,FR-caea2a065503aa3a
HP-00000425,HP-00000424,FATHER_OF,1,FR-e3aa35b2cd2f45a9
HP-00000443,HP-00000442,FATHER_OF,1,FR-0431ceec8f9a219c
HP-00000447,HP-00000446,FATHER_OF,1,FR-41455a74a68b6fe8
HP-00000458,HP-00000457,FATHER_OF,1,FR-eb260dc629283e03
HP-00000462,HP-00000461,FATHER_OF,1,FR-a6e2461a64a6fbd2
HP-00000180,HP-00000469,FATHER_OF,1,FR-c6d692ff07f6960b
HP-00000478,HP-00000477,FATHER_OF,1,FR-cb6e66502e69cfcf
HP-00000492,HP-00000491,FATHER_OF,1,FR-532dde227f9a99ab
HP-00000503,HP-00000502,FATHER_OF,1,FR-db99fb7ce8e38fa1
HP-00000511,HP-00000510,FATHER_OF,1,FR-8c1bb14dcf060fe3
HP-00000519,HP-00000518,FATHER_OF,1,FR-4086892bf55ce6c5
HP-00000523,HP-00000522,FATHER_OF,1,FR-c780b59fca81cb41
HP-00000551,HP-00000550,FATHER_OF,1,FR-ea4ebb2361aa991d
HP-00000558,HP-00000557,FATHER_OF,1,FR-4253446dce31e6d2
HP-00000562,HP-00000561,FATHER_OF,1,FR-2fe3d92dbd717ad2
HP-00000569,HP-00000568,FATHER_OF,1,FR-f388829c30b2461b
HP-00000573,HP-00000572,FATHER_OF,1,FR-9ce118c272ca42f6
HP-00000577,HP-00000576,FATHER_OF,1,FR-55935594ef33d89f
HP-00000581,HP-00000580,FATHER_OF,1,FR-3fc0ed327b204f0c
HP-00000585,HP-00000584,FATHER_OF,1,FR-56890b510925afdd
HP-00000589,HP-00000588,FATHER_OF,1,FR-1ec0d24315c133f6
HP-00000594,HP-00000593,FATHER_OF,1,FR-c85b0117711dd756
HP-00000598,HP-00000597,FATHER_OF,1,FR-e765a2f3ad90e6e3
HP-00000602,HP-00000601,FATHER_OF,1,FR-b311dda372523873
HP-00000606,HP-00000605,FATHER_OF,1,FR-7a413c3dc7855e17
HP-00000610,HP-00000609,FATHER_OF,1,FR-5d5aea7dd943893f
HP-00000614,HP-00000613,FATHER_OF,1,FR-6ddfc8c524d57568
HP-00000618,HP-00000617,FATHER_OF,1,FR-caa3b06c130733e5
HP-00000622,HP-00000621,FATHER_OF,1,FR-d836635ee2e293d3
HP-00000626,HP-00000625,FATHER_OF,1,FR-16b76ae6ce8be633
HP-00000630,HP-00000629,FATHER_OF,1,FR-22195ee0e9754b53
HP-00000634,HP-00000633,FATHER_OF,1,FR-d8ba3b4db26679d8
HP-00000638,HP-00000637,FATHER_OF,1,FR-86fe10d12a21e1d8
HP-00000650,HP-00000649,FATHER_OF,1,FR-d12b48fd4c3ff093
HP-00000658,HP-00000657,FATHER_OF,1,FR-2473b6b44b82d926
HP-00000662,HP-00000661,FATHER_OF,1,FR-71a63bc05f9e02de
HP-00000673,HP-00000672,FATHER_OF,1,FR-c4eda6ec4f806248
HP-00000681,HP-00000680,FATHER_OF,1,FR-8aa5db54a46732d6
HP-00000685,HP-00000684,FATHER_OF,1,FR-5297e1dc52da95da
HP-00000689,HP-00000688,FATHER_OF,1,FR-0e290f16e9535de3
HP-00000693,HP-00000692,FATHER_OF,1,FR-d472f874e9e8bc4d
HP-00000697,HP-00000696,FATHER_OF,1,FR-6c8fb5050c0589a2
HP-00000709,HP-00000708,FATHER_OF,1,FR-d1c0b21cc9c185f9
HP-00000713,HP-00000712,FATHER_OF,1,FR-e1e42f3afc358d44
HP-00000717,HP-00000716,FATHER_OF,1,FR-76779309269bbc34
HP-00000721,HP-00000720,FATHER_OF,1,FR-5a8b6d1b90d0aa24
HP-00000725,HP-00000724,FATHER_OF,1,FR-53a41fa97e490cc5
HP-00000729,HP-00000728,FATHER_OF,1,FR-bf8306176c9d3b36
HP-00000737,HP-00000736,FATHER_OF,1,FR-706a8eb5509bc3a7
HP-00000745,HP-00000744,FATHER_OF,1,FR-a3d1d5ba49fd2b0c
HP-00000753,HP-00000752,FATHER_OF,1,FR-b00108e59f58e9c8
HP-00000761,HP-00000760,FATHER_OF,1,FR-16c54ef39ad7a7f1
HP-00000772,HP-00000771,FATHER_OF,1,FR-1d34a96986354e86
HP-00000776,HP-00000775,FATHER_OF,1,FR-6f7e5e439685370a
HP-00000780,HP-00000779,FATHER_OF,1,FR-7bac976ca4aa73de
HP-00000788,HP-00000787,FATHER_OF,1,FR-d5a8e83de987d975
HP-00000802,HP-00000801,FATHER_OF,1,FR-69c179cf53a572e2
HP-00000806,HP-00000805,FATHER_OF,1,FR-83fed7b25e31e2ca
HP-00000813,HP-00000812,FATHER_OF,1,FR-70778653ce997c3b
HP-00000832,HP-00000831,FATHER_OF,1,FR-81cba77a6ef45f47
HP-00000839,HP-00000838,FATHER_OF,1,FR-99942cd1201aca0d
HP-00000850,HP-00000849,FATHER_OF,1,FR-74bf5c753c38d94a
HP-00000854,HP-00000853,FATHER_OF,1,FR-7f17a48669d1d599
HP-00000861,HP-00000860,FATHER_OF,1,FR-8465a0d7fb78df97
HP-00000865,HP-00000864,FATHER_OF,1,FR-3c9e19fa79a9cab7
HP-00000869,HP-00000868,FATHER_OF,1,FR-90f421c000dfbe5a
HP-00000873,HP-00000872,FATHER_OF,2,FR-d636b741e6b27d5a
HP-00000881,HP-00000880,FATHER_OF,1,FR-6b133059149307e0
HP-00000885,HP-00000884,FATHER_OF,1,FR-667748650fb0b96e
HP-00000900,HP-00000899,FATHER_OF,1,FR-b3694c154d514e94
HP-00000904,HP-00000903,FATHER_OF,1,FR-247a83517d3830db
HP-00000908,HP-00000907,FATHER_OF,1,FR-e57b8c5b100db85f
HP-00000912,HP-00000911,FATHER_OF,1,FR-fe10213c328df1a0
HP-00000916,HP-00000915,FATHER_OF,1,FR-68ac75cdbf0fe285
HP-00000920,HP-00000919,FATHER_OF,1,FR-1eb85361ccabe043
HP-00000924,HP-00000923,FATHER_OF,1,FR-3f5633f40f7bba4b
HP-00000928,HP-00000927,FATHER_OF,1,FR-2bef705a1e99e10c
HP-00000932,HP-00000931,FATHER_OF,1,FR-dafd01ebd71fa4a5
HP-00000936,HP-00000935,FATHER_OF,1,FR-9f020e7737037c78
HP-00000940,HP-00000939,FATHER_OF,1,FR-6ca56002b2771f00
HP-00000944,HP-00000943,FATHER_OF,1,FR-65b4e8455fa7556b
HP-00000951,HP-00000950,FATHER_OF,1,FR-1425aefabfb412af
HP-00000955,HP-00000954,FATHER_OF,1,FR-68a24638beb48115
HP-00000963,HP-00000962,FATHER_OF,1,FR-3389b180f1e8f394
HP-00000979,HP-00000978,FATHER_OF,1,FR-1dfbb457023b65ab
HP-00000983,HP-00000982,FATHER_OF,1,FR-8488b037d7adedd4
HP-00000995,HP-00000994,FATHER_OF,1,FR-823367d945487706
HP-00000999,HP-00000998,FATHER_OF,1,FR-ccb210d1bf929f38
HP-00001005,HP-00001004,FATHER_OF,1,FR-a5414428b274ee05
HP-00001012,HP-00001011,FATHER_OF,1,FR-ac3c6d91d3d68c9b
HP-00001020,HP-00001019,FATHER_OF,1,FR-748ff390036b992f
HP-00001032,HP-00001031,FATHER_OF,1,FR-a5757952512ee753
HP-00001044,HP-00001043,FATHER_OF,1,FR-a6f5addad537da32
HP-00001051,HP-00001050,FATHER_OF,1,FR-efbcb06f4c50ce1f
HP-00001055,HP-00001054,FATHER_OF,1,FR-8b181fae6369a0c2
HP-00001063,HP-00001062,FATHER_OF,1,FR-a62ef8b82771d6de
HP-00001067,HP-00001066,FATHER_OF,1,FR-ebdf2c09763f15de
HP-00001071,HP-00001070,FATHER_OF,1,FR-58b2c1a5b7387bae
HP-00001075,HP-00001074,FATHER_OF,1,FR-17eb2c339e9ccbab
HP-00001083,HP-00001082,FATHER_OF,1,FR-97206bc869f92e78
HP-00001087,HP-00001086,FATHER_OF,1,FR-b2e64335d97742c5
HP-00001095,HP-00001094,FATHER_OF,1,FR-0144d293238d702d
HP-00001099,HP-00001098,FATHER_OF,1,FR-c9582f7bf024cb7a
HP-00001107,HP-00001106,FATHER_OF,1,FR-056adbec13694687
HP-00001111,HP-00001110,FATHER_OF,1,FR-3ebe947ee5ae584b
HP-00001115,HP-00001114,FATHER_OF,1,FR-7924a70e2a59b6fb
HP-00001123,HP-00001122,FATHER_OF,1,FR-09f38e3987293cc1
HP-00001127,HP-00001126,FATHER_OF,1,FR-a45d91fe1f43e210
HP-00001139,HP-00001138,FATHER_OF,1,FR-5bbf04203182099e
HP-00001147,HP-00001146,FATHER_OF,1,FR-e771d6f9f3b62e9a
HP-00001166,HP-00001165,FATHER_OF,1,FR-0088d7dbe0d8ef78
HP-00001170,HP-00001169,FATHER_OF,1,FR-9829cb51413c68c2
HP-00001174,HP-00001173,FATHER_OF,1,FR-31268f5ed4387fc3
HP-00001178,HP-00001177,FATHER_OF,1,FR-d84dc8420de08a95
HP-00001182,HP-00001181,FATHER_OF,1,FR-0763955cc3c84760
HP-00001189,HP-00001188,FATHER_OF,1,FR-2a2661d8f71c560a
HP-00001193,HP-00001192,FATHER_OF,1,FR-30158ca98879ee89
HP-00001197,HP-00001196,FATHER_OF,1,FR-ca95dea64034caa2
HP-00001201,HP-00001200,FATHER_OF,1,FR-9cf6bcae6c965e53
HP-00001209,HP-00001208,FATHER_OF,1,FR-11529509db98c6f3
HP-00001213,HP-00001212,FATHER_OF,1,FR-1964d5c99e86faeb
HP-00001221,HP-00001220,FATHER_OF,1,FR-047451cf7ae74bb5
HP-00001225,HP-00001224,FATHER_OF,1,FR-2a04d02a6fa2c8ae
HP-00001229,HP-00001228,FATHER_OF,1,FR-766ebbc8405f41a7
HP-00001233,HP-00001232,FATHER_OF,1,FR-9d2cf5186074b33e
HP-00001237,HP-00001236,FATHER_OF,1,FR-75b5605476aa48f4
HP-00001241,HP-00001240,FATHER_OF,1,FR-953cdfdc1fb6d9be
HP-00000236,HP-00001252,FATHER_OF,1,FR-9d1c34e49d699f46
HP-00001257,HP-00001256,FATHER_OF,1,FR-f65e28bc75fe424d
HP-00001261,HP-00001260,FATHER_OF,1,FR-238ecac2e200b17c
HP-00001269,HP-00001268,FATHER_OF,1,FR-44e5388d084ef863
HP-00001273,HP-00001272,FATHER_OF,1,FR-eabc6a02d9fd8402
HP-00001277,HP-00001276,FATHER_OF,1,FR-60e5cb391f836a76
HP-00001285,HP-00001284,FATHER_OF,1,FR-2883ad482ff4738b
HP-00001289,HP-00001288,FATHER_OF,1,FR-3d69ab00a69cf9a2
HP-00001302,HP-00001301,FATHER_OF,1,FR-8a15ef8eefea5c98
HP-00001306,HP-00001305,FATHER_OF,1,FR-d1d7e7d4bd98ebda
HP-00001310,HP-00001309,FATHER_OF,1,FR-d3fce9373d411d16
HP-00001314,HP-00001313,FATHER_OF,1,FR-72fddb73a6c21620
HP-00001318,HP-00001317,FATHER_OF,1,FR-924b0b8feeb3c5ed
HP-00001330,HP-00001329,FATHER_OF,1,FR-920cdce03859e535
HP-00001338,HP-00001337,FATHER_OF,1,FR-e3424ba422fb036f
HP-00001346,HP-00001345,FATHER_OF,1,FR-6deb0e913b856ca7
HP-00001364,HP-00001363,FATHER_OF,1,FR-195dd845017887bf
HP-00001371,HP-00001370,FATHER_OF,1,FR-54173ee995de7930
HP-00001375,HP-00001374,FATHER_OF,1,FR-b69f6dae5264f9f6
HP-00001379,HP-00001378,FATHER_OF,1,FR-eb3b941b76476ddd
HP-00001383,HP-00001382,FATHER_OF,1,FR-a5eb824755156d0e
HP-00000577,HP-00001386,FATHER_OF,1,FR-60da3e6b33a56bc5
HP-00000311,HP-00001390,FATHER_OF,1,FR-4ab5d09355f8e03a
HP-00001395,HP-00001394,FATHER_OF,1,FR-55cbcb1eac29028a
HP-00001403,HP-00001402,FATHER_OF,1,FR-67a9f2ebb941d0e5
HP-00001411,HP-00001410,FATHER_OF,1,FR-b59f337049a6ac33
HP-00001415,HP-00001414,FATHER_OF,1,FR-53f81f893cb984a6
HP-00001419,HP-00001418,FATHER_OF,1,FR-316658d07cbbb509
HP-00001423,HP-00001422,FATHER_OF,1,FR-62d946abb640bc44
HP-00001427,HP-00001426,FATHER_OF,1,FR-0475f622fe2e18f4
HP-00001430,HP-00001429,FATHER_OF,1,FR-36ebeadde305bf4a
HP-00001437,HP-00001436,FATHER_OF,1,FR-d915ada280912ea7
HP-00001441,HP-00001440,FATHER_OF,1,FR-8e31bc962e38d339
HP-00001453,HP-00001452,FATHER_OF,1,FR-143fd7b61c2304dd
HP-00001470,HP-00001469,FATHER_OF,1,FR-234cfc0a80d3f291
HP-00001474,HP-00001473,FATHER_OF,1,FR-fdc7a1ef509a2971
HP-00000681,HP-00001481,FATHER_OF,1,FR-405342a6eaf43ad4
HP-00001490,HP-00001489,FATHER_OF,1,FR-e370c5c18971b4ce
HP-00001494,HP-00001493,FATHER_OF,1,FR-50620e94575262f6
HP-00001501,HP-00001500,FATHER_OF,1,FR-38f3209f0158a2cc
HP-00001508,HP-00001507,FATHER_OF,1,FR-e199149b38596254
HP-00001512,HP-00001511,FATHER_OF,1,FR-00eab7e5199b8c44
HP-00001237,HP-00001515,FATHER_OF,1,FR-d67d29d7f3373003
HP-00001520,HP-00001519,FATHER_OF,1,FR-b032faf352473966
HP-00001527,HP-00001526,FATHER_OF,1,FR-48ee11272863885c
HP-00001531,HP-00001530,FATHER_OF,1,FR-d388c4ffc1431d01
HP-00000839,HP-00001534,FATHER_OF,1,FR-9c70ed8e4993bc22
HP-00001543,HP-00001542,FATHER_OF,1,FR-f22b327e4310c4b2
HP-00001547,HP-00001546,FATHER_OF,1,FR-5592a2ef4508c50f
HP-00001563,HP-00001562,FATHER_OF,1,FR-838b0ccbc7cea170
HP-00001567,HP-00001566,FATHER_OF,1,FR-a8be13870ecf2e96
HP-00001575,HP-00001574,FATHER_OF,1,FR-0f5827876074ad56
HP-00001579,HP-00001578,FATHER_OF,1,FR-a22873523353f83e
HP-00001590,HP-00001589,FATHER_OF,1,FR-cd9cbc601c2afb1b
HP-00001594,HP-00001593,FATHER_OF,1,FR-cec9d5455d9c4c22
HP-00001601,HP-00001600,FATHER_OF,1,FR-25ff9afe17199946
HP-00001605,HP-00001604,FATHER_OF,1,FR-dabc3a982afa7236
HP-00001609,HP-00001608,FATHER_OF,1,FR-50c8d8a12639e962
HP-00001613,HP-00001612,FATHER_OF,1,FR-c94529594dfec42e
HP-00001621,HP-00001620,FATHER_OF,1,FR-ca5ef497ff376664
HP-00001625,HP-00001624,FATHER_OF,1,FR-594603c5c35287be
HP-00001633,HP-00001632,FATHER_OF,1,FR-89fd25d85cd97267
HP-00001637,HP-00001636,FATHER_OF,1,FR-a1a17438a6b5079d
HP-00001645,HP-00001644,FATHER_OF,1,FR-686be05d1626a0da
HP-00001649,HP-00001648,FATHER_OF,1,FR-60e98463cf6de78e
HP-00001657,HP-00001656,FATHER_OF,1,FR-639d1efe5bdb6bae
HP-00001661,HP-00001660,FATHER_OF,2,FR-5d738fa39649536a
HP-00001665,HP-00001664,FATHER_OF,1,FR-0b78c50c5318857f
HP-00001669,HP-00001668,FATHER_OF,1,FR-9e16d422a523297f
HP-00001673,HP-00001672,FATHER_OF,1,FR-4520db354a655651
HP-00001680,HP-00001679,FATHER_OF,1,FR-103136a8a33522fd
HP-00001684,HP-00001683,FATHER_OF,1,FR-dc7094ec7b240708
HP-00001688,HP-00001687,FATHER_OF,1,FR-7044295e99f45923
HP-00001694,HP-00001693,FATHER_OF,1,FR-7865e52e845ad754
HP-00000291,HP-00001697,FATHER_OF,1,FR-2fddd76412470c69
HP-00001702,HP-00001701,FATHER_OF,1,FR-00b51d5f99a8eb26
HP-00001071,HP-00001705,FATHER_OF,1,FR-f0b536ff88b9a19b
HP-00001710,HP-00001709,FATHER_OF,1,FR-857600e519a57840
HP-00001718,HP-00001717,FATHER_OF,1,FR-5b86862169c46867
HP-00001722,HP-00001721,FATHER_OF,1,FR-3b63b2b2e8d0f612
HP-00001726,HP-00001725,FATHER_OF,1,FR-5bfa5f53787a3ca9
HP-00001730,HP-00001729,FATHER_OF,1,FR-55e15e1f26097b38
HP-00001734,HP-00001733,FATHER_OF,1,FR-965720295aaa5680
HP-00001738,HP-00001737,FATHER_OF,1,FR-93efcedfd3303438
HP-00001742,HP-00001741,FATHER_OF,1,FR-bd6ca420d89e849a
HP-00001746,HP-00001745,FATHER_OF,1,FR-75ec42e65da6d0a8
HP-00001750,HP-00001749,FATHER_OF,1,FR-e828665f1d650fc3
HP-00001754,HP-00001753,FATHER_OF,1,FR-17261d435723a339
HP-00001261,HP-00001757,FATHER_OF,1,FR-98f9ca1d335b1ab2
HP-00001762,HP-00001761,FATHER_OF,1,FR-8d41093e6c85c03a
HP-00001766,HP-00001765,FATHER_OF,1,FR-f2ea215121e4665f
HP-00001774,HP-00001773,FATHER_OF,1,FR-9d93554c06ef380b
HP-00001785,HP-00001784,FATHER_OF,1,FR-9195a1d3a2cb8b28
HP-00001792,HP-00001791,FATHER_OF,1,FR-24cf68f09e6cd731
HP-00001796,HP-00001795,FATHER_OF,1,FR-5e9a1aa163bf0bb1
HP-00001808,HP-00001807,FATHER_OF,1,FR-eb1b019d7ec80b1d
HP-00001819,HP-00001818,FATHER_OF,1,FR-d8ecbad0e935d93d
HP-00001823,HP-00001822,FATHER_OF,1,FR-8185a5bcadd8d69d
HP-00001827,HP-00001826,FATHER_OF,1,FR-2f35122b588e3602
HP-00001831,HP-00001830,FATHER_OF,1,FR-c99b4834e0764247
HP-00001835,HP-00001834,FATHER_OF,1,FR-f658465a86858e66
HP-00001847,HP-00001846,FATHER_OF,1,FR-7dd02092787e8f12
HP-00001855,HP-00001854,FATHER_OF,1,FR-f8187d508f78927f
HP-00001859,HP-00001858,FATHER_OF,1,FR-2ff488b76be2ba4f
HP-00001863,HP-00001862,FATHER_OF,1,FR-1c53c928b5535dca
HP-00001531,HP-00001866,FATHER_OF,1,FR-9ca54dce928d66a2
HP-00001879,HP-00001878,FATHER_OF,1,FR-7f135dc59a7602c3
HP-00001887,HP-00001886,FATHER_OF,1,FR-bb89c806f5653a12
HP-00001891,HP-00001890,FATHER_OF,1,FR-b7b34c780e279a4b
HP-00001915,HP-00001914,FATHER_OF,1,FR-4b5508360753652c
HP-00001166,HP-00001918,FATHER_OF,1,FR-9c55a23fc0d278fc
HP-00001923,HP-00001922,FATHER_OF,1,FR-f225b4920b9d535b
HP-00000955,HP-00001926,FATHER_OF,1,FR-2907a1bdbff2692b
HP-00001934,HP-00001933,FATHER_OF,1,FR-117d3fd60150fa0d
HP-00001942,HP-00001941,FATHER_OF,1,FR-d948979e632c9f6e
HP-00001946,HP-00001945,FATHER_OF,1,FR-54fa61caa05094ee
HP-00001958,HP-00001957,FATHER_OF,1,FR-62c4e1b9fed5924d
HP-00001962,HP-00001961,FATHER_OF,1,FR-9d92bd285c3b6c34
HP-00000658,HP-00001969,FATHER_OF,1,FR-aa7551da80183dbf
HP-00001974,HP-00001973,FATHER_OF,1,FR-99f719b0082a0e59
HP-00000327,HP-00001984,FATHER_OF,1,FR-69123eb7c64c45b1
HP-00001835,HP-00001992,FATHER_OF,1,FR-3305a444874f7636
HP-00001997,HP-00001996,FATHER_OF,1,FR-f5a4cb93ddc296d9
HP-00002005,HP-00002004,FATHER_OF,1,FR-4b31a3d0b35ea192
HP-00002013,HP-00002012,FATHER_OF,1,FR-5de572d90f518852
HP-00002025,HP-00002024,FATHER_OF,1,FR-3c9ef68947b4b2a1
HP-00002033,HP-00002032,FATHER_OF,1,FR-016ff58eb87d2b16
HP-00002041,HP-00002040,FATHER_OF,1,FR-132236533751ba86
HP-00002045,HP-00002044,FATHER_OF,1,FR-64200d574048a432
HP-00002049,HP-00002048,FATHER_OF,1,FR-4f1486a7db81c23f
HP-00002053,HP-00002052,FATHER_OF,1,FR-e69d5e9ce9e07752
HP-00002057,HP-00002056,FATHER_OF,1,FR-f7cb49957260070e
HP-00002064,HP-00002063,FATHER_OF,1,FR-6d35742b5b431e49
HP-00002068,HP-00002067,FATHER_OF,1,FR-364a21bf10312f87
HP-00000160,HP-00002071,FATHER_OF,1,FR-8c3405d3150b3f45
HP-00002087,HP-00002086,FATHER_OF,1,FR-f43bf484d9705380
HP-00002095,HP-00002094,FATHER_OF,1,FR-f976902eec261cc4
HP-00002103,HP-00002102,FATHER_OF,1,FR-b2bb1d4a885973be
HP-00002114,HP-00002113,FATHER_OF,1,FR-f144b8002f10dd23
HP-00002126,HP-00002125,FATHER_OF,1,FR-2a58c71b4cdac899
HP-00002130,HP-00002129,FATHER_OF,1,FR-0041b86bce4748a7
HP-00002134,HP-00002133,FATHER_OF,1,FR-905c78a9e6e00576
HP-00002138,HP-00002137,FATHER_OF,1,FR-60ea27619173d961
HP-00002142,HP-00002141,FATHER_OF,1,FR-b6104fab7f6fa5ad
HP-00002146,HP-00002145,FATHER_OF,1,FR-9fa1ca26f41f89a7
HP-00000908,HP-00002149,FATHER_OF,1,FR-36dbc09c0d771c48
HP-00000854,HP-00002153,FATHER_OF,1,FR-e5e08fcd97f9e4ce
HP-00002161,HP-00002160,FATHER_OF,1,FR-99e8dee254f89252
HP-00002172,HP-00002171,FATHER_OF,1,FR-cca285f28886d958
HP-00002176,HP-00002175,FATHER_OF,1,FR-0198187a4c1c5303
HP-00000138,HP-00002187,FATHER_OF,1,FR-cd2d95f6bf852588
HP-00002192,HP-00002191,FATHER_OF,1,FR-05c19610c762e90a
HP-00002200,HP-00002199,FATHER_OF,1,FR-a9982971383cbb9c
HP-00002212,HP-00002211,FATHER_OF,1,FR-182d758b7358a147
HP-00002216,HP-00002215,FATHER_OF,1,FR-48002e53b9da5df3
HP-00001269,HP-00002219,FATHER_OF,1,FR-b300cbc45a0da4ca
HP-00002224,HP-00002223,FATHER_OF,1,FR-7e0fcb0e768fc441
HP-00002228,HP-00002227,FATHER_OF,1,FR-7fff4ade1b24943b
HP-00002232,HP-00002231,FATHER_OF,1,FR-19c16e1ff99ab8e7
HP-00002236,HP-00002235,FATHER_OF,1,FR-cc860d5ae486d44a
HP-00002240,HP-00002239,FATHER_OF,1,FR-b8a36f00a8cf0084
HP-00002251,HP-00002250,FATHER_OF,1,FR-62fdc837e547689f
HP-00000697,HP-00002254,FATHER_OF,1,FR-133af54c0e833524
HP-00002259,HP-00002258,FATHER_OF,1,FR-484aca90ddd1a743
HP-00002279,HP-00002278,FATHER_OF,1,FR-4be71e0993524b70
HP-00002287,HP-00002286,FATHER_OF,1,FR-95a9c590027062ad
HP-00001107,HP-00002306,FATHER_OF,1,FR-71f419a7a45c302b
HP-00002311,HP-00002310,FATHER_OF,1,FR-302596014acf5892
HP-00002318,HP-00002317,FATHER_OF,1,FR-8e166e3c901aebfb
HP-00002322,HP-00002321,FATHER_OF,1,FR-c9ec8a5190ef1cba
HP-00000839,HP-00002336,FATHER_OF,1,FR-e6b6ce0e310fe6c4
HP-00002345,HP-00002344,FATHER_OF,1,FR-0dfb3c83fa272f84
HP-00002349,HP-00002348,FATHER_OF,2,FR-0f56bdb5968b92df
HP-00002361,HP-00002360,FATHER_OF,1,FR-6df871bee8dad770
HP-00002369,HP-00002368,FATHER_OF,1,FR-e2e0ba06f81eb44d
HP-00002377,HP-00002376,FATHER_OF,1,FR-03807d5b42596ae3
HP-00002389,HP-00002388,FATHER_OF,1,FR-0b194b167d1a47de
HP-00002397,HP-00002396,FATHER_OF,1,FR-8cbcb29543bfca2c
HP-00002401,HP-00002400,FATHER_OF,1,FR-0fd029027166118e
HP-00002409,HP-00002408,FATHER_OF,1,FR-68bc440610868030
HP-00002005,HP-00002419,FATHER_OF,1,FR-9b31b7c025a72d8b
HP-00002424,HP-00002423,FATHER_OF,1,FR-294f193c62f4207a
HP-00000745,HP-00002431,FATHER_OF,1,FR-94b8b34f080d8e00
HP-00002440,HP-00002439,FATHER_OF,1,FR-14b4166859081981
HP-00002448,HP-00002447,FATHER_OF,1,FR-ecd288a4674ca8d6
HP-00002452,HP-00002451,FATHER_OF,1,FR-67d32633b1f566f6
HP-00002456,HP-00002455,FATHER_OF,1,FR-6a0ae231aa6b1676
HP-00002471,HP-00002470,FATHER_OF,1,FR-f112d1423dafdf29
HP-00002479,HP-00002478,FATHER_OF,1,FR-c906dfc46fa8c249
HP-00002483,HP-00002482,FATHER_OF,1,FR-3f458c9f625134e1
HP-00002487,HP-00002486,FATHER_OF,1,FR-e2cadc084ea9d6c3
HP-00002502,HP-00002501,FATHER_OF,1,FR-eaf499998beb9100
HP-00002506,HP-00002505,FATHER_OF,1,FR-6037eff4641b4d45
HP-00002510,HP-00002509,FATHER_OF,1,FR-89a2c534541d5ff8
HP-00002514,HP-00002513,FATHER_OF,1,FR-866cd5b8c887b06b
HP-00001349,HP-00002517,FATHER_OF,1,FR-84d9217730092c78
HP-00002522,HP-00002521,FATHER_OF,1,FR-e2ae78a75a4f6131
HP-00001665,HP-00002525,FATHER_OF,1,FR-c226d11a8d67af42
HP-00001237,HP-00002541,FATHER_OF,1,FR-833f269b0aab87f8
HP-00002546,HP-00002545,FATHER_OF,1,FR-04c889f522cb3240
HP-00002550,HP-00002549,FATHER_OF,1,FR-9a1669650988345c
HP-00002554,HP-00002553,FATHER_OF,1,FR-4e2a051907ea494f
HP-00002558,HP-00002557,FATHER_OF,1,FR-7de7e151c3cb085a
HP-00002566,HP-00002565,FATHER_OF,1,FR-05545223d0f3aed4
HP-00002578,HP-00002577,FATHER_OF,1,FR-0fef0c29952b4098
HP-00002593,HP-00002592,FATHER_OF,1,FR-370656a74375b0ab
HP-00001174,HP-00002596,FATHER_OF,1,FR-07ef9c73d9ef51e5
HP-00002601,HP-00002600,FATHER_OF,1,FR-8296af10a6d1c8f5
HP-00002609,HP-00002608,FATHER_OF,1,FR-f41afe89c10355a0
HP-00002625,HP-00002624,FATHER_OF,1,FR-44b6744def120f89
HP-00001111,HP-00002628,FATHER_OF,1,FR-1dfea32edbd88449
HP-00002640,HP-00002639,FATHER_OF,1,FR-e2697ed51fb9d286
HP-00002644,HP-00002643,FATHER_OF,1,FR-c89d015a441685e3
HP-00002648,HP-00002647,FATHER_OF,1,FR-5656a17cc862058c
HP-00002652,HP-00002651,FATHER_OF,1,FR-3ad3caca66de69fe
HP-00002013,HP-00002659,FATHER_OF,1,FR-5b9a2d6373e43388
HP-00002676,HP-00002675,FATHER_OF,1,FR-107104bc9b8d01f8
HP-00002688,HP-00002687,FATHER_OF,1,FR-52f488641b8d3e63
HP-00001563,HP-00002701,FATHER_OF,1,FR-247f8e010423d404
HP-00002717,HP-00002716,FATHER_OF,1,FR-29a60fd1e2bdfc85
HP-00002721,HP-00002720,FATHER_OF,1,FR-e9d3db1f74a43f34
HP-00001958,HP-00002724,FATHER_OF,1,FR-c0cc5d442704ffd2
HP-00002733,HP-00002732,FATHER_OF,1,FR-9ccce97c4e91729a
HP-00000839,HP-00002743,FATHER_OF,1,FR-9aee6aacaae5137b
HP-00001371,HP-00002751,FATHER_OF,1,FR-836bbe5029f316d8
HP-00002756,HP-00002755,FATHER_OF,1,FR-196971c76a7df2ce
HP-00002763,HP-00002762,FATHER_OF,1,FR-dea322a2a5bbe099
HP-00001962,HP-00002766,FATHER_OF,1,FR-b7e187cd03fb27a1
HP-00001823,HP-00002770,FATHER_OF,1,FR-a9c13e6fb478cec1
HP-00001915,HP-00002774,FATHER_OF,1,FR-fc5eb94b5c12f745
HP-00002779,HP-00002778,FATHER_OF,1,FR-2826227eebf7cd54
HP-00002791,HP-00002790,FATHER_OF,1,FR-540dd72325da40f3
HP-00001567,HP-00002794,FATHER_OF,1,FR-ad7160fcd667790c
HP-00002799,HP-00002798,FATHER_OF,1,FR-46114ebdd7016e9e
HP-00002803,HP-00002802,FATHER_OF,1,FR-6840826d193bf8d5
HP-00002807,HP-00002806,FATHER_OF,1,FR-7dc23d17dfc4ff89
HP-00002815,HP-00002814,FATHER_OF,1,FR-d5965feb1f2bdcc7
HP-00002819,HP-00002818,FATHER_OF,1,FR-c0f75d10942e6482
HP-00002827,HP-00002826,FATHER_OF,1,FR-8b339db8c2a9dbf0
HP-00002831,HP-00002830,FATHER_OF,1,FR-088d5346655ca75a
HP-00002839,HP-00002838,FATHER_OF,1,FR-9bf7b5a2d9f575be
HP-00002843,HP-00002842,FATHER_OF,1,FR-a70ee915328ad63e
HP-00002847,HP-00002846,FATHER_OF,1,FR-acc359456b33c1b8
HP-00002851,HP-00002850,FATHER_OF,1,FR-48c2e7adb2928960
HP-00002855,HP-00002854,FATHER_OF,1,FR-38f75c2a2fd22950
HP-00002863,HP-00002862,FATHER_OF,1,FR-15eb6c35c0e6440c
HP-00001625,HP-00002870,FATHER_OF,1,FR-3a702c4ee495a247
HP-00002883,HP-00002882,FATHER_OF,1,FR-31ed2611e022e1ab
HP-00002053,HP-00002890,FATHER_OF,1,FR-ecf7ed494453336c
HP-00001766,HP-00002894,FATHER_OF,1,FR-b43e2c356d06a8f3
HP-00002126,HP-00002902,FATHER_OF,1,FR-24c100297ca61545
HP-00001166,HP-00002906,FATHER_OF,1,FR-39997f5977f717f3
HP-00002911,HP-00002910,FATHER_OF,1,FR-dd9381c3978f4ef8
HP-00002927,HP-00002926,FATHER_OF,1,FR-ecc7dda6ea442a99
HP-00000900,HP-00002942,FATHER_OF,1,FR-7509dad22accd200
HP-00000168,HP-00002950,FATHER_OF,1,FR-09a30fdd124675ef
HP-00002962,HP-00002961,FATHER_OF,1,FR-4509aab02167fb67
HP-00001543,HP-00002965,FATHER_OF,1,FR-a9e8ce402af87ad3
HP-00002973,HP-00002972,FATHER_OF,1,FR-b341381e4176efd2
HP-00001645,HP-00002976,FATHER_OF,1,FR-1215ede2d145bfdb
HP-00002985,HP-00002984,FATHER_OF,1,FR-8c533f7d90f37276
HP-00002992,HP-00002991,FATHER_OF,1,FR-cb6f9cdd141fffb0
HP-00002996,HP-00002995,FATHER_OF,1,FR-1281a8a484916f7d
HP-00003000,HP-00002999,FATHER_OF,1,FR-1e90a22d32142c8e
HP-00003012,HP-00003011,FATHER_OF,2,FR-1e4c187f221fed1d
HP-00001071,HP-00003019,FATHER_OF,2,FR-3f5130e684dbf239
HP-00003036,HP-00003035,FATHER_OF,1,FR-9de8ab2f228a87e0
HP-00000168,HP-00003046,FATHER_OF,1,FR-2a1f771249ab9d20
HP-00002130,HP-00003050,FATHER_OF,1,FR-05a9800924b1c692
HP-00003055,HP-00003054,FATHER_OF,1,FR-7706c3d87bd2be8c
HP-00003063,HP-00003062,FATHER_OF,1,FR-e55ae728d54c9d1a
HP-00003071,HP-00003070,FATHER_OF,1,FR-5e64adf1474ce3a3
HP-00003079,HP-00003078,FATHER_OF,1,FR-9074992f7a45c3d5
HP-00003099,HP-00003098,FATHER_OF,1,FR-d9f968dde75de1ff
HP-00003111,HP-00003110,FATHER_OF,1,FR-838f76b69be17402
HP-00003115,HP-00003114,FATHER_OF,1,FR-dce1c9089c77029b
HP-00002287,HP-00003118,FATHER_OF,1,FR-5538712252695afa
HP-00001107,HP-00003122,FATHER_OF,1,FR-0caa4756a2d318ad
HP-00003131,HP-00003130,FATHER_OF,1,FR-bf7589c306a8ee93
HP-00002259,HP-00003138,FATHER_OF,1,FR-aa6bfdc6688406c5
HP-00003151,HP-00003150,FATHER_OF,1,FR-95bf8334985d0b15
HP-00002401,HP-00003161,FATHER_OF,1,FR-8484df39a1569ad3
HP-00003174,HP-00003173,FATHER_OF,1,FR-e89cce5039ac4259
HP-00002349,HP-00003177,FATHER_OF,1,FR-2aaeef91a729754a
HP-00000658,HP-00003181,FATHER_OF,1,FR-36b308097dfea648
HP-00003186,HP-00003185,FATHER_OF,1,FR-c99deb39ba85b785
HP-00003194,HP-00003193,FATHER_OF,1,FR-76a50b59e76ffab7
HP-00003210,HP-00003209,FATHER_OF,1,FR-aaddd7622860678e
HP-00003214,HP-00003213,FATHER_OF,1,FR-4eccf6f43df0d45b
HP-00003222,HP-00003221,FATHER_OF,1,FR-6662580f9e33a8d7
HP-00003226,HP-00003225,FATHER_OF,1,FR-ad7eee7d58a9834a
HP-00000916,HP-00003229,FATHER_OF,1,FR-625bb60dc48ac2af
HP-00003234,HP-00003233,FATHER_OF,1,FR-6a20b173b2db7caa
HP-00003246,HP-00003245,FATHER_OF,1,FR-fb833a33761ac657
HP-00002259,HP-00003253,FATHER_OF,1,FR-bee179c73b18771e
HP-00003262,HP-00003261,FATHER_OF,1,FR-30f65970c4193474
HP-00003266,HP-00003265,FATHER_OF,1,FR-0430a7bfc7cd2091
HP-00003282,HP-00003281,FATHER_OF,1,FR-c5f5356b09dd5582
HP-00003286,HP-00003285,FATHER_OF,1,FR-dd54de37753a2bc8
HP-00000598,HP-00003301,FATHER_OF,1,FR-0f5be3abc7f327fc
HP-00003306,HP-00003305,FATHER_OF,1,FR-1a3fd1f8ea2ed8d5
HP-00003313,HP-00003312,FATHER_OF,1,FR-9207193518df8d01
HP-00003317,HP-00003316,FATHER_OF,1,FR-8b0794c6b40b5e40
HP-00003321,HP-00003320,FATHER_OF,1,FR-5abe0f83cb01afb7
HP-00003325,HP-00003324,FATHER_OF,1,FR-d72b0cc46fab4f85
HP-00003329,HP-00003328,FATHER_OF,1,FR-1cc9048eab7da679
HP-00003336,HP-00003335,FATHER_OF,1,FR-2e5464ea4085324a
HP-00003340,HP-00003339,FATHER_OF,1,FR-4e6db9eb263a9a77
HP-00003360,HP-00003359,FATHER_OF,1,FR-67ff7800da5c3cb4
HP-00003364,HP-00003363,FATHER_OF,1,FR-98fbe52f4649b768
HP-00003368,HP-00003367,FATHER_OF,1,FR-8b90b347337cf43f
HP-00003372,HP-00003371,FATHER_OF,1,FR-a15310d990558978
HP-00003380,HP-00003379,FATHER_OF,1,FR-57ff71de94fa94e9
HP-00003384,HP-00003383,FATHER_OF,1,FR-176e44d95978c76c
HP-00003388,HP-00003387,FATHER_OF,1,FR-f809faa8891903d2
HP-00003392,HP-00003391,FATHER_OF,1,FR-3efdb293e6ae1622
HP-00003396,HP-00003395,FATHER_OF,1,FR-c7b9f1f2dc17a46a
HP-00003427,HP-00003426,FATHER_OF,1,FR-2c76bf639815b521
HP-00002232,HP-00003430,FATHER_OF,1,FR-2ca8d4a03eb7ae76
HP-00003435,HP-00003434,FATHER_OF,1,FR-9ac58db49c0c1005
HP-00003443,HP-00003442,FATHER_OF,1,FR-e3a3563302c4ce3e
HP-00003447,HP-00003446,FATHER_OF,1,FR-c3d3ebf9221c0fae
HP-00003458,HP-00003457,FATHER_OF,1,FR-31604002534278b9
HP-00003462,HP-00003461,FATHER_OF,1,FR-314ead6c330d1e42
HP-00003466,HP-00003465,FATHER_OF,1,FR-c88658ebdce0009c
HP-00003470,HP-00003469,FATHER_OF,1,FR-b3ccf3e206e25dd8
HP-00003474,HP-00003473,FATHER_OF,1,FR-87bf6e405ad6acf8
HP-00002232,HP-00003477,FATHER_OF,1,FR-9778a096453cedce
HP-00003482,HP-00003481,FATHER_OF,1,FR-7afeda6025f39b9a
HP-00003486,HP-00003485,FATHER_OF,1,FR-425b4646b6f1b6c2
HP-00003497,HP-00003496,FATHER_OF,1,FR-120ea305e7971b0b
HP-00003501,HP-00003500,FATHER_OF,1,FR-08dad8d1d2d0b2ec
HP-00003505,HP-00003504,FATHER_OF,1,FR-da0a669f96ce56c7
HP-00003509,HP-00003508,FATHER_OF,1,FR-9c83e869b10433c5
HP-00003521,HP-00003520,FATHER_OF,1,FR-ce53f9cb9ed528af
HP-00003528,HP-00003527,FATHER_OF,1,FR-81d6016597b42e89
HP-00003536,HP-00003535,FATHER_OF,1,FR-a54d168d94417544
HP-00001567,HP-00003557,FATHER_OF,1,FR-84bd871c599e3195
HP-00003562,HP-00003561,FATHER_OF,1,FR-481a41c138724f8a
HP-00003566,HP-00003565,FATHER_OF,1,FR-82d12d7e67e613ff
HP-00003570,HP-00003569,FATHER_OF,1,FR-4ca194f7bf5f6339
HP-00003578,HP-00003577,FATHER_OF,1,FR-239ed0a0866dd5ae
HP-00003593,HP-00003592,FATHER_OF,1,FR-71254a55b7188a3f
HP-00003597,HP-00003596,FATHER_OF,1,FR-01f4db47b9df7bff
HP-00003601,HP-00003600,FATHER_OF,1,FR-546dc982c7ccd8fc
HP-00003609,HP-00003608,FATHER_OF,1,FR-fe7722086998022c
HP-00003613,HP-00003612,FATHER_OF,1,FR-9e4f35a27728a8af
HP-00003617,HP-00003616,FATHER_OF,1,FR-f128a9d5ac77f006
HP-00003621,HP-00003620,FATHER_OF,1,FR-c565af290ff9797c
HP-00003625,HP-00003624,FATHER_OF,1,FR-ef83279209fa28e5
HP-00003636,HP-00003635,FATHER_OF,1,FR-e94f17b65d215c2b
HP-00003640,HP-00003639,FATHER_OF,1,FR-473806c90043e046
HP-00003644,HP-00003643,FATHER_OF,1,FR-a8b890296a9eb6bf
HP-00003648,HP-00003647,FATHER_OF,1,FR-6ac0e91cc7a61faa
HP-00003652,HP-00003651,FATHER_OF,1,FR-773c1dfd8ed6c21f
HP-00003659,HP-00003658,FATHER_OF,1,FR-1d1b9461f8d41db1
HP-00003663,HP-00003662,FATHER_OF,1,FR-5e58bf201b2cec62
HP-00003670,HP-00003669,FATHER_OF,1,FR-41b128572808d44b
HP-00003678,HP-00003677,FATHER_OF,1,FR-ec02191b90222e03
HP-00003686,HP-00003685,FATHER_OF,1,FR-14f1861d5e4adea5
HP-00003690,HP-00003689,FATHER_OF,1,FR-e197ab7d39fe2459
HP-00003698,HP-00003697,FATHER_OF,1,FR-332345f41d520706
HP-00003702,HP-00003701,FATHER_OF,1,FR-aaf12be059860711
HP-00003709,HP-00003708,FATHER_OF,1,FR-5f3c42e5f923fa2e
HP-00003713,HP-00003712,FATHER_OF,1,FR-7d94a82a93a6ab72
HP-00003721,HP-00003720,FATHER_OF,1,FR-d7ee023dfc0366bf
HP-00003725,HP-00003724,FATHER_OF,1,FR-58e9854e1d6c7ec2
HP-00003740,HP-00003739,FATHER_OF,1,FR-c93dcc437d1d7a3a
HP-00003748,HP-00003747,FATHER_OF,1,FR-2d9b746e54b52b87
HP-00003752,HP-00003751,FATHER_OF,1,FR-b35356ab7f6e1771
HP-00003766,HP-00003765,FATHER_OF,1,FR-8422db4a1a73d794
HP-00003770,HP-00003769,FATHER_OF,1,FR-7878d005c813b4b1
HP-00003774,HP-00003773,FATHER_OF,1,FR-4ae8431d8a1c3ab4
HP-00003778,HP-00003777,FATHER_OF,1,FR-3389cd619935c13f
HP-00003785,HP-00003784,FATHER_OF,1,FR-1e92716365ba411b
HP-00003789,HP-00003788,FATHER_OF,1,FR-1b70e8248f438e30
HP-00003793,HP-00003792,FATHER_OF,1,FR-e262293fbcb6c566
HP-00003805,HP-00003804,FATHER_OF,1,FR-4c0a4a4b89ca3e3a
HP-00002287,HP-00003808,FATHER_OF,1,FR-478f0a6b0be2320a
HP-00003816,HP-00003815,FATHER_OF,1,FR-bbe7b00c1d910d0f
HP-00003820,HP-00003819,FATHER_OF,1,FR-3fe6d824e2616b13
HP-00003824,HP-00003823,FATHER_OF,1,FR-c5d267afcf97a7d4
HP-00003835,HP-00003834,FATHER_OF,1,FR-df8a6c318013f3b5
HP-00003839,HP-00003838,FATHER_OF,1,FR-38eaf31273cd065a
HP-00003843,HP-00003842,FATHER_OF,1,FR-a0f823b3a1d008e9
HP-00003847,HP-00003846,FATHER_OF,1,FR-e979b60240bd63f5
HP-00003851,HP-00003850,FATHER_OF,1,FR-9b01fb2d57751ad1
HP-00003863,HP-00003862,FATHER_OF,1,FR-ec94a8bb9cb0963e
HP-00003867,HP-00003866,FATHER_OF,1,FR-caa3ce9b0ea1bd9b
HP-00002456,HP-00003870,FATHER_OF,1,FR-3a4d73b7d5445fda
HP-00003875,HP-00003874,FATHER_OF,1,FR-5051cfb0689e85c4
HP-00003883,HP-00003882,FATHER_OF,1,FR-394d4dddc22abdc5
HP-00003895,HP-00003894,FATHER_OF,1,FR-a9dcdcc5a4d11ea0
HP-00003899,HP-00003898,FATHER_OF,1,FR-644681bd80abea95
HP-00003907,HP-00003906,FATHER_OF,1,FR-dee2f845fc080946
HP-00000697,HP-00003910,FATHER_OF,1,FR-dfb4e9f2fdf75d78
HP-00003930,HP-00003929,FATHER_OF,1,FR-c2b6e7a15d17cfa7
HP-00003934,HP-00003933,FATHER_OF,1,FR-0115cf27a3a59827
HP-00003938,HP-00003937,FATHER_OF,1,FR-0591d174d9190227
HP-00003942,HP-00003941,FATHER_OF,1,FR-4c63f5fbb95c81e2
HP-00003946,HP-00003945,FATHER_OF,1,FR-ba5c7343a52b2f10
HP-00003950,HP-00003949,FATHER_OF,1,FR-82837728202cabc8
HP-00003958,HP-00003957,FATHER_OF,1,FR-2fce4a7f14be6e30
HP-00003962,HP-00003961,FATHER_OF,1,FR-47cc854a59b51caf
HP-00003970,HP-00003969,FATHER_OF,1,FR-729d2b8f1b0b485a
HP-00002401,HP-00003973,FATHER_OF,1,FR-f62fce03bb0f9796
HP-00003978,HP-00003977,FATHER_OF,1,FR-d5bec733bd09c629
HP-00003986,HP-00003985,FATHER_OF,1,FR-bb2640dcb392ac91
HP-00003990,HP-00003989,FATHER_OF,1,FR-7d3d0a8ab0baf92e
HP-00003994,HP-00003993,FATHER_OF,1,FR-9e1bc33ce7ea37ec
HP-00004002,HP-00004001,FATHER_OF,1,FR-929adcf95a27497b
HP-00004006,HP-00004005,FATHER_OF,1,FR-f7f204a9abe9cec9
HP-00004010,HP-00004009,FATHER_OF,1,FR-06fdcd5c6f390f89
HP-00004014,HP-00004013,FATHER_OF,1,FR-a47807b476fcd2bb
HP-00002259,HP-00004017,FATHER_OF,1,FR-6155da006a7d0fe8
HP-00004022,HP-00004021,FATHER_OF,1,FR-1580ebd5045b668a
HP-00004026,HP-00004025,FATHER_OF,1,FR-a5a8bf14b7fb86e5
HP-00004034,HP-00004033,FATHER_OF,1,FR-311283d9f9558a9c
HP-00004038,HP-00004037,FATHER_OF,1,FR-05a0388dff1322dc
HP-00004042,HP-00004041,FATHER_OF,1,FR-045544575f8c9f69
HP-00004054,HP-00004053,FATHER_OF,1,FR-59f455c70e41d94d
HP-00004062,HP-00004061,FATHER_OF,1,FR-65687fe494a4fc00
HP-00000995,HP-00004069,FATHER_OF,1,FR-da199ac936583b9a
HP-00004074,HP-00004073,FATHER_OF,1,FR-abd86a26cb8ccaa2
HP-00004078,HP-00004077,FATHER_OF,1,FR-9693a081985a94dc
HP-00004093,HP-00004092,FATHER_OF,1,FR-a97b991de93c9ee8
HP-00004101,HP-00004100,FATHER_OF,1,FR-254834caf28f7464
HP-00004105,HP-00004104,FATHER_OF,1,FR-b1525cf94a867c5f
HP-00004109,HP-00004108,FATHER_OF,1,FR-cdd9736c659746ad
HP-00004113,HP-00004112,FATHER_OF,1,FR-5c3f99e571ea4b6b
HP-00004117,HP-00004116,FATHER_OF,1,FR-b6d0d75faad7d43d
HP-00004125,HP-00004124,FATHER_OF,1,FR-cc533dd11be1264d
HP-00004129,HP-00004128,FATHER_OF,1,FR-f722c9382f2c119a
HP-00004140,HP-00004139,FATHER_OF,1,FR-3ba049b106b0d9c9
HP-00001567,HP-00004143,FATHER_OF,1,FR-ccd79c086c5cadb3
HP-00004156,HP-00004155,FATHER_OF,1,FR-4e8916cc8c0c2c94
HP-00004160,HP-00004159,FATHER_OF,1,FR-e8e3f46eb2eec28e
HP-00004182,HP-00004181,FATHER_OF,1,FR-5f0e1be9b51cd6aa
HP-00004194,HP-00004193,FATHER_OF,1,FR-c057615ae31e8606
HP-00004198,HP-00004197,FATHER_OF,1,FR-563e2211688ab2a9
HP-00004214,HP-00004213,FATHER_OF,1,FR-e2aaf164aad454fd
HP-00004221,HP-00004220,FATHER_OF,1,FR-6334e44c4ad80065
HP-00004228,HP-00004227,FATHER_OF,1,FR-315a09a6c13685f6
HP-00004232,HP-00004231,FATHER_OF,1,FR-37c58f9949d1f478
HP-00004239,HP-00004238,FATHER_OF,1,FR-6155d1d0a745f44f
HP-00004255,HP-00004254,FATHER_OF,1,FR-4cb7363b37d0675a
HP-00004259,HP-00004258,FATHER_OF,1,FR-2dfd2c7120f48a31
HP-00002479,HP-00004262,FATHER_OF,1,FR-1a3259a3347ebf02
HP-00004267,HP-00004266,FATHER_OF,1,FR-848220794b2bf999
HP-00004278,HP-00004277,FATHER_OF,1,FR-a7a7970b2c6ee812
HP-00004282,HP-00004281,FATHER_OF,1,FR-c25a3d0ce7cb4ffd
HP-00004297,HP-00004296,FATHER_OF,1,FR-f6854ec4a90c5085
HP-00004301,HP-00004300,FATHER_OF,1,FR-b36d01d57ea59f25
HP-00004305,HP-00004304,FATHER_OF,1,FR-6e22ae2f5290b629
HP-00004309,HP-00004308,FATHER_OF,1,FR-7ccd20ae6c0f01c6
HP-00004313,HP-00004312,FATHER_OF,1,FR-1b87ba99a1f2709c
HP-00004321,HP-00004320,FATHER_OF,1,FR-5535b993a6506d9e
HP-00004325,HP-00004324,FATHER_OF,1,FR-5c8dff67e2fca5e9
HP-00004337,HP-00004336,FATHER_OF,1,FR-035aee7848243d37
HP-00004341,HP-00004340,FATHER_OF,1,FR-ebaf34d54fac9f2b
HP-00004348,HP-00004347,FATHER_OF,1,FR-0bd01eb945a98b99
HP-00004355,HP-00004354,FATHER_OF,1,FR-34487dffe077d47d
HP-00004359,HP-00004358,FATHER_OF,1,FR-b867b8bb04ced947
HP-00004370,HP-00004369,FATHER_OF,1,FR-d4d44664906d0f90
HP-00004378,HP-00004377,FATHER_OF,1,FR-4eeacc83a928f417
HP-00004385,HP-00004384,FATHER_OF,1,FR-d9de9cfad30499d5
HP-00004389,HP-00004388,FATHER_OF,1,FR-c3b30877ee6d17c8
HP-00004405,HP-00004404,FATHER_OF,1,FR-47230e4b510f3163
HP-00004409,HP-00004408,FATHER_OF,1,FR-2acb96e2b029c2c0
HP-00004413,HP-00004412,FATHER_OF,1,FR-bc13a9d71a303c1b
HP-00004417,HP-00004416,FATHER_OF,1,FR-f2ab481b84bc4ab0
HP-00004421,HP-00004420,FATHER_OF,1,FR-715d56bb65112eb7
HP-00004429,HP-00004428,FATHER_OF,1,FR-6fd82fc2aa61adb1
HP-00004433,HP-00004432,FATHER_OF,1,FR-ff82728aab230e2a
HP-00004437,HP-00004436,FATHER_OF,1,FR-f9cb0efe4e8cae5e
HP-00004441,HP-00004440,FATHER_OF,1,FR-f72441cd72de8321
HP-00004445,HP-00004444,FATHER_OF,1,FR-548c0945adf1facb
HP-00004453,HP-00004452,FATHER_OF,1,FR-096c8ec3ff9ed9bb
HP-00004457,HP-00004456,FATHER_OF,1,FR-ed445d0cb896fa2f
HP-00004461,HP-00004460,FATHER_OF,1,FR-66f335b6521ffd6b
HP-00004473,HP-00004472,FATHER_OF,1,FR-d27ae7e4ca3ef95c
HP-00004477,HP-00004476,FATHER_OF,1,FR-eac474e810841774
HP-00003986,HP-00004480,FATHER_OF,1,FR-af35b57240bd3c4c
HP-00004489,HP-00004488,FATHER_OF,1,FR-9297039f4b239998
HP-00004493,HP-00004492,FATHER_OF,1,FR-625c9681d104085d
HP-00004505,HP-00004504,FATHER_OF,1,FR-cf9a7af8d7180e92
HP-00004517,HP-00004516,FATHER_OF,1,FR-a58daf4de3a91cd9
HP-00004521,HP-00004520,FATHER_OF,1,FR-2e1abf6e097e64af
HP-00004529,HP-00004528,FATHER_OF,1,FR-653dff94b6d8c224
HP-00004533,HP-00004532,FATHER_OF,1,FR-79627e696b22c241
HP-00004543,HP-00004542,FATHER_OF,1,FR-cca2d3a86fe7431d
HP-00004547,HP-00004546,FATHER_OF,1,FR-ef9eb726e7705f89
HP-00004551,HP-00004550,FATHER_OF,1,FR-6fc4d2d59de19992
HP-00004555,HP-00004554,FATHER_OF,1,FR-7313c2d6b5cfde1b
HP-00004570,HP-00004569,FATHER_OF,1,FR-6a31749d4c197782
HP-00004574,HP-00004573,FATHER_OF,1,FR-d5a93b42b09a7023
HP-00004578,HP-00004577,FATHER_OF,1,FR-9299bff377ad0aaa
HP-00004582,HP-00004581,FATHER_OF,1,FR-0dbd80ea78ed16ec
HP-00004590,HP-00004589,FATHER_OF,1,FR-23bee46375458a7c
HP-00004602,HP-00004601,FATHER_OF,1,FR-d63c5863ab17426d
HP-00004606,HP-00004605,FATHER_OF,1,FR-56063ee1ca8d10f9
HP-00004610,HP-00004609,FATHER_OF,1,FR-44e1907bbd738fa1
HP-00004621,HP-00004620,FATHER_OF,1,FR-3d44aa97fc15fd83
HP-00004636,HP-00004635,FATHER_OF,1,FR-b3970aea429deb59
HP-00004668,HP-00004667,FATHER_OF,1,FR-f6a41e99623703e5
HP-00002456,HP-00004671,FATHER_OF,1,FR-bfd7ee7a00d57ab3
HP-00004676,HP-00004675,FATHER_OF,1,FR-a4d44abbf971f382
HP-00004680,HP-00004679,FATHER_OF,1,FR-9543f340fbc860aa
HP-00004684,HP-00004683,FATHER_OF,1,FR-f366da655747ed4c
HP-00004696,HP-00004695,FATHER_OF,1,FR-84ae943c4ae5d97b
HP-00004712,HP-00004711,FATHER_OF,1,FR-ab96ed7ed21ee425
HP-00004720,HP-00004719,FATHER_OF,1,FR-ba344c5131d1b092
HP-00004732,HP-00004731,FATHER_OF,1,FR-2a882960bb3603a3
HP-00004740,HP-00004739,FATHER_OF,1,FR-d62aec1a9d6dc648
HP-00004744,HP-00004743,FATHER_OF,1,FR-e9faf57464c9cb8f
HP-00004752,HP-00004751,FATHER_OF,1,FR-c760fb8d9109448b
HP-00004756,HP-00004755,FATHER_OF,1,FR-769ac11410cff7c1
HP-00003950,HP-00004759,FATHER_OF,1,FR-bcc4763637388d85
HP-00004764,HP-00004763,FATHER_OF,1,FR-d59acfb68aa91928
HP-00003570,HP-00004767,FATHER_OF,1,FR-a3d1de5ea8955e9d
HP-00004772,HP-00004771,FATHER_OF,1,FR-d6b175d2f0a393cf
HP-00004776,HP-00004775,FATHER_OF,1,FR-af09873c28ff8a8a
HP-00004792,HP-00004791,FATHER_OF,1,FR-bc990106c9f60cd7
HP-00004800,HP-00004799,FATHER_OF,1,FR-17cc95f585227eca
HP-00004804,HP-00004803,FATHER_OF,1,FR-4f89c37d415b9083
HP-00004808,HP-00004807,FATHER_OF,1,FR-2ee44007927dd712
HP-00004823,HP-00004822,FATHER_OF,1,FR-16252bdc2e56c44b
HP-00004831,HP-00004830,FATHER_OF,1,FR-981fb5837722d153
HP-00004835,HP-00004834,FATHER_OF,1,FR-0db97ecf28defe90
HP-00004839,HP-00004838,FATHER_OF,1,FR-d87ba3c37166c14e
HP-00004850,HP-00004849,FATHER_OF,1,FR-ea980acd3a8d9a63
HP-00004869,HP-00004868,FATHER_OF,1,FR-b87c03ce69ee701f
HP-00004873,HP-00004872,FATHER_OF,1,FR-046d4e996a88a349
HP-00004877,HP-00004876,FATHER_OF,1,FR-77ba454759d58485
HP-00004881,HP-00004880,FATHER_OF,1,FR-26d5a98b58391793
HP-00004590,HP-00004892,FATHER_OF,1,FR-5d59d77f62f7f791
HP-00004897,HP-00004896,FATHER_OF,1,FR-2e8aa1831cacd869
HP-00004901,HP-00004900,FATHER_OF,1,FR-ac760e2cd32fa481
HP-00004905,HP-00004904,FATHER_OF,1,FR-62f92470b237def5
HP-00004909,HP-00004908,FATHER_OF,1,FR-6ed4bdcfe25b3bc1
HP-00004921,HP-00004920,FATHER_OF,1,FR-618f4b0515c02ce4
HP-00003435,HP-00004924,FATHER_OF,1,FR-f98d0274a581326f
HP-00004929,HP-00004928,FATHER_OF,1,FR-e56eefb26b34ba8a
HP-00004940,HP-00004939,FATHER_OF,1,FR-ea50a6f435188f99
HP-00004405,HP-00004951,FATHER_OF,1,FR-5a5ad331a1126472
HP-00001567,HP-00004955,FATHER_OF,1,FR-d04e1fd55e75ccc1
HP-00003012,HP-00004963,FATHER_OF,1,FR-5e2fa145782a80a7
HP-00004968,HP-00004967,FATHER_OF,1,FR-0a165e3cb0dedcfe
HP-00004980,HP-00004979,FATHER_OF,1,FR-1b14c02502f4fe7f
HP-00004988,HP-00004987,FATHER_OF,1,FR-b0ecb3eee8510d05
HP-00004992,HP-00004991,FATHER_OF,1,FR-5500c1e00a2a3b77
HP-00004999,HP-00004998,FATHER_OF,1,FR-93b2c9e46d501142
HP-00005019,HP-00005018,FATHER_OF,1,FR-6f7a06dc5168fc4e
HP-00005055,HP-00005054,FATHER_OF,1,FR-016dc10e1e11057d
HP-00005059,HP-00005058,FATHER_OF,1,FR-e561d6954c692652
HP-00005070,HP-00005069,FATHER_OF,1,FR-0be49bbae817453d
HP-00005074,HP-00005073,FATHER_OF,1,FR-b6c96ba421e2ff96
HP-00005078,HP-00005077,FATHER_OF,1,FR-1c2064c8df4bd57a
HP-00005082,HP-00005081,FATHER_OF,1,FR-e4160249819e8f79
HP-00005086,HP-00005085,FATHER_OF,1,FR-3be0216516dcbb36
HP-00005090,HP-00005089,FATHER_OF,1,FR-ac89d8c0ee7c67db
HP-00005102,HP-00005101,FATHER_OF,1,FR-4cb324445beae1b2
HP-00005106,HP-00005105,FATHER_OF,1,FR-4bc97ff923b1fbf3
HP-00005122,HP-00005121,FATHER_OF,1,FR-f9ed113af97ad4aa
HP-00005126,HP-00005125,FATHER_OF,1,FR-10a19d3a4e992985
HP-00005138,HP-00005137,FATHER_OF,1,FR-6437964eea21e117
HP-00005142,HP-00005141,FATHER_OF,1,FR-1816e133ed6b7320
HP-00005150,HP-00005149,FATHER_OF,1,FR-5edab20f3193f7fb
HP-00005154,HP-00005153,FATHER_OF,1,FR-2890ffae09b7c793
HP-00005170,HP-00005169,FATHER_OF,1,FR-ed8aeb6076200016
HP-00005181,HP-00005180,FATHER_OF,1,FR-ff61ebf5e5b65e94
HP-00005189,HP-00005188,FATHER_OF,1,FR-5eb8432a3365dc2f
HP-00005193,HP-00005192,FATHER_OF,1,FR-1715bfaee1e5987a
HP-00005197,HP-00005196,FATHER_OF,1,FR-fc2a556537a48788
HP-00005201,HP-00005200,FATHER_OF,1,FR-e7c01e7dd57185d8
HP-00005205,HP-00005204,FATHER_OF,1,FR-6bfe5f08ae615df7
HP-00005209,HP-00005208,FATHER_OF,1,FR-bfbbff0afd179803
HP-00005213,HP-00005212,FATHER_OF,1,FR-419e15c2b2407ca0
HP-00005217,HP-00005216,FATHER_OF,1,FR-30a9a6252eb89971
HP-00001166,HP-00005220,FATHER_OF,1,FR-78ced0cbe6e111df
HP-00005229,HP-00005228,FATHER_OF,1,FR-9347867c2fe37468
HP-00005237,HP-00005236,FATHER_OF,1,FR-5fdf39181e3287ae
HP-00005249,HP-00005248,FATHER_OF,1,FR-eb1bf94d71d940e0
HP-00005263,HP-00005262,FATHER_OF,1,FR-1bdddc06b1daaf33
HP-00005267,HP-00005266,FATHER_OF,1,FR-347d3715151e294b
HP-00005275,HP-00005274,FATHER_OF,1,FR-1c3a9b6c0d6d1813
HP-00005283,HP-00005282,FATHER_OF,1,FR-de428548877dd0e4
HP-00005287,HP-00005286,FATHER_OF,1,FR-97326e4396136a21
HP-00005295,HP-00005294,FATHER_OF,1,FR-14d1d938edffa46c
HP-00005310,HP-00005309,FATHER_OF,1,FR-2b1309d405bb0dba
HP-00005314,HP-00005313,FATHER_OF,1,FR-fa00762d2be2610d
HP-00005321,HP-00005320,FATHER_OF,1,FR-63485327f423c711
HP-00005325,HP-00005324,FATHER_OF,1,FR-a1e9aef43ef55c0d
HP-00005329,HP-00005328,FATHER_OF,1,FR-d937d4fe675cb773
HP-00005333,HP-00005332,FATHER_OF,1,FR-13dad63e57ad7afe
HP-00000236,HP-00005336,FATHER_OF,1,FR-74b7bdf7203f8db3
HP-00005345,HP-00005344,FATHER_OF,2,FR-a3cb143884de52d5
HP-00005349,HP-00005348,FATHER_OF,1,FR-1d16bcfe9428cab0
HP-00004433,HP-00005352,FATHER_OF,1,FR-3043410f819bb259
HP-00004636,HP-00005356,FATHER_OF,1,FR-f83686ea619fe2af
HP-00002717,HP-00005372,FATHER_OF,1,FR-843769f08a3e291b
HP-00005393,HP-00005392,FATHER_OF,1,FR-e1a71e7950fa12ac
HP-00005401,HP-00005400,FATHER_OF,1,FR-5a07e2f7183af2ce
HP-00005413,HP-00005412,FATHER_OF,1,FR-91d404326b2063a3
HP-00005417,HP-00005416,FATHER_OF,1,FR-7c08cf916af382bd
HP-00005425,HP-00005424,FATHER_OF,1,FR-62bb0aa1be03af33
HP-00005429,HP-00005428,FATHER_OF,1,FR-3d394aaeb54f8f12
HP-00005433,HP-00005432,FATHER_OF,1,FR-5d54b3a88321fdab
HP-00005437,HP-00005436,FATHER_OF,1,FR-772f6a8f97e57fca
HP-00005449,HP-00005448,FATHER_OF,1,FR-1477a923bffa1051
HP-00003570,HP-00005460,FATHER_OF,1,FR-180001cf1427305f
HP-00005477,HP-00005476,FATHER_OF,1,FR-8e96b5f2021faaa8
HP-00005481,HP-00005480,FATHER_OF,1,FR-9f0e5b538180418c
HP-00005485,HP-00005484,FATHER_OF,1,FR-6434053cc196982e
HP-00000697,HP-00005496,FATHER_OF,1,FR-03eda74690f86271
HP-00005501,HP-00005500,FATHER_OF,1,FR-d5cd3e3f4fe1c8e1
HP-00005505,HP-00005504,FATHER_OF,1,FR-4abd373c17e8fbd1
HP-00005509,HP-00005508,FATHER_OF,1,FR-f7722ac422771ccf
HP-00005513,HP-00005512,FATHER_OF,1,FR-d05402dcfed54394
HP-00005517,HP-00005516,FATHER_OF,1,FR-c96c672b243ae472
HP-00005533,HP-00005532,FATHER_OF,1,FR-d2ad664ccdaa0b58
HP-00005537,HP-00005536,FATHER_OF,1,FR-eda98b9820618c13
HP-00005541,HP-00005540,FATHER_OF,1,FR-9fb07499ce7ad4c1
HP-00005549,HP-00005548,FATHER_OF,1,FR-0d627067e28e4032
HP-00005553,HP-00005552,FATHER_OF,1,FR-bec85e91fcef6dc4
HP-00005329,HP-00005563,FATHER_OF,1,FR-8a419941aa72ed90
HP-00005575,HP-00005574,FATHER_OF,1,FR-bb50800d3d66e41b
HP-00005579,HP-00005578,FATHER_OF,1,FR-edfec9af824e61b0
HP-00005583,HP-00005582,FATHER_OF,1,FR-207f9d0ca9604ce6
HP-00005595,HP-00005594,FATHER_OF,1,FR-ae4d947b773a0a84
HP-00005607,HP-00005606,FATHER_OF,1,FR-997cb291178dcf7b
HP-00005611,HP-00005610,FATHER_OF,1,FR-38946459900ea50e
HP-00005615,HP-00005614,FATHER_OF,1,FR-75042db336291f96
HP-00005630,HP-00005629,FATHER_OF,1,FR-5d2ff2d467d3cc37
HP-00005634,HP-00005633,FATHER_OF,1,FR-e5a89c658d5c25af
HP-00004680,HP-00005644,FATHER_OF,1,FR-f8e9c86804c5e327
HP-00005649,HP-00005648,FATHER_OF,1,FR-963b65aa70fe321e
HP-00005653,HP-00005652,FATHER_OF,1,FR-8b022b17636b30fd
HP-00005677,HP-00005676,FATHER_OF,1,FR-dbd7ec1db9bcaa6c
HP-00005681,HP-00005680,FATHER_OF,1,FR-1ff5f18196f2955c
HP-00005701,HP-00005700,FATHER_OF,1,FR-3bb14621ca67aa9c
HP-00005705,HP-00005704,FATHER_OF,1,FR-13b07f7ac1f12911
HP-00005517,HP-00005712,FATHER_OF,1,FR-28535f32404fc7c4
HP-00005717,HP-00005716,FATHER_OF,1,FR-3c947633be24f6c9
HP-00005721,HP-00005720,FATHER_OF,1,FR-225cb1aef7798b2b
HP-00005729,HP-00005728,FATHER_OF,1,FR-5a00da2ef7eb392f
HP-00005733,HP-00005732,FATHER_OF,1,FR-791fcdabc07d8699
HP-00002456,HP-00005736,FATHER_OF,1,FR-f30705ec490ebfcf
HP-00005745,HP-00005744,FATHER_OF,1,FR-a3f47c476e6d7de7
HP-00005345,HP-00005752,FATHER_OF,1,FR-6d7d7ca9be1b0ff2
HP-00005757,HP-00005756,FATHER_OF,1,FR-e4514c968c9f6d63
HP-00005765,HP-00005764,FATHER_OF,1,FR-08688305c22be0c0
HP-00005777,HP-00005776,FATHER_OF,1,FR-b71a85215a70decb
HP-00005781,HP-00005780,FATHER_OF,1,FR-938ce3ad34f89bc2
HP-00005793,HP-00005792,FATHER_OF,1,FR-f27dc8f519e3fd1e
HP-00005804,HP-00005803,FATHER_OF,1,FR-d0374c548dc14c19
HP-00005812,HP-00005811,FATHER_OF,1,FR-2cf281e69f3a3a5d
HP-00005820,HP-00005819,FATHER_OF,1,FR-3f537b0a1b2f1b05
HP-00005824,HP-00005823,FATHER_OF,1,FR-5ef72d1949d01591
HP-00004054,HP-00005835,FATHER_OF,1,FR-317d7869e900112e
HP-00005840,HP-00005839,FATHER_OF,1,FR-2b9dd4b9468ea0c9
HP-00005848,HP-00005847,FATHER_OF,1,FR-348a0dc234b32f28
HP-00005874,HP-00005873,FATHER_OF,1,FR-a7dd294f81a94c05
HP-00005886,HP-00005885,FATHER_OF,1,FR-234504a6aee6742b
HP-00005890,HP-00005889,FATHER_OF,2,FR-6eb9741e1ab20fe7
HP-00005905,HP-00005904,FATHER_OF,1,FR-1ab4e3227690233f
HP-00005909,HP-00005908,FATHER_OF,1,FR-c5481c162307f35c
HP-00005913,HP-00005912,FATHER_OF,1,FR-c658d639acf9fc28
HP-00005917,HP-00005916,FATHER_OF,1,FR-78f05fcfa320776f
HP-00005953,HP-00005952,FATHER_OF,1,FR-4ce55bd462348d41
HP-00005961,HP-00005960,FATHER_OF,1,FR-6ccfc6f9abec1d22
HP-00005965,HP-00005964,FATHER_OF,1,FR-0e719edfe4b2947d
HP-00005969,HP-00005968,FATHER_OF,1,FR-5ab40c3d491f3aab
HP-00002416,HP-00005972,FATHER_OF,1,FR-b40d3574b6745733
HP-00004835,HP-00005976,FATHER_OF,1,FR-e542ae822e559c21
HP-00005993,HP-00005992,FATHER_OF,1,FR-6c5f020f8cc468bd
HP-00005997,HP-00005996,FATHER_OF,1,FR-1d2a81ce2b420bf3
HP-00004905,HP-00006006,FATHER_OF,1,FR-2e3936e8e9ffe82f
HP-00006011,HP-00006010,FATHER_OF,1,FR-f08d3b0c87277f5f
HP-00006015,HP-00006014,FATHER_OF,1,FR-4fd37dc6d3e71f4b
HP-00006019,HP-00006018,FATHER_OF,1,FR-d7297c8955097d03
HP-00006047,HP-00006046,FATHER_OF,1,FR-b55fcbe52feed80b
HP-00006051,HP-00006050,FATHER_OF,1,FR-c304eb31bce6ad2a
HP-00006059,HP-00006058,FATHER_OF,1,FR-6cb2db83066a6fd7
HP-00006063,HP-00006062,FATHER_OF,1,FR-3a49a15655c6f0f7
HP-00006070,HP-00006069,FATHER_OF,1,FR-9458537cf7d8b6aa
HP-00006074,HP-00006073,FATHER_OF,1,FR-7506874f08699922
HP-00002717,HP-00006081,FATHER_OF,1,FR-64de961092baa24c
HP-00006086,HP-00006085,FATHER_OF,1,FR-7bab4d123807bc9d
HP-00006090,HP-00006089,FATHER_OF,1,FR-4cdd8eb4a4bcf1a1
HP-00005333,HP-00006093,FATHER_OF,1,FR-fd2b2c2f4acfbe30
HP-00006110,HP-00006109,FATHER_OF,1,FR-82227394550b42ab
HP-00006114,HP-00006113,FATHER_OF,1,FR-0506418767ccb719
HP-00006118,HP-00006117,FATHER_OF,1,FR-8128633fcb850728
HP-00006122,HP-00006121,FATHER_OF,1,FR-b03d3d03e6550e85
HP-00003570,HP-00006135,FATHER_OF,1,FR-20e4bb5308404087
HP-00006140,HP-00006139,FATHER_OF,1,FR-45d312bedfeef44d
HP-00004602,HP-00006143,FATHER_OF,1,FR-2eaf7fb0fcdc5a73
HP-00006148,HP-00006147,FATHER_OF,1,FR-25b251bd61865c5c
HP-00006152,HP-00006151,FATHER_OF,1,FR-04d1cf3179457404
HP-00006160,HP-00006159,FATHER_OF,1,FR-acdf9a7607083d38
HP-00006179,HP-00006178,FATHER_OF,1,FR-0141fa5370cc14cb
HP-00006191,HP-00006190,FATHER_OF,1,FR-a30204a910f8e907
HP-00006202,HP-00006201,FATHER_OF,1,FR-20e525145478a9e7
HP-00005485,HP-00006205,FATHER_OF,1,FR-edab6d62c27d6655
HP-00006214,HP-00006213,FATHER_OF,1,FR-3adfe908e8970464
HP-00004720,HP-00006217,FATHER_OF,1,FR-9b23695a32ad2c18
HP-00006222,HP-00006221,FATHER_OF,1,FR-4aa6ea281cc7f8ae
HP-00006230,HP-00006229,FATHER_OF,1,FR-00f938af39fbb129
HP-00006242,HP-00006241,FATHER_OF,1,FR-87a92ce58261991a
HP-00006258,HP-00006257,FATHER_OF,1,FR-38ace14261190363
HP-00006262,HP-00006261,FATHER_OF,1,FR-0c001ad5305ee8f9
HP-00006269,HP-00006268,FATHER_OF,1,FR-49a86996d7461404
HP-00006277,HP-00006276,FATHER_OF,1,FR-e084bdcc3ba49a79
HP-00006285,HP-00006284,FATHER_OF,1,FR-05e86673f62f365c
HP-00006289,HP-00006288,FATHER_OF,1,FR-7101bb26f8676311
HP-00006293,HP-00006292,FATHER_OF,1,FR-98ee6c436244f0bb
HP-00006297,HP-00006296,FATHER_OF,1,FR-ae88d6884f61b0f7
HP-00006301,HP-00006300,FATHER_OF,1,FR-204f65eedfd6bd30
HP-00006305,HP-00006304,FATHER_OF,1,FR-e5dfd74c27267043
HP-00006309,HP-00006308,FATHER_OF,1,FR-1df758abb98abd26
HP-00006332,HP-00006331,FATHER_OF,1,FR-8db2bce43e86846e
HP-00006340,HP-00006339,FATHER_OF,1,FR-e543be65a2806d81
HP-00006348,HP-00006347,FATHER_OF,1,FR-e6206af8feb59945
HP-00006352,HP-00006351,FATHER_OF,1,FR-b913004be0d81877
HP-00006356,HP-00006355,FATHER_OF,1,FR-588fc2a00e4afe0c
HP-00006360,HP-00006359,FATHER_OF,1,FR-c093d01103e38f8e
HP-00006368,HP-00006367,FATHER_OF,1,FR-526e0a0256dd8670
HP-00006372,HP-00006371,FATHER_OF,1,FR-ec514fef26912a0d
HP-00006380,HP-00006379,FATHER_OF,1,FR-9eba512d608f63e6
HP-00004835,HP-00006383,FATHER_OF,1,FR-3e7c4bd0c8993145
HP-00006396,HP-00006395,FATHER_OF,1,FR-b368b2b19fd3bbeb
HP-00006400,HP-00006399,FATHER_OF,1,FR-99cfd6763758f3a9
HP-00006408,HP-00006407,FATHER_OF,1,FR-96e22f8fb6e15e5c
HP-00006412,HP-00006411,FATHER_OF,1,FR-a7a76b3f83762abc
HP-00006436,HP-00006435,FATHER_OF,1,FR-9257a53519fab587
HP-00006452,HP-00006451,FATHER_OF,1,FR-1749768b64198cae
HP-00006456,HP-00006455,FATHER_OF,1,FR-82bff040e207962a
HP-00006460,HP-00006459,FATHER_OF,1,FR-156caccdf2f9a635
HP-00006467,HP-00006466,FATHER_OF,1,FR-66b3db796d44f91b
HP-00006471,HP-00006470,FATHER_OF,1,FR-59ebd00897553580
HP-00006475,HP-00006474,FATHER_OF,1,FR-66b2318eb22a3d1c
HP-00006479,HP-00006478,FATHER_OF,1,FR-c7b21883c7ae38bc
HP-00006179,HP-00006482,FATHER_OF,1,FR-4ddb89d86d10be7f
HP-00006503,HP-00006502,FATHER_OF,1,FR-b292d8967352f41a
HP-00006507,HP-00006506,FATHER_OF,1,FR-bee3c82584d2894d
HP-00006511,HP-00006510,FATHER_OF,1,FR-e007886107afbe36
HP-00006527,HP-00006526,FATHER_OF,1,FR-f3b22670b5915233
HP-00005824,HP-00006537,FATHER_OF,1,FR-5be6fb36cdd1835a
HP-00006542,HP-00006541,FATHER_OF,1,FR-49ac906d5dc21c2a
HP-00006546,HP-00006545,FATHER_OF,1,FR-580e622e27023e16
HP-00006588,HP-00006587,FATHER_OF,1,FR-33d7dc7334b8f104
HP-00004992,HP-00006591,FATHER_OF,1,FR-b3e0b6b050646a62
HP-00006596,HP-00006595,FATHER_OF,1,FR-aa72029c0656ee34
HP-00006612,HP-00006611,FATHER_OF,1,FR-2435052daf436586
HP-00006616,HP-00006615,FATHER_OF,1,FR-ce28f086c4954684
HP-00006635,HP-00006634,FATHER_OF,1,FR-711fa7c832555e0e
HP-00006289,HP-00006646,FATHER_OF,1,FR-8d374a084eebadf9
HP-00006651,HP-00006650,FATHER_OF,1,FR-3fed08dd8690cc76
HP-00006659,HP-00006658,FATHER_OF,1,FR-6752a4676bafa62d
HP-00006663,HP-00006662,FATHER_OF,1,FR-68643adb53a7e581
HP-00006667,HP-00006666,FATHER_OF,1,FR-0b56bda112f370aa
HP-00006683,HP-00006682,FATHER_OF,1,FR-3525975046b72d3b
HP-00006691,HP-00006690,FATHER_OF,1,FR-deb53c50544989dd
HP-00006695,HP-00006694,FATHER_OF,1,FR-1dd072cdc93b53bf
HP-00002791,HP-00006698,FATHER_OF,1,FR-746aadee8a04d64d
HP-00006019,HP-00006702,FATHER_OF,1,FR-a224cdb276770528
HP-00006707,HP-00006706,FATHER_OF,1,FR-06ca8b2311c41d81
HP-00006715,HP-00006714,FATHER_OF,1,FR-c61e86789b18c106
HP-00006723,HP-00006722,FATHER_OF,1,FR-8dd971d290329984
HP-00006727,HP-00006726,FATHER_OF,1,FR-a83fd91979b191a4
HP-00004636,HP-00006730,FATHER_OF,1,FR-ce5a53357e5cf49d
HP-00006735,HP-00006734,FATHER_OF,1,FR-0dcc1d4cb16e5ee1
HP-00006743,HP-00006742,FATHER_OF,1,FR-89d2e043ca83a967
HP-00006755,HP-00006754,FATHER_OF,1,FR-5e59ba060558c26f
HP-00006759,HP-00006758,FATHER_OF,1,FR-4b30eb931fad68c9
HP-00006767,HP-00006766,FATHER_OF,1,FR-c65088f37cb20283
HP-00006771,HP-00006770,FATHER_OF,1,FR-76e28abc1ff5c9a3
HP-00006775,HP-00006774,FATHER_OF,1,FR-0f221ac5bf7d57d2
HP-00006779,HP-00006778,FATHER_OF,1,FR-6ee893d4a431cf8d
HP-00006783,HP-00006782,FATHER_OF,1,FR-109b13567004bd95
HP-00006787,HP-00006786,FATHER_OF,1,FR-4ae7da79937d42f0
HP-00006791,HP-00006790,FATHER_OF,1,FR-763cb2a08db88bf7
HP-00006795,HP-00006794,FATHER_OF,1,FR-8c05d4d6d23fd1d3
HP-00006799,HP-00006798,FATHER_OF,1,FR-9206be89adfae509
HP-00006803,HP-00006802,FATHER_OF,1,FR-a8d22577f79b3c40
HP-00006807,HP-00006806,FATHER_OF,1,FR-f464265668d225e0
HP-00006811,HP-00006810,FATHER_OF,1,FR-f9b1db9b60a487ff
HP-00006822,HP-00006821,FATHER_OF,1,FR-a5e39f94e3067fbd
HP-00006826,HP-00006825,FATHER_OF,1,FR-f2897d0ee3528ed8
HP-00006830,HP-00006829,FATHER_OF,1,FR-c991d05b3a712706
HP-00006838,HP-00006837,FATHER_OF,1,FR-2f25a9a052e7c458
HP-00006842,HP-00006841,FATHER_OF,1,FR-9b4512cb74f132ff
HP-00006846,HP-00006845,FATHER_OF,1,FR-7711df28a234a203
HP-00006850,HP-00006849,FATHER_OF,1,FR-0653b54ee70de81e
HP-00006858,HP-00006857,FATHER_OF,1,FR-6a48ca57ba7968ca
HP-00006667,HP-00006861,FATHER_OF,1,FR-754e93911713bb24
HP-00006866,HP-00006865,FATHER_OF,1,FR-35f5990ac6b3e466
HP-00006090,HP-00006869,FATHER_OF,1,FR-d518f8a8dfeb1e78
HP-00006874,HP-00006873,FATHER_OF,1,FR-968175005784e9a6
HP-00006885,HP-00006884,FATHER_OF,1,FR-502d23d1b2e56241
HP-00006893,HP-00006892,FATHER_OF,1,FR-32a9c1c9d80680bc
HP-00006897,HP-00006896,FATHER_OF,1,FR-fd669762d7f01e9f
HP-00006905,HP-00006904,FATHER_OF,1,FR-4a4993e6da93b09a
HP-00006289,HP-00006916,FATHER_OF,1,FR-ddd742102f0f4390
HP-00006933,HP-00006932,FATHER_OF,1,FR-fab692680639edcc
HP-00006941,HP-00006940,FATHER_OF,1,FR-e80f014c3c79163c
HP-00006949,HP-00006948,FATHER_OF,1,FR-ae9f15f70ccf6b13
HP-00006953,HP-00006952,FATHER_OF,1,FR-cf60655ce8e1f9fc
HP-00006957,HP-00006956,FATHER_OF,1,FR-0d15557c0eb7f80d
HP-00006140,HP-00006960,FATHER_OF,1,FR-04c21d817c0ed8dd
HP-00006140,HP-00006964,FATHER_OF,1,FR-946388a675304187
HP-00006969,HP-00006968,FATHER_OF,1,FR-fc0986c671a5b3c1
HP-00006973,HP-00006972,FATHER_OF,1,FR-95765e29e9de38bc
HP-00006988,HP-00006987,FATHER_OF,1,FR-da4468c3d8b90cb3
HP-00007011,HP-00007010,FATHER_OF,1,FR-a88bfd9c4191e2e8
HP-00007015,HP-00007014,FATHER_OF,1,FR-b717ab3c3a97169f
HP-00007019,HP-00007018,FATHER_OF,1,FR-865a7b028c607e91
HP-00007023,HP-00007022,FATHER_OF,1,FR-8b79388b217e4c48
HP-00007027,HP-00007026,FATHER_OF,1,FR-635c0b00716048d5
HP-00007035,HP-00007034,FATHER_OF,1,FR-e539bc39e9eb4052
HP-00006878,HP-00007038,FATHER_OF,1,FR-35158bac5f1a7345
HP-00007047,HP-00007046,FATHER_OF,1,FR-08cd2036e8264f5f
HP-00007078,HP-00007077,FATHER_OF,1,FR-bfb733da3acf5921
HP-00007082,HP-00007081,FATHER_OF,1,FR-dc6d45c2661818a3
HP-00007086,HP-00007085,FATHER_OF,1,FR-a8c00b4956cd020e
HP-00007098,HP-00007097,FATHER_OF,1,FR-b95574df6a6c7d9a
HP-00006885,HP-00007101,FATHER_OF,1,FR-6fb3b59d3ad25a98
HP-00007106,HP-00007105,FATHER_OF,1,FR-0a7b608061e948a2
HP-00007110,HP-00007109,FATHER_OF,1,FR-cf28bd9ffbfa0ec5
HP-00007114,HP-00007113,FATHER_OF,1,FR-48869f302cb10cbb
HP-00007118,HP-00007117,FATHER_OF,1,FR-b8191ba4aae043f5
HP-00000478,HP-00007121,FATHER_OF,1,FR-541e772cf9b56c1f
HP-00007133,HP-00007132,FATHER_OF,1,FR-192abe838f70d02b
HP-00002717,HP-00007136,FATHER_OF,1,FR-a4983db9f0bea78f
HP-00007149,HP-00007148,FATHER_OF,1,FR-3745fa00ce842684
HP-00007153,HP-00007152,FATHER_OF,1,FR-f80db6dbf1a25cf0
HP-00007157,HP-00007156,FATHER_OF,1,FR-984478a6135d14a6
HP-00007161,HP-00007160,FATHER_OF,1,FR-320382cf7bbefc83
HP-00007169,HP-00007168,FATHER_OF,1,FR-9108838fece03bb0
HP-00007177,HP-00007176,FATHER_OF,1,FR-9338c8a8ade68dad
HP-00007181,HP-00007180,FATHER_OF,1,FR-2561c3f443baba74
HP-00007193,HP-00007192,FATHER_OF,1,FR-fb2eb623c49e3baa
HP-00007197,HP-00007196,FATHER_OF,1,FR-f2ced7e9a201d3a2
HP-00007201,HP-00007200,FATHER_OF,1,FR-ec4265f4d5ca8fb5
HP-00007205,HP-00007204,FATHER_OF,1,FR-141b3bf46452c51d
HP-00004602,HP-00007208,FATHER_OF,1,FR-5ac61513daf19b44
HP-00006250,HP-00007212,FATHER_OF,1,FR-2f9e3f9ad8080c20
HP-00007217,HP-00007216,FATHER_OF,1,FR-7b4330aac5b9696d
HP-00006511,HP-00007220,FATHER_OF,1,FR-07d599f8752c5213
HP-00007235,HP-00007234,FATHER_OF,1,FR-836a06569a2a1211
HP-00007250,HP-00007249,FATHER_OF,1,FR-a98191ededbc4cf1
HP-00007254,HP-00007253,FATHER_OF,1,FR-3f34684dd562d784
HP-00007262,HP-00007261,FATHER_OF,1,FR-732150b344d779e4
HP-00007266,HP-00007265,FATHER_OF,1,FR-12f5d10ca481fefa
HP-00007274,HP-00007273,FATHER_OF,1,FR-745d462b6530492c
HP-00007278,HP-00007277,FATHER_OF,1,FR-aa8daae7da5bc707
HP-00007282,HP-00007281,FATHER_OF,1,FR-55388af08a064fd5
HP-00007290,HP-00007289,FATHER_OF,1,FR-8f09c6f397f19a71
HP-00007298,HP-00007297,FATHER_OF,1,FR-014d0178057fcf03
HP-00007305,HP-00007304,FATHER_OF,1,FR-1ef7b9552adbfbff
HP-00004606,HP-00007308,FATHER_OF,1,FR-9a1ff908a7df88a3
HP-00005969,HP-00007312,FATHER_OF,1,FR-52869bddc7e7fe0b
HP-00007317,HP-00007316,FATHER_OF,1,FR-17b66655277eb182
HP-00007321,HP-00007320,FATHER_OF,1,FR-ba9f966914ee6e44
HP-00007325,HP-00007324,FATHER_OF,1,FR-b65a0645533a95ab
HP-00006885,HP-00007328,FATHER_OF,1,FR-6b9f14a2cda3db70
HP-00007337,HP-00007336,FATHER_OF,1,FR-a98ee2f179a41b1a
HP-00007345,HP-00007344,FATHER_OF,1,FR-5968c056e79694c3
HP-00007352,HP-00007351,FATHER_OF,1,FR-757b1c3092713500
HP-00007356,HP-00007355,FATHER_OF,1,FR-518ab24244d34990
HP-00007019,HP-00007363,FATHER_OF,1,FR-5f8e6fb84cd43e0d
HP-00007368,HP-00007367,FATHER_OF,1,FR-17fff400ab23ab10
HP-00007372,HP-00007371,FATHER_OF,1,FR-3efa0bdce6a1913d
HP-00007380,HP-00007379,FATHER_OF,1,FR-dbbf7474710993b9
HP-00007388,HP-00007387,FATHER_OF,1,FR-effc11bba939f8af
HP-00002416,HP-00007391,FATHER_OF,1,FR-20a42cfd7e75b8a0
HP-00007403,HP-00007402,FATHER_OF,1,FR-f9514d35c0313ca5
HP-00007407,HP-00007406,FATHER_OF,1,FR-3706ac70e9554a25
HP-00007027,HP-00007410,FATHER_OF,1,FR-299df30fcefb29ca
HP-00007420,HP-00007419,FATHER_OF,1,FR-a79034f70de4d227
HP-00007424,HP-00007423,FATHER_OF,1,FR-df5a6d9cf5b1e9ef
HP-00007428,HP-00007427,FATHER_OF,1,FR-5c73106dadeeee79
HP-00007436,HP-00007435,FATHER_OF,1,FR-9d94dc45a3bee8ba
HP-00007440,HP-00007439,FATHER_OF,1,FR-63214297c8e1b1a1
HP-00007444,HP-00007443,FATHER_OF,1,FR-db61986af5d6b300
HP-00006269,HP-00007447,FATHER_OF,1,FR-1cae18fe3e08511a
HP-00007463,HP-00007462,FATHER_OF,1,FR-945809c97a76f592
HP-00007467,HP-00007466,FATHER_OF,1,FR-0bfc54d482cd3ff2
HP-00007479,HP-00007478,FATHER_OF,1,FR-675a87c128c98912
HP-00007483,HP-00007482,FATHER_OF,1,FR-e5a3480f40e0c606
HP-00007491,HP-00007490,FATHER_OF,1,FR-ce6e1e0680e86ded
HP-00007499,HP-00007498,FATHER_OF,1,FR-cfb66a6ae93c80ac
HP-00007511,HP-00007510,FATHER_OF,1,FR-2a678bc6b40c6ba1
HP-00007523,HP-00007522,FATHER_OF,1,FR-6787813004801aee
HP-00007527,HP-00007526,FATHER_OF,1,FR-d40e72c95a9abe17
HP-00007540,HP-00007539,FATHER_OF,1,FR-ac71867764b040b7
HP-00007544,HP-00007543,FATHER_OF,1,FR-e9f2d089405acf58
HP-00007552,HP-00007551,FATHER_OF,1,FR-49360e23df87f35f
HP-00007556,HP-00007555,FATHER_OF,1,FR-d64d1b506a1e18e4
HP-00007560,HP-00007559,FATHER_OF,1,FR-73b64cc2929c62f4
HP-00007564,HP-00007563,FATHER_OF,1,FR-afbeae9f1d8fd188
HP-00007572,HP-00007571,FATHER_OF,1,FR-18b4f3a7e1cbbc53
HP-00007576,HP-00007575,FATHER_OF,1,FR-328c427ac77a8b68
HP-00007580,HP-00007579,FATHER_OF,1,FR-d9f7f6999739cad5
HP-00007584,HP-00007583,FATHER_OF,1,FR-508a2a5e7dc50023
HP-00007596,HP-00007595,FATHER_OF,1,FR-2e2f0fac445d22ea
HP-00007603,HP-00007602,FATHER_OF,1,FR-0db153610eb049c1
HP-00007607,HP-00007606,FATHER_OF,1,FR-695ed9542bf4c684
HP-00007629,HP-00007628,FATHER_OF,1,FR-8afacaff69e14398
HP-00007633,HP-00007632,FATHER_OF,1,FR-0eb822afc5bf41c6
HP-00007637,HP-00007636,FATHER_OF,1,FR-52ecf724c5bcfe9b
HP-00007645,HP-00007644,FATHER_OF,1,FR-5855219842af500c
HP-00007649,HP-00007648,FATHER_OF,1,FR-7920f3cefe79677d
HP-00007657,HP-00007656,FATHER_OF,1,FR-1491afa97fe3a579
HP-00007661,HP-00007660,FATHER_OF,1,FR-d64dd34dfa162125
HP-00007673,HP-00007672,FATHER_OF,1,FR-9e2269809e7a38db
HP-00007677,HP-00007676,FATHER_OF,1,FR-d8a916b010221aa1
HP-00007685,HP-00007684,FATHER_OF,1,FR-47a66deb3185a426
HP-00007693,HP-00007692,FATHER_OF,1,FR-d20bbcb899f66935
HP-00007701,HP-00007700,FATHER_OF,1,FR-c743a9e370d37179
HP-00007705,HP-00007704,FATHER_OF,1,FR-7a06eb99f2013d1a
HP-00007709,HP-00007708,FATHER_OF,1,FR-fc8de2b987846256
HP-00007713,HP-00007712,FATHER_OF,1,FR-ba4db9d551a418aa
HP-00005909,HP-00007716,FATHER_OF,1,FR-e73ff295d870a5c7
HP-00007721,HP-00007720,FATHER_OF,1,FR-550529ffa6789990
HP-00007491,HP-00007731,FATHER_OF,1,FR-555a248d6f191ff1
HP-00007744,HP-00007743,FATHER_OF,1,FR-84fbec3b3931fcf4
HP-00007752,HP-00007751,FATHER_OF,1,FR-a9e30e21ee6e5c50
HP-00007764,HP-00007763,FATHER_OF,1,FR-3cb6ab714094cede
HP-00007768,HP-00007767,FATHER_OF,1,FR-94da099f58a9e683
HP-00007772,HP-00007771,FATHER_OF,1,FR-29fbcb54d193285e
HP-00007776,HP-00007775,FATHER_OF,1,FR-37ac8cfb2c4f0fe8
HP-00007780,HP-00007779,FATHER_OF,1,FR-c6d46b0c02a37a6e
HP-00007784,HP-00007783,FATHER_OF,1,FR-528bca9eee4d7a4c
HP-00007788,HP-00007787,FATHER_OF,1,FR-6dfe800febdbd113
HP-00007804,HP-00007803,FATHER_OF,1,FR-7e971777b0f97f6e
HP-00007808,HP-00007807,FATHER_OF,1,FR-909ccf347baa77e4
HP-00007812,HP-00007811,FATHER_OF,1,FR-d281fc22dfe1c0b4
HP-00007816,HP-00007815,FATHER_OF,1,FR-0ab617dfc944cb6c
HP-00007827,HP-00007826,FATHER_OF,1,FR-4a150641c295461b
HP-00007831,HP-00007830,FATHER_OF,1,FR-fe1f9292550b6565
HP-00007835,HP-00007834,FATHER_OF,1,FR-8e62bf09ec24e401
HP-00007846,HP-00007845,FATHER_OF,1,FR-d37c497e446c73dc
HP-00007853,HP-00007852,FATHER_OF,1,FR-d92bae15efaade11
HP-00007857,HP-00007856,FATHER_OF,1,FR-91389194d69f6aef
HP-00007861,HP-00007860,FATHER_OF,1,FR-7ef01c161eaa67e6
HP-00007865,HP-00007864,FATHER_OF,1,FR-4b97e05f87530788
HP-00007869,HP-00007868,FATHER_OF,1,FR-f775b5937110c129
HP-00006479,HP-00007872,FATHER_OF,1,FR-41a814d46341f7f8
HP-00007877,HP-00007876,FATHER_OF,1,FR-b883b96943dc1c6f
HP-00007885,HP-00007884,FATHER_OF,1,FR-5ac9cbb9c60ca2fa
HP-00007889,HP-00007888,FATHER_OF,1,FR-2f2925954a25fe5a
HP-00007893,HP-00007892,FATHER_OF,1,FR-14b657a7f2515465
HP-00007897,HP-00007896,FATHER_OF,1,FR-0c024867f7f5c03a
HP-00007901,HP-00007900,FATHER_OF,1,FR-617563f1e2fc5ac2
HP-00007909,HP-00007908,FATHER_OF,1,FR-f5912e6086fe38b1
HP-00007913,HP-00007912,FATHER_OF,1,FR-132278d69460ebb3
HP-00007917,HP-00007916,FATHER_OF,1,FR-44cfce138768ebac
HP-00007921,HP-00007920,FATHER_OF,1,FR-de0d1e7734ca4e5c
HP-00007499,HP-00007924,FATHER_OF,1,FR-77d6e4488c6d2ed4
HP-00007929,HP-00007928,FATHER_OF,1,FR-a3f77ddff51a7fb2
HP-00007937,HP-00007936,FATHER_OF,1,FR-5591b2bae438d22a
HP-00007941,HP-00007940,FATHER_OF,1,FR-2c4c4411a95dd39f
HP-00007949,HP-00007948,FATHER_OF,1,FR-1ee39947e95d3574
HP-00007953,HP-00007952,FATHER_OF,1,FR-b5c9257921880538
HP-00007957,HP-00007956,FATHER_OF,1,FR-8255392c652705c2
HP-00007965,HP-00007964,FATHER_OF,1,FR-677a6f58e9bd2eb0
HP-00007973,HP-00007972,FATHER_OF,1,FR-8a1464383031db48
HP-00006269,HP-00007976,FATHER_OF,1,FR-3aacb8b69b00648c
HP-00007981,HP-00007980,FATHER_OF,1,FR-093ac2ec6c62d86f
HP-00007989,HP-00007988,FATHER_OF,1,FR-535e4c5547c479c2
HP-00007993,HP-00007992,FATHER_OF,1,FR-dad11625f4562cb3
HP-00007997,HP-00007996,FATHER_OF,1,FR-7627a0ad4dd7f536
HP-00008009,HP-00008008,FATHER_OF,1,FR-51b363ba5756bb97
HP-00008017,HP-00008016,FATHER_OF,1,FR-756df227f3d078f5
HP-00008025,HP-00008024,FATHER_OF,1,FR-a7de790abb37f04b
HP-00008037,HP-00008036,FATHER_OF,1,FR-79efde14677993a5
HP-00008056,HP-00008055,FATHER_OF,1,FR-df573b3251ff1cf9
HP-00008060,HP-00008059,FATHER_OF,1,FR-9bf55fb642eafa62
HP-00008064,HP-00008063,FATHER_OF,1,FR-e6bbf6235217abf9
HP-00008076,HP-00008075,FATHER_OF,1,FR-219ee1db197b2c9b
HP-00008080,HP-00008079,FATHER_OF,1,FR-921bc31ccd192360
HP-00008084,HP-00008083,FATHER_OF,1,FR-00a8ae37ae3f1eb1
HP-00008088,HP-00008087,FATHER_OF,1,FR-bf09e0a571a0a26c
HP-00008092,HP-00008091,FATHER_OF,1,FR-f99c3e002cdf02eb
HP-00008096,HP-00008095,FATHER_OF,1,FR-3ac462205033e7e2
HP-00007804,HP-00008102,FATHER_OF,1,FR-ac6f1b63cf6237f2
HP-00008107,HP-00008106,FATHER_OF,1,FR-b821876d0604e4b6
HP-00008127,HP-00008126,FATHER_OF,1,FR-5b9e5d2eec0d35ae
HP-00008131,HP-00008130,FATHER_OF,1,FR-b7ed3590c1d31696
HP-00008135,HP-00008134,FATHER_OF,1,FR-fd79a382ae33d864
HP-00008143,HP-00008142,FATHER_OF,1,FR-2770c1514420b0bf
HP-00008147,HP-00008146,FATHER_OF,1,FR-ff2a21324c571f46
HP-00008151,HP-00008150,FATHER_OF,1,FR-2fec456e3f1d5e49
HP-00008155,HP-00008154,FATHER_OF,1,FR-1406d6851bdc9a1d
HP-00008159,HP-00008158,FATHER_OF,1,FR-3f05eece6480ad1c
HP-00008163,HP-00008162,FATHER_OF,1,FR-8b929ae478a7da71
HP-00008167,HP-00008166,FATHER_OF,1,FR-124305b92d948869
HP-00008171,HP-00008170,FATHER_OF,1,FR-f3656abef28e60c4
HP-00008182,HP-00008181,FATHER_OF,1,FR-40f81818bbe793cb
HP-00007118,HP-00008200,FATHER_OF,1,FR-b7ed7b335fba0927
HP-00008211,HP-00008210,FATHER_OF,1,FR-4f701c7e62f20279
HP-00008215,HP-00008214,FATHER_OF,1,FR-ba025f862394aafd
HP-00007467,HP-00008225,FATHER_OF,1,FR-b9e78a2dbccf3973
HP-00008244,HP-00008243,FATHER_OF,1,FR-f2b15df864d0289f
HP-00008256,HP-00008255,FATHER_OF,1,FR-e3cb2abc8732ba2c
HP-00008268,HP-00008267,FATHER_OF,1,FR-eed16540dca4b3cc
HP-00008279,HP-00008278,FATHER_OF,1,FR-250628df4d9a2ff4
HP-00008283,HP-00008282,FATHER_OF,1,FR-0ebbeac41692921b
HP-00008290,HP-00008289,FATHER_OF,1,FR-b3b7c9fdea5c2fb1
HP-00008301,HP-00008300,FATHER_OF,1,FR-e60dc2109cf77f62
HP-00008305,HP-00008304,FATHER_OF,1,FR-a1797357b71a01fe
HP-00008309,HP-00008308,FATHER_OF,1,FR-0b86f38b350d802a
HP-00008317,HP-00008316,FATHER_OF,1,FR-3993ac8a4b2c6576
HP-00008321,HP-00008320,FATHER_OF,1,FR-d682616dd03e3dab
HP-00008325,HP-00008324,FATHER_OF,1,FR-5feaa7d4491ef376
HP-00008345,HP-00008344,FATHER_OF,1,FR-bc1207ade847b38f
HP-00008362,HP-00008361,FATHER_OF,1,FR-6a2f3658d2ad6731
HP-00008366,HP-00008365,FATHER_OF,1,FR-37696f97d1622805
HP-00007721,HP-00008369,FATHER_OF,1,FR-d7d7763fe0c4faf8
HP-00008378,HP-00008377,FATHER_OF,1,FR-98558c597c390ab3
HP-00008382,HP-00008381,FATHER_OF,1,FR-42aea3c1abfc998e
HP-00008386,HP-00008385,FATHER_OF,1,FR-6cbfc224a4c10495
HP-00008390,HP-00008389,FATHER_OF,1,FR-312f22769ddcadf3
HP-00008394,HP-00008393,FATHER_OF,1,FR-beaba0a8fd744e32
HP-00008398,HP-00008397,FATHER_OF,1,FR-4b780e0e3d930569
HP-00008402,HP-00008401,FATHER_OF,1,FR-8d29bf35da4794e9
HP-00008406,HP-00008405,FATHER_OF,1,FR-246678967d4a2fb1
HP-00008410,HP-00008409,FATHER_OF,1,FR-40a5927271bff827
HP-00008076,HP-00008413,FATHER_OF,1,FR-02ad395d90592e0c
HP-00008418,HP-00008417,FATHER_OF,1,FR-ce8fa5a995d78d24
HP-00008422,HP-00008421,FATHER_OF,1,FR-1a8b0ef69d70bf16
HP-00008426,HP-00008425,FATHER_OF,1,FR-f4f885a6a267b6ec
HP-00008438,HP-00008437,FATHER_OF,1,FR-9bfbbc18fbfb195b
HP-00008442,HP-00008441,FATHER_OF,1,FR-48409f8e8e99a608
HP-00008450,HP-00008449,FATHER_OF,1,FR-5dda2d2a9591e320
HP-00008466,HP-00008465,FATHER_OF,1,FR-5bb685a4b8587a68
HP-00008474,HP-00008473,FATHER_OF,1,FR-2a8a452e9f465ac2
HP-00008478,HP-00008477,FATHER_OF,1,FR-6f2f938f8ffaa86b
HP-00008482,HP-00008481,FATHER_OF,1,FR-04581b0b023eb3f9
HP-00008494,HP-00008493,FATHER_OF,1,FR-77f9eb0806c191d7
HP-00008509,HP-00008508,FATHER_OF,1,FR-6073b763ec4bbd7e
HP-00007981,HP-00008512,FATHER_OF,1,FR-c369c1225150f865
HP-00007869,HP-00008520,FATHER_OF,1,FR-6485f1fdcf4daedb
HP-00008525,HP-00008524,FATHER_OF,1,FR-d5bae71bb509a1db
HP-00008537,HP-00008536,FATHER_OF,1,FR-4f79124779ad8a66
HP-00008541,HP-00008540,FATHER_OF,1,FR-9c5164d88634d687
HP-00008545,HP-00008544,FATHER_OF,1,FR-f41e2db5c2583537
HP-00008549,HP-00008548,FATHER_OF,1,FR-754df20ad80ec081
HP-00008565,HP-00008564,FATHER_OF,1,FR-cc43e7e8eab4d128
HP-00007118,HP-00008568,FATHER_OF,1,FR-344c131378743f71
HP-00008573,HP-00008572,FATHER_OF,1,FR-56e6020a900c3549
HP-00008581,HP-00008580,FATHER_OF,1,FR-805d6e2263d2b230
HP-00008623,HP-00008622,FATHER_OF,1,FR-9323e4bbfcfc406d
HP-00008627,HP-00008626,FATHER_OF,1,FR-346a7c22c90f91e9
HP-00008631,HP-00008630,FATHER_OF,1,FR-1853e3051502f682
HP-00008635,HP-00008634,FATHER_OF,1,FR-ce15e0f42125efd4
HP-00008645,HP-00008644,FATHER_OF,1,FR-4029dafc4874f1c4
HP-00008661,HP-00008660,FATHER_OF,1,FR-468957eeaf9ca679
HP-00008665,HP-00008664,FATHER_OF,1,FR-cd57c62a0a5529f4
HP-00008669,HP-00008668,FATHER_OF,1,FR-e36d2d1a67c35d17
HP-00008676,HP-00008675,FATHER_OF,1,FR-0c8c06e7779ea6f2
HP-00008711,HP-00008710,FATHER_OF,1,FR-9ca36c2e2602e663
HP-00008715,HP-00008714,FATHER_OF,1,FR-46f710d05f9e9cf7
HP-00008733,HP-00008732,FATHER_OF,1,FR-ad04b237c6802b7a
HP-00008482,HP-00008736,FATHER_OF,1,FR-4d6c705545d87710
HP-00008741,HP-00008740,FATHER_OF,1,FR-e1d9c6be7ff65ba3
HP-00008745,HP-00008744,FATHER_OF,1,FR-aa172ac4c7b4f798
HP-00008749,HP-00008748,FATHER_OF,1,FR-4b84f5e9caa3434d
HP-00008753,HP-00008752,FATHER_OF,1,FR-586a2a45db72c2e1
HP-00008757,HP-00008756,FATHER_OF,1,FR-955d0815a5ac31c2
HP-00008765,HP-00008764,FATHER_OF,1,FR-8c0c41cc346ecc4b
HP-00008769,HP-00008768,FATHER_OF,2,FR-8d2cf938d28f1f65
HP-00008773,HP-00008772,FATHER_OF,1,FR-b8761841dd79b96f
HP-00008777,HP-00008776,FATHER_OF,1,FR-511a9ad95798cd9b
HP-00008781,HP-00008780,FATHER_OF,1,FR-b4ad009172b7c64c
HP-00008789,HP-00008788,FATHER_OF,1,FR-08f7b7ec4a68c630
HP-00008793,HP-00008792,FATHER_OF,1,FR-bd115c4d54616783
HP-00008797,HP-00008796,FATHER_OF,1,FR-eee638bad8d185a0
HP-00008801,HP-00008800,FATHER_OF,1,FR-deb748d1aa038c5b
HP-00008808,HP-00008807,FATHER_OF,1,FR-5dc4dd4d6dcbfff7
HP-00008812,HP-00008811,FATHER_OF,1,FR-e0490756906313a9
HP-00008831,HP-00008830,FATHER_OF,1,FR-188aff266a57f65c
HP-00008835,HP-00008834,FATHER_OF,1,FR-faa1100d570381d1
HP-00008843,HP-00008842,FATHER_OF,1,FR-f8e7b63f96a97781
HP-00008847,HP-00008846,FATHER_OF,1,FR-ea81cb93b949f6ae
HP-00007997,HP-00008850,FATHER_OF,1,FR-87d181281104da3f
HP-00008859,HP-00008858,FATHER_OF,1,FR-893e90dcf7bf3e32
HP-00005909,HP-00008862,FATHER_OF,1,FR-4718b5e72fa06b6e
HP-00008867,HP-00008866,FATHER_OF,1,FR-663e5a6f1a0bf7a7
HP-00008871,HP-00008870,FATHER_OF,1,FR-88eae4edfd33f9a7
HP-00008879,HP-00008878,FATHER_OF,1,FR-82ad35044420747d
HP-00008895,HP-00008894,FATHER_OF,1,FR-d8b313db549c78c3
HP-00008907,HP-00008906,FATHER_OF,1,FR-c1e0ffea1d9ea338
HP-00008911,HP-00008910,FATHER_OF,2,FR-0fb5009529e625f7
HP-00008915,HP-00008914,FATHER_OF,1,FR-565dadb748ac16d2
HP-00008919,HP-00008918,FATHER_OF,1,FR-d8e46dfc2784567c
HP-00007921,HP-00008934,FATHER_OF,1,FR-84db5c2b69071a12
HP-00008954,HP-00008953,FATHER_OF,1,FR-4a605325a82f5821
HP-00008958,HP-00008957,FATHER_OF,1,FR-a1459f3059bd8c17
HP-00008962,HP-00008961,FATHER_OF,1,FR-9421c63d8249f710
HP-00007853,HP-00008969,FATHER_OF,1,FR-2362ae5ed91d016a
HP-00008974,HP-00008973,FATHER_OF,2,FR-f4f80ee51b3cfbae
HP-00008985,HP-00008984,FATHER_OF,1,FR-9d041f7179fa9c40
HP-00008985,HP-00008988,FATHER_OF,1,FR-523a86a1f5e2d26d
HP-00008993,HP-00008992,FATHER_OF,1,FR-b969f5240e194b67
HP-00008997,HP-00008996,FATHER_OF,1,FR-ba2bc1e4c212b243
HP-00009027,HP-00009026,FATHER_OF,1,FR-48790ea36c330d44
HP-00009044,HP-00009043,FATHER_OF,1,FR-d27bdd286edba207
HP-00009048,HP-00009047,FATHER_OF,1,FR-e0c27d821a386ff4
HP-00009055,HP-00009054,FATHER_OF,1,FR-f1bef756ac15edb4
HP-00009059,HP-00009058,FATHER_OF,1,FR-bd6056a92a15b276
HP-00009071,HP-00009070,FATHER_OF,1,FR-5193f27ccb48c400
HP-00009075,HP-00009074,FATHER_OF,1,FR-930ea8dcd5a6744f
HP-00009079,HP-00009078,FATHER_OF,1,FR-58d402b08b4f12e9
HP-00009083,HP-00009082,FATHER_OF,1,FR-68d07e3ece198855
HP-00009087,HP-00009086,FATHER_OF,1,FR-bc66b8abbdc08d1b
HP-00009091,HP-00009090,FATHER_OF,1,FR-e55548de578a1faa
HP-00009095,HP-00009094,FATHER_OF,1,FR-b38d284a2ac41cc2
HP-00009099,HP-00009098,FATHER_OF,1,FR-e56e64a7c18c899e
HP-00009103,HP-00009102,FATHER_OF,1,FR-0503feeca7c3812e
HP-00009107,HP-00009106,FATHER_OF,1,FR-ab10937f2a9e369a
HP-00008084,HP-00009114,FATHER_OF,1,FR-61944cd6ce82d581
HP-00009123,HP-00009122,FATHER_OF,1,FR-05bed2ea35481f5d
HP-00009127,HP-00009126,FATHER_OF,1,FR-46d0c00182b4ae4b
HP-00009131,HP-00009130,FATHER_OF,1,FR-85f3d860c20ad237
HP-00009135,HP-00009134,FATHER_OF,1,FR-dac72765161a70bd
HP-00009139,HP-00009138,FATHER_OF,1,FR-5bc98e467c7e9522
HP-00009143,HP-00009142,FATHER_OF,1,FR-ae6b25d8e974722e
HP-00009155,HP-00009154,FATHER_OF,1,FR-da9c6ec5394ef918
HP-00009171,HP-00009170,FATHER_OF,1,FR-3ff77b0570142e2a
HP-00009178,HP-00009177,FATHER_OF,1,FR-c63202196aa894cc
HP-00009182,HP-00009181,FATHER_OF,1,FR-c8522180e853f9e5
HP-00008127,HP-00009185,FATHER_OF,1,FR-1ba1a77fe43e0c06
HP-00009190,HP-00009189,FATHER_OF,1,FR-f9b17e07bda75fe6
HP-00009206,HP-00009205,FATHER_OF,1,FR-bf4bc4939582c74a
HP-00009214,HP-00009213,FATHER_OF,1,FR-78b7b62f728ca41c
HP-00009218,HP-00009217,FATHER_OF,1,FR-d9e69974b7577013
HP-00009226,HP-00009225,FATHER_OF,1,FR-a1497c88f3300d2d
HP-00009234,HP-00009233,FATHER_OF,1,FR-2b8be8dde22798e6
HP-00009242,HP-00009241,FATHER_OF,1,FR-7fb9cd1e60e21dbc
HP-00009246,HP-00009245,FATHER_OF,1,FR-9e24ad23dbe8c18e
HP-00009254,HP-00009253,FATHER_OF,1,FR-37f4c673415c9ebb
HP-00009258,HP-00009257,FATHER_OF,1,FR-b8ca2840e6caf8fb
HP-00009262,HP-00009261,FATHER_OF,1,FR-c9d8814a8816fc73
HP-00009266,HP-00009265,FATHER_OF,1,FR-3062b6fecc0e79e5
HP-00009270,HP-00009269,FATHER_OF,1,FR-8cc81d05c0ae481e
HP-00009274,HP-00009273,FATHER_OF,1,FR-b43d1ea535eb08f3
HP-00009286,HP-00009285,FATHER_OF,1,FR-64befc19b61fccc5
HP-00008450,HP-00009293,FATHER_OF,1,FR-d0b3ca2daaa33d2b
HP-00009298,HP-00009297,FATHER_OF,1,FR-9f16fba498ad3009
HP-00004680,HP-00009301,FATHER_OF,1,FR-110a713081e01c16
HP-00009306,HP-00009305,FATHER_OF,1,FR-42b6b55c8de17e6b
HP-00009310,HP-00009309,FATHER_OF,1,FR-22c1bfcffc5d4f23
HP-00009318,HP-00009317,FATHER_OF,1,FR-0ca1cffbfd016d07
HP-00008076,HP-00009321,FATHER_OF,1,FR-dfcb72a57c188c5d
HP-00009326,HP-00009325,FATHER_OF,1,FR-e67807e45ce5e549
HP-00009330,HP-00009329,FATHER_OF,1,FR-5f9b52efd2da19a3
HP-00009334,HP-00009333,FATHER_OF,1,FR-1b2e700c80741a8c
HP-00009346,HP-00009345,FATHER_OF,1,FR-e5abe8096b585b40
HP-00009350,HP-00009349,FATHER_OF,1,FR-032668a476ab0c19
HP-00009354,HP-00009353,FATHER_OF,1,FR-9bc74ffa7c1af50c
HP-00009358,HP-00009357,FATHER_OF,1,FR-0dd96fc682caa860
HP-00009123,HP-00009361,FATHER_OF,1,FR-4551ed100d6d6172
HP-00009366,HP-00009365,FATHER_OF,1,FR-1c2cae223978bc85
HP-00009374,HP-00009373,FATHER_OF,1,FR-408c1cdb443c4f0a
HP-00009390,HP-00009389,FATHER_OF,1,FR-05a7d92190009da2
HP-00009394,HP-00009393,FATHER_OF,1,FR-1a2eba21725ba44d
HP-00006269,HP-00009397,FATHER_OF,1,FR-dd5fc2b095a1c413
HP-00009409,HP-00009408,FATHER_OF,1,FR-c21ab694c4cfb0b5
HP-00009413,HP-00009412,FATHER_OF,1,FR-47c1c223c883f7cf
HP-00009417,HP-00009416,FATHER_OF,1,FR-ca9343c32fe66a55
HP-00009421,HP-00009420,FATHER_OF,1,FR-e263f8ef1eda6416
HP-00009425,HP-00009424,FATHER_OF,1,FR-2a1210028e9f7ba3
HP-00009429,HP-00009428,FATHER_OF,1,FR-c5d7a518b8039d29
HP-00009437,HP-00009436,FATHER_OF,1,FR-5e4746169e90e547
HP-00009441,HP-00009440,FATHER_OF,1,FR-e4da5407da33ed55
HP-00009449,HP-00009448,FATHER_OF,1,FR-9fb6db4e469f89a7
HP-00009453,HP-00009452,FATHER_OF,1,FR-965903bcd107cb8b
HP-00009461,HP-00009460,FATHER_OF,1,FR-e6698c83db01786e
HP-00009465,HP-00009464,FATHER_OF,1,FR-4eb49e18132e8c2b
HP-00009473,HP-00009472,FATHER_OF,1,FR-9ff3174e7f170be7
HP-00009477,HP-00009476,FATHER_OF,1,FR-d3030f69e67ab6e4
HP-00009485,HP-00009484,FATHER_OF,1,FR-d91ce1a5671a611d
HP-00009489,HP-00009488,FATHER_OF,1,FR-a2c4d2b36373f398
HP-00009493,HP-00009492,FATHER_OF,1,FR-3d39b874022cdf55
HP-00009497,HP-00009496,FATHER_OF,1,FR-288ef83604c427d0
HP-00009509,HP-00009508,FATHER_OF,1,FR-5a44b29d7dfa829d
HP-00009513,HP-00009512,FATHER_OF,1,FR-73cecd1146719fd9
HP-00009517,HP-00009516,FATHER_OF,1,FR-15c91176642a9e78
HP-00009521,HP-00009520,FATHER_OF,1,FR-9b66e5f91a2846e6
HP-00009529,HP-00009528,FATHER_OF,1,FR-d5785a9b92eff64c
HP-00009537,HP-00009536,FATHER_OF,1,FR-1b24d8f1c17d39ed
HP-00009545,HP-00009544,FATHER_OF,1,FR-7e9d9ab42b25f6b3
HP-00009549,HP-00009548,FATHER_OF,1,FR-61d4c51a45bd60b5
HP-00009553,HP-00009552,FATHER_OF,1,FR-ae075b6f811b74d1
HP-00009557,HP-00009556,FATHER_OF,1,FR-9081658da05bce8a
HP-00009561,HP-00009560,FATHER_OF,1,FR-9497b08c202fb082
HP-00008919,HP-00009564,FATHER_OF,1,FR-5ec2253c43ffa8e3
HP-00009573,HP-00009572,FATHER_OF,1,FR-6c13cfd389f3e02d
HP-00009577,HP-00009576,FATHER_OF,1,FR-5deb47319fc459b9
HP-00009581,HP-00009580,FATHER_OF,1,FR-f00759808168de69
HP-00009589,HP-00009588,FATHER_OF,1,FR-0a0fb165311fd164
HP-00009593,HP-00009592,FATHER_OF,1,FR-6a84180e278c1d77
HP-00009601,HP-00009600,FATHER_OF,1,FR-1ae41bf9a68c570d
HP-00009103,HP-00009612,FATHER_OF,1,FR-44a481d4715ea399
HP-00009617,HP-00009616,FATHER_OF,1,FR-31f110a33dd022c4
HP-00009625,HP-00009624,FATHER_OF,1,FR-1c125e5d899d00d3
HP-00009629,HP-00009628,FATHER_OF,1,FR-a84562b6c623ec1a
HP-00009633,HP-00009632,FATHER_OF,1,FR-b2c0885ddb9d9ec4
HP-00009637,HP-00009636,FATHER_OF,1,FR-197d5d8e34a6dd53
HP-00009641,HP-00009640,FATHER_OF,1,FR-16e11041b63ef766
HP-00009652,HP-00009651,FATHER_OF,1,FR-3d8f8e028af46d38
HP-00009656,HP-00009655,FATHER_OF,1,FR-402bbd0f3c85d28d
HP-00008773,HP-00009659,FATHER_OF,1,FR-4f7e5b2ff7d100b1
HP-00009664,HP-00009663,FATHER_OF,1,FR-f74978dce42224a4
HP-00007564,HP-00009667,FATHER_OF,1,FR-cc316a52eb121b9d
HP-00009672,HP-00009671,FATHER_OF,1,FR-09ddfc4035b31767
HP-00009680,HP-00009679,FATHER_OF,1,FR-0566896e32129c12
HP-00009688,HP-00009687,FATHER_OF,1,FR-084149cb3fbcefac
HP-00009692,HP-00009691,FATHER_OF,1,FR-a5ad6d12c7d4ae7f
HP-00009700,HP-00009699,FATHER_OF,1,FR-985c65e4969dbbef
HP-00009704,HP-00009703,FATHER_OF,1,FR-dd24e3bea677361b
HP-00009708,HP-00009707,FATHER_OF,1,FR-5a6ac929219c1298
HP-00009712,HP-00009711,FATHER_OF,1,FR-f48e4030e6b5d6b5
HP-00009720,HP-00009719,FATHER_OF,1,FR-e8ae96bfc45e80a4
HP-00009724,HP-00009723,FATHER_OF,1,FR-2507f4281d0f6a6d
HP-00009258,HP-00009730,FATHER_OF,2,FR-adb4b79c9b8e7d68
HP-00009739,HP-00009738,FATHER_OF,1,FR-26cbe43eb4857acc
HP-00009743,HP-00009221,FATHER_OF,1,FR-512d97353b530860
HP-00009747,HP-00009746,FATHER_OF,1,FR-87b131a5a78cefe1
HP-00009754,HP-00009753,FATHER_OF,1,FR-f94df470a386ce83
HP-00009758,HP-00009757,FATHER_OF,1,FR-b9387c125ae0fb07
HP-00009762,HP-00009761,FATHER_OF,1,FR-defa08cde311c955
HP-00007019,HP-00009765,FATHER_OF,1,FR-806b392ca027cc03
HP-00009770,HP-00009769,FATHER_OF,1,FR-b4a0d3a6c9d3a35c
HP-00009774,HP-00009773,FATHER_OF,1,FR-23b529c991952022
HP-00009782,HP-00009781,FATHER_OF,1,FR-06bab721935604e7
HP-00009786,HP-00009785,FATHER_OF,1,FR-536d45762d0e1e78
HP-00009790,HP-00009789,FATHER_OF,1,FR-e18865441abdd91c
HP-00009794,HP-00009793,FATHER_OF,1,FR-ba6dc9c0dfc5827a
HP-00009798,HP-00009797,FATHER_OF,1,FR-7e0c4891404f7a73
HP-00009802,HP-00009801,FATHER_OF,1,FR-2c1a272abd13f888
HP-00009806,HP-00009805,FATHER_OF,1,FR-469f9035a01ac66d
HP-00009810,HP-00009809,FATHER_OF,1,FR-57850d636492da8e
HP-00009813,HP-00009812,FATHER_OF,1,FR-a11015991fe714f3
HP-00009817,HP-00009816,FATHER_OF,1,FR-216bc9cc9ceba759
HP-00009821,HP-00009820,FATHER_OF,1,FR-d6df6c91ed732b04
HP-00009825,HP-00009824,FATHER_OF,1,FR-77bd1279872ecd8a
HP-00009829,HP-00009828,FATHER_OF,1,FR-14f0e3f879c6b49f
HP-00009833,HP-00009832,FATHER_OF,1,FR-8f55dc7b81fba97a
HP-00008088,HP-00009836,FATHER_OF,1,FR-d53a47af2ab4c4bd
HP-00008088,HP-00009840,FATHER_OF,1,FR-8c2ad0d189821e21
HP-00009849,HP-00009848,FATHER_OF,1,FR-ce19b468bbf835bf
HP-00009864,HP-00009863,FATHER_OF,1,FR-fb6c799b60ae5dcf
HP-00009872,HP-00009871,FATHER_OF,1,FR-14e0b3adc52b7728
HP-00009876,HP-00009875,FATHER_OF,1,FR-06ed7555766c9d14
HP-00009880,HP-00009879,FATHER_OF,1,FR-4aec919bb82aa449
HP-00009884,HP-00009883,FATHER_OF,1,FR-6933fe757d383ca4
HP-00009888,HP-00009887,FATHER_OF,1,FR-604f2d58d3a875f1
HP-00009892,HP-00009891,FATHER_OF,1,FR-f736477ad404357c
HP-00009903,HP-00009902,FATHER_OF,1,FR-469f30d1b8692a09
HP-00009907,HP-00009906,FATHER_OF,1,FR-c0474b54b6ddd7da
HP-00009911,HP-00009910,FATHER_OF,1,FR-09a43712640e3dac
HP-00009915,HP-00009914,FATHER_OF,1,FR-1ae0e2c356a398b9
HP-00009919,HP-00009918,FATHER_OF,1,FR-98ee20231c630708
HP-00009922,HP-00009921,FATHER_OF,1,FR-8824eb8b8e5dca4b
HP-00009926,HP-00009925,FATHER_OF,1,FR-85f5df033ec43d36
HP-00009930,HP-00009929,FATHER_OF,1,FR-e02d9742a46e9818
HP-00009934,HP-00009933,FATHER_OF,1,FR-fc2debb117b32f72
HP-00009942,HP-00009941,FATHER_OF,1,FR-03f04b721d9fae7b
HP-00009946,HP-00009945,FATHER_OF,1,FR-4263b6e338913cb8
HP-00009950,HP-00009949,FATHER_OF,1,FR-e38a4519d6caf14f
HP-00009953,HP-00009952,FATHER_OF,1,FR-3ac4d0fb483af329
HP-00009960,HP-00009959,FATHER_OF,1,FR-df0314a6c8538b87
HP-00009963,HP-00009962,FATHER_OF,1,FR-ba8c55f2635b18ce
HP-00009967,HP-00009966,FATHER_OF,1,FR-0f8c4fdf67f93a4f
HP-00009974,HP-00009973,FATHER_OF,1,FR-0b511456ebb37637
HP-00009986,HP-00009985,FATHER_OF,1,FR-133eeb82f14d9228
HP-00009990,HP-00009989,FATHER_OF,1,FR-47ec27a47fb90f19
HP-00009994,HP-00009993,FATHER_OF,1,FR-ac4a17c6c375da2c
HP-00009998,HP-00009997,FATHER_OF,1,FR-69e11cf9ec83b1c7
HP-00010002,HP-00010001,FATHER_OF,1,FR-68f64b618194106e
HP-00009330,HP-00010005,FATHER_OF,1,FR-d351a0270c23f9c6
HP-00010010,HP-00010009,FATHER_OF,1,FR-a3b3e7eab8838b7a
HP-00010018,HP-00010017,FATHER_OF,1,FR-3e4bfd371d81b0b9
HP-00010022,HP-00010021,FATHER_OF,1,FR-148da9a2f263612c
HP-00010042,HP-00010041,FATHER_OF,1,FR-857b3d8d1c422ca0
HP-00009048,HP-00010053,FATHER_OF,1,FR-acab594e4de0e379
HP-00010062,HP-00010061,FATHER_OF,1,FR-543e76a428c44df7
HP-00010070,HP-00010069,FATHER_OF,1,FR-02bff21b889fb2af
HP-00010074,HP-00010073,FATHER_OF,1,FR-a1f9402cab9b2c19
HP-00010082,HP-00010081,FATHER_OF,1,FR-1a82a6451fdfec42
HP-00010086,HP-00010085,FATHER_OF,1,FR-cb9ffd425a98d6b6
HP-00010090,HP-00010089,FATHER_OF,1,FR-0b6c3caa057a2907
HP-00010094,HP-00010093,FATHER_OF,1,FR-88e6b8bdb89215f6
HP-00010105,HP-00010104,FATHER_OF,1,FR-6896defefd4bfbd3
HP-00010113,HP-00010112,FATHER_OF,1,FR-5922cec8b56fbe61
HP-00009465,HP-00010116,FATHER_OF,1,FR-7fd71df84d0548cf
HP-00010125,HP-00010124,FATHER_OF,1,FR-fc61cecc78edaf34
HP-00010129,HP-00010128,FATHER_OF,1,FR-2fc263b755180fc4
HP-00010137,HP-00010136,FATHER_OF,1,FR-c14aca1f5d90bf4f
HP-00010141,HP-00010140,FATHER_OF,1,FR-2fe1c16fbd5e5c1e
HP-00010145,HP-00010144,FATHER_OF,1,FR-8b9048a53c2488ad
HP-00010149,HP-00010148,FATHER_OF,1,FR-c40fb8573003419a
HP-00010153,HP-00010152,FATHER_OF,1,FR-6d54454e564c357d
HP-00008127,HP-00010164,FATHER_OF,1,FR-a42c84bb1d3cf3fe
HP-00010169,HP-00010168,FATHER_OF,1,FR-78331794a1a5fb72
HP-00010173,HP-00010172,FATHER_OF,1,FR-82244b2eb408fccc
HP-00010177,HP-00010176,FATHER_OF,1,FR-582e4dbb4a0fc59f
HP-00010181,HP-00010180,FATHER_OF,1,FR-7dea4107ef380a70
HP-00010193,HP-00010192,FATHER_OF,1,FR-3dfbc743e268ed0f
HP-00010197,HP-00010196,FATHER_OF,1,FR-233593ef7d4f7f71
HP-00010201,HP-00010200,FATHER_OF,1,FR-c8286b95a31938ef
HP-00010205,HP-00010204,FATHER_OF,1,FR-98701dc7c8039202
HP-00010209,HP-00010208,FATHER_OF,1,FR-4942306a9677b025
HP-00010213,HP-00010212,FATHER_OF,1,FR-d2c0e31611986e58
HP-00010217,HP-00010216,FATHER_OF,1,FR-c08dc77cf6acaa7a
HP-00010221,HP-00010220,FATHER_OF,1,FR-e0f5a75be941542e
HP-00010225,HP-00010224,FATHER_OF,1,FR-890ae8121b368faf
HP-00010229,HP-00010228,FATHER_OF,1,FR-d89ca78e105c6cb8
HP-00010233,HP-00010232,FATHER_OF,1,FR-b6b1187759fb7454
HP-00010237,HP-00010236,FATHER_OF,1,FR-7591d73d8ecf4b74
HP-00010249,HP-00010248,FATHER_OF,1,FR-33e472a2d4408a6b
HP-00010257,HP-00010256,FATHER_OF,1,FR-1f67e1b2bd31806b
HP-00010261,HP-00010260,FATHER_OF,1,FR-8f49dcc644f422d1
HP-00010265,HP-00010264,FATHER_OF,1,FR-26672dc8894e84fd
HP-00010269,HP-00010268,FATHER_OF,1,FR-d87522887b222123
HP-00010273,HP-00010272,FATHER_OF,1,FR-292dc5086ffa809e
HP-00010285,HP-00010284,FATHER_OF,1,FR-a7d317d4a793bd7c
HP-00010289,HP-00010288,FATHER_OF,1,FR-fab1d9d204ccf3de
HP-00010293,HP-00010292,FATHER_OF,1,FR-bf352491389e914c
HP-00010297,HP-00010296,FATHER_OF,1,FR-60cdfd7c53415fb7
HP-00010301,HP-00010300,FATHER_OF,1,FR-bab7f35f855b3791
HP-00010305,HP-00010304,FATHER_OF,1,FR-0a21839849b92e6d
HP-00010316,HP-00010315,FATHER_OF,1,FR-fb2ae643dd119cfc
HP-00010320,HP-00010319,FATHER_OF,1,FR-3e0ca2630bc64d98
HP-00010324,HP-00010323,FATHER_OF,1,FR-9f1a3dd31899dfa5
HP-00010328,HP-00010327,FATHER_OF,1,FR-c69c19a89c2a56fe
HP-00010336,HP-00010335,FATHER_OF,1,FR-4b31410d372cb1d3
HP-00010339,HP-00010338,FATHER_OF,1,FR-e393fd4f160c7701
HP-00010350,HP-00010349,FATHER_OF,1,FR-1e1e2eb18f8f9fb2
HP-00010354,HP-00010353,FATHER_OF,1,FR-5b1c22a10588a607
HP-00010358,HP-00010357,FATHER_OF,1,FR-73ee1f38e178211b
HP-00010366,HP-00010365,FATHER_OF,1,FR-62322d72a903f9d6
HP-00010370,HP-00010369,FATHER_OF,1,FR-0d182f6ffe1ade53
HP-00010374,HP-00010373,FATHER_OF,1,FR-dced3548859b0f47
HP-00010390,HP-00010389,FATHER_OF,1,FR-b283b3ec126a0592
HP-00010398,HP-00010397,FATHER_OF,1,FR-f0a0c9631e3b341e
HP-00010402,HP-00010401,FATHER_OF,1,FR-3aa19ebab6e2a651
HP-00010406,HP-00010405,FATHER_OF,1,FR-d26a0b682ab3811e
HP-00010410,HP-00010409,FATHER_OF,1,FR-b164b1dd17c61bf9
HP-00010414,HP-00010413,FATHER_OF,1,FR-a5e8c351a7665ea5
HP-00010418,HP-00010417,FATHER_OF,1,FR-f6803702e25b2cf9
HP-00010422,HP-00010421,FATHER_OF,1,FR-86c70727564db061
HP-00010434,HP-00010433,FATHER_OF,1,FR-52f143e0fd14bd22
HP-00010438,HP-00010437,FATHER_OF,1,FR-4dc22d18dc00d2e6
HP-00010442,HP-00010441,FATHER_OF,1,FR-7e6ff7b428c1539c
HP-00010446,HP-00010445,FATHER_OF,1,FR-6febe833d719c6f3
HP-00010450,HP-00010449,FATHER_OF,1,FR-c5ebfeb39ca15d30
HP-00010466,HP-00010465,FATHER_OF,1,FR-850c12e5acbc28d0
HP-00010470,HP-00010469,FATHER_OF,1,FR-ed4750a902a8f5c1
HP-00010478,HP-00010477,FATHER_OF,1,FR-455047bd66d7451c
HP-00010482,HP-00010481,FATHER_OF,1,FR-899361b6b4890b65
HP-00010489,HP-00010488,FATHER_OF,1,FR-cb4a6d7c68452e12
HP-00010493,HP-00010492,FATHER_OF,1,FR-b3dd05f807e40989
HP-00010501,HP-00010500,FATHER_OF,1,FR-128651729cf3c46a
HP-00010505,HP-00010504,FATHER_OF,1,FR-e39775909e0f3684
HP-00010509,HP-00010508,FATHER_OF,1,FR-0b0d87c7e6a60450
HP-00010513,HP-00010512,FATHER_OF,1,FR-0e55ef6e683d054a
HP-00010521,HP-00010520,FATHER_OF,1,FR-ecfd299a860b08ca
HP-00010529,HP-00010528,FATHER_OF,1,FR-2b3f9704585d240c
HP-00010533,HP-00010532,FATHER_OF,1,FR-5324519acff492b0
HP-00010537,HP-00010536,FATHER_OF,1,FR-58cc920c38fea4f2
HP-00010549,HP-00010548,FATHER_OF,1,FR-20d3ff2580512584
HP-00010561,HP-00010560,FATHER_OF,1,FR-0d663654ccb53570
HP-00010565,HP-00010564,FATHER_OF,1,FR-a50beb241ec9db7a
HP-00010569,HP-00010568,FATHER_OF,1,FR-5e87ee1a9d7f11fe
HP-00010573,HP-00010572,FATHER_OF,1,FR-00c47ceef8846e38
HP-00010577,HP-00010576,FATHER_OF,1,FR-6849617bb0957cdb
HP-00010577,HP-00010580,FATHER_OF,1,FR-9466ae36a8afdaa6
HP-00010585,HP-00010584,FATHER_OF,1,FR-d00b9adf07b5cb48
HP-00010593,HP-00010592,FATHER_OF,1,FR-b6ce53a4bc27e0f8
HP-00010597,HP-00010596,FATHER_OF,1,FR-1a2f282be4ce47a5
HP-00010609,HP-00010608,FATHER_OF,1,FR-ce42a25440e1e88e
HP-00010617,HP-00010616,FATHER_OF,1,FR-2bf523b189964d1c
HP-00010621,HP-00010620,FATHER_OF,1,FR-9926b5da85b2f58d
HP-00010625,HP-00010624,FATHER_OF,1,FR-2093461d353c93d2
HP-00010628,HP-00010627,FATHER_OF,1,FR-a0cb35d43bb39b77
HP-00010632,HP-00010631,FATHER_OF,1,FR-ec32bb8c2348b4c7
HP-00010636,HP-00010635,FATHER_OF,1,FR-eb4150dac40a4a63
HP-00010640,HP-00010639,FATHER_OF,1,FR-0168f129c32a586e
HP-00010644,HP-00010643,FATHER_OF,1,FR-3666e1cc48ded6e9
HP-00010648,HP-00010647,FATHER_OF,1,FR-407cc573d6348547
HP-00010652,HP-00010651,FATHER_OF,1,FR-84a920fd955ced9a
HP-00010656,HP-00010655,FATHER_OF,1,FR-7f9eba5ae61f9eb3
HP-00010660,HP-00010659,FATHER_OF,1,FR-08121cd18717e643
HP-00010664,HP-00010663,FATHER_OF,1,FR-7d98fd82f293881e
HP-00010668,HP-00010667,FATHER_OF,1,FR-06fdb3cf4fbc92bb
HP-00010680,HP-00010679,FATHER_OF,1,FR-175da3beb03ed8ff
HP-00010684,HP-00010683,FATHER_OF,1,FR-b5ec6cac789b23c4
HP-00010688,HP-00010687,FATHER_OF,1,FR-8eb90f0422485bdf
HP-00010700,HP-00010699,FATHER_OF,1,FR-1703b63c19256f11
HP-00010704,HP-00010703,FATHER_OF,1,FR-04cad2972edbe116
HP-00010708,HP-00010707,FATHER_OF,1,FR-484a0c9d136cd10d
HP-00010712,HP-00010711,FATHER_OF,1,FR-044923895e4ac766
HP-00010716,HP-00010715,FATHER_OF,1,FR-df69e4cff1f25691
HP-00010720,HP-00010719,FATHER_OF,2,FR-71b3f09056c01f0e
HP-00010724,HP-00010723,FATHER_OF,1,FR-622d27d634eefcd0
HP-00010728,HP-00010727,FATHER_OF,1,FR-5764fce318a9183c
HP-00010732,HP-00010731,FATHER_OF,1,FR-3b67dd5c84df145c
HP-00010736,HP-00010735,FATHER_OF,1,FR-96fd99cf94aeb0c4
HP-00010740,HP-00010739,FATHER_OF,1,FR-02d4585ee3963735
HP-00010748,HP-00010747,FATHER_OF,1,FR-1db16ead8ac06acc
HP-00010752,HP-00010751,FATHER_OF,1,FR-81be82c9ff7736db
HP-00010760,HP-00010759,FATHER_OF,1,FR-2a9f678e9a5342e4
HP-00010764,HP-00010763,FATHER_OF,1,FR-625d336e73013a77
HP-00010768,HP-00010767,FATHER_OF,1,FR-55c295e51f3bf97f
HP-00010776,HP-00010775,FATHER_OF,1,FR-c294bda0aa854c88
HP-00010780,HP-00010779,FATHER_OF,1,FR-ab5f110e66025b3d
HP-00010784,HP-00010783,FATHER_OF,1,FR-62e89acf41334326
HP-00010788,HP-00010787,FATHER_OF,1,FR-fd424b3d7e3aae1c
HP-00010800,HP-00010799,FATHER_OF,1,FR-3eb055051887a90b
HP-00010804,HP-00010803,FATHER_OF,1,FR-d40617bc5520423e
HP-00010808,HP-00010807,FATHER_OF,1,FR-9c8e6a8ae91fcbf5
HP-00010812,HP-00010811,FATHER_OF,1,FR-c4f3536c0c4d0803
HP-00010824,HP-00010823,FATHER_OF,1,FR-b6c8eb9f7037c3c2
HP-00010832,HP-00010831,FATHER_OF,1,FR-748112f650fb10b6
HP-00010840,HP-00010839,FATHER_OF,1,FR-e9123bfc49d33860
HP-00010852,HP-00010851,FATHER_OF,1,FR-57492d6418323e53
HP-00010856,HP-00010855,FATHER_OF,1,FR-c5cfdac8da4d3bef
HP-00010860,HP-00010859,FATHER_OF,1,FR-9e8f6bc63b253fab
HP-00010720,HP-00010863,FATHER_OF,1,FR-b8a4dc6f961ec203
HP-00010867,HP-00010866,FATHER_OF,1,FR-486ffb1af2165422
HP-00010887,HP-00010886,FATHER_OF,1,FR-c5e396cc8b4f0492
HP-00010895,HP-00010894,FATHER_OF,1,FR-55bcc6d6f16ff97d
HP-00010899,HP-00010898,FATHER_OF,1,FR-0c2cf62c4288a0ef
HP-00010903,HP-00010902,FATHER_OF,1,FR-79a193d4fcdaf660
HP-00010907,HP-00010906,FATHER_OF,1,FR-4b6657421ab8fcef
HP-00010911,HP-00010910,FATHER_OF,1,FR-7afea9ea99e1c9c2
HP-00010919,HP-00010918,FATHER_OF,1,FR-945bc778663202d6
HP-00010927,HP-00010926,FATHER_OF,1,FR-8986446b772438dc
HP-00010943,HP-00010942,FATHER_OF,1,FR-9c39a1e421e99a4b
HP-00010959,HP-00010958,FATHER_OF,1,FR-eb6eefa414c8880b
HP-00010963,HP-00010962,FATHER_OF,1,FR-403b58656c9233fe
HP-00010967,HP-00010966,FATHER_OF,1,FR-44888284e79bdfad
HP-00010971,HP-00010970,FATHER_OF,1,FR-0ec1cff7e89711ca
HP-00010979,HP-00010978,FATHER_OF,1,FR-68b2ae4ead423e72
HP-00010995,HP-00010994,FATHER_OF,1,FR-6f188ae09021e9af
HP-00010999,HP-00010998,FATHER_OF,1,FR-2719df86d1637c5a
HP-00011003,HP-00011002,FATHER_OF,1,FR-50cce45f7885182e
HP-00011007,HP-00011006,FATHER_OF,1,FR-890e2282ab24186d
HP-00011011,HP-00011010,FATHER_OF,1,FR-fff7e511ed7ae641
HP-00011019,HP-00011018,FATHER_OF,1,FR-51a231e1b64e133e
HP-00011023,HP-00011022,FATHER_OF,1,FR-1043d3d6fe1c0f3b
HP-00011035,HP-00011034,FATHER_OF,1,FR-32dc5d9bcefcad87
HP-00011039,HP-00011038,FATHER_OF,1,FR-e8ad2e7f650db82e
HP-00011043,HP-00011042,FATHER_OF,1,FR-35ec8ea98537ed1f
HP-00011047,HP-00011046,FATHER_OF,1,FR-5df7cff690cbadf7
HP-00011051,HP-00011050,FATHER_OF,1,FR-7e290607d9c89018
HP-00011055,HP-00011054,FATHER_OF,1,FR-0b0291fc816b03d7
HP-00011063,HP-00011062,FATHER_OF,1,FR-c7ee6e7b25921051
HP-00011067,HP-00011066,FATHER_OF,1,FR-4fce0c3936e10fb0
HP-00011071,HP-00011070,FATHER_OF,1,FR-69b4e3d5cc750d3b
HP-00011075,HP-00011074,FATHER_OF,1,FR-00d06125b47c10d1
HP-00011083,HP-00011082,FATHER_OF,1,FR-ce95bc7028c6a147
HP-00011094,HP-00011093,FATHER_OF,1,FR-3b8f2b4d2ec83ccd
HP-00011098,HP-00011097,FATHER_OF,1,FR-c29317cf35ec8d8c
HP-00011110,HP-00011109,FATHER_OF,1,FR-e09195a5eb0e01bf
HP-00010414,HP-00011117,FATHER_OF,1,FR-1b2444ecadf2bc45
HP-00011122,HP-00011121,FATHER_OF,1,FR-791a6b251348c9ef
HP-00011126,HP-00011125,FATHER_OF,1,FR-2d4b4ab0dee4af26
HP-00011134,HP-00011133,FATHER_OF,1,FR-8c7ae6a224f41b89
HP-00011142,HP-00011141,FATHER_OF,1,FR-2c595d11e2223361
HP-00011146,HP-00011145,FATHER_OF,1,FR-32ef90227a3245c1
HP-00011150,HP-00011149,FATHER_OF,1,FR-386736d1da94f193
HP-00011154,HP-00011153,FATHER_OF,1,FR-028805b1738f9f38
HP-00011158,HP-00011157,FATHER_OF,1,FR-9de3f19ea88f61e5
HP-00011162,HP-00011161,FATHER_OF,1,FR-b58cfa7ff4bee022
HP-00011166,HP-00011165,FATHER_OF,1,FR-903f1cf96bd9c62c
HP-00011170,HP-00011169,FATHER_OF,1,FR-97b8e6c78168b60e
HP-00011174,HP-00011173,FATHER_OF,1,FR-58bab5cfced66daa
HP-00011178,HP-00011177,FATHER_OF,1,FR-b3a2f5cee45913f8
HP-00011181,HP-00011180,FATHER_OF,1,FR-740fe980f8356895
HP-00011193,HP-00011192,FATHER_OF,1,FR-be70a81a8ffc837e
HP-00011197,HP-00011196,FATHER_OF,1,FR-197911b64f678608
HP-00011201,HP-00011200,FATHER_OF,1,FR-36cd324d8cfa7bc2
HP-00011205,HP-00011204,FATHER_OF,1,FR-7ceefbe2c2ca8c4a
HP-00011209,HP-00011208,FATHER_OF,1,FR-971a2643bfa58952
HP-00011213,HP-00011212,FATHER_OF,1,FR-9fd7ebf91531eeda
HP-00011217,HP-00011216,FATHER_OF,1,FR-bc8c8752bfcd467f
HP-00011221,HP-00011220,FATHER_OF,1,FR-32bccfc672ca2540
HP-00011225,HP-00011224,FATHER_OF,1,FR-1029c86093686e6e
HP-00011233,HP-00011232,FATHER_OF,1,FR-9708ba6683f7ed92
HP-00011237,HP-00011236,FATHER_OF,1,FR-ceb315323dea153d
HP-00011241,HP-00011240,FATHER_OF,1,FR-fccf2d69ce7a455e
HP-00011245,HP-00011244,FATHER_OF,1,FR-115e502e336b718c
HP-00011249,HP-00011248,FATHER_OF,1,FR-40f2335596f10e4f
HP-00011253,HP-00011252,FATHER_OF,1,FR-2dff748ec1f2cbcc
HP-00011257,HP-00011256,FATHER_OF,1,FR-efdf099db88db4cb
HP-00011261,HP-00011260,FATHER_OF,1,FR-33356ef3231f80a0
HP-00011273,HP-00011272,FATHER_OF,1,FR-8e4d373a61027505
HP-00011277,HP-00011276,FATHER_OF,1,FR-79055b54df2f909f
HP-00011285,HP-00011284,FATHER_OF,1,FR-65e9561e0098d733
HP-00010971,HP-00011288,FATHER_OF,1,FR-7a0a5c2de07a7084
HP-00011293,HP-00011292,FATHER_OF,1,FR-108d9395ec0b0c17
HP-00010856,HP-00011300,FATHER_OF,1,FR-6421fdba5ed8f9ee
HP-00011305,HP-00011304,FATHER_OF,1,FR-11df5303c58e8df5
HP-00011309,HP-00011308,FATHER_OF,1,FR-dcd54293347a6c6e
HP-00011313,HP-00011312,FATHER_OF,1,FR-1357bcb6d6c67aef
HP-00011317,HP-00011316,FATHER_OF,1,FR-ad0abb5668272cd7
HP-00011321,HP-00011320,FATHER_OF,1,FR-293545c7330a22ae
HP-00011325,HP-00011324,FATHER_OF,1,FR-a7c002553e4ac06f
HP-00011329,HP-00011328,FATHER_OF,1,FR-2f1169df83776a5e
HP-00011337,HP-00011336,FATHER_OF,1,FR-27021dad69713bd2
HP-00011341,HP-00011340,FATHER_OF,1,FR-28b0023e62ce63f6
HP-00011349,HP-00011348,FATHER_OF,1,FR-8a556dec4d3d1713
HP-00011353,HP-00011352,FATHER_OF,1,FR-bd3655027627e19f
HP-00011357,HP-00011356,FATHER_OF,1,FR-0ea3df63b9b339c9
HP-00011365,HP-00011364,FATHER_OF,1,FR-f74972680e037e2d
HP-00011369,HP-00011368,FATHER_OF,1,FR-5328e1235a311120
HP-00011377,HP-00011376,FATHER_OF,1,FR-de714e6369d98f95
HP-00011381,HP-00011380,FATHER_OF,1,FR-fe15b95c9f631317
HP-00011385,HP-00011384,FATHER_OF,1,FR-759c1f863c661253
HP-00011389,HP-00011388,FATHER_OF,1,FR-420ea1c2adae5c88
HP-00011401,HP-00011400,FATHER_OF,1,FR-d7cf08f31800126c
HP-00011405,HP-00011404,FATHER_OF,2,FR-c70f197747177289
HP-00011413,HP-00011412,FATHER_OF,1,FR-4bb71bea178bb48d
HP-00011417,HP-00011416,FATHER_OF,1,FR-27e6dda225cd0f48
HP-00011421,HP-00011420,FATHER_OF,1,FR-667b5d9afdfe1dbf
HP-00011425,HP-00011424,FATHER_OF,1,FR-d45eea8c8c8a09b5
HP-00011429,HP-00011428,FATHER_OF,1,FR-bef414a704223b7a
HP-00011437,HP-00011436,FATHER_OF,1,FR-ff79fc8b4e149b84
HP-00011441,HP-00011440,FATHER_OF,1,FR-214f6215b8875e48
HP-00011445,HP-00011444,FATHER_OF,1,FR-0d836c59148913d0
HP-00011449,HP-00011448,FATHER_OF,1,FR-6691f6b3b5b35045
HP-00011452,HP-00011451,FATHER_OF,1,FR-48b3331a0aae6300
HP-00011456,HP-00011455,FATHER_OF,1,FR-e51728b79124f549
HP-00011460,HP-00011459,FATHER_OF,1,FR-7e0740d1bc494ba5
HP-00011464,HP-00011463,FATHER_OF,1,FR-20a7fc796cbf7e55
HP-00011468,HP-00011467,FATHER_OF,1,FR-e23ebe244caeb1ee
HP-00011472,HP-00011471,FATHER_OF,1,FR-320c0939432077f7
HP-00011476,HP-00011475,FATHER_OF,1,FR-2f291b6e71dbb44f
HP-00011480,HP-00011479,FATHER_OF,1,FR-66d0913b9b64ee94
HP-00011488,HP-00011487,FATHER_OF,1,FR-c8f4074fe3bd4646
HP-00011500,HP-00011499,FATHER_OF,1,FR-6ac6ca6371887018
HP-00011504,HP-00011503,FATHER_OF,1,FR-5347ae7116e6a680
HP-00011508,HP-00011507,FATHER_OF,1,FR-7e5a7aad99b4e02f
HP-00011512,HP-00011511,FATHER_OF,1,FR-d3f9d1cb6cfef18d
HP-00011516,HP-00011515,FATHER_OF,1,FR-28ea9840c5138cc7
HP-00011520,HP-00011519,FATHER_OF,1,FR-44a65f8031bda42a
HP-00011524,HP-00011523,FATHER_OF,1,FR-a15d437b180ea023
HP-00011528,HP-00011527,FATHER_OF,1,FR-5477957cd86a848b
HP-00011532,HP-00011531,FATHER_OF,1,FR-b24bef7c58896c79
HP-00011536,HP-00011535,FATHER_OF,1,FR-48fc3773c81a21c8
HP-00011540,HP-00011539,FATHER_OF,1,FR-62f44076f080c464
HP-00011544,HP-00011543,FATHER_OF,1,FR-7565bb86dd0912f9
HP-00011552,HP-00011551,FATHER_OF,1,FR-6262743ab07253fb
HP-00011563,HP-00011562,FATHER_OF,1,FR-28bdb58a83e2cec0
HP-00011571,HP-00011570,FATHER_OF,1,FR-a65b0e99631f100f
HP-00011575,HP-00011574,FATHER_OF,1,FR-ac52ae7ffe36b0ec
HP-00011579,HP-00011578,FATHER_OF,1,FR-8b27768936e9d3ae
HP-00011583,HP-00011582,FATHER_OF,1,FR-6586f95ceccbc631
HP-00011587,HP-00011586,FATHER_OF,1,FR-6dfe6797b2c46134
HP-00011591,HP-00011590,FATHER_OF,1,FR-84d265439e307683
HP-00011595,HP-00011594,FATHER_OF,1,FR-ee097dc10b5bbaa4
HP-00011599,HP-00011598,FATHER_OF,1,FR-1dd97970e59a44ac
HP-00011603,HP-00011602,FATHER_OF,1,FR-b35ec48b8a040d1a
HP-00011607,HP-00011606,FATHER_OF,1,FR-f669e8e3b95bc3db
HP-00011619,HP-00011618,FATHER_OF,1,FR-326cdfc556191226
HP-00011623,HP-00011622,FATHER_OF,1,FR-58699ac5d394d6b8
HP-00011631,HP-00011630,FATHER_OF,1,FR-2994b2438d3e3c80
HP-00010644,HP-00011634,FATHER_OF,1,FR-08f04c1bba18ab1e
HP-00011639,HP-00011638,FATHER_OF,1,FR-0aa694a04ce3d7f2
HP-00011647,HP-00011646,FATHER_OF,1,FR-d198c268de9edcd6
HP-00011651,HP-00011650,FATHER_OF,1,FR-6d74f2d0718e45cf
HP-00011659,HP-00011658,FATHER_OF,1,FR-01128eeba4497577
HP-00011663,HP-00011662,FATHER_OF,1,FR-e31bbef5eac91d87
HP-00011667,HP-00011666,FATHER_OF,1,FR-295db0446d390b48
HP-00011671,HP-00011670,FATHER_OF,1,FR-656002dd31276f2f
HP-00011677,HP-00011676,FATHER_OF,1,FR-e9d87dafb78ff2ee
HP-00011681,HP-00011680,FATHER_OF,1,FR-8f5acccd8458d142
HP-00011685,HP-00011684,FATHER_OF,1,FR-d958283504103183
HP-00011689,HP-00011688,FATHER_OF,1,FR-2f30b270537b11cd
HP-00011701,HP-00011700,FATHER_OF,1,FR-51e9bf7c619494c9
HP-00011705,HP-00011704,FATHER_OF,1,FR-4986af7d3550ecf2
HP-00011721,HP-00011720,FATHER_OF,1,FR-d3b739edd907d4d3
HP-00011725,HP-00011724,FATHER_OF,1,FR-576f1e990b934cb2
HP-00011737,HP-00011736,FATHER_OF,1,FR-96135267f05f4398
HP-00011741,HP-00011740,FATHER_OF,1,FR-35615e15c39710c7
HP-00011745,HP-00011744,FATHER_OF,1,FR-a7c32c5646bbc438
HP-00011749,HP-00011748,FATHER_OF,1,FR-e965fc4bc3201716
HP-00011753,HP-00011752,FATHER_OF,1,FR-77f7f77dc8230ab5
HP-00011757,HP-00011756,FATHER_OF,1,FR-4fd2ae02d9ae0470
HP-00011761,HP-00011760,FATHER_OF,1,FR-ef69ee4006f2f2ba
HP-00010943,HP-00011768,FATHER_OF,1,FR-ef87b2d6703cdfdd
HP-00011773,HP-00011772,FATHER_OF,1,FR-a546e1995c4ff802
HP-00011777,HP-00011776,FATHER_OF,1,FR-e6bdc00d2cfdae95
HP-00011781,HP-00011780,FATHER_OF,1,FR-da83c339fd7606c0
HP-00011789,HP-00011788,FATHER_OF,1,FR-460ee1c0c3006af8
HP-00011793,HP-00011792,FATHER_OF,1,FR-8108715df933460c
HP-00011801,HP-00011800,FATHER_OF,1,FR-b95536b25b001d45
HP-00011804,HP-00011803,FATHER_OF,1,FR-ef0477f269754c32
HP-00011808,HP-00011807,FATHER_OF,1,FR-1fca2a49e8b57f3b
HP-00011812,HP-00011811,FATHER_OF,1,FR-0c0a18d106003e08
HP-00011820,HP-00011819,FATHER_OF,1,FR-0a226144748383d1
HP-00011832,HP-00011831,FATHER_OF,1,FR-d5948e3269cb4f54
HP-00011836,HP-00011835,FATHER_OF,1,FR-155b91278caae272
HP-00011852,HP-00011851,FATHER_OF,1,FR-f5531c6ef38b4167
HP-00011856,HP-00011855,FATHER_OF,1,FR-f740998fd7ae06b8
HP-00011860,HP-00011859,FATHER_OF,1,FR-5bab350e7bf8b915
HP-00011864,HP-00011863,FATHER_OF,1,FR-bf3e46e2ad84d005
HP-00011868,HP-00011867,FATHER_OF,1,FR-578ed05d481c896e
HP-00011872,HP-00011871,FATHER_OF,1,FR-d0c3c15d2f1ed00d
HP-00011880,HP-00011879,FATHER_OF,1,FR-dfea0c1fee80a3aa
HP-00011883,HP-00011882,FATHER_OF,1,FR-1ce7312457c8c2bf
HP-00011887,HP-00011886,FATHER_OF,1,FR-97b3526e4c2d43d3
HP-00011891,HP-00011890,FATHER_OF,1,FR-9cd88c0e3f900f4a
HP-00011894,HP-00011893,FATHER_OF,1,FR-c1a54b04e4c6dc84
HP-00011906,HP-00011905,FATHER_OF,1,FR-6d85356132928aec
HP-00011910,HP-00011909,FATHER_OF,1,FR-bcc47b8eb76431d5
HP-00011914,HP-00011913,FATHER_OF,1,FR-798ebaab97379485
HP-00011918,HP-00011917,FATHER_OF,1,FR-0193cf6b11e817d5
HP-00011922,HP-00011921,FATHER_OF,1,FR-296ebce003a6a281
HP-00011926,HP-00011925,FATHER_OF,1,FR-fd7254d77c0f6f52
HP-00011930,HP-00011929,FATHER_OF,1,FR-98533164f9bcca99
HP-00011937,HP-00011936,FATHER_OF,1,FR-c33336f62f509f0f
HP-00011949,HP-00011948,FATHER_OF,1,FR-1379c3315f3c0c54
HP-00011953,HP-00011952,FATHER_OF,1,FR-b9066858a8f32877
HP-00011957,HP-00011956,FATHER_OF,1,FR-77cf4a5d1370d3d8
HP-00011961,HP-00011960,FATHER_OF,1,FR-c6823606a4d47888
HP-00011965,HP-00011964,FATHER_OF,1,FR-c2ee2b95bc56bb82
HP-00011973,HP-00011972,FATHER_OF,1,FR-e43a81c9613b7aca
HP-00011977,HP-00011976,FATHER_OF,1,FR-ab36e92c3a8674ec
HP-00011981,HP-00011980,FATHER_OF,1,FR-3606f27df81bc45c
HP-00011985,HP-00011984,FATHER_OF,1,FR-ea7da436fed61ab9
HP-00011989,HP-00011988,FATHER_OF,1,FR-4672727ccf08aa04
HP-00011993,HP-00011992,FATHER_OF,1,FR-c0e2e42d0ec4a2d5
HP-00011997,HP-00011996,FATHER_OF,1,FR-e2b404e4bdf7daa6
HP-00012001,HP-00012000,FATHER_OF,1,FR-bc37494777be8578
HP-00012005,HP-00012004,FATHER_OF,1,FR-d2b1be43dc23f654
HP-00012013,HP-00012012,FATHER_OF,1,FR-edd06b92482593e2
HP-00010648,HP-00012016,FATHER_OF,1,FR-e296adca1fa9b186
HP-00012025,HP-00012024,FATHER_OF,1,FR-7d0013b9615c7e4c
HP-00012029,HP-00012028,FATHER_OF,1,FR-238317607e801934
HP-00012033,HP-00012032,FATHER_OF,1,FR-0c7b62427810648f
HP-00012037,HP-00012036,FATHER_OF,1,FR-53442f7a9a46f7f5
HP-00012041,HP-00012040,FATHER_OF,1,FR-d886974f02ccca64
HP-00012049,HP-00012048,FATHER_OF,1,FR-d394dc8c6b4d19ab
HP-00012053,HP-00012052,FATHER_OF,1,FR-772caef1e6b2d171
HP-00012061,HP-00012060,FATHER_OF,1,FR-6d97988a7d9e883e
HP-00012065,HP-00012064,FATHER_OF,1,FR-b3a0866d00609744
HP-00012069,HP-00012068,FATHER_OF,1,FR-5f5b8ff20755af72
HP-00012081,HP-00012080,FATHER_OF,1,FR-785f95c20dc6aa81
HP-00012085,HP-00012084,FATHER_OF,1,FR-a130a569c562492c
HP-00012089,HP-00012088,FATHER_OF,1,FR-077f85544f9e7e74
HP-00012101,HP-00012100,FATHER_OF,1,FR-360c0cc2ff36f48a
HP-00012105,HP-00012104,FATHER_OF,1,FR-3a177fb0cab9ae46
HP-00012117,HP-00012116,FATHER_OF,1,FR-b5c1293c46bf2505
HP-00012121,HP-00012120,FATHER_OF,1,FR-e219f85cf2f86193
HP-00012125,HP-00012124,FATHER_OF,1,FR-04e4346bc4ab499f
HP-00012129,HP-00012128,FATHER_OF,1,FR-6c6b015ff9d50867
HP-00012133,HP-00012132,FATHER_OF,1,FR-02aca912ea6f3dac
HP-00012137,HP-00012136,FATHER_OF,1,FR-41b2230373bafdb6
HP-00012140,HP-00012139,FATHER_OF,1,FR-2069ebf5e20d39ad
HP-00012144,HP-00012143,FATHER_OF,1,FR-1186064aa64bc4a6
HP-00012148,HP-00012147,FATHER_OF,1,FR-155cc21e580af5b5
HP-00012152,HP-00012151,FATHER_OF,1,FR-920656eac7d3f281
HP-00012156,HP-00012155,FATHER_OF,1,FR-448f4f4a6644f00a
HP-00012168,HP-00012167,FATHER_OF,1,FR-940971694913c875
HP-00012176,HP-00012175,FATHER_OF,1,FR-ff06b68ed3f54132
HP-00012180,HP-00012179,FATHER_OF,1,FR-523fbefe0f4b2ac2
HP-00012184,HP-00012183,FATHER_OF,1,FR-a23b2c8f5e874504
HP-00012188,HP-00012187,FATHER_OF,1,FR-b9ca643ebd8dec02
HP-00012192,HP-00012191,FATHER_OF,1,FR-96b55ca8b7ed349e
HP-00012200,HP-00012199,FATHER_OF,2,FR-62de218e271b57a0
HP-00012204,HP-00012203,FATHER_OF,1,FR-ca19be2853e88331
HP-00012208,HP-00012207,FATHER_OF,1,FR-e4272e32b5239bbd
HP-00012212,HP-00012211,FATHER_OF,1,FR-83c1795381927141
HP-00012220,HP-00012219,FATHER_OF,1,FR-91b4a12ff1684a74
HP-00012224,HP-00012223,FATHER_OF,1,FR-59aa211240de830a
HP-00012232,HP-00012231,FATHER_OF,1,FR-f502afc038f40778
HP-00012236,HP-00012235,FATHER_OF,1,FR-4eb1e9ce4e4d1c8d
HP-00012256,HP-00012255,FATHER_OF,1,FR-ba73496a1d1ad8da
HP-00012260,HP-00012259,FATHER_OF,1,FR-76183e7e55b27e93
HP-00012264,HP-00012263,FATHER_OF,1,FR-03d97cbf854e5957
HP-00012272,HP-00012271,FATHER_OF,1,FR-a13eea6cb29c020e
HP-00012288,HP-00012287,FATHER_OF,1,FR-2a9217f4409fb955
HP-00012292,HP-00012291,FATHER_OF,1,FR-e87216d6b61707b6
HP-00012300,HP-00012299,FATHER_OF,1,FR-ad86e0b3c4b7010a
HP-00011035,HP-00012303,FATHER_OF,1,FR-322f8f1c590e5a07
HP-00012312,HP-00012311,FATHER_OF,1,FR-43523abd81a5a650
HP-00012316,HP-00012315,FATHER_OF,1,FR-8d5cc86c041d72d5
HP-00012344,HP-00012343,FATHER_OF,1,FR-0fd8a6f1b8ba8c30
HP-00012348,HP-00012347,FATHER_OF,1,FR-9f6e0a7f8bbf1256
HP-00012352,HP-00012351,FATHER_OF,1,FR-a8c46cf029a5b27e
HP-00012356,HP-00012355,FATHER_OF,1,FR-4c0f1d2e998e4f14
HP-00012360,HP-00012359,FATHER_OF,1,FR-1f4a81638673be17
HP-00012368,HP-00012367,FATHER_OF,1,FR-72fb88c7bf255b89
HP-00012380,HP-00012379,FATHER_OF,1,FR-f0c6bb13bca3e293
HP-00012392,HP-00012391,FATHER_OF,1,FR-cd6c38778c6b5617
HP-00012396,HP-00012395,FATHER_OF,1,FR-8403bdad49f1a0b4
HP-00011852,HP-00012407,FATHER_OF,1,FR-c581a82019895e6c
HP-00012420,HP-00012419,FATHER_OF,1,FR-bf0c9e3ce9cd0b29
HP-00012424,HP-00012423,FATHER_OF,1,FR-25be3f3f741f0920
HP-00012428,HP-00012427,FATHER_OF,1,FR-41cdc507b5d3f6f0
HP-00012432,HP-00012431,FATHER_OF,1,FR-901d183682816f84
HP-00012436,HP-00012435,FATHER_OF,2,FR-4c290c8c42c7fd30
HP-00012444,HP-00012443,FATHER_OF,1,FR-c0d86cb80b6e1d8d
HP-00012448,HP-00012447,FATHER_OF,1,FR-1dd5bbad7d32885a
HP-00010760,HP-00012455,FATHER_OF,1,FR-25d7453d29ffcae1
HP-00012464,HP-00012463,FATHER_OF,1,FR-b44a4320bbca2646
HP-00012476,HP-00012475,FATHER_OF,1,FR-bc150281616ea76f
HP-00012480,HP-00012479,FATHER_OF,1,FR-b4ca195847d20fdc
HP-00012488,HP-00012487,FATHER_OF,1,FR-1064de6b4fe39d0b
HP-00012499,HP-00012498,FATHER_OF,1,FR-83d6cba278d693c9
HP-00012507,HP-00012506,FATHER_OF,1,FR-9710d1c9e1938c95
HP-00012511,HP-00012510,FATHER_OF,1,FR-a1b45d2e5752e4f7
HP-00012515,HP-00012514,FATHER_OF,1,FR-1f416f8186a542a6
HP-00012519,HP-00012518,FATHER_OF,1,FR-33d8cee937f1b6f1
HP-00010668,HP-00012522,FATHER_OF,1,FR-752dd19682b3a7e4
HP-00012531,HP-00012530,FATHER_OF,1,FR-a56a22f333bd5e0c
HP-00012539,HP-00012538,FATHER_OF,1,FR-e098728d42d053e1
HP-00012555,HP-00012554,FATHER_OF,1,FR-ae709a7012e3fda0
HP-00012559,HP-00012558,FATHER_OF,1,FR-ae684003c998dbe5
HP-00012563,HP-00012562,FATHER_OF,1,FR-55157f9d632805e0
HP-00012571,HP-00012570,FATHER_OF,1,FR-307aabc0219da986
HP-00012575,HP-00012574,FATHER_OF,1,FR-dc38231a95f61fec
HP-00012579,HP-00012578,FATHER_OF,1,FR-2e3a0a7100fd57e3
HP-00012583,HP-00012582,FATHER_OF,1,FR-6957faed2288a9b2
HP-00012587,HP-00012586,FATHER_OF,1,FR-2cc6eef00f69fb83
HP-00012591,HP-00012590,FATHER_OF,1,FR-8f35cfd49ae65cac
HP-00012603,HP-00012602,FATHER_OF,1,FR-72ecfa4bc6eb2b63
HP-00012615,HP-00012614,FATHER_OF,1,FR-65f99a6004ceb87f
HP-00012627,HP-00012626,FATHER_OF,1,FR-369d62c308ed596f
HP-00012638,HP-00012637,FATHER_OF,1,FR-57760a64519fca8d
HP-00012642,HP-00012641,FATHER_OF,1,FR-77debbfd87e15b49
HP-00012662,HP-00012661,FATHER_OF,1,FR-a947fb8d2b15d131
HP-00012666,HP-00012665,FATHER_OF,1,FR-0dcddbbfabfd6369
HP-00012678,HP-00012677,FATHER_OF,1,FR-31875a11ff3037ef
HP-00012698,HP-00012697,FATHER_OF,1,FR-3185c6f9417eee3f
HP-00012710,HP-00012709,FATHER_OF,1,FR-d8fa34aad07a20f7
HP-00012714,HP-00012713,FATHER_OF,2,FR-59bb45d0e89ed03a
HP-00012726,HP-00012725,FATHER_OF,1,FR-34331ecaa9c1e1f2
HP-00012734,HP-00012733,FATHER_OF,1,FR-649c45469a8b3840
HP-00012746,HP-00012745,FATHER_OF,1,FR-c6138a857c558433
HP-00012750,HP-00012749,FATHER_OF,1,FR-ac29a65b03b8ed42
HP-00012754,HP-00012753,FATHER_OF,1,FR-cb7254c5becf4e6f
HP-00012758,HP-00012757,FATHER_OF,1,FR-9b696684d21a8b95
HP-00012762,HP-00012761,FATHER_OF,1,FR-0679d780f6c083eb
HP-00012766,HP-00012765,FATHER_OF,1,FR-d023804e94a681bf
HP-00012770,HP-00012769,FATHER_OF,1,FR-f97325d9e422d6dd
HP-00012778,HP-00012777,FATHER_OF,1,FR-aae2eddbb7937301
HP-00012786,HP-00012785,FATHER_OF,1,FR-a2f9df75f664a458
HP-00012794,HP-00012793,FATHER_OF,2,FR-2f59b4f96ddf9090
HP-00012802,HP-00012801,FATHER_OF,1,FR-aa25f64ba2bd919e
HP-00012806,HP-00012805,FATHER_OF,1,FR-defff3a1814eb471
HP-00012810,HP-00012809,FATHER_OF,2,FR-852610d50ecefeba
HP-00012814,HP-00012813,FATHER_OF,1,FR-9b1e359ff07bbf9d
HP-00012818,HP-00012817,FATHER_OF,1,FR-a3b0e204b9e69e51
HP-00012826,HP-00012825,FATHER_OF,1,FR-3376231c78e22686
HP-00012830,HP-00012829,FATHER_OF,1,FR-9debcd1754deb6fc
HP-00012838,HP-00012837,FATHER_OF,2,FR-ee33dd471b5bd726
HP-00012854,HP-00012853,FATHER_OF,1,FR-2aa63887b0d1db0f
HP-00010493,HP-00012861,FATHER_OF,1,FR-b006d0b9c697212b
HP-00012878,HP-00012877,FATHER_OF,1,FR-ccf68ccf4ca93433
HP-00012886,HP-00012885,FATHER_OF,1,FR-5ea2564de23a5f8e
HP-00012894,HP-00012893,FATHER_OF,1,FR-9d5b2bf397d8cfe6
HP-00012902,HP-00012901,FATHER_OF,1,FR-dc7f8d0c7bacb41c
HP-00012910,HP-00012909,FATHER_OF,1,FR-b5f9b9979cade4c0
HP-00012918,HP-00012917,FATHER_OF,1,FR-6a02e61358662209
HP-00012926,HP-00012925,FATHER_OF,1,FR-7356cc5f0726a938
HP-00012929,HP-00012928,FATHER_OF,1,FR-ea8134ffa0e2edf1
HP-00012937,HP-00012936,FATHER_OF,1,FR-71c578d835123ebe
HP-00012941,HP-00012940,FATHER_OF,1,FR-745ef32d928f52c0
HP-00012949,HP-00012948,FATHER_OF,1,FR-53e0928c111ee3a2
HP-00012957,HP-00012956,FATHER_OF,1,FR-ad5575bdb9eeb545
HP-00012965,HP-00012964,FATHER_OF,1,FR-a01bc3ebfac63994
HP-00012969,HP-00012968,FATHER_OF,1,FR-27c1ad06dfef2e1d
HP-00012973,HP-00012972,FATHER_OF,1,FR-a7a51d16863d3b6d
HP-00012977,HP-00012976,FATHER_OF,1,FR-794d065e54c6467e
HP-00013001,HP-00013000,FATHER_OF,1,FR-d562292c3987fe74
HP-00013005,HP-00013004,FATHER_OF,1,FR-481f15a88e21a4f5
HP-00013017,HP-00013016,FATHER_OF,1,FR-c1340fab487b2330
HP-00013021,HP-00013020,FATHER_OF,1,FR-5a70d0539d80cedd
HP-00013029,HP-00013028,FATHER_OF,1,FR-744140318c54811a
HP-00012069,HP-00013032,FATHER_OF,1,FR-d6ed9cd67f8fa34f
HP-00013037,HP-00013036,FATHER_OF,1,FR-2478535fe4ce41d7
HP-00013041,HP-00013040,FATHER_OF,1,FR-b1bd57114cc3dd00
HP-00013045,HP-00013044,FATHER_OF,1,FR-65aa22a20c5fad3f
HP-00013053,HP-00013052,FATHER_OF,1,FR-000794b4ab86bc34
HP-00013057,HP-00013056,FATHER_OF,1,FR-50adc6998f6e4117
HP-00013073,HP-00013072,FATHER_OF,1,FR-b953f3adfb8b4409
HP-00013093,HP-00013092,FATHER_OF,1,FR-743c48708abd07e5
HP-00013101,HP-00013100,FATHER_OF,1,FR-2514e4bc37715055
HP-00013105,HP-00013104,FATHER_OF,1,FR-25aff7749aeb7892
HP-00013113,HP-00013112,FATHER_OF,1,FR-e06d21699601f078
HP-00013117,HP-00013116,FATHER_OF,1,FR-43f71c7a7eeeef7a
HP-00013128,HP-00013127,FATHER_OF,1,FR-cd91860723009d6e
HP-00013132,HP-00013131,FATHER_OF,1,FR-956bc98886685187
HP-00013140,HP-00013139,FATHER_OF,1,FR-9c34dc210da4a7e0
HP-00013148,HP-00013147,FATHER_OF,1,FR-ea28752f660fcd5f
HP-00013156,HP-00013155,FATHER_OF,1,FR-c3e2e4630126a34b
HP-00011035,HP-00013167,FATHER_OF,1,FR-f0d408240a6b62ff
HP-00013179,HP-00013178,FATHER_OF,1,FR-90e73d0ef112f944
HP-00013191,HP-00013190,FATHER_OF,1,FR-abfed81529f2ea92
HP-00013199,HP-00013198,FATHER_OF,1,FR-da61699788e0e03b
HP-00013203,HP-00013202,FATHER_OF,1,FR-35c5a323c052f1fa
HP-00013219,HP-00013218,FATHER_OF,1,FR-f7405b8d23b15c15
HP-00013223,HP-00013222,FATHER_OF,2,FR-91eaff157fc9d93a
HP-00013227,HP-00013226,FATHER_OF,1,FR-b0cc70565ed588e2
HP-00013231,HP-00013230,FATHER_OF,1,FR-c495a3c4d0373cde
HP-00013243,HP-00013242,FATHER_OF,1,FR-530eb5d4580db433
HP-00013251,HP-00013250,FATHER_OF,1,FR-66a125387d7d3d80
HP-00013255,HP-00013254,FATHER_OF,2,FR-c5c16bf589d949b7
HP-00013263,HP-00013262,FATHER_OF,1,FR-84b41c38130f75ac
HP-00013267,HP-00013266,FATHER_OF,1,FR-af73a5b6c13e7e22
HP-00013275,HP-00013274,FATHER_OF,1,FR-8428abe8a8a5c6e8
HP-00013279,HP-00013278,FATHER_OF,1,FR-7c06d6b167cf0da2
HP-00013283,HP-00013282,FATHER_OF,1,FR-1d6bc03009e10b48
HP-00013287,HP-00013286,FATHER_OF,1,FR-307bc95921b8bcb1
HP-00013299,HP-00013298,FATHER_OF,1,FR-5b6f0bb5a5795cae
HP-00013303,HP-00013302,FATHER_OF,1,FR-ea2ba9c939770aa4
HP-00013311,HP-00013310,FATHER_OF,1,FR-830e154ea31cfb7a
HP-00013323,HP-00013322,FATHER_OF,1,FR-14ac493bf4e219b6
HP-00013327,HP-00013326,FATHER_OF,1,FR-76abd09dc8aab6a0
HP-00013331,HP-00013330,FATHER_OF,1,FR-41be95e32b2f2cd6
HP-00013335,HP-00013334,FATHER_OF,1,FR-8565746472dfac21
HP-00013339,HP-00013338,FATHER_OF,1,FR-b019742b9ea4bdeb
HP-00013343,HP-00013342,FATHER_OF,1,FR-8575e2154cd3358f
HP-00011261,HP-00013350,FATHER_OF,1,FR-3821e5f5cc4528a5
HP-00013355,HP-00013354,FATHER_OF,1,FR-309a1461eb760d5c
HP-00013359,HP-00013358,FATHER_OF,1,FR-bc5d397db7e5a48e
HP-00013363,HP-00013362,FATHER_OF,1,FR-0897694fb3553ef0
HP-00013375,HP-00013374,FATHER_OF,1,FR-f1afa6a0c84536b1
HP-00013383,HP-00013382,FATHER_OF,1,FR-084ca2b8917212fc
HP-00013391,HP-00013390,FATHER_OF,1,FR-af289fac0d977697
HP-00013395,HP-00013394,FATHER_OF,1,FR-bf22cb7650fe9abc
HP-00013411,HP-00013410,FATHER_OF,1,FR-c32fe0ce40378ce1
HP-00013415,HP-00013414,FATHER_OF,1,FR-3adf948105504638
HP-00013419,HP-00013418,FATHER_OF,1,FR-fcb87a2fa1e3061a
HP-00013427,HP-00013426,FATHER_OF,1,FR-865b995227c2392f
HP-00013435,HP-00013434,FATHER_OF,1,FR-60f078a091ce7dc6
HP-00013439,HP-00013438,FATHER_OF,1,FR-5aafa8abf5f7283c
HP-00012531,HP-00013442,FATHER_OF,1,FR-adcb874767b22524
HP-00013447,HP-00013446,FATHER_OF,1,FR-c8b48b53d9bcffa2
HP-00013451,HP-00013450,FATHER_OF,1,FR-f95a40cd73aadb06
HP-00013463,HP-00013462,FATHER_OF,1,FR-c1935d82348112ec
HP-00013471,HP-00013470,FATHER_OF,1,FR-c715a42203851d73
HP-00013475,HP-00013474,FATHER_OF,1,FR-067d30bc05291764
HP-00013487,HP-00013486,FATHER_OF,1,FR-8a1f886171957bb9
HP-00013491,HP-00013490,FATHER_OF,1,FR-6ff3958271a9a148
HP-00012802,HP-00013494,FATHER_OF,1,FR-568fe8374d886967
HP-00013499,HP-00013498,FATHER_OF,1,FR-bc2a6f145ddead07
HP-00013503,HP-00013502,FATHER_OF,1,FR-38edeebffd52e697
HP-00013507,HP-00013506,FATHER_OF,1,FR-af149a8304a1bb7f
HP-00013511,HP-00013510,FATHER_OF,1,FR-8bd818e8113db32b
HP-00013523,HP-00013522,FATHER_OF,1,FR-4b686348bbcc5507
HP-00013527,HP-00013526,FATHER_OF,1,FR-41bab5bce72fe0c3
HP-00013531,HP-00013530,FATHER_OF,1,FR-66489a75cca3c653
HP-00013539,HP-00013538,FATHER_OF,1,FR-71c5fe987b8e96e7
HP-00013543,HP-00013542,FATHER_OF,1,FR-1bbb37b503e76eb5
HP-00013547,HP-00013546,FATHER_OF,1,FR-e1168747dd268db2
HP-00013551,HP-00013550,FATHER_OF,1,FR-2e21c64e6471d205
HP-00013555,HP-00013554,FATHER_OF,1,FR-663ba70cace1c86a
HP-00013563,HP-00013562,FATHER_OF,1,FR-c85a94a89b4465b3
HP-00013567,HP-00013566,FATHER_OF,1,FR-5b6fdb29ced35e08
HP-00013583,HP-00013582,FATHER_OF,2,FR-109f831cb3e5d36c
HP-00013591,HP-00013590,FATHER_OF,1,FR-a55f937d4494ca16
HP-00013599,HP-00013598,FATHER_OF,1,FR-742709220fa1b776
HP-00013611,HP-00013610,FATHER_OF,1,FR-e08168b1d0af58e7
HP-00013615,HP-00013614,FATHER_OF,1,FR-c486f78dd45abc53
HP-00013623,HP-00013622,FATHER_OF,1,FR-cc0594c88c0683d8
HP-00013631,HP-00013630,FATHER_OF,1,FR-614a2230bb954b14
HP-00013635,HP-00013634,FATHER_OF,1,FR-aea4db63b8cab3b9
HP-00012754,HP-00013646,FATHER_OF,1,FR-1ca05d3a08ccc2be
HP-00013655,HP-00013654,FATHER_OF,1,FR-094a61925266aa94
HP-00013659,HP-00013658,FATHER_OF,1,FR-b35b685be7238d3a
HP-00013667,HP-00013666,FATHER_OF,1,FR-7fc4c556318d5c38
HP-00013675,HP-00013674,FATHER_OF,1,FR-e22d005f4b2d2f7b
HP-00013683,HP-00013682,FATHER_OF,1,FR-5a3e48d51c1a4246
HP-00013691,HP-00013690,FATHER_OF,1,FR-5d06499fd87a7319
HP-00013699,HP-00013698,FATHER_OF,1,FR-0b323e9e026ec937
HP-00013719,HP-00013718,FATHER_OF,1,FR-5e8414d3206e71ff
HP-00010434,HP-00013722,FATHER_OF,1,FR-ebe2226efe5f1eae
HP-00013727,HP-00013726,FATHER_OF,1,FR-f5160e6a14378215
HP-00013739,HP-00013738,FATHER_OF,1,FR-f55387bc22c78c74
HP-00013743,HP-00013742,FATHER_OF,1,FR-b3cf20f14c924238
HP-00013747,HP-00013746,FATHER_OF,1,FR-ef5e55714564f695
HP-00013747,HP-00013750,FATHER_OF,1,FR-20944e7a781f820f
HP-00013759,HP-00013758,FATHER_OF,1,FR-039b7b35ad536719
HP-00013767,HP-00013766,FATHER_OF,1,FR-823eabe61970c737
HP-00013771,HP-00013770,FATHER_OF,1,FR-8f0f26f5fd91a5fe
HP-00013775,HP-00013774,FATHER_OF,1,FR-2cd4d4a5570899ba
HP-00013779,HP-00013778,FATHER_OF,1,FR-fc10001a45d3947e
HP-00013783,HP-00013782,FATHER_OF,1,FR-e909cd3127fe46e8
HP-00013787,HP-00013786,FATHER_OF,1,FR-0dcfdad39dd766f6
HP-00013795,HP-00013794,FATHER_OF,1,FR-bc8da8afa3934dc1
HP-00013803,HP-00013802,FATHER_OF,1,FR-4f95e578b3c7d04f
HP-00013815,HP-00013814,FATHER_OF,1,FR-c7afa64887e94b65
HP-00013827,HP-00013826,FATHER_OF,1,FR-d00640e52a64773e
HP-00010860,HP-00013830,FATHER_OF,1,FR-0fee068467a0eded
HP-00013839,HP-00013838,FATHER_OF,1,FR-3d13e7cdc4ab9da8
HP-00013843,HP-00013842,FATHER_OF,1,FR-ccd9de4130cf31ba
HP-00013855,HP-00013854,FATHER_OF,1,FR-304be5cde1d467a1
HP-00013859,HP-00013858,FATHER_OF,1,FR-1424bdb186994757
HP-00013863,HP-00013862,FATHER_OF,1,FR-f0fb3971ac915bae
HP-00013871,HP-00013870,FATHER_OF,1,FR-79619af9dfc398c9
HP-00013875,HP-00013874,FATHER_OF,1,FR-4ee9dd16ae618e0c
HP-00010585,HP-00013882,FATHER_OF,1,FR-3527704197afe7ec
HP-00013887,HP-00013886,FATHER_OF,1,FR-aed1389034a021ee
HP-00013891,HP-00013890,FATHER_OF,1,FR-39129a3422f4cdeb
HP-00013899,HP-00013898,FATHER_OF,1,FR-f9eb378e4c39e271
HP-00011277,HP-00013906,FATHER_OF,1,FR-831f2dd1b19d6298
HP-00013911,HP-00013910,FATHER_OF,1,FR-c4f8d41844e1d998
HP-00010760,HP-00013918,FATHER_OF,1,FR-37442a2878de4c84
HP-00013931,HP-00013930,FATHER_OF,1,FR-2c1452038dee93e3
HP-00013935,HP-00013934,FATHER_OF,1,FR-3f6658bf3d6d7bb1
HP-00013939,HP-00013938,FATHER_OF,1,FR-78e6d64200343df4
HP-00013943,HP-00013942,FATHER_OF,1,FR-9453d71f02d2c9ac
HP-00013947,HP-00013946,FATHER_OF,1,FR-3562775dac269591
HP-00013955,HP-00013954,FATHER_OF,1,FR-7e07ed2d2b566972
HP-00013963,HP-00013962,FATHER_OF,1,FR-3057aad52dd4fb04
HP-00013975,HP-00013974,FATHER_OF,1,FR-8ed66b9581cebe9c
HP-00013979,HP-00013978,FATHER_OF,1,FR-ca4fe3827866a517
HP-00013987,HP-00013986,FATHER_OF,1,FR-2dfd6f0b84fba899
HP-00013991,HP-00013990,FATHER_OF,1,FR-01d87e296e77abd0
HP-00013995,HP-00013994,FATHER_OF,1,FR-12a4e7c159b18344
HP-00014003,HP-00014002,FATHER_OF,1,FR-ee31ac10f08e8c7a
HP-00014011,HP-00014010,FATHER_OF,1,FR-4e0a724a40f7fe64
HP-00014015,HP-00014014,FATHER_OF,1,FR-84abb22ca3a164e6
HP-00014027,HP-00014026,FATHER_OF,1,FR-7ff98ddd85ca7997
HP-00014031,HP-00014030,FATHER_OF,1,FR-cb4ec566ac6abac1
HP-00014035,HP-00014034,FATHER_OF,1,FR-3d65e4b41f197618
HP-00014039,HP-00014038,FATHER_OF,1,FR-ce8f435fcbb4e619
HP-00014047,HP-00014046,FATHER_OF,1,FR-962a0404fac03214
HP-00014055,HP-00014054,FATHER_OF,1,FR-e842e6a0d4fa3c5d
HP-00014059,HP-00014058,FATHER_OF,1,FR-31419f76a60c3432
HP-00014063,HP-00014062,FATHER_OF,1,FR-565828133aaa06e0
HP-00014071,HP-00014070,FATHER_OF,2,FR-18a6cdf347ea4655
HP-00014083,HP-00014082,FATHER_OF,1,FR-4c6cdc9fecdb18fd
HP-00014087,HP-00014086,FATHER_OF,1,FR-6f285b7ab0d7626a
HP-00014099,HP-00014098,FATHER_OF,1,FR-dcb77b61275469a5
HP-00014111,HP-00014110,FATHER_OF,1,FR-78fb2c6e4a33f06d
HP-00014123,HP-00014122,FATHER_OF,1,FR-8a948f8668e6287e
HP-00014131,HP-00014130,FATHER_OF,1,FR-2fa0f8f3d1247721
HP-00012260,HP-00014138,FATHER_OF,1,FR-fdb986618896089a
HP-00014143,HP-00014142,FATHER_OF,1,FR-c578d40ec08833ac
HP-00014147,HP-00014146,FATHER_OF,1,FR-041e5c6437074ecb
HP-00014159,HP-00014158,FATHER_OF,1,FR-9a81544608b123cb
HP-00014163,HP-00014162,FATHER_OF,1,FR-d2b0cba524d2fab3
HP-00014175,HP-00014174,FATHER_OF,1,FR-fb8b1889694e17c6
HP-00014191,HP-00014190,FATHER_OF,1,FR-da2904a3cf90f6d6
HP-00014203,HP-00014202,FATHER_OF,1,FR-a3679610e9acdf59
HP-00014207,HP-00014206,FATHER_OF,1,FR-5632309a1712f530
HP-00014211,HP-00014210,FATHER_OF,1,FR-eb17938e9d936c4b
HP-00014215,HP-00014214,FATHER_OF,1,FR-a7d94e39c60afb1d
HP-00014223,HP-00014222,FATHER_OF,1,FR-0ff4d17b94d52872
HP-00010740,HP-00014234,FATHER_OF,1,FR-bc09202a04b4b069
HP-00014255,HP-00014254,FATHER_OF,1,FR-a9b744b2870bf1ac
HP-00014259,HP-00014258,FATHER_OF,1,FR-0422a4eaeda3b4a6
HP-00014267,HP-00014266,FATHER_OF,1,FR-f90e2df97f17aefd
HP-00014271,HP-00014270,FATHER_OF,1,FR-3c4f0fd35f66dff7
HP-00014275,HP-00014274,FATHER_OF,1,FR-b3ba2fbaed25bd3f
HP-00012957,HP-00014278,FATHER_OF,1,FR-17e94c8b87379473
HP-00012627,HP-00014282,FATHER_OF,1,FR-63c4d4666bf6960e
HP-00014287,HP-00014286,FATHER_OF,1,FR-02b384a8418b51fe
HP-00014291,HP-00014290,FATHER_OF,1,FR-5d1530f09de95c98
HP-00014295,HP-00014294,FATHER_OF,1,FR-90d4581f7dcb477f
HP-00014311,HP-00014310,FATHER_OF,1,FR-1b6afcba27b908c8
HP-00014315,HP-00014314,FATHER_OF,1,FR-5580e78eb62c11c3
HP-00014319,HP-00014318,FATHER_OF,1,FR-7f45c7364f1db171
HP-00014331,HP-00014330,FATHER_OF,1,FR-e266453f2e6bb6be
HP-00014339,HP-00014338,FATHER_OF,1,FR-90d0665b4b93bb65
HP-00014343,HP-00014342,FATHER_OF,1,FR-bc3c3b0d78aa9240
HP-00014351,HP-00014350,FATHER_OF,1,FR-9205e6d9413ca87e
HP-00014359,HP-00014358,FATHER_OF,1,FR-deb30a16061a27f0
HP-00014363,HP-00014362,FATHER_OF,1,FR-d7e26e9328f00159
HP-00014367,HP-00014366,FATHER_OF,1,FR-58029f489a8583dc
HP-00014375,HP-00014374,FATHER_OF,1,FR-426234ca956095ec
HP-00014379,HP-00014378,FATHER_OF,1,FR-3323b3e6e76a3144
HP-00014383,HP-00014382,FATHER_OF,1,FR-5fb10edee56c2b50
HP-00012786,HP-00014390,FATHER_OF,1,FR-a87efca504caacaf
HP-00014411,HP-00014410,FATHER_OF,1,FR-9d72ac1c8c1925e9
HP-00014415,HP-00014414,FATHER_OF,1,FR-b1eb12d5a007fd97
HP-00014423,HP-00014422,FATHER_OF,1,FR-43230a6ef325fed0
HP-00014443,HP-00014442,FATHER_OF,1,FR-7d734f24ac9ff88e
HP-00014451,HP-00014450,FATHER_OF,1,FR-5c13c505c6bf0f38
HP-00014459,HP-00014458,FATHER_OF,1,FR-cc79a221d34035c9
HP-00014471,HP-00014470,FATHER_OF,1,FR-03cab66e48d58037
HP-00014479,HP-00014478,FATHER_OF,1,FR-6758949ab9f54c07
HP-00014487,HP-00014486,FATHER_OF,1,FR-5c30e32ae807d311
HP-00012802,HP-00014498,FATHER_OF,1,FR-6f63e0ecd4c82aa8
HP-00014503,HP-00014502,FATHER_OF,1,FR-bb38f45d407aa0db
HP-00013759,HP-00014506,FATHER_OF,1,FR-7470f15e15e085ba
HP-00014519,HP-00014518,FATHER_OF,1,FR-ed3c6944c1bcdd50
HP-00014523,HP-00014522,FATHER_OF,1,FR-2a67b270195c49f0
HP-00014527,HP-00014526,FATHER_OF,1,FR-6c0ad4029e0ea8c2
HP-00014535,HP-00014534,FATHER_OF,1,FR-65d16af96f7ce271
HP-00014547,HP-00014546,FATHER_OF,1,FR-fea2d354f08728e7
HP-00014555,HP-00014554,FATHER_OF,1,FR-6b2f3511d3063bdc
HP-00014563,HP-00014562,FATHER_OF,1,FR-02d34921b683a872
HP-00014587,HP-00014586,FATHER_OF,1,FR-8acd0214ffa7096c
HP-00014595,HP-00014594,FATHER_OF,1,FR-63df37859f790e0e
HP-00014599,HP-00014598,FATHER_OF,1,FR-b3771b2fbce314d2
HP-00014607,HP-00014606,FATHER_OF,1,FR-4ca3fd11520e2b5b
HP-00014611,HP-00014610,FATHER_OF,1,FR-af7211ae65e16dec
HP-00014615,HP-00014614,FATHER_OF,1,FR-4b73a9df2a6ac667
HP-00012256,HP-00014618,FATHER_OF,1,FR-4d9e40896a8f582a
HP-00014627,HP-00014626,FATHER_OF,1,FR-b3e7f610afbac0aa
HP-00014631,HP-00014630,FATHER_OF,1,FR-7c89c924c064fa50
HP-00013599,HP-00014634,FATHER_OF,1,FR-b669421246f85d61
HP-00014659,HP-00014658,FATHER_OF,1,FR-bb394c04d4c35125
HP-00014663,HP-00014662,FATHER_OF,1,FR-ee4e77db7300374a
HP-00014667,HP-00014666,FATHER_OF,1,FR-7ebad8cfa32fda76
HP-00014671,HP-00014670,FATHER_OF,1,FR-724de9e6faf19b81
HP-00012005,HP-00014682,FATHER_OF,1,FR-0ffa3d4349e21097
HP-00014687,HP-00014686,FATHER_OF,1,FR-902ecd5515041a35
HP-00014203,HP-00014690,FATHER_OF,1,FR-b5a68b1e44f9808e
HP-00014699,HP-00014698,FATHER_OF,1,FR-915c862ba289cf58
HP-00014707,HP-00014706,FATHER_OF,1,FR-2314247b32484647
HP-00014711,HP-00014710,FATHER_OF,1,FR-7f50b313786ed40f
HP-00014715,HP-00014714,FATHER_OF,1,FR-632f2e8c86128666
HP-00014719,HP-00014718,FATHER_OF,1,FR-6abbf581818a6d73
HP-00014727,HP-00014726,FATHER_OF,1,FR-4eaaf0746fb792cc
HP-00013547,HP-00014738,FATHER_OF,1,FR-68bd4233904d8464
HP-00014743,HP-00014742,FATHER_OF,1,FR-651caec1d0e53b4a
HP-00014751,HP-00014750,FATHER_OF,1,FR-e5b4206aa7d2fc9a
HP-00013275,HP-00014754,FATHER_OF,1,FR-3497eec10f62e3b5
HP-00013203,HP-00014758,FATHER_OF,1,FR-48f027b81e08db5a
HP-00014763,HP-00014762,FATHER_OF,1,FR-c41ba6963028c9f5
HP-00014767,HP-00014766,FATHER_OF,1,FR-9b110b83a5c0ee24
HP-00014771,HP-00014770,FATHER_OF,1,FR-c7c3c8d732883ec2
HP-00014775,HP-00014774,FATHER_OF,1,FR-070030cd09404ad8
HP-00014779,HP-00014778,FATHER_OF,1,FR-e7c4b910de2869c2
HP-00014071,HP-00014790,FATHER_OF,1,FR-65598a9c0278f2f1
HP-00010943,HP-00014794,FATHER_OF,1,FR-26607b302b6cf38b
HP-00014799,HP-00014798,FATHER_OF,1,FR-c7ee678a1868c550
HP-00012786,HP-00014802,FATHER_OF,1,FR-90410246c7a96f32
HP-00014807,HP-00014806,FATHER_OF,1,FR-e94e22bd25e1b0df
HP-00014815,HP-00014814,FATHER_OF,1,FR-110decc0e4c02396
HP-00014819,HP-00014818,FATHER_OF,1,FR-a3bbfe083f77ee46
HP-00011007,HP-00014822,FATHER_OF,1,FR-5103d828a5948bbe
HP-00014827,HP-00014826,FATHER_OF,1,FR-2d77100f8d4433cd
HP-00014831,HP-00014830,FATHER_OF,1,FR-715c25e71af8ad62
HP-00013503,HP-00014842,FATHER_OF,1,FR-04b57b3c5dddc825
HP-00014847,HP-00014846,FATHER_OF,1,FR-89b82f337327853f
HP-00014855,HP-00014854,FATHER_OF,1,FR-c9fd794376b22e6d
HP-00014859,HP-00014858,FATHER_OF,1,FR-acc949d7dc4fc53d
HP-00014867,HP-00014866,FATHER_OF,1,FR-8282aa69207ecdb1
HP-00014875,HP-00014874,FATHER_OF,1,FR-17cee18361dc1422
HP-00014887,HP-00014886,FATHER_OF,1,FR-00b23eb9aec0d54c
HP-00014891,HP-00014890,FATHER_OF,1,FR-83f6bc2da815c23c
HP-00014895,HP-00014894,FATHER_OF,1,FR-b150c5d6194a5fd6
HP-00014899,HP-00014898,FATHER_OF,1,FR-9d046232a03a51a7
HP-00014903,HP-00014902,FATHER_OF,1,FR-a19e36e261cb3730
HP-00014907,HP-00014906,FATHER_OF,1,FR-2b726a0dde8db39f
HP-00013267,HP-00014914,FATHER_OF,1,FR-49625c530f685214
HP-00014919,HP-00014918,FATHER_OF,1,FR-6783fc19c78c6c21
HP-00014930,HP-00014929,FATHER_OF,1,FR-5e19240e4d2ea895
HP-00014942,HP-00014941,FATHER_OF,1,FR-aa359a4d8511cfe8
HP-00014957,HP-00014956,FATHER_OF,1,FR-db2d923c80c9ad2d
HP-00014965,HP-00014964,FATHER_OF,1,FR-2702a5c55a6e4deb
HP-00014969,HP-00014968,FATHER_OF,1,FR-36777c881358c03f
HP-00014977,HP-00014976,FATHER_OF,1,FR-10ed62ac0c0c19ca
HP-00014981,HP-00014980,FATHER_OF,1,FR-bacc50d5450357a7
HP-00014989,HP-00014988,FATHER_OF,1,FR-223a7059d0f6aa97
HP-00014993,HP-00014992,FATHER_OF,1,FR-e98065d70a175a5b
HP-00015001,HP-00015000,FATHER_OF,1,FR-0b4652c92260218f
HP-00015008,HP-00015007,FATHER_OF,1,FR-dc8700f61237f935
HP-00015012,HP-00015011,FATHER_OF,1,FR-d0a4f9093b67464b
HP-00015016,HP-00015015,FATHER_OF,1,FR-077dcb705d4dd1e1
HP-00015020,HP-00015019,FATHER_OF,1,FR-ee81c742fbbedf12
HP-00015024,HP-00015023,FATHER_OF,1,FR-0c0dc282b92f50b1
HP-00015032,HP-00015031,FATHER_OF,1,FR-3c62fcd3db7b0cec
HP-00015040,HP-00015039,FATHER_OF,1,FR-1b39f82102f37ecf
HP-00015044,HP-00015043,FATHER_OF,1,FR-bea616ee642123ac
HP-00015056,HP-00015055,FATHER_OF,1,FR-8c42b613cd366252
HP-00015068,HP-00015067,FATHER_OF,1,FR-aeb62cbb463a4c65
HP-00011162,HP-00015082,FATHER_OF,1,FR-676f1c1f9deab2a7
HP-00015087,HP-00015086,FATHER_OF,1,FR-055b196d66ce2be1
HP-00015103,HP-00015102,FATHER_OF,1,FR-655ac9a4b30c450a
HP-00011500,HP-00015110,FATHER_OF,1,FR-5937bc643cad7778
HP-00015115,HP-00015114,FATHER_OF,1,FR-3d999ae47392880d
HP-00015123,HP-00015122,FATHER_OF,1,FR-40266c45d337fd43
HP-00015131,HP-00015130,FATHER_OF,1,FR-5bd090403d67b62c
HP-00015135,HP-00015134,FATHER_OF,1,FR-aa72e6fc4bee583e
HP-00015143,HP-00015142,FATHER_OF,1,FR-58e32e3310895073
HP-00015147,HP-00015146,FATHER_OF,1,FR-7291a90ee7a758e4
HP-00015151,HP-00015150,FATHER_OF,1,FR-9f3411b20d04d2f6
HP-00015159,HP-00015158,FATHER_OF,1,FR-22049f9f139103f6
HP-00015163,HP-00015162,FATHER_OF,1,FR-2c08db6a6b4ea3e4
HP-00011003,HP-00015170,FATHER_OF,1,FR-89d06c79bfbd97c0
HP-00015175,HP-00015174,FATHER_OF,1,FR-3c7afe8a07773d27
HP-00015191,HP-00015190,FATHER_OF,1,FR-2efd360dbdcdd173
HP-00015199,HP-00015198,FATHER_OF,1,FR-2505e56e4eef4fad
HP-00015203,HP-00015202,FATHER_OF,1,FR-d0af537a751daa2d
HP-00015219,HP-00015218,FATHER_OF,1,FR-0afbba697a8a713a
HP-00015223,HP-00015222,FATHER_OF,1,FR-776ebd9d523c9823
HP-00015227,HP-00015226,FATHER_OF,1,FR-e6387b88f4266e33
HP-00015238,HP-00015237,FATHER_OF,1,FR-c8e59fbf47abacd5
HP-00015242,HP-00015241,FATHER_OF,1,FR-6866e8d977e78e2b
HP-00015254,HP-00015253,FATHER_OF,1,FR-5158003f6ef122fd
HP-00015258,HP-00015257,FATHER_OF,1,FR-1be24f149054869e
HP-00015262,HP-00015261,FATHER_OF,1,FR-1357c23a6362d43a
HP-00015274,HP-00015273,FATHER_OF,1,FR-c4b896871e3021e0
HP-00015278,HP-00015277,FATHER_OF,1,FR-11d72a9a992ef22b
HP-00015282,HP-00015281,FATHER_OF,1,FR-455a9d22e6d0f64a
HP-00010414,HP-00015285,FATHER_OF,1,FR-fcc852037ead973f
HP-00015290,HP-00015289,FATHER_OF,1,FR-5b444580a3e242bf
HP-00015294,HP-00015293,FATHER_OF,1,FR-d6129d638c45d770
HP-00015298,HP-00015297,FATHER_OF,1,FR-62b2d19d13b032f5
HP-00015302,HP-00015301,FATHER_OF,1,FR-bd7b443bc41388fb
HP-00015306,HP-00015305,FATHER_OF,1,FR-f28874b2326a3ff0
HP-00015310,HP-00015309,FATHER_OF,1,FR-9b9a4adf3ef02722
HP-00015322,HP-00015321,FATHER_OF,1,FR-f88f2a867b4dae7f
HP-00015326,HP-00015325,FATHER_OF,1,FR-238819728e7db7d0
HP-00015330,HP-00015329,FATHER_OF,1,FR-736427bc597852be
HP-00015338,HP-00015337,FATHER_OF,1,FR-da52616f7325e181
HP-00015342,HP-00015341,FATHER_OF,1,FR-5ee4f64dda00ae20
HP-00015350,HP-00015349,FATHER_OF,1,FR-7889d48476f582eb
HP-00015358,HP-00015357,FATHER_OF,1,FR-2e15421bc82a7a25
HP-00015374,HP-00015373,FATHER_OF,1,FR-de8df220ae2b081b
HP-00013955,HP-00015377,FATHER_OF,1,FR-0de417e467aa101c
HP-00015382,HP-00015381,FATHER_OF,1,FR-e6dbae2d802aa2b0
HP-00015394,HP-00015393,FATHER_OF,1,FR-eb4280fcaca84794
HP-00015274,HP-00015401,FATHER_OF,1,FR-18a0b8600605dd8b
HP-00015406,HP-00015405,FATHER_OF,1,FR-a1730ffedb440423
HP-00015414,HP-00015413,FATHER_OF,1,FR-9b065efb188eced1
HP-00015418,HP-00015417,FATHER_OF,1,FR-2b6fb47bef0c7d4e
HP-00015422,HP-00015421,FATHER_OF,1,FR-71cbb3eef02b8d85
HP-00013683,HP-00015425,FATHER_OF,1,FR-e633376a694a7df8
HP-00015430,HP-00015429,FATHER_OF,1,FR-82b8db1e3f83db12
HP-00015434,HP-00015433,FATHER_OF,2,FR-c0350973c5440456
HP-00015438,HP-00015437,FATHER_OF,1,FR-474ad912878a2ec2
HP-00015442,HP-00015441,FATHER_OF,1,FR-4e6d8bcc354088e6
HP-00015446,HP-00015445,FATHER_OF,1,FR-7aaeb961866e4dc0
HP-00015450,HP-00015449,FATHER_OF,1,FR-d69e92efe4ec0497
HP-00015458,HP-00015457,FATHER_OF,1,FR-8d651e861c04c302
HP-00015466,HP-00015465,FATHER_OF,1,FR-44bf88b076765dc5
HP-00015482,HP-00015481,FATHER_OF,1,FR-6e3865740f43efc8
HP-00015486,HP-00015485,FATHER_OF,1,FR-aadcc210ff521e3d
HP-00010812,HP-00015489,FATHER_OF,1,FR-be00b04958191cb3
HP-00015494,HP-00015493,FATHER_OF,1,FR-8ba0c46d7e051ce6
HP-00010860,HP-00015497,FATHER_OF,1,FR-1574f3d602745e8e
HP-00015506,HP-00015505,FATHER_OF,1,FR-c1860618def2de5f
HP-00015510,HP-00015509,FATHER_OF,1,FR-d5ed4f54026b0260
HP-00015518,HP-00015517,FATHER_OF,1,FR-e52bce431e503546
HP-00015522,HP-00015521,FATHER_OF,1,FR-f01a7cbfc4b3e333
HP-00015538,HP-00015537,FATHER_OF,1,FR-d73b4ae18f47c3b0
HP-00014047,HP-00015541,FATHER_OF,1,FR-a37da7be610e4694
HP-00015546,HP-00015545,FATHER_OF,1,FR-a12cb71a7a5a73ae
HP-00015558,HP-00015557,FATHER_OF,1,FR-9a9c86f7d9effeaf
HP-00015566,HP-00015565,FATHER_OF,1,FR-214a4f3e691e9868
HP-00015570,HP-00015569,FATHER_OF,1,FR-d24e4073aa1ba6c4
HP-00015574,HP-00015573,FATHER_OF,1,FR-0e6bad6bec6b4323
HP-00015582,HP-00015581,FATHER_OF,1,FR-3dfa818bbbe313d0
HP-00015586,HP-00015585,FATHER_OF,1,FR-9d9c477ee603e3e0
HP-00015590,HP-00015589,FATHER_OF,1,FR-74882d633ab41a0d
HP-00015598,HP-00015597,FATHER_OF,2,FR-f0feb2f7d5894a4c
HP-00015602,HP-00015601,FATHER_OF,1,FR-5017ced8653ca750
HP-00014451,HP-00015617,FATHER_OF,1,FR-be4f32852ec74377
HP-00015626,HP-00015625,FATHER_OF,1,FR-7f7250624250a134
HP-00015630,HP-00015629,FATHER_OF,1,FR-409c37d438592722
HP-00015638,HP-00015637,FATHER_OF,1,FR-2fabec612ad646cb
HP-00015642,HP-00015641,FATHER_OF,1,FR-aca7ac63e7d85994
HP-00010644,HP-00015645,FATHER_OF,1,FR-43e9a508285ac2b4
HP-00015654,HP-00015653,FATHER_OF,1,FR-dec9336c5cd08933
HP-00012770,HP-00015661,FATHER_OF,1,FR-37851d9a3e6da9dc
HP-00015666,HP-00015665,FATHER_OF,1,FR-36e08586769c00fa
HP-00015674,HP-00015673,FATHER_OF,1,FR-f478bba194569f7a
HP-00015678,HP-00015677,FATHER_OF,1,FR-607cda97df32ffd0
HP-00015686,HP-00015685,FATHER_OF,1,FR-f19e3f6b548e07ab
HP-00015686,HP-00015689,FATHER_OF,1,FR-c35628ccc1a9b519
HP-00012710,HP-00015697,FATHER_OF,1,FR-6f802ad54efb42a5
HP-00015702,HP-00015701,FATHER_OF,1,FR-24e5f69bace88dbe
HP-00015706,HP-00015705,FATHER_OF,1,FR-102d2a8ef2c6c0a1
HP-00015717,HP-00015716,FATHER_OF,1,FR-933a180ade313864
HP-00015721,HP-00015720,FATHER_OF,1,FR-f6f6e142b0bacbcb
HP-00015729,HP-00015728,FATHER_OF,1,FR-9960c0cc1bf7f6e5
HP-00015737,HP-00015736,FATHER_OF,1,FR-5129a526e07e4223
HP-00015761,HP-00015760,FATHER_OF,1,FR-2e761e4a0dd442ad
HP-00015765,HP-00015764,FATHER_OF,1,FR-e6781c27397cb0a6
HP-00015773,HP-00015772,FATHER_OF,1,FR-f9d8341e75d8329f
HP-00015785,HP-00015784,FATHER_OF,1,FR-e9c6bb0563ef7021
HP-00015793,HP-00015792,FATHER_OF,1,FR-a1280c49687ca141
HP-00010640,HP-00015796,FATHER_OF,1,FR-f33077efd12bc6e0
HP-00015805,HP-00015804,FATHER_OF,1,FR-f74c8e1d976025c6
HP-00015809,HP-00015808,FATHER_OF,1,FR-41ff9bcfa684c2d6
HP-00015813,HP-00015812,FATHER_OF,1,FR-530733fe3d25224f
HP-00015817,HP-00015816,FATHER_OF,1,FR-dc34e9284d418d1f
HP-00015821,HP-00015820,FATHER_OF,1,FR-cd38d8e81014eca0
HP-00015829,HP-00015828,FATHER_OF,1,FR-279f6293691fd010
HP-00010370,HP-00015832,FATHER_OF,1,FR-c800f1f60afbe142
HP-00015837,HP-00015836,FATHER_OF,1,FR-753c2b9912ac1ddf
HP-00015845,HP-00015844,FATHER_OF,1,FR-df0cddb24a410e96
HP-00015854,HP-00015853,FATHER_OF,1,FR-aba7dd88d614a83e
HP-00015866,HP-00015865,FATHER_OF,1,FR-328d1988a4146d28
HP-00015869,HP-00015868,FATHER_OF,1,FR-d2226ad459a57afb
HP-00015873,HP-00015872,FATHER_OF,2,FR-4b16b541bfac4f80
HP-00015881,HP-00015880,FATHER_OF,1,FR-b681bcd9aeb45e5e
HP-00011261,HP-00015884,FATHER_OF,1,FR-3dd3adb8ed6f57fb
HP-00010943,HP-00015888,FATHER_OF,1,FR-7e9642b74e2c455b
HP-00015901,HP-00015900,FATHER_OF,2,FR-95c0c11fedde4ac7
HP-00015905,HP-00015904,FATHER_OF,1,FR-9f703ec8e297f389
HP-00015087,HP-00015908,FATHER_OF,1,FR-3295b643d8e67c1e
HP-00015913,HP-00015912,FATHER_OF,1,FR-ef1eb3100950a38f
HP-00015937,HP-00015936,FATHER_OF,2,FR-c00470cba0fba9a5
HP-00010760,HP-00015940,FATHER_OF,1,FR-3f5e7a345c1b4399
HP-00015949,HP-00015948,FATHER_OF,1,FR-68f24cff2b7c4c50
HP-00015957,HP-00015956,FATHER_OF,1,FR-b220c07046c551cd
HP-00010899,HP-00015960,FATHER_OF,1,FR-a5a2f3d6a9b1d94c
HP-00011035,HP-00015972,FATHER_OF,1,FR-2e68cce6620e04c8
HP-00015977,HP-00015976,FATHER_OF,1,FR-903d8da322941ef0
HP-00015989,HP-00015988,FATHER_OF,1,FR-f5b6ecb6333ec2f3
HP-00015997,HP-00015996,FATHER_OF,1,FR-351229aecda203eb
HP-00012802,HP-00016004,FATHER_OF,1,FR-a02f2df9768bfb2d
HP-00016013,HP-00016012,FATHER_OF,1,FR-4f7422442fe1650c
HP-00014663,HP-00016016,FATHER_OF,1,FR-102afa043637cdfd
HP-00013727,HP-00016024,FATHER_OF,1,FR-97c152153c4444fc
HP-00016033,HP-00016032,FATHER_OF,1,FR-0aa763dbdf913dbe
HP-00016037,HP-00016036,FATHER_OF,1,FR-3c87ef751008a46b
HP-00016045,HP-00016044,FATHER_OF,1,FR-a2d1f51444dff6ac
HP-00016049,HP-00016048,FATHER_OF,1,FR-d2c2339ebcfef50e
HP-00016053,HP-00016052,FATHER_OF,1,FR-dd4c71eac32f6518
HP-00013991,HP-00016056,FATHER_OF,1,FR-ba7b3720d39b3548
HP-00016061,HP-00016060,FATHER_OF,1,FR-1c34ed105fa98deb
HP-00016065,HP-00016064,FATHER_OF,1,FR-8079e1cd98ac08cd
HP-00016077,HP-00016076,FATHER_OF,1,FR-615f3a5634252e67
HP-00011571,HP-00016084,FATHER_OF,1,FR-250e90e7b4a3c7ec
HP-00016097,HP-00016096,FATHER_OF,1,FR-dec1372305b667ef
HP-00016101,HP-00016100,FATHER_OF,1,FR-a8e901a352313edc
HP-00016105,HP-00016104,FATHER_OF,1,FR-cec1d36e1aa906b9
HP-00016109,HP-00016108,FATHER_OF,1,FR-e8ac3ae5d20178ae
HP-00016117,HP-00016116,FATHER_OF,1,FR-a88d08fa2f8be482
HP-00016121,HP-00016120,FATHER_OF,1,FR-9cc31ee044972efc
HP-00016129,HP-00016128,FATHER_OF,1,FR-1d5cf5a3adce23bb
HP-00012957,HP-00016132,FATHER_OF,1,FR-2974b1b04cef2b04
HP-00015638,HP-00016136,FATHER_OF,1,FR-a5ecad91b68326bb
HP-00016149,HP-00016148,FATHER_OF,1,FR-d3f41624f7d75c30
HP-00016153,HP-00016152,FATHER_OF,1,FR-873893a0ea4f53ba
HP-00016157,HP-00016156,FATHER_OF,1,FR-97015d22742a7911
HP-00016165,HP-00016164,FATHER_OF,1,FR-e89f0ec92df904a6
HP-00016169,HP-00016168,FATHER_OF,1,FR-056be7108c5cdbc4
HP-00015203,HP-00016172,FATHER_OF,1,FR-e271307c59afd198
HP-00016177,HP-00016176,FATHER_OF,1,FR-863fb791296e8a47
HP-00010720,HP-00016180,FATHER_OF,1,FR-7abddee0e943d464
HP-00016185,HP-00016184,FATHER_OF,1,FR-e068611063fc1c1f
HP-00016189,HP-00016188,FATHER_OF,1,FR-e0c6d33e38a7593f
HP-00016193,HP-00016192,FATHER_OF,1,FR-7e1194b9fcb32dd5
HP-00016197,HP-00016196,FATHER_OF,1,FR-6eb826151d5d04dc
HP-00016205,HP-00016204,FATHER_OF,1,FR-ecd8bab5e9500d52
HP-00016213,HP-00016212,FATHER_OF,1,FR-4750dfa3f31517e8
HP-00016225,HP-00016224,FATHER_OF,1,FR-0b488d9437c21906
HP-00013699,HP-00016228,FATHER_OF,1,FR-5a5172beffcb78f2
HP-00016233,HP-00016232,FATHER_OF,1,FR-cd84aebfed5b719e
HP-00016237,HP-00016236,FATHER_OF,1,FR-bfae3350f486408e
HP-00016245,HP-00016244,FATHER_OF,1,FR-6b1ffd805f7b0ddb
HP-00016277,HP-00016276,FATHER_OF,1,FR-83f616a88c8bb9ac
HP-00016281,HP-00016280,FATHER_OF,1,FR-a40b83b461d4750a
HP-00016289,HP-00016288,FATHER_OF,1,FR-9ab659fccc6b0089
HP-00016293,HP-00016292,FATHER_OF,1,FR-08d32d226f1e3ff9
HP-00016297,HP-00016296,FATHER_OF,1,FR-4a9145f2145510ae
HP-00012005,HP-00016304,FATHER_OF,1,FR-5ed63c5dc3a71d23
HP-00011922,HP-00016312,FATHER_OF,1,FR-635fe3164d108eb9
HP-00016321,HP-00016320,FATHER_OF,1,FR-c1f1237d1402abe4
HP-00016333,HP-00016332,FATHER_OF,1,FR-183ae56d35823fc8
HP-00016345,HP-00016344,FATHER_OF,1,FR-e3565bb8b1cee6ba
HP-00015374,HP-00016348,FATHER_OF,2,FR-b8903fc3297112d4
HP-00016353,HP-00016352,FATHER_OF,1,FR-afe17d2626185dd0
HP-00013089,HP-00016364,FATHER_OF,1,FR-4de7c2a7f741ac89
HP-00016373,HP-00016372,FATHER_OF,1,FR-3e8051ee02711047
HP-00016389,HP-00016388,FATHER_OF,1,FR-01eb9512d74c52f9
HP-00016393,HP-00016392,FATHER_OF,1,FR-0ead5087819cb718
HP-00016397,HP-00016396,FATHER_OF,1,FR-38c45d350953bcf9
HP-00016421,HP-00016420,FATHER_OF,1,FR-c7b7b736b9b7eaac
HP-00016425,HP-00016424,FATHER_OF,1,FR-9cb08c83c56d162f
HP-00016441,HP-00016440,FATHER_OF,1,FR-79fe8c87cf496252
HP-00016445,HP-00016444,FATHER_OF,1,FR-d9a80fe37072ab77
HP-00016449,HP-00016448,FATHER_OF,1,FR-ff1fddbd8a26dfa1
HP-00010740,HP-00016452,FATHER_OF,1,FR-00f03773d6d310b7
HP-00016461,HP-00016460,FATHER_OF,1,FR-2544ff7199c9d0f6
HP-00016465,HP-00016464,FATHER_OF,1,FR-ede79b9e61282b6f
HP-00016473,HP-00016472,FATHER_OF,1,FR-e4558dcacac0b22f
HP-00016477,HP-00016476,FATHER_OF,1,FR-3823151c3dd11b05
HP-00016485,HP-00016484,FATHER_OF,1,FR-e4dc32beaa524314
HP-00015518,HP-00016488,FATHER_OF,1,FR-c13b7a96db495928
HP-00016493,HP-00016492,FATHER_OF,1,FR-6b749d8474260938
HP-00016509,HP-00016508,FATHER_OF,1,FR-f5d79ce4e3c9e439
HP-00016521,HP-00016520,FATHER_OF,1,FR-70e6aa735f0a4695
HP-00016537,HP-00016536,FATHER_OF,1,FR-582913b422251027
HP-00016541,HP-00016540,FATHER_OF,1,FR-5cb804df9e7352c0
HP-00016545,HP-00016544,FATHER_OF,1,FR-7ee8c090b80e5505
HP-00016549,HP-00016548,FATHER_OF,1,FR-ff4b18c676946a0b
HP-00016553,HP-00016552,FATHER_OF,1,FR-3e2524806809bc7a
HP-00016557,HP-00016556,FATHER_OF,1,FR-26e61e686fcf3de6
HP-00016561,HP-00016560,FATHER_OF,1,FR-1d30ccb004d514f7
HP-00016577,HP-00016576,FATHER_OF,1,FR-c851101ea31c06fe
HP-00016581,HP-00016580,FATHER_OF,2,FR-5ee3258e7d6456a8
HP-00016585,HP-00016584,FATHER_OF,1,FR-09b30432e2a5ceb4
HP-00010812,HP-00016588,FATHER_OF,1,FR-9044796f430f39ea
HP-00016593,HP-00016592,FATHER_OF,1,FR-af2b2221336d1906
HP-00016605,HP-00016604,FATHER_OF,1,FR-020bd5df41e02a3b
HP-00016613,HP-00016612,FATHER_OF,1,FR-e51d143c941887b4
HP-00016617,HP-00016616,FATHER_OF,1,FR-f764b8584629c726
HP-00016625,HP-00016624,FATHER_OF,1,FR-08ae35db1eb05b13
HP-00016629,HP-00016628,FATHER_OF,1,FR-25418e0ff4f56f66
HP-00016637,HP-00016636,FATHER_OF,1,FR-151d020adece0a2a
HP-00011134,HP-00016640,FATHER_OF,1,FR-dac236a9a247e1b2
HP-00016649,HP-00016648,FATHER_OF,1,FR-0ccbeb64f1259f66
HP-00016653,HP-00016652,FATHER_OF,1,FR-bd50249b1e6eb506
HP-00012260,HP-00016656,FATHER_OF,1,FR-529b1581cc600a9b
HP-00016665,HP-00016664,FATHER_OF,1,FR-121613e220a48976
HP-00016669,HP-00016668,FATHER_OF,1,FR-b670b8be542f68b2
HP-00016673,HP-00016672,FATHER_OF,1,FR-65be4901b73c5e3f
HP-00016693,HP-00016692,FATHER_OF,1,FR-670895aca56e4b83
HP-00016701,HP-00016700,FATHER_OF,1,FR-eccdda838ba6d49b
HP-00016705,HP-00016704,FATHER_OF,1,FR-742b8142f44edc23
HP-00016037,HP-00016708,FATHER_OF,1,FR-ee84bccb7c266861
HP-00016729,HP-00016728,FATHER_OF,1,FR-a97c4b8506d5af19
HP-00016733,HP-00016732,FATHER_OF,1,FR-0344bdef62254a80
HP-00016737,HP-00016736,FATHER_OF,1,FR-8b2b3b87edc5f961
HP-00016741,HP-00016740,FATHER_OF,1,FR-e61d0f4463b01f26
HP-00016745,HP-00016744,FATHER_OF,1,FR-348bba2e9c01e699
HP-00016749,HP-00016748,FATHER_OF,1,FR-75e4182a04f20c87
HP-00015785,HP-00016760,FATHER_OF,1,FR-21e4befec3904506
HP-00016765,HP-00016764,FATHER_OF,1,FR-ffc91fb3e7a60912
HP-00016773,HP-00016772,FATHER_OF,1,FR-f39326f9c126fcf4
HP-00016788,HP-00016787,FATHER_OF,1,FR-49605562519ac693
HP-00016792,HP-00016791,FATHER_OF,1,FR-e6272ce24e6ba5f0
HP-00016796,HP-00016795,FATHER_OF,1,FR-28ad0a5dc783898d
HP-00011385,HP-00016799,FATHER_OF,1,FR-c7209030b285508b
HP-00016804,HP-00016803,FATHER_OF,1,FR-72a25d3228535d22
HP-00016828,HP-00016827,FATHER_OF,1,FR-1793c4507134c7a0
HP-00013547,HP-00016843,FATHER_OF,1,FR-0dbf066d65ff82b6
HP-00016848,HP-00016847,FATHER_OF,1,FR-b8821f811d0729a4
HP-00016852,HP-00016851,FATHER_OF,1,FR-974df7973205f543
HP-00016856,HP-00016855,FATHER_OF,1,FR-e17f2fde8c594caf
HP-00016868,HP-00016867,FATHER_OF,1,FR-7e6cc9f8ead5c578
HP-00013683,HP-00016871,FATHER_OF,1,FR-81cb7e927d09f83e
HP-00016876,HP-00016875,FATHER_OF,1,FR-d44d7e3496de01e2
HP-00016888,HP-00016887,FATHER_OF,1,FR-d46fdfa3c0833322
HP-00016892,HP-00016891,FATHER_OF,1,FR-d9728e74677eaebe
HP-00016895,HP-00016894,FATHER_OF,1,FR-997765b63b25cee9
HP-00016899,HP-00016898,FATHER_OF,1,FR-e37dd885bd220c0d
HP-00016903,HP-00016902,FATHER_OF,1,FR-6ae27e1689bb91c3
HP-00016915,HP-00016914,FATHER_OF,1,FR-b69acccbf16804df
HP-00016919,HP-00016918,FATHER_OF,1,FR-9067ebfd91a2fa65
HP-00016923,HP-00016922,FATHER_OF,1,FR-495575d8d8272d91
HP-00016931,HP-00016930,FATHER_OF,1,FR-507067740ff5bae2
HP-00016935,HP-00016934,FATHER_OF,1,FR-0d590d1c9b9b1666
HP-00016954,HP-00016953,FATHER_OF,1,FR-f6f1261668f57fde
HP-00016966,HP-00016965,FATHER_OF,1,FR-ebc75a758e77d929
HP-00016974,HP-00016973,FATHER_OF,1,FR-c2d6e60b5045690d
HP-00016978,HP-00016977,FATHER_OF,1,FR-ab9d917b7796901d
HP-00016982,HP-00016981,FATHER_OF,1,FR-1dee9f8e754016cd
HP-00016986,HP-00016985,FATHER_OF,1,FR-91a10c10d81528c9
HP-00016990,HP-00016989,FATHER_OF,1,FR-c2207ba86d6b08b1
HP-00016994,HP-00016993,FATHER_OF,1,FR-a2fab570dc379e50
HP-00016998,HP-00016997,FATHER_OF,1,FR-f0344804e0a57026
HP-00017002,HP-00017001,FATHER_OF,1,FR-229fd872b6170d47
HP-00017006,HP-00017005,FATHER_OF,1,FR-0b324a3c42eb429c
HP-00017010,HP-00017009,FATHER_OF,1,FR-80cf6720b6a68b0f
HP-00017014,HP-00017013,FATHER_OF,1,FR-eb1f0bb789730a9a
HP-00017023,HP-00017022,FATHER_OF,1,FR-0a18e2ce4b1738ed
HP-00017035,HP-00017034,FATHER_OF,1,FR-531d887a777e4a0a
HP-00017047,HP-00017046,FATHER_OF,1,FR-41a76e96c3a4ea31
HP-00017051,HP-00017050,FATHER_OF,1,FR-5acd4eecfabd61a7
HP-00017059,HP-00017058,FATHER_OF,1,FR-52cdddfa87d571a2
HP-00017062,HP-00017061,FATHER_OF,1,FR-2856e13965ed1b1d
HP-00017066,HP-00017065,FATHER_OF,1,FR-76d74d1b87383c60
HP-00017070,HP-00017069,FATHER_OF,1,FR-3756346d356301b1
HP-00017074,HP-00017073,FATHER_OF,1,FR-684dd3e7d769176f
HP-00017086,HP-00017085,FATHER_OF,1,FR-a4845cae275938e1
HP-00017098,HP-00017097,FATHER_OF,1,FR-96f2f15c9716cf97
HP-00017102,HP-00017101,FATHER_OF,1,FR-65022fd5f592cd02
HP-00017106,HP-00017105,FATHER_OF,1,FR-6eacac9309688c7d
HP-00017114,HP-00017113,FATHER_OF,1,FR-25a808f198b963c4
HP-00008789,HP-00017117,FATHER_OF,1,FR-f0b25b62414d81e4
HP-00008801,HP-00017121,FATHER_OF,1,FR-31b3cad982fb08f7
HP-00017126,HP-00017125,FATHER_OF,1,FR-a9ffe65acf32ff96
HP-00017130,HP-00017129,FATHER_OF,1,FR-e11f06e38a7fdf2b
HP-00017134,HP-00017133,FATHER_OF,1,FR-c04d113e71446f1a
HP-00017138,HP-00017137,FATHER_OF,1,FR-a34cbb0083e5c065
HP-00017142,HP-00017141,FATHER_OF,1,FR-7754779f860dd09f
HP-00017150,HP-00017149,FATHER_OF,1,FR-d447ad5384cc805b
HP-00017154,HP-00017153,FATHER_OF,1,FR-7eb95448a7c3004e
HP-00017158,HP-00017157,FATHER_OF,1,FR-9cb0a0c4d9be98e2
HP-00017162,HP-00017161,FATHER_OF,1,FR-43891ebb8e05135b
HP-00017166,HP-00017165,FATHER_OF,1,FR-512ac1c60f28a275
HP-00017170,HP-00017169,FATHER_OF,1,FR-a6adad95f2a78b32
HP-00017174,HP-00017173,FATHER_OF,1,FR-fad8f7c2b4ed970c
HP-00017178,HP-00017177,FATHER_OF,1,FR-69e94f415d941c65
HP-00017182,HP-00017181,FATHER_OF,1,FR-6907c2dd239b8576
HP-00017186,HP-00017185,FATHER_OF,1,FR-344406def19a7256
HP-00017194,HP-00017193,FATHER_OF,1,FR-fdebbdd1c0481789
HP-00017202,HP-00017201,FATHER_OF,1,FR-8839f6c06a5b3797
HP-00017206,HP-00017205,FATHER_OF,1,FR-a631a5a9129a5a84
HP-00017210,HP-00017209,FATHER_OF,1,FR-9fdea5b80bf78c12
HP-00017214,HP-00017213,FATHER_OF,1,FR-11ccdc0c55957445
HP-00017222,HP-00017221,FATHER_OF,1,FR-fb1448dcec227d25
HP-00009258,HP-00017225,FATHER_OF,2,FR-72880776b9340bf6
HP-00017230,HP-00017229,FATHER_OF,1,FR-041cbd66331aadfb
HP-00017234,HP-00017233,FATHER_OF,1,FR-1db7269a96b8d7eb
HP-00017238,HP-00017237,FATHER_OF,1,FR-aa119e3025fe39b2
HP-00017242,HP-00017241,FATHER_OF,1,FR-813e8b7a17bf92ce
HP-00017246,HP-00017245,FATHER_OF,1,FR-cdb9517f547293d1
HP-00017250,HP-00017249,FATHER_OF,1,FR-0975e4d578e36314
HP-00017254,HP-00017253,FATHER_OF,1,FR-cf4b44dad3826437
HP-00017262,HP-00017261,FATHER_OF,1,FR-238ee6eb548e81af
HP-00017270,HP-00017269,FATHER_OF,1,FR-525c208a5b383b74
HP-00017274,HP-00017273,FATHER_OF,1,FR-0e483d4f1ece3978
HP-00017282,HP-00017281,FATHER_OF,1,FR-ee87058c3fb348ec
HP-00009641,HP-00017299,FATHER_OF,1,FR-d465d0f1b6347571
HP-00017308,HP-00017307,FATHER_OF,1,FR-e9552f61d3378a51
HP-00017316,HP-00017315,FATHER_OF,1,FR-1020619eed38bcb6
HP-00017320,HP-00017319,FATHER_OF,1,FR-bf4040c719d51332
HP-00017324,HP-00017323,FATHER_OF,1,FR-22ee44faa6bf3219
HP-00017328,HP-00017327,FATHER_OF,1,FR-641ecdc2c4f36b26
HP-00017335,HP-00017334,FATHER_OF,1,FR-6a0c88e8f760b867
HP-00017347,HP-00017346,FATHER_OF,1,FR-dc024bdb11124ade
HP-00017351,HP-00017350,FATHER_OF,1,FR-fd0cfb3ada136ca6
HP-00017355,HP-00017354,FATHER_OF,1,FR-c2649e7823d90f47
HP-00017359,HP-00017358,FATHER_OF,1,FR-3b13256067ee2eda
HP-00017371,HP-00017370,FATHER_OF,1,FR-424ba7d9aa4e7371
HP-00017375,HP-00017374,FATHER_OF,1,FR-22868428f9e560db
HP-00017379,HP-00017378,FATHER_OF,1,FR-bcb0662624a1949e
HP-00017383,HP-00017382,FATHER_OF,1,FR-a6425c5b905a465d
HP-00017387,HP-00017386,FATHER_OF,1,FR-1228c59b6a098b1c
HP-00017395,HP-00017394,FATHER_OF,1,FR-3b8217f1ceb33da9
HP-00010042,HP-00017398,FATHER_OF,1,FR-bef7b9377939daf6
HP-00017411,HP-00017410,FATHER_OF,1,FR-e415009ec2aeaecd
HP-00017419,HP-00017418,FATHER_OF,1,FR-af5273b205be7cf5
HP-00017427,HP-00017426,FATHER_OF,1,FR-4fe180ace9406aec
HP-00017035,HP-00017438,FATHER_OF,1,FR-5e6b2ba709e7e3ba
HP-00017443,HP-00017442,FATHER_OF,1,FR-eff71ab5ffba9192
HP-00017447,HP-00017446,FATHER_OF,1,FR-0c52b94e745e5787
HP-00017451,HP-00017450,FATHER_OF,1,FR-ca2ce39ee8a88aa9
HP-00017455,HP-00017454,FATHER_OF,1,FR-01a54bb96e3c76a8
HP-00017459,HP-00017458,FATHER_OF,1,FR-55288d1f9b3bf5e2
HP-00006877,HP-00017462,FATHER_OF,1,FR-7fec885d9852d217
HP-00017471,HP-00017470,FATHER_OF,1,FR-519ed89e13067441
HP-00017475,HP-00017474,FATHER_OF,1,FR-21d5df81cc316498
HP-00017483,HP-00017482,FATHER_OF,1,FR-c38371d467cd5846
HP-00017487,HP-00017486,FATHER_OF,1,FR-ba488677440a6a98
HP-00010277,HP-00017490,FATHER_OF,1,FR-9a2309cba34e6548
HP-00017495,HP-00017494,FATHER_OF,1,FR-a6a61d2934812138
HP-00017499,HP-00017498,FATHER_OF,1,FR-388039aa208760ae
HP-00017511,HP-00017510,FATHER_OF,1,FR-9ee41c6345e787d9
HP-00017515,HP-00017514,FATHER_OF,1,FR-dcefe14d5dbc4b1c
HP-00017522,HP-00017521,FATHER_OF,1,FR-c90c0599173b8166
HP-00017126,HP-00017525,FATHER_OF,1,FR-de84e93cca1938f1
HP-00017530,HP-00017529,FATHER_OF,1,FR-65a3f16a5969ef9b
HP-00017533,HP-00017532,FATHER_OF,1,FR-ccd135b05d76e98a
HP-00017536,HP-00017535,FATHER_OF,1,FR-a826ba390da79d58
HP-00017544,HP-00017543,FATHER_OF,1,FR-e59af30cc536a8fc
HP-00017548,HP-00017547,FATHER_OF,1,FR-4e0405fd2f64fbdf
HP-00017560,HP-00017559,FATHER_OF,1,FR-7a2cdc42a7664a5c
HP-00009960,HP-00017566,FATHER_OF,1,FR-e6ab362db3ce4393
HP-00017571,HP-00017570,FATHER_OF,1,FR-277dc54684018117
HP-00017587,HP-00017586,FATHER_OF,1,FR-a5e4354da2c00c76
HP-00017591,HP-00017590,FATHER_OF,1,FR-87582edbe2a78e33
HP-00017597,HP-00017596,FATHER_OF,1,FR-4dad4ce33bca47ab
HP-00017601,HP-00017600,FATHER_OF,1,FR-bdb07bcdd5682d4b
HP-00017612,HP-00017611,FATHER_OF,1,FR-80c68a734c96a205
HP-00017616,HP-00017615,FATHER_OF,1,FR-e0081fbe1a81ff03
HP-00017620,HP-00017619,FATHER_OF,1,FR-04106ea482e275d6
HP-00017623,HP-00017622,FATHER_OF,1,FR-34b7f23b5bc40837
HP-00017627,HP-00017626,FATHER_OF,1,FR-0e72e2053bae2c30
HP-00017630,HP-00017629,FATHER_OF,1,FR-9340759a37270758
HP-00017647,HP-00017646,FATHER_OF,1,FR-1dbabc2f29acc35a
HP-00017651,HP-00017650,FATHER_OF,1,FR-a8e290d989c13e13
HP-00017655,HP-00017654,FATHER_OF,1,FR-850ce866b1f21cd3
HP-00017659,HP-00017658,FATHER_OF,1,FR-b2f4c38835fff484
HP-00017059,HP-00017662,FATHER_OF,1,FR-a58bd618ff453b7a
HP-00017667,HP-00017666,FATHER_OF,1,FR-08e9f2afc69020b7
HP-00017671,HP-00017670,FATHER_OF,1,FR-528bc46030cb030f
HP-00017674,HP-00017673,FATHER_OF,1,FR-ca87e26b039ca5eb
HP-00017138,HP-00017693,FATHER_OF,1,FR-8d33647ad15d0df0
HP-00017702,HP-00017701,FATHER_OF,1,FR-b015020a23974f90
HP-00017706,HP-00017705,FATHER_OF,1,FR-a098e14241aec70c
HP-00017522,HP-00017713,FATHER_OF,1,FR-c5e871f6ce553490
HP-00017718,HP-00017717,FATHER_OF,1,FR-b96b8802e478da19
HP-00017722,HP-00017721,FATHER_OF,1,FR-430ecdb0eba1c8e4
HP-00017730,HP-00017729,FATHER_OF,1,FR-da80a428b4f79682
HP-00017130,HP-00017733,FATHER_OF,1,FR-e6bfede407b2589c
HP-00017738,HP-00017737,FATHER_OF,1,FR-7d9891f5fb413d6f
HP-00017750,HP-00017749,FATHER_OF,1,FR-93e56a9721075823
HP-00017754,HP-00017753,FATHER_OF,1,FR-4c6c1009e9ad8436
HP-00017762,HP-00017761,FATHER_OF,1,FR-112ba2b6725dedd3
HP-00017766,HP-00017765,FATHER_OF,1,FR-2f09a2bb47fe7896
HP-00017770,HP-00017769,FATHER_OF,1,FR-7adc1696df553ed5
HP-00016899,HP-00017777,FATHER_OF,1,FR-3b7729b471203d5f
HP-00017786,HP-00017785,FATHER_OF,1,FR-57f0341479532b69
HP-00017210,HP-00017789,FATHER_OF,1,FR-10438c1e0dec3604
HP-00017794,HP-00017793,FATHER_OF,1,FR-dcc5aa587f70a922
HP-00017798,HP-00017797,FATHER_OF,1,FR-03fef1cc3abb8956
HP-00009358,HP-00017801,FATHER_OF,1,FR-a560a78900fd25df
HP-00017806,HP-00017805,FATHER_OF,1,FR-7401302a41e03fa0
HP-00017810,HP-00017809,FATHER_OF,1,FR-352d7b62d78929a0
HP-00017078,HP-00017817,FATHER_OF,1,FR-370307cc5af31817
HP-00017822,HP-00017821,FATHER_OF,1,FR-0a568e32fac58780
HP-00017830,HP-00017829,FATHER_OF,1,FR-5ba92463e7ce3689
HP-00017837,HP-00017836,FATHER_OF,1,FR-cd9221aa83b438b5
HP-00017841,HP-00017840,FATHER_OF,1,FR-5a76871b5b2d1d5c
HP-00017845,HP-00017844,FATHER_OF,1,FR-da74fdf03bbb2bd4
HP-00016978,HP-00017848,FATHER_OF,1,FR-56947a6c83472e59
HP-00017857,HP-00017856,FATHER_OF,1,FR-2daca398885f4c5e
HP-00017865,HP-00017864,FATHER_OF,1,FR-29df9e85a1d33719
HP-00017869,HP-00017868,FATHER_OF,1,FR-31ab0a33bbc5026c
HP-00017873,HP-00017872,FATHER_OF,1,FR-9e5e56336146f4df
HP-00017877,HP-00017876,FATHER_OF,1,FR-79c03938797dc414
HP-00017885,HP-00017884,FATHER_OF,1,FR-7cafefd9b65c1ace
HP-00017893,HP-00017892,FATHER_OF,1,FR-d49a8584541e6dfb
HP-00017897,HP-00017896,FATHER_OF,1,FR-f2dce264d6b9a5b9
HP-00010277,HP-00017900,FATHER_OF,1,FR-1bf7a984f5179152
HP-00017905,HP-00017904,FATHER_OF,1,FR-b004306997dfab97
HP-00017917,HP-00017916,FATHER_OF,1,FR-ca688f68f6539a6b
HP-00017921,HP-00017920,FATHER_OF,1,FR-dba9a7e788479b05
HP-00017925,HP-00017924,FATHER_OF,1,FR-ae5865b23355a7be
HP-00017929,HP-00017928,FATHER_OF,1,FR-ee5b78b7dfc45d9f
HP-00017933,HP-00017932,FATHER_OF,1,FR-0fe96a8ea15a6a1f
HP-00017937,HP-00017936,FATHER_OF,1,FR-d8f9da3e0a8b5a31
HP-00017940,HP-00017939,FATHER_OF,1,FR-7e3b4901d6618f19
HP-00017952,HP-00017951,FATHER_OF,1,FR-7b68d9a5ab8c2dda
HP-00017964,HP-00017963,FATHER_OF,1,FR-324989ecb4c67ff1
HP-00017968,HP-00017967,FATHER_OF,1,FR-b5c052b8b36b55a6
HP-00017972,HP-00017971,FATHER_OF,1,FR-80d6f273dc20d5af
HP-00017976,HP-00017975,FATHER_OF,1,FR-cc5967767dd22c05
HP-00017984,HP-00017983,FATHER_OF,1,FR-d1288d975cbeba8e
HP-00017988,HP-00017987,FATHER_OF,1,FR-e0d783b8072934b6
HP-00017992,HP-00017991,FATHER_OF,1,FR-954fb975acb74f04
HP-00017996,HP-00017995,FATHER_OF,1,FR-f2d4b8c54d28e222
HP-00018000,HP-00017999,FATHER_OF,1,FR-40d4dd2625c12efb
HP-00018012,HP-00018011,FATHER_OF,1,FR-c21d3808c867d140
HP-00018020,HP-00018019,FATHER_OF,1,FR-cbf1f86500d47fac
HP-00018024,HP-00018023,FATHER_OF,1,FR-f228cb9bf4360abd
HP-00018032,HP-00018031,FATHER_OF,1,FR-8e7645d75cee75ea
HP-00018035,HP-00018034,FATHER_OF,1,FR-acaab8246f7bde97
HP-00018051,HP-00018050,FATHER_OF,1,FR-c6b46748fbd40098
HP-00017142,HP-00018062,FATHER_OF,1,FR-7f5e26c361e21cd0
HP-00018071,HP-00018070,FATHER_OF,1,FR-b460e37a63f19d31
HP-00017623,HP-00018074,FATHER_OF,1,FR-16220a636a23075d
HP-00018079,HP-00018078,FATHER_OF,1,FR-579dec28e05de93e
HP-00018083,HP-00018082,FATHER_OF,1,FR-00c38ef2afc140b5
HP-00018087,HP-00018086,FATHER_OF,1,FR-1015d2ab952abbd7
HP-00018095,HP-00018094,FATHER_OF,1,FR-48cec67572f93d7b
HP-00018099,HP-00018098,FATHER_OF,1,FR-8dea7009bdade357
HP-00018103,HP-00018102,FATHER_OF,1,FR-702b513c4ffbf13e
HP-00018000,HP-00018106,FATHER_OF,1,FR-4392723829fc6dcd
HP-00018111,HP-00018110,FATHER_OF,1,FR-84a460581b5f052f
HP-00018115,HP-00018114,FATHER_OF,1,FR-449be234034fcb78
HP-00018119,HP-00018118,FATHER_OF,1,FR-652a4815359d70b3
HP-00018123,HP-00018122,FATHER_OF,1,FR-f780366255539273
HP-00018131,HP-00018130,FATHER_OF,1,FR-da847d78b9a3095a
HP-00018135,HP-00018134,FATHER_OF,1,FR-4ea9e7f209bbbc38
HP-00018139,HP-00018138,FATHER_OF,1,FR-afe2035597cdece7
HP-00018143,HP-00018142,FATHER_OF,1,FR-80d4255bd4c87110
HP-00018147,HP-00018146,FATHER_OF,1,FR-ddf5f929c26e838b
HP-00018163,HP-00018162,FATHER_OF,1,FR-3186ed7219d09db1
HP-00018167,HP-00018166,FATHER_OF,1,FR-020dc19bf2c4b060
HP-00018175,HP-00018174,FATHER_OF,1,FR-363815b0de8527a7
HP-00018179,HP-00018178,FATHER_OF,1,FR-349aed19848141a7
HP-00009960,HP-00018182,FATHER_OF,1,FR-1aaa4a2fd2665189
HP-00018187,HP-00018186,FATHER_OF,1,FR-5e413e64868ce1ba
HP-00018195,HP-00018194,FATHER_OF,1,FR-9a098ed602d743e5
HP-00017059,HP-00018198,FATHER_OF,1,FR-b6c0e4cd6c9a3735
HP-00018203,HP-00018202,FATHER_OF,1,FR-ed40884db3198a47
HP-00018207,HP-00018206,FATHER_OF,1,FR-1141216723ebb60c
HP-00018211,HP-00018210,FATHER_OF,1,FR-f51cf416268bac66
HP-00018215,HP-00018214,FATHER_OF,1,FR-c4cf8c94579b84ac
HP-00010277,HP-00018222,FATHER_OF,1,FR-98c722437f42449d
HP-00018227,HP-00018226,FATHER_OF,1,FR-0eb18f5a206b8b5f
HP-00018235,HP-00018234,FATHER_OF,1,FR-ae29392fe70c120a
HP-00018239,HP-00018238,FATHER_OF,1,FR-f44c570e66bd9d1a
HP-00018243,HP-00018242,FATHER_OF,1,FR-f56ea2a617239721
HP-00018251,HP-00018250,FATHER_OF,1,FR-f922c36a782e1425
HP-00018263,HP-00018262,FATHER_OF,1,FR-87c43c445a131095
HP-00018267,HP-00018266,FATHER_OF,1,FR-6cce08eee482d722
HP-00017182,HP-00018270,FATHER_OF,1,FR-60fee1c519254a43
HP-00018279,HP-00018278,FATHER_OF,1,FR-4e112c6c4570692c
HP-00018294,HP-00018293,FATHER_OF,1,FR-10b930d6cb7387b2
HP-00018298,HP-00018297,FATHER_OF,1,FR-15c829f4fd57d1c7
HP-00018308,HP-00018307,FATHER_OF,1,FR-f7fc1d6819e33750
HP-00018316,HP-00018315,FATHER_OF,1,FR-1a9441e1041f9c95
HP-00018320,HP-00018319,FATHER_OF,1,FR-4c7126e9a31fe682
HP-00018324,HP-00018323,FATHER_OF,1,FR-ab45e9dac42bd491
HP-00017702,HP-00018327,FATHER_OF,1,FR-67029736e55abf83
HP-00018336,HP-00018335,FATHER_OF,1,FR-53a9d48589f689d0
HP-00018344,HP-00018343,FATHER_OF,1,FR-2fd2b4bc83af324c
HP-00018348,HP-00018347,FATHER_OF,1,FR-3a7a4c737ecc494b
HP-00018352,HP-00018351,FATHER_OF,1,FR-a986a1f3a9636c56
HP-00018356,HP-00018355,FATHER_OF,1,FR-0034241201c51a6e
HP-00018360,HP-00018359,FATHER_OF,1,FR-723fbdfa26421a1c
HP-00018364,HP-00018363,FATHER_OF,1,FR-f29759c715769fbc
HP-00018368,HP-00018367,FATHER_OF,1,FR-24c45d80386048ea
HP-00018372,HP-00018371,FATHER_OF,1,FR-c4023e56155af02a
HP-00018376,HP-00018375,FATHER_OF,1,FR-a10246c10b0f7e01
HP-00018380,HP-00018379,FATHER_OF,1,FR-517234a913aacb4e
HP-00018384,HP-00018383,FATHER_OF,1,FR-e9e1fff0d4eeedd8
HP-00018388,HP-00018387,FATHER_OF,1,FR-89f36c83c98f47dd
HP-00018392,HP-00018391,FATHER_OF,1,FR-63ef84ad8769965b
HP-00018396,HP-00018395,FATHER_OF,1,FR-e65d21732764ab4f
HP-00018400,HP-00018399,FATHER_OF,1,FR-f69533a12d107023
HP-00018404,HP-00018403,FATHER_OF,1,FR-b7dd1bbd8f1f5bca
HP-00018408,HP-00018407,FATHER_OF,1,FR-f2ff492f5c6d1ae0
HP-00018412,HP-00018411,FATHER_OF,1,FR-94a91e77b118e1a7
HP-00018416,HP-00018415,FATHER_OF,1,FR-a6ebd692e05f98f9
HP-00018424,HP-00018423,FATHER_OF,1,FR-60e3a73e49d51fa4
HP-00018432,HP-00018431,FATHER_OF,1,FR-c957e8245bec43b2
HP-00018436,HP-00018435,FATHER_OF,1,FR-4d1334ee9a482f5b
HP-00018444,HP-00018443,FATHER_OF,1,FR-84937b2735967444
HP-00018448,HP-00018447,FATHER_OF,1,FR-ec5783da0ad9a916
HP-00018211,HP-00018455,FATHER_OF,1,FR-c4d05cc22b91a546
HP-00018460,HP-00018459,FATHER_OF,1,FR-b5bd3630529febbb
HP-00018468,HP-00018467,FATHER_OF,1,FR-cc79fc804cd79583
HP-00018472,HP-00018471,FATHER_OF,1,FR-8617d11f48a01060
HP-00018476,HP-00018475,FATHER_OF,1,FR-c4d16ae6e0514aaf
HP-00018494,HP-00018493,FATHER_OF,1,FR-9428dcdefb07b7c1
HP-00018498,HP-00018497,FATHER_OF,1,FR-795634387fe2fc4f
HP-00018502,HP-00018501,FATHER_OF,1,FR-08f819928e2034d4
HP-00018396,HP-00018505,FATHER_OF,1,FR-9b4a939d8c63e000
HP-00018510,HP-00018509,FATHER_OF,1,FR-2847c72d3edbf27f
HP-00018514,HP-00018513,FATHER_OF,1,FR-f73c5450bacacf25
HP-00018518,HP-00018517,FATHER_OF,1,FR-5aee5cb67c1603a4
HP-00018522,HP-00018521,FATHER_OF,1,FR-ec71b2e2aea08fb0
HP-00018530,HP-00018529,FATHER_OF,1,FR-730a396de5738944
HP-00018534,HP-00018533,FATHER_OF,1,FR-3243e7d5837a6d62
HP-00018139,HP-00018537,FATHER_OF,1,FR-2b65a75a2f7f896d
HP-00018542,HP-00018541,FATHER_OF,1,FR-597c877a8cbd6c66
HP-00018546,HP-00018545,FATHER_OF,1,FR-a3d78fc463f96361
HP-00018550,HP-00018549,FATHER_OF,1,FR-1126311e75ee83ed
HP-00017126,HP-00018557,FATHER_OF,1,FR-9074c687bc9f5401
HP-00018562,HP-00018561,FATHER_OF,1,FR-c68e4f6c6ca3ac15
HP-00018570,HP-00018569,FATHER_OF,1,FR-dee42cf0d3fc30d9
HP-00018574,HP-00018573,FATHER_OF,1,FR-2e7511f2a6a33313
HP-00018578,HP-00018577,FATHER_OF,1,FR-ca37838165f04d65
HP-00018593,HP-00018592,FATHER_OF,1,FR-d0a1d015113f9e4c
HP-00018597,HP-00018596,FATHER_OF,1,FR-354bf5ec4d153365
HP-00018601,HP-00018600,FATHER_OF,1,FR-c060d286a6b9709c
HP-00018605,HP-00018604,FATHER_OF,1,FR-6d2337b2c6c10a71
HP-00018609,HP-00018608,FATHER_OF,1,FR-445dc8e0778008a4
HP-00018468,HP-00018618,FATHER_OF,1,FR-43a389eab228b6f3
HP-00018623,HP-00018622,FATHER_OF,1,FR-4f8bc215d49b2958
HP-00018627,HP-00018626,FATHER_OF,1,FR-8a902baa9037e2b3
HP-00018631,HP-00018630,FATHER_OF,1,FR-f92dc52bc509452a
HP-00018642,HP-00018641,FATHER_OF,1,FR-f6ec1af227e4fc6e
HP-00018650,HP-00018649,FATHER_OF,1,FR-3e7acd91c9112af5
HP-00018658,HP-00018657,FATHER_OF,1,FR-702db3ff53e228ae
HP-00018662,HP-00018661,FATHER_OF,1,FR-18b9e320982e963d
HP-00018666,HP-00018665,FATHER_OF,1,FR-195554f586da9a36
HP-00018670,HP-00018669,FATHER_OF,1,FR-3121d19c42d37946
HP-00018674,HP-00018673,FATHER_OF,1,FR-d623d3401d57c9e6
HP-00018678,HP-00018677,FATHER_OF,1,FR-61d1eadfceac4920
HP-00018682,HP-00018681,FATHER_OF,1,FR-34b9522a752bbbac
HP-00018698,HP-00018697,FATHER_OF,1,FR-28a2b1cf8c12dcbb
HP-00018702,HP-00018701,FATHER_OF,1,FR-e48ce116cd6bdf3a
HP-00018706,HP-00018705,FATHER_OF,1,FR-660fd0523a9b6d4e
HP-00018714,HP-00018713,FATHER_OF,1,FR-c3c5553d43b14b45
HP-00018722,HP-00018721,FATHER_OF,1,FR-a68ef015bfb137ba
HP-00018729,HP-00018728,FATHER_OF,1,FR-ca420b9a494efbba
HP-00018741,HP-00018740,FATHER_OF,1,FR-556b441f18b95be5
HP-00018396,HP-00018744,FATHER_OF,1,FR-45a8341d30c0dc57
HP-00018753,HP-00018752,FATHER_OF,1,FR-34baf257d0b69ca8
HP-00018764,HP-00018763,FATHER_OF,1,FR-666e8a2835cffaf0
HP-00018771,HP-00018770,FATHER_OF,1,FR-17cecbcedef22f7f
HP-00018783,HP-00018782,FATHER_OF,1,FR-255f426279d94f24
HP-00018791,HP-00018790,FATHER_OF,1,FR-62b7582d014933fe
HP-00018795,HP-00018794,FATHER_OF,1,FR-8f11cd1379b6a82e
HP-00016915,HP-00018798,FATHER_OF,1,FR-92695f9cb542f612
HP-00017925,HP-00018802,FATHER_OF,1,FR-6d4e08c4b1ad03e6
HP-00018807,HP-00018806,FATHER_OF,1,FR-dac07fbf9990b84d
HP-00017952,HP-00018810,FATHER_OF,1,FR-bdd415195f915ff5
HP-00018815,HP-00018814,FATHER_OF,1,FR-dea09755c7202a4d
HP-00018819,HP-00018818,FATHER_OF,1,FR-5d589eeb8a12db26
HP-00018823,HP-00018822,FATHER_OF,1,FR-07a6fd2a677c7e45
HP-00018830,HP-00018829,FATHER_OF,1,FR-52bf22b9bc71f47f
HP-00018834,HP-00018833,FATHER_OF,1,FR-d2d7e58a2aa65c63
HP-00018578,HP-00018837,FATHER_OF,1,FR-72dda3eeb8f68ad4
HP-00018842,HP-00018841,FATHER_OF,1,FR-2675a28701a9217d
HP-00018850,HP-00018849,FATHER_OF,1,FR-bf520e3a051569e9
HP-00018352,HP-00018853,FATHER_OF,1,FR-beac91b0919458fb
HP-00018858,HP-00018857,FATHER_OF,1,FR-566512a4a9efe3a1
HP-00018862,HP-00018861,FATHER_OF,1,FR-57c4f204b6317646
HP-00018866,HP-00018865,FATHER_OF,1,FR-117e084b045d476c
HP-00018870,HP-00018869,FATHER_OF,1,FR-fbada42650f049fe
HP-00018874,HP-00018873,FATHER_OF,1,FR-e0a1c3d2fa51ad78
HP-00018894,HP-00018893,FATHER_OF,1,FR-1280b723fc131be6
HP-00018902,HP-00018901,FATHER_OF,1,FR-e1baa0437b9fa817
HP-00018910,HP-00018909,FATHER_OF,1,FR-a8e6f59dee656808
HP-00018918,HP-00018917,FATHER_OF,1,FR-126c8bee8c217e5e
HP-00018926,HP-00018925,FATHER_OF,1,FR-01e5f7fe1cfcc8f6
HP-00010042,HP-00018929,FATHER_OF,1,FR-9ff1db68be20d2cf
HP-00018938,HP-00018937,FATHER_OF,1,FR-36a035b4a57e5ab1
HP-00018942,HP-00018941,FATHER_OF,1,FR-a1da39ee497dc9ce
HP-00018953,HP-00018952,FATHER_OF,1,FR-269e22f972a56951
HP-00018957,HP-00018956,FATHER_OF,1,FR-0f451b5c72f4cad8
HP-00018961,HP-00018960,FATHER_OF,1,FR-a4e71ef1e30eb695
HP-00018965,HP-00018964,FATHER_OF,1,FR-9558d5ff8512c77c
HP-00018973,HP-00018972,FATHER_OF,1,FR-63f167a95030c950
HP-00018977,HP-00018976,FATHER_OF,1,FR-67f222f86b53f047
HP-00018981,HP-00018980,FATHER_OF,1,FR-4af7d8eaaaf43a64
HP-00018989,HP-00018988,FATHER_OF,1,FR-0e8c4683790cb07d
HP-00018997,HP-00018996,FATHER_OF,1,FR-4e94d5973ae00015
HP-00019005,HP-00019004,FATHER_OF,1,FR-8ff1118a650b1afe
HP-00018195,HP-00019008,FATHER_OF,1,FR-5a02771e8eae85b2
HP-00019013,HP-00019012,FATHER_OF,1,FR-7f317f154025cf9a
HP-00019017,HP-00019016,FATHER_OF,1,FR-540589f691fd216e
HP-00019021,HP-00019020,FATHER_OF,1,FR-a11ef788c88ac92f
HP-00019025,HP-00019024,FATHER_OF,1,FR-37f8065659e4f711
HP-00019029,HP-00019028,FATHER_OF,1,FR-71c82caf07a01a29
HP-00019041,HP-00019040,FATHER_OF,1,FR-36f2d17d139be94e
HP-00019057,HP-00019056,FATHER_OF,1,FR-a90aa2d1e074e354
HP-00019065,HP-00019064,FATHER_OF,2,FR-d1262ba5419481f1
HP-00019069,HP-00019068,FATHER_OF,1,FR-824d4496dbafb22e
HP-00019073,HP-00019072,FATHER_OF,1,FR-b43e691aa70c1446
HP-00019081,HP-00019080,FATHER_OF,1,FR-e2685d07cca76b4d
HP-00019085,HP-00019084,FATHER_OF,1,FR-7ceaf257eb66e8e0
HP-00015087,HP-00019088,FATHER_OF,1,FR-6abe8d0137528126
HP-00019093,HP-00019092,FATHER_OF,1,FR-4eaa50d00717639c
HP-00019097,HP-00019096,FATHER_OF,1,FR-d67963db397de017
HP-00009500,HP-00019100,FATHER_OF,1,FR-9e11b0e5c2aa575d
HP-00019109,HP-00019108,FATHER_OF,1,FR-f4f4304dd3f12813
HP-00019113,HP-00019112,FATHER_OF,1,FR-3119d42b2eaeb360
HP-00019117,HP-00019116,FATHER_OF,1,FR-e2cfb253e5b87a69
HP-00019121,HP-00019120,FATHER_OF,1,FR-bfc9fecc77d62a09
HP-00019125,HP-00019124,FATHER_OF,1,FR-e5fb35996be9843a
HP-00019129,HP-00019128,FATHER_OF,1,FR-3f0f4fa5d3cb0939
HP-00019137,HP-00019136,FATHER_OF,1,FR-ef9dac86c899596f
HP-00019149,HP-00019148,FATHER_OF,1,FR-6b7889e7a6fdc8fd
HP-00019153,HP-00019152,FATHER_OF,1,FR-49eea3a7c70b0c68
HP-00019157,HP-00019156,FATHER_OF,1,FR-6053dc1e5706dd6a
HP-00019165,HP-00019164,FATHER_OF,1,FR-995f06c73de6dd4c
HP-00019169,HP-00019168,FATHER_OF,1,FR-c5c8e26bf7cbee48
HP-00019173,HP-00019172,FATHER_OF,1,FR-cd4c3ec094f676eb
HP-00019177,HP-00019176,FATHER_OF,1,FR-b155734ef27f9a6a
HP-00019185,HP-00019184,FATHER_OF,1,FR-bb048fa5851aa86e
HP-00019193,HP-00019192,FATHER_OF,1,FR-bb6d7d0a4d3e723a
HP-00019197,HP-00019196,FATHER_OF,1,FR-d6f6a4bb974622e3
HP-00019201,HP-00019200,FATHER_OF,1,FR-caee4b205c5a9cfc
HP-00019217,HP-00019216,FATHER_OF,1,FR-60f91f077acbb7da
HP-00019221,HP-00019220,FATHER_OF,1,FR-80d5321c01e6159a
HP-00019229,HP-00019228,FATHER_OF,1,FR-23670cb1cb9c4f93
HP-00019233,HP-00019232,FATHER_OF,1,FR-e943cf48c9540476
HP-00019241,HP-00019240,FATHER_OF,1,FR-72b10ecdae6f0268
HP-00019245,HP-00019244,FATHER_OF,1,FR-167c6622a1916d4a
HP-00019249,HP-00019248,FATHER_OF,1,FR-de9e37efbe368ccf
HP-00019257,HP-00019256,FATHER_OF,1,FR-4c982b789c87c143
HP-00019265,HP-00019264,FATHER_OF,1,FR-f191dcf26b1c8c9b
HP-00019269,HP-00019268,FATHER_OF,1,FR-68a5348d1ac355b9
HP-00017126,HP-00019272,FATHER_OF,1,FR-8b657ad9beb91c49
HP-00019277,HP-00019276,FATHER_OF,1,FR-5ec4ae38ca83b17d
HP-00019289,HP-00019288,FATHER_OF,1,FR-be89824fe4f4cfa4
HP-00019293,HP-00019292,FATHER_OF,1,FR-8102fcacaabcea12
HP-00019297,HP-00019296,FATHER_OF,1,FR-325c88b11159e623
HP-00019307,HP-00019306,FATHER_OF,1,FR-c0f2a4e145ea25f7
HP-00019315,HP-00019314,FATHER_OF,1,FR-ce0e431379528989
HP-00019319,HP-00019318,FATHER_OF,1,FR-edb1cd7a4453570a
HP-00019323,HP-00019322,FATHER_OF,1,FR-a5916c8b2961bd0c
HP-00019327,HP-00019326,FATHER_OF,1,FR-12c9d6af0facd7f4
HP-00019125,HP-00019330,FATHER_OF,1,FR-817dd2b58843d7a0
HP-00019336,HP-00019335,FATHER_OF,1,FR-1be16f98af3e44a2
HP-00019340,HP-00019339,FATHER_OF,1,FR-55ef979d1f6d4504
HP-00019348,HP-00019347,FATHER_OF,1,FR-8f68c56c1218d569
HP-00019352,HP-00019351,FATHER_OF,1,FR-85100cb6b1c52e19
HP-00019360,HP-00019359,FATHER_OF,1,FR-38eab57357058e89
HP-00019364,HP-00019363,FATHER_OF,1,FR-a08da8c9fd692a06
HP-00019368,HP-00019367,FATHER_OF,1,FR-075b0ac75d500be1
HP-00019392,HP-00019391,FATHER_OF,1,FR-c52ac50604e359f7
HP-00019400,HP-00019399,FATHER_OF,1,FR-4d0fe94bb004b58b
HP-00019404,HP-00019403,FATHER_OF,1,FR-13d654a4aca7e09a
HP-00019416,HP-00019415,FATHER_OF,1,FR-8c326e4f97b3aae2
HP-00019420,HP-00019419,FATHER_OF,1,FR-8cf40943024560b7
HP-00019428,HP-00019427,FATHER_OF,1,FR-1fa77de6655b41f7
HP-00019432,HP-00019431,FATHER_OF,1,FR-2274b42df732c9fb
HP-00019436,HP-00019435,FATHER_OF,1,FR-87829b38f74c0b34
HP-00019440,HP-00019439,FATHER_OF,1,FR-508db827aee1f50d
HP-00019444,HP-00019443,FATHER_OF,1,FR-cefc37a1d89787fc
HP-00019448,HP-00019447,FATHER_OF,1,FR-117aaa51db77f212
HP-00019452,HP-00019451,FATHER_OF,1,FR-119d4d002797fa4d
HP-00019456,HP-00019455,FATHER_OF,1,FR-dfc3705edd855663
HP-00019472,HP-00019471,FATHER_OF,1,FR-7ea8f140e1df3dd6
HP-00019476,HP-00019475,FATHER_OF,1,FR-920db5696ea9cdfe
HP-00019484,HP-00019483,FATHER_OF,1,FR-8fb0cd75cc6d808d
HP-00019496,HP-00019495,FATHER_OF,1,FR-8e098cbb166783a3
HP-00019500,HP-00019499,FATHER_OF,1,FR-c32dfbcd61c073da
HP-00019504,HP-00019503,FATHER_OF,1,FR-9ae91573361e0cfb
HP-00019508,HP-00019507,FATHER_OF,1,FR-39738de2b0b0f483
HP-00019512,HP-00019511,FATHER_OF,1,FR-9c13808a1fe5f674
HP-00019516,HP-00019515,FATHER_OF,1,FR-7fa6f30c5172d49f
HP-00019520,HP-00019519,FATHER_OF,1,FR-5136b9e9310045dd
HP-00019528,HP-00019527,FATHER_OF,1,FR-f99ef87640813339
HP-00019532,HP-00019531,FATHER_OF,1,FR-493247d1b2047ac5
HP-00019536,HP-00019535,FATHER_OF,1,FR-b1420e20beaa8f55
HP-00019560,HP-00019559,FATHER_OF,1,FR-8e5887e075e906bb
HP-00019568,HP-00019567,FATHER_OF,1,FR-ea1d751d20147806
HP-00019572,HP-00019571,FATHER_OF,1,FR-962b1d20eba17af2
HP-00019577,HP-00019576,FATHER_OF,1,FR-54389f636ce0eb82
HP-00019581,HP-00019580,FATHER_OF,1,FR-35d54ae401a64939
HP-00019589,HP-00019588,FATHER_OF,1,FR-daeb393f51925393
HP-00019601,HP-00019600,FATHER_OF,1,FR-4e9edba690ea05cf
HP-00019605,HP-00019604,FATHER_OF,1,FR-970db27736a3265b
HP-00019613,HP-00019612,FATHER_OF,1,FR-4b9d9e8cc563cee5
HP-00019621,HP-00019620,FATHER_OF,1,FR-9bdd3570a0119b4f
HP-00019625,HP-00019624,FATHER_OF,1,FR-6f0e9bf92c94ccd2
HP-00019629,HP-00019628,FATHER_OF,1,FR-078968c764998b51
HP-00019641,HP-00019640,FATHER_OF,1,FR-b2b5bc093a3afce9
HP-00017952,HP-00019644,FATHER_OF,1,FR-a566c6027b621737
HP-00019649,HP-00019648,FATHER_OF,1,FR-145994ec7e6d69cb
HP-00019657,HP-00019656,FATHER_OF,1,FR-fc7e8c9d20a3562f
HP-00019669,HP-00019668,FATHER_OF,1,FR-df04fac8b787808a
HP-00019673,HP-00019672,FATHER_OF,1,FR-745333d7010e3433
HP-00019289,HP-00019676,FATHER_OF,1,FR-3f686cb482c3b5bf
HP-00019681,HP-00019680,FATHER_OF,1,FR-56ecc18e785da39d
HP-00019689,HP-00019688,FATHER_OF,1,FR-b1dc56a78f8b9535
HP-00019693,HP-00019692,FATHER_OF,1,FR-786149630f1fbb6f
HP-00019705,HP-00019704,FATHER_OF,1,FR-3582242c82a8f896
HP-00019709,HP-00019708,FATHER_OF,1,FR-7a42b883a8a026d4
HP-00019713,HP-00019712,FATHER_OF,1,FR-2b8b885bd59380f2
HP-00019717,HP-00019716,FATHER_OF,1,FR-5c69f5188ca4d60d
HP-00019721,HP-00019720,FATHER_OF,1,FR-42fb282768cc3138
HP-00019725,HP-00019724,FATHER_OF,1,FR-22c0f89431d4b037
HP-00019729,HP-00019728,FATHER_OF,1,FR-be299ce077cab908
HP-00019733,HP-00019732,FATHER_OF,1,FR-24aa195db3cb45e0
HP-00019737,HP-00019736,FATHER_OF,1,FR-4fde63ddbc5551dc
HP-00019741,HP-00019740,FATHER_OF,1,FR-d08d93cf652475b4
HP-00019745,HP-00019744,FATHER_OF,1,FR-7b3128a767c0a553
HP-00019753,HP-00019752,FATHER_OF,1,FR-95984727e2eed1dd
HP-00019765,HP-00019764,FATHER_OF,1,FR-bac508ac246d9dd0
HP-00019769,HP-00019768,FATHER_OF,1,FR-7fd959a4cb43d94e
HP-00019773,HP-00019772,FATHER_OF,1,FR-cd1996cf4268c96b
HP-00019777,HP-00019776,FATHER_OF,1,FR-ee3341d4b9c5ab50
HP-00019785,HP-00019784,FATHER_OF,1,FR-5b43edd5325d7b20
HP-00019789,HP-00019788,FATHER_OF,1,FR-778aa9297884ecf0
HP-00019797,HP-00019796,FATHER_OF,1,FR-4443e79c1778c3df
HP-00019801,HP-00019800,FATHER_OF,1,FR-0d2c6949579cd335
HP-00010042,HP-00019804,FATHER_OF,1,FR-4c73d8487891c09e
HP-00019809,HP-00019808,FATHER_OF,1,FR-ac405b6bf0fb5f88
HP-00019813,HP-00019812,FATHER_OF,1,FR-283cd3f3f7ef4623
HP-00019817,HP-00019816,FATHER_OF,1,FR-383cf0a4794e9ef6
HP-00019825,HP-00019824,FATHER_OF,1,FR-5d8e0543ac0b5d8b
HP-00019536,HP-00019828,FATHER_OF,1,FR-38bfac133ae3fcdf
HP-00019837,HP-00019836,FATHER_OF,1,FR-240d6afd51bbc6b0
HP-00019845,HP-00019844,FATHER_OF,1,FR-c8f09aa0f51c2e1d
HP-00019853,HP-00019852,FATHER_OF,1,FR-b3938e10c38fd9ee
HP-00019857,HP-00019856,FATHER_OF,1,FR-99531047d5c84694
HP-00019861,HP-00019860,FATHER_OF,1,FR-505afaa04c49d6dd
HP-00019865,HP-00019864,FATHER_OF,1,FR-c4d4f0acd55a2db2
HP-00019877,HP-00019876,FATHER_OF,1,FR-9c4022b68104b45f
HP-00019881,HP-00019880,FATHER_OF,1,FR-078c819749b9c958
HP-00019885,HP-00019884,FATHER_OF,1,FR-80bd93b1f09268cf
HP-00019889,HP-00019888,FATHER_OF,1,FR-aa26effbd2540a33
HP-00019893,HP-00019892,FATHER_OF,1,FR-f576da32b01df94a
HP-00018279,HP-00019896,FATHER_OF,1,FR-3b5c0797753ab0c7
HP-00019901,HP-00019900,FATHER_OF,1,FR-7a41ce5dd89f469c
HP-00019909,HP-00019908,FATHER_OF,1,FR-32b979c34eb5a919
HP-00019917,HP-00019916,FATHER_OF,1,FR-1e46b64cca9b6b2f
HP-00019925,HP-00019924,FATHER_OF,1,FR-91182f50f88d66f6
HP-00019933,HP-00019932,FATHER_OF,1,FR-d49af9a41195e7f5
HP-00019937,HP-00019936,FATHER_OF,1,FR-6dc5e9cb7aba6dc9
HP-00019941,HP-00019940,FATHER_OF,1,FR-ab6b7cc47c59144c
HP-00019945,HP-00019944,FATHER_OF,1,FR-b11b3e5f43cbd783
HP-00019949,HP-00019948,FATHER_OF,1,FR-01b0a657d226be8e
HP-00019957,HP-00019956,FATHER_OF,1,FR-9fcd1a71ec787d17
HP-00019965,HP-00019964,FATHER_OF,1,FR-74133fe4f52b7ba3
HP-00019969,HP-00019968,FATHER_OF,1,FR-548deaf0e5973911
HP-00011365,HP-00019976,FATHER_OF,1,FR-3116cc254761744e
HP-00019981,HP-00019980,FATHER_OF,1,FR-439d37abd4816065
HP-00019985,HP-00019984,FATHER_OF,1,FR-bcf1eb7239d37271
HP-00019989,HP-00019988,FATHER_OF,1,FR-24143b1a457471b2
HP-00019993,HP-00019992,FATHER_OF,1,FR-809fd3f9519d6046
HP-00020001,HP-00020000,FATHER_OF,1,FR-d10b63e86436a832
HP-00020005,HP-00020004,FATHER_OF,1,FR-a8fedc8d6030cb2b
HP-00020009,HP-00020008,FATHER_OF,1,FR-9eca4fbd175b287b
HP-00020013,HP-00020012,FATHER_OF,1,FR-da3895941bb11a01
HP-00020017,HP-00020016,FATHER_OF,1,FR-3b2794446ceed5c2
HP-00020025,HP-00020024,FATHER_OF,1,FR-fdf13cdc2d09a233
HP-00020029,HP-00020028,FATHER_OF,1,FR-f78da9febc9d7c20
HP-00020033,HP-00020032,FATHER_OF,1,FR-18ac3eb332357fbb
HP-00020037,HP-00020036,FATHER_OF,1,FR-85540502b137d36b
HP-00020041,HP-00020040,FATHER_OF,1,FR-96f3d6e4b1ea74f5
HP-00020045,HP-00020044,FATHER_OF,1,FR-42de86a22c369268
HP-00020053,HP-00020052,FATHER_OF,1,FR-49601f8437d7ae0e
HP-00020057,HP-00020056,FATHER_OF,1,FR-324fef67172f787c
HP-00020061,HP-00020060,FATHER_OF,1,FR-4912a47766bc1a30
HP-00020065,HP-00020064,FATHER_OF,1,FR-77509a58b0d55781
HP-00020073,HP-00020072,FATHER_OF,1,FR-5da7c6d49a112902
HP-00020077,HP-00020076,FATHER_OF,1,FR-c5a2bd713b05a57e
HP-00020081,HP-00020080,FATHER_OF,1,FR-3e3720a53e516608
HP-00020085,HP-00020084,FATHER_OF,1,FR-db152f6eb3fd93d8
HP-00012480,HP-00020087,FATHER_OF,1,FR-e4d557bea541d833
HP-00020100,HP-00020099,FATHER_OF,1,FR-1570e38d5656d6b4
HP-00020104,HP-00020103,FATHER_OF,1,FR-fd968789c499f522
HP-00020108,HP-00020107,FATHER_OF,1,FR-12398b5d1de25501
HP-00020112,HP-00020111,FATHER_OF,1,FR-e27f7e1cde57e819
HP-00020116,HP-00020115,FATHER_OF,1,FR-5e923e58ea9f825b
HP-00020120,HP-00020119,FATHER_OF,1,FR-71c808c76f439925
HP-00020140,HP-00020139,FATHER_OF,1,FR-d362c03462d6912e
HP-00020144,HP-00020143,FATHER_OF,1,FR-496a05a694ec7a11
HP-00020148,HP-00020147,FATHER_OF,1,FR-bd0062cfd05a591f
HP-00019476,HP-00020155,FATHER_OF,2,FR-a893e6693fbbc106
HP-00020160,HP-00020159,FATHER_OF,1,FR-efa572bcc21796db
HP-00020176,HP-00020175,FATHER_OF,1,FR-c9418282ab18c340
HP-00020192,HP-00020191,FATHER_OF,1,FR-1a2267fc5567c1b5
HP-00019125,HP-00020195,FATHER_OF,1,FR-e2a695248f9e8c7b
HP-00020200,HP-00020199,FATHER_OF,1,FR-164c3f83a5742b05
HP-00020208,HP-00020207,FATHER_OF,1,FR-67c5a9af228eb9a5
HP-00020220,HP-00020219,FATHER_OF,1,FR-cab98254b97e03ff
HP-00020224,HP-00020223,FATHER_OF,1,FR-5a369e519d114627
HP-00020228,HP-00020227,FATHER_OF,1,FR-48702a55fdc7af30
HP-00020248,HP-00020247,FATHER_OF,1,FR-92ac70ae3a58062b
HP-00020260,HP-00020259,FATHER_OF,1,FR-4fd1bceb761d13be
HP-00018468,HP-00020263,FATHER_OF,1,FR-d920445f6e6f2068
HP-00019777,HP-00020267,FATHER_OF,1,FR-f72b43855d00299e
HP-00020272,HP-00020271,FATHER_OF,1,FR-a07521aaa06f9194
HP-00020280,HP-00020279,FATHER_OF,1,FR-0f8bd5499e8f960e
HP-00020284,HP-00020283,FATHER_OF,1,FR-460a1d9b69ae7028
HP-00020292,HP-00020291,FATHER_OF,1,FR-8933c6b0a02ee607
HP-00020296,HP-00020295,FATHER_OF,1,FR-ef1fffe9b0fb56ee
HP-00020300,HP-00020299,FATHER_OF,1,FR-0f3291bd8fc3eca2
HP-00020308,HP-00020307,FATHER_OF,1,FR-6f314ea187d0c2db
HP-00020312,HP-00020311,FATHER_OF,1,FR-2174f4aa8a2ab60a
HP-00020320,HP-00020319,FATHER_OF,1,FR-91ed49b577d968dd
HP-00020332,HP-00020331,FATHER_OF,1,FR-1442325b23c8debc
HP-00020336,HP-00020335,FATHER_OF,1,FR-191f76ef78820486
HP-00020340,HP-00020339,FATHER_OF,1,FR-691b08170c357947
HP-00020344,HP-00020343,FATHER_OF,1,FR-1ef9e8bb9c089e43
HP-00020352,HP-00020351,FATHER_OF,1,FR-d037452e1eaa8a70
HP-00020356,HP-00020355,FATHER_OF,1,FR-6390f551203d3a2d
HP-00020360,HP-00020359,FATHER_OF,1,FR-8c78bb4186bd56dc
HP-00020364,HP-00020363,FATHER_OF,1,FR-198c23d00007ff4c
HP-00020372,HP-00020371,FATHER_OF,1,FR-b9da0646a6738b66
HP-00020376,HP-00020375,FATHER_OF,1,FR-291539167fa03bb7
HP-00020380,HP-00020379,FATHER_OF,1,FR-1713949ab4739688
HP-00020392,HP-00020391,FATHER_OF,1,FR-2822d89f1a3e19dd
HP-00020396,HP-00020395,FATHER_OF,1,FR-09f16431af8410be
HP-00020404,HP-00020403,FATHER_OF,1,FR-84e057528616e752
HP-00020408,HP-00020407,FATHER_OF,1,FR-2cd6268122db3706
HP-00020412,HP-00020411,FATHER_OF,1,FR-187c22c949ad5ab7
HP-00020416,HP-00020415,FATHER_OF,1,FR-06f06680b53264f3
HP-00020436,HP-00020435,FATHER_OF,1,FR-fb979f2560a98fab
HP-00020444,HP-00020443,FATHER_OF,1,FR-212434bc38c8d59e
HP-00020448,HP-00020447,FATHER_OF,1,FR-92d967b4975daa39
HP-00020452,HP-00020451,FATHER_OF,1,FR-95725c03bb8317d0
HP-00020464,HP-00020463,FATHER_OF,1,FR-fb253e34e4729e2b
HP-00020468,HP-00020467,FATHER_OF,1,FR-e248429277b241c8
HP-00020476,HP-00020475,FATHER_OF,1,FR-3ab77210d5394503
HP-00019572,HP-00020479,FATHER_OF,1,FR-0fa56e8d504128e9
HP-00020484,HP-00020483,FATHER_OF,1,FR-3c47c23d0f053274
HP-00020488,HP-00020487,FATHER_OF,1,FR-b8f9c66f36b6d81a
HP-00020500,HP-00020499,FATHER_OF,1,FR-d999ad96d840bdf3
HP-00020504,HP-00020503,FATHER_OF,1,FR-51ae664bf7bb8f03
HP-00020508,HP-00020507,FATHER_OF,1,FR-7785b53c72f69124
HP-00020524,HP-00020523,FATHER_OF,2,FR-ac5d5b34b9d16f7a
HP-00020528,HP-00020527,FATHER_OF,1,FR-a15fd3e551d24cfa
HP-00020532,HP-00020531,FATHER_OF,1,FR-a27428d0ef820934
HP-00019073,HP-00020535,FATHER_OF,1,FR-87f60d71f6c8439e
HP-00020544,HP-00020543,FATHER_OF,1,FR-6aa6989477d243a9
HP-00020548,HP-00020547,FATHER_OF,1,FR-8fb57b38316bbf0e
HP-00020552,HP-00020551,FATHER_OF,1,FR-1a33789bddb8130e
HP-00020564,HP-00020563,FATHER_OF,1,FR-c85bf9c2b49111eb
HP-00020572,HP-00020571,FATHER_OF,1,FR-03b9020df509ac59
HP-00020580,HP-00020579,FATHER_OF,1,FR-2b997b212f17a1f3
HP-00020584,HP-00020583,FATHER_OF,1,FR-d7f496d81e89d0e0
HP-00020588,HP-00020587,FATHER_OF,1,FR-808f04b74af3db97
HP-00020596,HP-00020595,FATHER_OF,1,FR-a2005a488c25f1a9
HP-00020604,HP-00020603,FATHER_OF,1,FR-26a212af31be93b1
HP-00020612,HP-00020611,FATHER_OF,1,FR-a0bf43fc88435f3f
HP-00020620,HP-00020619,FATHER_OF,1,FR-9f36f515364c5121
HP-00020624,HP-00020623,FATHER_OF,2,FR-910cf7f549946a31
HP-00020640,HP-00020639,FATHER_OF,1,FR-2a9f87b4f48b0649
HP-00020652,HP-00020651,FATHER_OF,1,FR-cb7c530cdc03a8df
HP-00020656,HP-00020655,FATHER_OF,1,FR-967d45c3da8cda71
HP-00020664,HP-00020663,FATHER_OF,1,FR-22fc447f7344b1f0
HP-00020668,HP-00020667,FATHER_OF,1,FR-b28b4fb265f4a9dd
HP-00020672,HP-00020671,FATHER_OF,1,FR-d52cb2c0f4ffeeda
HP-00020676,HP-00020675,FATHER_OF,1,FR-a551d9869f792252
HP-00020684,HP-00020683,FATHER_OF,1,FR-4ec23890f4993932
HP-00020688,HP-00020687,FATHER_OF,1,FR-9cecbb32b98b0534
HP-00020692,HP-00020691,FATHER_OF,1,FR-2839513131034290
HP-00020077,HP-00020695,FATHER_OF,1,FR-e38fa0b67589e137
HP-00020700,HP-00020699,FATHER_OF,1,FR-cfb5f3a27fc77a8a
HP-00020708,HP-00020707,FATHER_OF,1,FR-82cbf06cf34f9dc9
HP-00020720,HP-00020719,FATHER_OF,1,FR-1f76b7793c76632b
HP-00020724,HP-00020723,FATHER_OF,1,FR-4d19eefbe495141a
HP-00020728,HP-00020727,FATHER_OF,1,FR-b4a80130fde0a1a2
HP-00020732,HP-00020731,FATHER_OF,1,FR-24fdebed923ea5ed
HP-00020736,HP-00020735,FATHER_OF,1,FR-951e1494b204d3a0
HP-00020758,HP-00020757,FATHER_OF,1,FR-1cde63fb505bb549
HP-00020766,HP-00020765,FATHER_OF,1,FR-f049586c15bf27ae
HP-00020770,HP-00020769,FATHER_OF,1,FR-51b46295a187781c
HP-00020773,HP-00020772,FATHER_OF,1,FR-f367068b3eb7f19e
HP-00020781,HP-00020780,FATHER_OF,1,FR-8df7230b270cf96b
HP-00020785,HP-00020784,FATHER_OF,1,FR-9c7f5ec26b283d9c
HP-00020813,HP-00020812,FATHER_OF,1,FR-342ab9a2ddd363b9
HP-00020817,HP-00020816,FATHER_OF,1,FR-580c4b618b31b235
HP-00020821,HP-00020820,FATHER_OF,1,FR-4f4834f0e339c039
HP-00012480,HP-00020828,FATHER_OF,1,FR-dfcab3dfd4b5323d
HP-00020837,HP-00020836,FATHER_OF,1,FR-4b8e87c536604a83
HP-00020841,HP-00020840,FATHER_OF,1,FR-cfe5e0aebc263dc1
HP-00015642,HP-00020848,FATHER_OF,1,FR-34068c87824b8857
HP-00020865,HP-00020864,FATHER_OF,1,FR-1c90bc9e4634416a
HP-00020869,HP-00020868,FATHER_OF,1,FR-edd487af3526128a
HP-00020873,HP-00020872,FATHER_OF,1,FR-c133900246e53322
HP-00020885,HP-00020884,FATHER_OF,1,FR-68287930ca8c0451
HP-00020889,HP-00020888,FATHER_OF,1,FR-c6d5a9055c395e73
HP-00020901,HP-00020900,FATHER_OF,1,FR-cc200b87ec03214c
HP-00020905,HP-00020904,FATHER_OF,1,FR-1efe3b1296619dcd
HP-00020909,HP-00020908,FATHER_OF,1,FR-bbaa41c0f297692e
HP-00020913,HP-00020912,FATHER_OF,1,FR-58cc1fb5af6273b9
HP-00020921,HP-00020920,FATHER_OF,1,FR-43ad02bceb5eb4c8
HP-00020925,HP-00020924,FATHER_OF,1,FR-32e404a60e8202fd
HP-00020933,HP-00020932,FATHER_OF,1,FR-06e0d178a7d9341f
HP-00019476,HP-00020936,FATHER_OF,1,FR-750a6ba4851808ec
HP-00020941,HP-00020940,FATHER_OF,1,FR-d876a40c00a4e427
HP-00020945,HP-00020944,FATHER_OF,1,FR-f4bfca16b0d17811
HP-00013767,HP-00020948,FATHER_OF,1,FR-2d331af5de5ad88e
HP-00020953,HP-00020952,FATHER_OF,1,FR-38f806f67b8ccfcc
HP-00020957,HP-00020956,FATHER_OF,1,FR-b1281bfc24a94d82
HP-00020260,HP-00020968,FATHER_OF,1,FR-c3fde6e3dea74f23
HP-00020973,HP-00020972,FATHER_OF,1,FR-a3cf517fd56b34ee
HP-00020977,HP-00020976,FATHER_OF,1,FR-4ff6f52e90baadb1
HP-00020985,HP-00020984,FATHER_OF,1,FR-74c06382b565650c
HP-00020708,HP-00020992,FATHER_OF,1,FR-c103db991b606627
HP-00020997,HP-00020996,FATHER_OF,1,FR-1b8a329046937cb5
HP-00019303,HP-00021000,FATHER_OF,1,FR-ec34f73520384c49
HP-00021005,HP-00021004,FATHER_OF,1,FR-680b11de9970400b
HP-00021013,HP-00021012,FATHER_OF,1,FR-df6f5035453023af
HP-00020041,HP-00021031,FATHER_OF,1,FR-d5832a327fbfa814
HP-00021036,HP-00021035,FATHER_OF,1,FR-699cc1d2693e6553
HP-00021044,HP-00021043,FATHER_OF,1,FR-c6d60c1be7ee86bb
HP-00021052,HP-00021051,FATHER_OF,1,FR-4e157aa203846471
HP-00021056,HP-00021055,FATHER_OF,1,FR-fb5562f327a6fbbd
HP-00021060,HP-00021059,FATHER_OF,1,FR-c006a13c6ad1db44
HP-00020077,HP-00021067,FATHER_OF,1,FR-99414104a44ff3e0
HP-00021092,HP-00021091,FATHER_OF,1,FR-778ecdc44e55a935
HP-00021100,HP-00021099,FATHER_OF,1,FR-633b149a0f20673c
HP-00021104,HP-00021103,FATHER_OF,1,FR-854db1f02ed09725
HP-00021108,HP-00021107,FATHER_OF,1,FR-a88957b6d884d0a0
HP-00021111,HP-00021110,FATHER_OF,1,FR-d45d22ed6a15834a
HP-00021127,HP-00021126,FATHER_OF,1,FR-7081908549f7949f
HP-00021139,HP-00021138,FATHER_OF,1,FR-1a4bff2946e4dd51
HP-00021143,HP-00021142,FATHER_OF,1,FR-c275f3a01d28167a
HP-00021147,HP-00021146,FATHER_OF,1,FR-87bf9e9dbddda7f4
HP-00021151,HP-00021150,FATHER_OF,1,FR-7142bf1ebe78bf8d
HP-00021155,HP-00021154,FATHER_OF,1,FR-538782ecd51e40a1
HP-00021159,HP-00021158,FATHER_OF,1,FR-d7bff465b750cbbd
HP-00021163,HP-00021162,FATHER_OF,1,FR-2ffb80d963e3d2b0
HP-00021167,HP-00021166,FATHER_OF,1,FR-a192c85b186986bc
HP-00021171,HP-00021170,FATHER_OF,1,FR-75baf9d5a751b715
HP-00021175,HP-00021174,FATHER_OF,1,FR-02fd4063c175720c
HP-00018468,HP-00021178,FATHER_OF,1,FR-fe4954e2fdda5f32
HP-00021191,HP-00021190,FATHER_OF,1,FR-f8f6ca5ac8df43d6
HP-00021195,HP-00021194,FATHER_OF,1,FR-2aa52cd4f5f1a9cc
HP-00021203,HP-00021202,FATHER_OF,1,FR-bddf6ca3e048e43c
HP-00021207,HP-00021206,FATHER_OF,1,FR-0c878f71ce6acb51
HP-00020352,HP-00021210,FATHER_OF,1,FR-97d80095517bbf41
HP-00021215,HP-00021214,FATHER_OF,1,FR-9fe898fafa6d1eb4
HP-00021219,HP-00021218,FATHER_OF,1,FR-e5fdff0460c1c234
HP-00021223,HP-00021222,FATHER_OF,1,FR-2020065f6cb118d7
HP-00019315,HP-00021226,FATHER_OF,1,FR-7155d4ed1dcb651f
HP-00021235,HP-00021234,FATHER_OF,1,FR-6bdcd964617b3f7b
HP-00021243,HP-00021242,FATHER_OF,1,FR-1909e1ff8a430086
HP-00012957,HP-00021246,FATHER_OF,1,FR-255a25cbf9aecbea
HP-00021259,HP-00021258,FATHER_OF,1,FR-ccdd0f23ed4de78a
HP-00021263,HP-00021262,FATHER_OF,1,FR-f25f40689bc4457d
HP-00021267,HP-00021266,FATHER_OF,1,FR-27b4e49309c6eb5d
HP-00021271,HP-00021270,FATHER_OF,1,FR-14d38a26e3942d73
HP-00021275,HP-00021274,FATHER_OF,1,FR-55fe6e78c77a122a
HP-00021283,HP-00021282,FATHER_OF,1,FR-0a31f1b042f56418
HP-00021287,HP-00021286,FATHER_OF,1,FR-114f37de34954304
HP-00020412,HP-00021294,FATHER_OF,1,FR-32b9d9eb3ad696a8
HP-00021299,HP-00021298,FATHER_OF,1,FR-7f87dfe6b472594a
HP-00020300,HP-00021302,FATHER_OF,1,FR-ff25d5f95efb2966
HP-00021307,HP-00021306,FATHER_OF,1,FR-32e55b80439ff358
HP-00021311,HP-00021310,FATHER_OF,1,FR-025ed1e0c4c28d9a
HP-00021315,HP-00021314,FATHER_OF,1,FR-1187af1fe8e02587
HP-00021319,HP-00021318,FATHER_OF,1,FR-d3cef181714f7a19
HP-00021327,HP-00021326,FATHER_OF,1,FR-895b3f5d16f5cbe7
HP-00019981,HP-00021334,FATHER_OF,1,FR-e3c9034b46a66bde
HP-00021339,HP-00021338,FATHER_OF,1,FR-3b882f76aaec2938
HP-00013799,HP-00021342,FATHER_OF,1,FR-8b311d1c3e7c1900
HP-00021351,HP-00021350,FATHER_OF,1,FR-d54066c68975338e
HP-00021355,HP-00021354,FATHER_OF,1,FR-62e0ad84466760ba
HP-00021363,HP-00021362,FATHER_OF,1,FR-d6eb741186d2fe5c
HP-00021367,HP-00021366,FATHER_OF,1,FR-8378cfc0ce6dec4b
HP-00021371,HP-00021370,FATHER_OF,1,FR-15d8a43659fcf472
HP-00021375,HP-00021374,FATHER_OF,1,FR-0a43e896c3e2d3bc
HP-00021379,HP-00021378,FATHER_OF,1,FR-8e16190218d7a09f
HP-00021383,HP-00021382,FATHER_OF,1,FR-cd0cfdb75e4c2045
HP-00021387,HP-00021386,FATHER_OF,1,FR-c5ff405affbc2972
HP-00019945,HP-00021395,FATHER_OF,1,FR-8806659a9a24c3d5
HP-00021400,HP-00021399,FATHER_OF,1,FR-a8ee37dd04a9f3d2
HP-00021408,HP-00021407,FATHER_OF,2,FR-aa988af060cfad6b
HP-00021412,HP-00021411,FATHER_OF,1,FR-a94f0f2cd63c0c0c
HP-00021420,HP-00021419,FATHER_OF,1,FR-925135fca1b95847
HP-00021428,HP-00021427,FATHER_OF,1,FR-e538bf5eafdf963f
HP-00021436,HP-00021435,FATHER_OF,1,FR-fcda90d492ee1792
HP-00021444,HP-00021443,FATHER_OF,1,FR-1b7b888dcc3ae52d
HP-00020608,HP-00021455,FATHER_OF,2,FR-370b8fbf347d00e4
HP-00021460,HP-00021459,FATHER_OF,1,FR-07ec87072da7d2fa
HP-00021464,HP-00021463,FATHER_OF,1,FR-3a842065c551918a
HP-00021468,HP-00021467,FATHER_OF,1,FR-f0f9bc117499ee69
HP-00015406,HP-00021471,FATHER_OF,1,FR-c6e3ff77c9294e14
HP-00021476,HP-00021475,FATHER_OF,1,FR-d8ae03c9c93bc1a2
HP-00021480,HP-00021479,FATHER_OF,1,FR-dbaa19a72a42317d
HP-00019777,HP-00021491,FATHER_OF,1,FR-b78919157ceda89f
HP-00021496,HP-00021495,FATHER_OF,1,FR-1f4bfa7aaa995734
HP-00021500,HP-00021499,FATHER_OF,1,FR-47ea1b9ca34856ce
HP-00021512,HP-00021511,FATHER_OF,1,FR-df8e91b6f2c3ba59
HP-00021515,HP-00021514,FATHER_OF,1,FR-213d63adce0ba5bc
HP-00021531,HP-00021530,FATHER_OF,1,FR-9081f22d7f0b09fa
HP-00021535,HP-00021534,FATHER_OF,1,FR-0429b3778879bf28
HP-00021543,HP-00021542,FATHER_OF,1,FR-fa3e393aca3fd249
HP-00021547,HP-00021546,FATHER_OF,1,FR-8aad2d47f5dd3443
HP-00021551,HP-00021550,FATHER_OF,1,FR-9362a98c650d3df5
HP-00021559,HP-00021558,FATHER_OF,1,FR-fc76b245304de66f
HP-00019021,HP-00021562,FATHER_OF,1,FR-a3f5a4748e015c86
HP-00011365,HP-00021566,FATHER_OF,1,FR-52a08d0790f6e384
HP-00021571,HP-00021570,FATHER_OF,1,FR-5ffe5b721c839429
HP-00021575,HP-00021574,FATHER_OF,1,FR-09c4554a5106d1eb
HP-00021594,HP-00021593,FATHER_OF,1,FR-2f39b8880b736624
HP-00021602,HP-00021601,FATHER_OF,1,FR-9ba3f454acb7928c
HP-00021606,HP-00021605,FATHER_OF,1,FR-16a7dbcdda40d226
HP-00021614,HP-00021613,FATHER_OF,1,FR-091384c87a4a7393
HP-00021618,HP-00021617,FATHER_OF,1,FR-d3c2db4b55f536b6
HP-00021622,HP-00021621,FATHER_OF,1,FR-732cb36b16ad661d
HP-00021626,HP-00021625,FATHER_OF,1,FR-2f09aca4e829059d
HP-00021630,HP-00021629,FATHER_OF,1,FR-381c4a8c3ecbcc9f
HP-00020945,HP-00021637,FATHER_OF,1,FR-476afada50f1023e
HP-00021646,HP-00021645,FATHER_OF,1,FR-0f1ef5bb1f06f132
HP-00020412,HP-00021653,FATHER_OF,1,FR-5e0322f26a92acfd
HP-00021666,HP-00021665,FATHER_OF,1,FR-8d69a3da5af4d81b
HP-00021670,HP-00021669,FATHER_OF,1,FR-2095de9ff0f91a00
HP-00021674,HP-00021673,FATHER_OF,1,FR-f0482db867c598b2
HP-00021681,HP-00021680,FATHER_OF,1,FR-9d0b829e8ebacfb0
HP-00021685,HP-00021684,FATHER_OF,1,FR-6332749dcb98ff9e
HP-00021689,HP-00021688,FATHER_OF,1,FR-c997dbaecf2d93ea
HP-00021693,HP-00021692,FATHER_OF,1,FR-8d107575415f636e
HP-00021699,HP-00021698,FATHER_OF,1,FR-7e4f5e0d71f3793e
HP-00021707,HP-00021706,FATHER_OF,1,FR-a3a732fe7a05488e
HP-00021727,HP-00021726,FATHER_OF,1,FR-b7f3c6b312eba9c6
HP-00020464,HP-00021734,FATHER_OF,1,FR-01be2d2b4a1ffa32
HP-00021739,HP-00021738,FATHER_OF,1,FR-a5e852836c923dd0
HP-00019532,HP-00021749,FATHER_OF,1,FR-31f4179ad9bb3c5f
HP-00021758,HP-00021757,FATHER_OF,1,FR-8c6e271196df1a6d
HP-00020344,HP-00021761,FATHER_OF,1,FR-64ebf2bc32c6afba
HP-00019257,HP-00021764,FATHER_OF,1,FR-cb8c6323c0dba4c7
HP-00021769,HP-00021768,FATHER_OF,1,FR-160da8c3313ac66d
HP-00021773,HP-00021772,FATHER_OF,1,FR-7f743f923dcc385c
HP-00021781,HP-00021780,FATHER_OF,1,FR-60bb1e9fd905a0aa
HP-00021813,HP-00021812,FATHER_OF,1,FR-d8f76f75045e98c9
HP-00021817,HP-00021816,FATHER_OF,1,FR-233bab0bf6310664
HP-00021821,HP-00021820,FATHER_OF,1,FR-0c67ad397f21d8cf
HP-00020488,HP-00021828,FATHER_OF,1,FR-2feb9818767c8748
HP-00021837,HP-00021836,FATHER_OF,1,FR-d25233aa118e5552
HP-00021841,HP-00021840,FATHER_OF,1,FR-8a24f0b94f4f68f7
HP-00021845,HP-00021844,FATHER_OF,1,FR-49812440d4cb5f37
HP-00021849,HP-00021848,FATHER_OF,1,FR-a6762eb2362fe37e
HP-00019949,HP-00021852,FATHER_OF,1,FR-b614e0e95e50db7e
HP-00021857,HP-00021856,FATHER_OF,1,FR-83a4c0606fb74750
HP-00021865,HP-00021864,FATHER_OF,1,FR-3f3faa7cb41cdb15
HP-00021873,HP-00021872,FATHER_OF,1,FR-1b6b592c0cac2c80
HP-00021877,HP-00021876,FATHER_OF,1,FR-3c167422a92ede10
HP-00021881,HP-00021880,FATHER_OF,1,FR-b867ede8c9991ee2
HP-00021781,HP-00021888,FATHER_OF,1,FR-5716c4dcd6d7b602
HP-00021813,HP-00021920,FATHER_OF,1,FR-f45d41e2a2025797
HP-00021925,HP-00021924,FATHER_OF,1,FR-f552374eedea1dad
HP-00021929,HP-00021928,FATHER_OF,1,FR-50e2263ccffcff4a
HP-00021937,HP-00021936,FATHER_OF,1,FR-3c5cca9bfcf449ff
HP-00021941,HP-00021940,FATHER_OF,1,FR-007d0f8e2a0a1d23
HP-00021945,HP-00021944,FATHER_OF,1,FR-d2a1d197fe14a443
HP-00021949,HP-00021948,FATHER_OF,1,FR-26296a19b4d1d9ab
HP-00021953,HP-00021952,FATHER_OF,1,FR-f0e9151e5b032a0f
HP-00021961,HP-00021960,FATHER_OF,1,FR-4558f05399931db0
HP-00021965,HP-00021964,FATHER_OF,1,FR-0448f3e76eb3a96e
HP-00020813,HP-00021968,FATHER_OF,1,FR-af1a2f9e04e01d10
HP-00020732,HP-00021972,FATHER_OF,1,FR-4bee02122e60a6aa
HP-00021977,HP-00021976,FATHER_OF,1,FR-89b5f22daea79662
HP-00021981,HP-00021980,FATHER_OF,1,FR-a3a65f7137d546d2
HP-00021988,HP-00021987,FATHER_OF,1,FR-0df68c2d3ef8aa1e
HP-00022000,HP-00021999,FATHER_OF,1,FR-974b3341bb2952fc
HP-00022004,HP-00022003,FATHER_OF,1,FR-193d6f8141016c70
HP-00022008,HP-00022007,FATHER_OF,1,FR-e279826ce6c2e1f2
HP-00022012,HP-00022011,FATHER_OF,1,FR-a536f177c0c888b2
HP-00022016,HP-00022015,FATHER_OF,1,FR-6e79548c30af6e4a
HP-00022020,HP-00022019,FATHER_OF,1,FR-be0ba310e601c188
HP-00022028,HP-00022027,FATHER_OF,1,FR-38fedbee6338969a
HP-00020292,HP-00022031,FATHER_OF,1,FR-354fc34465ff9c7e
HP-00022036,HP-00022035,FATHER_OF,1,FR-a454a2bbec9cdd37
HP-00022040,HP-00022039,FATHER_OF,1,FR-04b08833639e0e50
HP-00022044,HP-00022043,FATHER_OF,1,FR-d49ffaaa6962e301
HP-00022048,HP-00022047,FATHER_OF,1,FR-7a5647350d7ebccd
HP-00022072,HP-00022071,FATHER_OF,1,FR-4ed7b9e2b248f6da
HP-00022076,HP-00022075,FATHER_OF,1,FR-ad8c03686ec3ac82
HP-00022080,HP-00022079,FATHER_OF,1,FR-1ca23246621ab481
HP-00022084,HP-00022083,FATHER_OF,1,FR-b6301fd4da2732f0
HP-00022088,HP-00022087,FATHER_OF,1,FR-7061e058ae220bca
HP-00022092,HP-00022091,FATHER_OF,1,FR-7b5b511bd382bd98
HP-00022104,HP-00022103,FATHER_OF,1,FR-ae5451da4e582a44
HP-00022112,HP-00022111,FATHER_OF,1,FR-81882dc6ad6ab6f2
HP-00022116,HP-00022115,FATHER_OF,1,FR-8c5288f5358e7a28
HP-00022120,HP-00022119,FATHER_OF,1,FR-c0d325a54173eeb2
HP-00022124,HP-00022123,FATHER_OF,1,FR-fb3473e3ad5b8f02
HP-00022132,HP-00022131,FATHER_OF,1,FR-a40c7afcc5697efd
HP-00022140,HP-00022139,FATHER_OF,1,FR-033317fd79ad9bc2
HP-00022148,HP-00022147,FATHER_OF,1,FR-ddff4db0678d6292
HP-00022156,HP-00022155,FATHER_OF,1,FR-2a8c5d71672b7526
HP-00022160,HP-00022159,FATHER_OF,1,FR-b1b0f49e613767f9
HP-00022164,HP-00022163,FATHER_OF,1,FR-6137358d58e3988f
HP-00022168,HP-00022167,FATHER_OF,1,FR-19db0c527449c9c7
HP-00022176,HP-00022175,FATHER_OF,1,FR-5e3646705aa4ed79
HP-00022180,HP-00022179,FATHER_OF,1,FR-b2b6ebe5c7d561d5
HP-00022184,HP-00022183,FATHER_OF,1,FR-31befd5b2036ebbe
HP-00022188,HP-00022187,FATHER_OF,1,FR-c43d6e9ec5f4b49a
HP-00021052,HP-00022191,FATHER_OF,1,FR-eb3d8d882c2f5fe1
HP-00022200,HP-00022199,FATHER_OF,1,FR-fd7a82e6b32eecf6
HP-00021080,HP-00022203,FATHER_OF,1,FR-56f1103742f86d3d
HP-00022208,HP-00022207,FATHER_OF,1,FR-5f480cba81f083cf
HP-00022217,HP-00022216,FATHER_OF,1,FR-10cef51f86a92c3b
HP-00022221,HP-00022220,FATHER_OF,1,FR-847a282693a2eee9
HP-00021275,HP-00022228,FATHER_OF,1,FR-1dc118b35cecd37e
HP-00022237,HP-00022236,FATHER_OF,1,FR-10d60f52044a16d9
HP-00021243,HP-00022247,FATHER_OF,2,FR-07589096660acf07
HP-00022252,HP-00022251,FATHER_OF,1,FR-4cd23a6790e498df
HP-00022256,HP-00022255,FATHER_OF,1,FR-3c7e38cf654c888c
HP-00022264,HP-00022263,FATHER_OF,1,FR-c7cb36bdff688213
HP-00022268,HP-00022267,FATHER_OF,1,FR-877ac1cfbae2510b
HP-00022272,HP-00022271,FATHER_OF,1,FR-dcf0e9b73fd6cbee
HP-00022276,HP-00022275,FATHER_OF,1,FR-bf45835c3f438501
HP-00022280,HP-00022279,FATHER_OF,1,FR-b25ab6abd8f4e118
HP-00022299,HP-00022298,FATHER_OF,1,FR-984d60b618a06edb
HP-00022315,HP-00022314,FATHER_OF,1,FR-191b4f068e2c4650
HP-00022323,HP-00022322,FATHER_OF,1,FR-980a0681c51f6d28
HP-00022327,HP-00022326,FATHER_OF,1,FR-0a0ac7594522e4c7
HP-00022331,HP-00022330,FATHER_OF,1,FR-2cd82b573bbee28e
HP-00022335,HP-00022334,FATHER_OF,1,FR-fa8b60a1aec2503b
HP-00022339,HP-00022338,FATHER_OF,1,FR-a24d120d314ef852
HP-00022347,HP-00022346,FATHER_OF,1,FR-16e79efdec9524ec
HP-00022351,HP-00022350,FATHER_OF,1,FR-3a46f8e9e14239ff
HP-00022359,HP-00022358,FATHER_OF,1,FR-ea7b6f10a66e7d9f
HP-00022363,HP-00022362,FATHER_OF,1,FR-fff01732db4e24eb
HP-00022366,HP-00022365,FATHER_OF,1,FR-5c25343f8b11bdfb
HP-00022370,HP-00022369,FATHER_OF,1,FR-4679f07057f53155
HP-00022374,HP-00022373,FATHER_OF,1,FR-ec59fc705aee9471
HP-00022378,HP-00022377,FATHER_OF,1,FR-6a447dfeb22ec0d9
HP-00021953,HP-00022381,FATHER_OF,1,FR-5607db0777bc3d37
HP-00022390,HP-00022389,FATHER_OF,1,FR-ef91f660fb103e84
HP-00022406,HP-00022405,FATHER_OF,1,FR-841ea08870496396
HP-00022410,HP-00022409,FATHER_OF,1,FR-9ce1aaeee61efd7c
HP-00022072,HP-00022413,FATHER_OF,1,FR-2c73ef8aff845f92
HP-00022418,HP-00022417,FATHER_OF,1,FR-77a0e95e1a1e8bac
HP-00022422,HP-00022421,FATHER_OF,1,FR-e8e72672857b7fd4
HP-00022426,HP-00022425,FATHER_OF,1,FR-5001ebd554e377c9
HP-00022430,HP-00022429,FATHER_OF,1,FR-c16ca89ba2d0df78
HP-00012957,HP-00022445,FATHER_OF,1,FR-afa6545ae0efff0a
HP-00022450,HP-00022449,FATHER_OF,1,FR-d44304d74c4b9863
HP-00022458,HP-00022457,FATHER_OF,1,FR-87aa84bf27b42bf7
HP-00022462,HP-00022461,FATHER_OF,1,FR-1ffde9caa75dfca2
HP-00022470,HP-00022469,FATHER_OF,1,FR-b29589dd16bc8bea
HP-00022474,HP-00022473,FATHER_OF,1,FR-163da4a2b20d8b85
HP-00022478,HP-00022477,FATHER_OF,1,FR-090ae24dd904290f
HP-00022482,HP-00022481,FATHER_OF,1,FR-5715a7ae5bc62487
HP-00022486,HP-00022485,FATHER_OF,1,FR-66809efc55a096dd
HP-00022490,HP-00022489,FATHER_OF,1,FR-509f585810899587
HP-00022494,HP-00022493,FATHER_OF,1,FR-72abf6ee7fd6a440
HP-00022502,HP-00022501,FATHER_OF,1,FR-3275ab458ac83360
HP-00022509,HP-00022508,FATHER_OF,1,FR-95afe1ced91ce88a
HP-00022513,HP-00022512,FATHER_OF,1,FR-0f254fe40122a09b
HP-00022517,HP-00022516,FATHER_OF,1,FR-e994d035a666070e
HP-00022521,HP-00022520,FATHER_OF,1,FR-b0c5f716bfbb7024
HP-00022533,HP-00022532,FATHER_OF,1,FR-ae6ed5fda2f1cebe
HP-00012734,HP-00022535,FATHER_OF,1,FR-550724af44970ec9
HP-00022540,HP-00022539,FATHER_OF,1,FR-bda5434539aaa59b
HP-00022544,HP-00022543,FATHER_OF,1,FR-30e459b1dc5629e1
HP-00022552,HP-00022551,FATHER_OF,1,FR-fcdc146c0802e329
HP-00011007,HP-00022554,FATHER_OF,1,FR-f6deda34b40ac6b1
HP-00022559,HP-00022558,FATHER_OF,1,FR-fcc390cf81f90a9f
HP-00022563,HP-00022562,FATHER_OF,1,FR-236ce0b6db5870fd
HP-00022571,HP-00022570,FATHER_OF,1,FR-31428a76138e4b50
HP-00022579,HP-00022578,FATHER_OF,1,FR-6f88162b7ab94308
HP-00022583,HP-00022582,FATHER_OF,1,FR-add5c5dbe4cd89bd
HP-00022586,HP-00022585,FATHER_OF,1,FR-05abbfa193369fd1
HP-00022589,HP-00022588,FATHER_OF,1,FR-6e6902219a7e84db
HP-00022597,HP-00022596,FATHER_OF,1,FR-3bc8a319d6607e29
HP-00022601,HP-00022600,FATHER_OF,1,FR-3a01609d5d52b163
HP-00022605,HP-00022604,FATHER_OF,1,FR-86e14dd11020d522
HP-00022612,HP-00022611,FATHER_OF,1,FR-2d078768c4d1dbae
HP-00022616,HP-00022615,FATHER_OF,1,FR-c56d2ba287f17336
HP-00022620,HP-00022619,FATHER_OF,1,FR-443de1b66980151c
HP-00022624,HP-00022623,FATHER_OF,1,FR-f993bc76d06a73d1
HP-00022628,HP-00022627,FATHER_OF,1,FR-5387b06d17b996aa
HP-00022636,HP-00022635,FATHER_OF,1,FR-1d2ce903ed5f6bff
HP-00022640,HP-00022639,FATHER_OF,1,FR-6d3e70091ddce695
HP-00022644,HP-00022643,FATHER_OF,1,FR-8b52c64707ee59c5
HP-00015518,HP-00022651,FATHER_OF,1,FR-fa4c9dc2bd6cfbc7
HP-00022656,HP-00022655,FATHER_OF,1,FR-f820c87336d2df4f
HP-00022660,HP-00022659,FATHER_OF,1,FR-09e4d0e1788c29a6
HP-00022668,HP-00022667,FATHER_OF,1,FR-9de0606c2d4b12f4
HP-00022672,HP-00022671,FATHER_OF,1,FR-76dc146f473ae31e
HP-00021500,HP-00022675,FATHER_OF,1,FR-53c93a761563c00f
HP-00019021,HP-00022679,FATHER_OF,1,FR-681859b0ff20d6aa
HP-00022684,HP-00022683,FATHER_OF,1,FR-90895f824c62193c
HP-00022688,HP-00022687,FATHER_OF,1,FR-f691316027dd5aea
HP-00022692,HP-00022691,FATHER_OF,1,FR-5c8a6dcc2f86a5eb
HP-00022696,HP-00022695,FATHER_OF,1,FR-4b27cf0efed9f0b6
HP-00022430,HP-00022699,FATHER_OF,1,FR-784a92be1ac816a7
HP-00022712,HP-00022711,FATHER_OF,1,FR-23213b5026335ba5
HP-00022715,HP-00022714,FATHER_OF,1,FR-b5f81e2656bed204
HP-00022719,HP-00022718,FATHER_OF,1,FR-960b3b60be75dfd0
HP-00022727,HP-00022726,FATHER_OF,1,FR-954920ed49200d02
HP-00022731,HP-00022730,FATHER_OF,1,FR-549110bb31847866
HP-00022735,HP-00022734,FATHER_OF,1,FR-5c0f9397b7e3487a
HP-00022739,HP-00022738,FATHER_OF,1,FR-176d682bd9c78b80
HP-00022743,HP-00022742,FATHER_OF,1,FR-1153f07061323786
HP-00022747,HP-00022746,FATHER_OF,1,FR-70a69671bf260247
HP-00022755,HP-00022754,FATHER_OF,1,FR-1bdbab28c4744090
HP-00022759,HP-00022758,FATHER_OF,1,FR-255a3713323cb72a
HP-00022763,HP-00022762,FATHER_OF,1,FR-9a231a67d878b642
HP-00022771,HP-00022770,FATHER_OF,1,FR-f5199f6ee9786aa9
HP-00022791,HP-00022790,FATHER_OF,1,FR-a90470bfc9d58dae
HP-00022799,HP-00022798,FATHER_OF,1,FR-a01be6a16aad11bc
HP-00022807,HP-00022806,FATHER_OF,1,FR-1668890adf8fbeac
HP-00022815,HP-00022814,FATHER_OF,1,FR-8e93d2f50f5c5524
HP-00022819,HP-00022818,FATHER_OF,1,FR-c5833edfc8c6797f
HP-00022823,HP-00022822,FATHER_OF,1,FR-64ca0a8648ced036
HP-00022827,HP-00022826,FATHER_OF,1,FR-ea2569f7c44bca99
HP-00012778,HP-00022830,FATHER_OF,1,FR-c37836340ee11ec9
HP-00022835,HP-00022834,FATHER_OF,1,FR-42a57184430da6a2
HP-00022839,HP-00022838,FATHER_OF,1,FR-ded3b2fb76b03aa8
HP-00022843,HP-00022842,FATHER_OF,1,FR-84a998adf0d9e65e
HP-00022847,HP-00022846,FATHER_OF,1,FR-7d31c63879153745
HP-00022855,HP-00022854,FATHER_OF,1,FR-a4bbc3edace67b08
HP-00012678,HP-00022858,FATHER_OF,1,FR-b866352ddb340e46
HP-00022855,HP-00022870,FATHER_OF,1,FR-a293abad004cf077
HP-00022883,HP-00022882,FATHER_OF,1,FR-e3830172b7417a2c
HP-00022891,HP-00022890,FATHER_OF,1,FR-4dcec8fc2b412271
HP-00022903,HP-00022902,FATHER_OF,1,FR-55c5b7621946ca38
HP-00022907,HP-00022906,FATHER_OF,1,FR-d75efe07dfb4fea9
HP-00022915,HP-00022914,FATHER_OF,1,FR-d22a1230616e89f9
HP-00022922,HP-00022921,FATHER_OF,1,FR-1006e3fb7607af02
HP-00022926,HP-00022925,FATHER_OF,1,FR-25e86d6c7cc594bc
HP-00022942,HP-00022941,FATHER_OF,1,FR-a4d2755977f83a3b
HP-00022946,HP-00022945,FATHER_OF,1,FR-2c3c489ee652e928
HP-00022950,HP-00022949,FATHER_OF,1,FR-12c5191f7e42fc26
HP-00022958,HP-00022957,FATHER_OF,1,FR-5316d094e3a2c030
HP-00022966,HP-00022965,FATHER_OF,1,FR-e724c5f83b7e563e
HP-00022970,HP-00022969,FATHER_OF,1,FR-42e4b0628ccaa39c
HP-00022974,HP-00022973,FATHER_OF,1,FR-55143087469852bb
HP-00022986,HP-00022985,FATHER_OF,1,FR-06dbf69e9dd16c12
HP-00022997,HP-00022996,FATHER_OF,1,FR-3abbf6201d9771b6
HP-00023005,HP-00023004,FATHER_OF,1,FR-094855ec506d94ae
HP-00023013,HP-00023012,FATHER_OF,1,FR-4d5ef98c45890da2
HP-00023025,HP-00023024,FATHER_OF,1,FR-4950b205f4035c2f
HP-00023029,HP-00023028,FATHER_OF,1,FR-d1b8ee0e7c7399a0
HP-00023037,HP-00023036,FATHER_OF,1,FR-8cb47cb2008bbb8d
HP-00023041,HP-00023040,FATHER_OF,1,FR-4165c4adfb97c677
HP-00023044,HP-00023043,FATHER_OF,1,FR-355b81872e126b11
HP-00023048,HP-00023047,FATHER_OF,1,FR-b127c977690f8054
HP-00020548,HP-00023055,FATHER_OF,1,FR-ef3ea6dcf7329e21
HP-00023060,HP-00023059,FATHER_OF,1,FR-5f4820988f302749
HP-00023063,HP-00023062,FATHER_OF,1,FR-591c5cf1a1f28f5d
HP-00023067,HP-00023066,FATHER_OF,1,FR-e3c9d8359a36a3ea
HP-00023071,HP-00023070,FATHER_OF,1,FR-67660b5f1e0b3128
HP-00023075,HP-00023074,FATHER_OF,1,FR-63e5c511001ea1ec
HP-00023079,HP-00023078,FATHER_OF,1,FR-952a445495eef1fa
HP-00023090,HP-00023089,FATHER_OF,1,FR-d15325fa7a21ce01
HP-00023094,HP-00023093,FATHER_OF,1,FR-934ab346c9b9cd42
HP-00023102,HP-00023101,FATHER_OF,1,FR-66967fff9baacc81
HP-00016856,HP-00023105,FATHER_OF,1,FR-cb759c8b10373a5c
HP-00020600,HP-00023109,FATHER_OF,1,FR-5be3fd57ff25b4c2
HP-00023118,HP-00023117,FATHER_OF,1,FR-b93ffe8880b5a776
HP-00010720,HP-00023121,FATHER_OF,1,FR-874f9d39680596ea
HP-00023130,HP-00023129,FATHER_OF,1,FR-2b4992ec48e6ed77
HP-00023138,HP-00023137,FATHER_OF,1,FR-91d487974eece0e5
HP-00023146,HP-00023145,FATHER_OF,1,FR-a409962de837797c
HP-00023150,HP-00023149,FATHER_OF,1,FR-6c2e4a62f7702e3c
HP-00023158,HP-00023157,FATHER_OF,1,FR-7ec829a7585574bd
HP-00023166,HP-00023165,FATHER_OF,1,FR-c9c61f783758f839
HP-00023170,HP-00023169,FATHER_OF,1,FR-2a6f078fdab9f180
HP-00023174,HP-00023173,FATHER_OF,1,FR-5e5072e425d4876a
HP-00023178,HP-00023177,FATHER_OF,1,FR-ca0788f5e90172c0
HP-00023182,HP-00023181,FATHER_OF,1,FR-069882f7440d7d38
HP-00023186,HP-00023185,FATHER_OF,1,FR-dbc3ddec54f49380
HP-00013507,HP-00023189,FATHER_OF,1,FR-03443806d0ec446f
HP-00023198,HP-00023197,FATHER_OF,1,FR-547e3165460971c2
HP-00023202,HP-00023201,FATHER_OF,1,FR-7a4a625477801be5
HP-00023206,HP-00023205,FATHER_OF,1,FR-250687a26fe3298e
HP-00023210,HP-00023209,FATHER_OF,1,FR-d8cbdb0cfa3fd17a
HP-00023214,HP-00023213,FATHER_OF,1,FR-e87bb33f693c2ff2
HP-00023222,HP-00023221,FATHER_OF,1,FR-fdf119dd6102768c
HP-00023226,HP-00023225,FATHER_OF,1,FR-9046f2746f3fa6b7
HP-00023238,HP-00023237,FATHER_OF,1,FR-6fbc39be04a2cc4d
HP-00023242,HP-00023241,FATHER_OF,1,FR-76d117487387613c
HP-00023246,HP-00023245,FATHER_OF,1,FR-4fa9a7ed249ec92c
HP-00023250,HP-00023249,FATHER_OF,1,FR-6ab2cd96f53b1686
HP-00023254,HP-00023253,FATHER_OF,1,FR-04cda711fd919fe9
HP-00023258,HP-00023257,FATHER_OF,1,FR-3917c1107bf4b136
HP-00023262,HP-00023261,FATHER_OF,1,FR-04c302ea13b0dbdc
HP-00014891,HP-00023265,FATHER_OF,1,FR-b8fc38bffc41a5b4
HP-00023274,HP-00023273,FATHER_OF,1,FR-a80940553dff4098
HP-00023282,HP-00023281,FATHER_OF,1,FR-9ecf5dd0f08177ca
HP-00023262,HP-00023289,FATHER_OF,1,FR-e933fd7761f7e4cc
HP-00023294,HP-00023293,FATHER_OF,1,FR-0965c881635271d0
HP-00023298,HP-00023297,FATHER_OF,1,FR-6e24b67768fbc7af
HP-00015087,HP-00023301,FATHER_OF,1,FR-0e1ed8ac2977164e
HP-00023306,HP-00023305,FATHER_OF,1,FR-3338e9595e8cbf4e
HP-00023310,HP-00023309,FATHER_OF,1,FR-b38d7f7d8bf0518c
HP-00023314,HP-00023313,FATHER_OF,1,FR-0f06e4727632662d
HP-00023318,HP-00023317,FATHER_OF,1,FR-c2040f95f39c4943
HP-00023322,HP-00023321,FATHER_OF,1,FR-346c9f91d4471354
HP-00023326,HP-00023325,FATHER_OF,1,FR-92406ba1a1c54351
HP-00012957,HP-00023329,FATHER_OF,1,FR-562cee8db397d741
HP-00023338,HP-00023337,FATHER_OF,1,FR-12180bac3beb5eda
HP-00023346,HP-00023345,FATHER_OF,2,FR-e9e8535b9c8ae869
HP-00023370,HP-00023369,FATHER_OF,1,FR-d6a490e023bf42ca
HP-00014615,HP-00023373,FATHER_OF,1,FR-c059c8610091765c
HP-00023378,HP-00023377,FATHER_OF,1,FR-3f4fe10414004a62
HP-00023385,HP-00023384,FATHER_OF,1,FR-06b6a4eca1520a9a
HP-00023389,HP-00023388,FATHER_OF,1,FR-34e7f7e66e74265f
HP-00023401,HP-00023400,FATHER_OF,1,FR-d6c9705b792321e9
HP-00023405,HP-00023404,FATHER_OF,1,FR-e024a6b2b30e7917
HP-00023409,HP-00023408,FATHER_OF,1,FR-81fe118ee6f63bd8
HP-00013799,HP-00023412,FATHER_OF,1,FR-d6ea749a4e0861ab
HP-00023417,HP-00023416,FATHER_OF,1,FR-d6095ed8f2b19fd4
HP-00015913,HP-00023424,FATHER_OF,2,FR-4bcc2b3e9d13a9c5
HP-00023429,HP-00023428,FATHER_OF,1,FR-3713df4badc4a064
HP-00023433,HP-00023432,FATHER_OF,1,FR-283e88fb204a2f5f
HP-00012802,HP-00023440,FATHER_OF,1,FR-f8fa8c6d0b9848f3
HP-00023465,HP-00023464,FATHER_OF,1,FR-07635171ec2984e2
HP-00023469,HP-00023468,FATHER_OF,1,FR-4fabda546dd170af
HP-00023473,HP-00023472,FATHER_OF,1,FR-440c20b2137c25c1
HP-00023481,HP-00023480,FATHER_OF,1,FR-3e90e19b6e3883e8
HP-00023485,HP-00023484,FATHER_OF,1,FR-111db9f6196b8d93
HP-00023488,HP-00023487,FATHER_OF,1,FR-c74cc56727314f96
HP-00023496,HP-00023495,FATHER_OF,1,FR-a3abff4f7cba4d2d
HP-00021191,HP-00023499,FATHER_OF,1,FR-f9e0bac9ce06fd74
HP-00020813,HP-00023503,FATHER_OF,1,FR-9d8d43a6609a0780
HP-00023508,HP-00023507,FATHER_OF,1,FR-74e841b1ff43f221
HP-00023512,HP-00023511,FATHER_OF,1,FR-ecea9db6d4969c66
HP-00023516,HP-00023515,FATHER_OF,1,FR-5fbc953d7b042446
HP-00023520,HP-00023519,FATHER_OF,1,FR-663832302531dad7
HP-00023536,HP-00023535,FATHER_OF,1,FR-a5bbf340d6369afd
HP-00023540,HP-00023539,FATHER_OF,1,FR-362613ae54a035a8
HP-00023548,HP-00023547,FATHER_OF,1,FR-b5f910d5ca02c93f
HP-00023556,HP-00023555,FATHER_OF,1,FR-a4c1e794164445e6
HP-00023560,HP-00023559,FATHER_OF,1,FR-e1ef2dc0ea5b2027
HP-00023564,HP-00023563,FATHER_OF,1,FR-ac75f156334c36f9
HP-00023568,HP-00023567,FATHER_OF,1,FR-e464d4af8f32b807
HP-00023572,HP-00023571,FATHER_OF,1,FR-479a84d037c762dd
HP-00023576,HP-00023575,FATHER_OF,1,FR-9146eab497d2923f
HP-00023580,HP-00023579,FATHER_OF,1,FR-e6d206bfa95392f0
HP-00011261,HP-00023582,FATHER_OF,1,FR-c98f3241989c759b
HP-00023587,HP-00023586,FATHER_OF,1,FR-0c412d69dbe98d07
HP-00023590,HP-00023589,FATHER_OF,1,FR-103e015b93a1262e
HP-00023594,HP-00023593,FATHER_OF,1,FR-669ce95115e2e467
HP-00023598,HP-00023597,FATHER_OF,1,FR-ff278a4481eb520b
HP-00023606,HP-00023605,FATHER_OF,1,FR-a06f4baeeb9ca372
HP-00023610,HP-00023609,FATHER_OF,1,FR-c7444cc30224a9b0
HP-00023614,HP-00023613,FATHER_OF,1,FR-87b22eb46ccb4b11
HP-00023621,HP-00023620,FATHER_OF,1,FR-28d6dc4320a60b3f
HP-00023625,HP-00023624,FATHER_OF,1,FR-79e190b62a0bf51c
HP-00023629,HP-00023628,FATHER_OF,1,FR-cbdedb115e582795
HP-00023635,HP-00023634,FATHER_OF,1,FR-7e8542ac2463217f
HP-00023639,HP-00023638,FATHER_OF,1,FR-b3f3327ced810a9c
HP-00023651,HP-00023650,FATHER_OF,1,FR-a27d532706753243
HP-00023659,HP-00023658,FATHER_OF,1,FR-b2d352d6bbdab471
HP-00023667,HP-00023666,FATHER_OF,1,FR-86fe117edf4c804f
HP-00023671,HP-00023670,FATHER_OF,1,FR-c605c86d6dc505ad
HP-00023675,HP-00023674,FATHER_OF,1,FR-6506b94b85e4a04d
HP-00023686,HP-00023685,FATHER_OF,1,FR-0805fc08afa1bc35
HP-00023689,HP-00023688,FATHER_OF,1,FR-38d28296b316d058
HP-00023693,HP-00023692,FATHER_OF,1,FR-ec853087501df7ab
HP-00023705,HP-00023704,FATHER_OF,1,FR-28f2a3cd187a43b6
HP-00023712,HP-00023711,FATHER_OF,1,FR-5e3b8a57941f802c
HP-00023716,HP-00023715,FATHER_OF,1,FR-51af3d238265d07a
HP-00023724,HP-00023723,FATHER_OF,1,FR-cf8f51f12468eef7
HP-00023740,HP-00023739,FATHER_OF,1,FR-9d1256ae57fc7f1f
HP-00012567,HP-00023743,FATHER_OF,1,FR-19a1b0250b09cee6
HP-00023748,HP-00023747,FATHER_OF,1,FR-a93ffb50162703db
HP-00023752,HP-00023751,FATHER_OF,1,FR-4d108aa6925b5c25
HP-00012786,HP-00023755,FATHER_OF,1,FR-5ffaa1add99fceba
HP-00021837,HP-00023759,FATHER_OF,1,FR-8a29594273a460af
HP-00023776,HP-00023775,FATHER_OF,1,FR-bc632f5ab808a3b8
HP-00023780,HP-00023779,FATHER_OF,1,FR-143b91f3f2762820
HP-00022589,HP-00023783,FATHER_OF,1,FR-8926e04c9609b9ec
HP-00023792,HP-00023791,FATHER_OF,1,FR-d06aa6ad4fd8220b
HP-00023796,HP-00023795,FATHER_OF,1,FR-0d944a3cb0b9e09f
HP-00023800,HP-00023799,FATHER_OF,1,FR-b36db8d1739c30f1
HP-00023804,HP-00023803,FATHER_OF,1,FR-0c3673cef3f6b039
HP-00023808,HP-00023807,FATHER_OF,1,FR-cc2086b87dc64d78
HP-00023812,HP-00023811,FATHER_OF,1,FR-a0d110bebf04a823
HP-00014215,HP-00023815,FATHER_OF,1,FR-fd44efacb5ed5815
HP-00023820,HP-00023819,FATHER_OF,1,FR-e869cfcee624ca52
HP-00023824,HP-00023823,FATHER_OF,1,FR-4bd15fe1a8df40d2
HP-00023832,HP-00023831,FATHER_OF,1,FR-bb560953aaeba134
HP-00023836,HP-00023835,FATHER_OF,1,FR-c389294980f0a00d
HP-00023840,HP-00023839,FATHER_OF,1,FR-56bfd8e039654c39
HP-00023848,HP-00023847,FATHER_OF,1,FR-f946d114331e17b3
HP-00022843,HP-00023850,FATHER_OF,1,FR-4045f402356e3f5d
HP-00023855,HP-00023854,FATHER_OF,1,FR-3f25fd706ba8293b
HP-00023867,HP-00023866,FATHER_OF,1,FR-c52bbef7aef84ac6
HP-00023875,HP-00023874,FATHER_OF,1,FR-fcbc96d4acd3aece
HP-00023879,HP-00023878,FATHER_OF,1,FR-3368107030d07b5f
HP-00023883,HP-00023882,FATHER_OF,1,FR-f3a7562a531afa43
HP-00022502,HP-00023886,FATHER_OF,1,FR-8a7144c0f7971dfa
HP-00012854,HP-00023906,FATHER_OF,1,FR-a96d7f5613547535
HP-00023911,HP-00023910,FATHER_OF,1,FR-2da5997504a51986
HP-00023915,HP-00023914,FATHER_OF,1,FR-2628eb0757932482
HP-00023919,HP-00023918,FATHER_OF,1,FR-336a06f537104d1f
HP-00021223,HP-00023921,FATHER_OF,1,FR-830a3edb9a3addd3
HP-00023930,HP-00023929,FATHER_OF,1,FR-5f10e0820ef57528
HP-00023933,HP-00023932,FATHER_OF,1,FR-e81114a8299eed8e
HP-00023937,HP-00023936,FATHER_OF,1,FR-b2c2edcdbb591fad
HP-00023940,HP-00023939,FATHER_OF,1,FR-37808432ac639aed
HP-00023944,HP-00023943,FATHER_OF,1,FR-86134d32056f6af4
HP-00012200,HP-00023951,FATHER_OF,1,FR-7a80798ff02961c0
HP-00023956,HP-00023955,FATHER_OF,1,FR-1dfcc72c2de20f3e
HP-00022747,HP-00023959,FATHER_OF,1,FR-2ec60ca0ccc34763
HP-00023968,HP-00023967,FATHER_OF,1,FR-68042cb9f1f40547
HP-00023972,HP-00023971,FATHER_OF,1,FR-c91142e9250a3113
HP-00023976,HP-00023975,FATHER_OF,1,FR-0e6c636dd733d605
HP-00023980,HP-00023979,FATHER_OF,1,FR-e3a2f09e2da34c92
HP-00023992,HP-00023991,FATHER_OF,1,FR-8d07f8ee85161e40
HP-00021203,HP-00023999,FATHER_OF,1,FR-6dda37d24b735ec8
HP-00012754,HP-00024006,FATHER_OF,1,FR-24c2c2ac8ad0463a
HP-00024011,HP-00024010,FATHER_OF,1,FR-995b45cdab9c784f
HP-00024015,HP-00024014,FATHER_OF,1,FR-6eb08a37d3832bdb
HP-00024019,HP-00024018,FATHER_OF,1,FR-15aaffe6e6fcba3c
HP-00011261,HP-00024026,FATHER_OF,1,FR-5a828f20ceacee22
HP-00024039,HP-00024038,FATHER_OF,1,FR-5777ee1b11813b6e
HP-00024043,HP-00024042,FATHER_OF,1,FR-07b2dd9890c25a0f
HP-00024047,HP-00024046,FATHER_OF,1,FR-8219298b11c908d2
HP-00024051,HP-00024050,FATHER_OF,1,FR-78c3c51624f56f73
HP-00024059,HP-00024058,FATHER_OF,1,FR-1e5f7df7afd99bb6
HP-00024063,HP-00024062,FATHER_OF,1,FR-2994055da0d67921
HP-00024067,HP-00024066,FATHER_OF,1,FR-e4721b2f801af143
HP-00024071,HP-00024070,FATHER_OF,1,FR-4bfd5f4b4e364556
HP-00024075,HP-00024074,FATHER_OF,1,FR-e0f7ad63e22df31b
HP-00024079,HP-00024078,FATHER_OF,1,FR-88b1a72ce1e8ad1a
HP-00024083,HP-00024082,FATHER_OF,1,FR-9f82a6a2776b3680
HP-00021500,HP-00024090,FATHER_OF,1,FR-28f01291105d928f
HP-00024095,HP-00024094,FATHER_OF,1,FR-12efa0d449a56e18
HP-00012794,HP-00024102,FATHER_OF,2,FR-3b18e09e88a624e4
HP-00024111,HP-00024110,FATHER_OF,1,FR-2843cbb6ffc23c10
HP-00010720,HP-00024114,FATHER_OF,1,FR-761be64e1d4ecc76
HP-00012714,HP-00024118,FATHER_OF,1,FR-4d0798054217ae19
HP-00024131,HP-00024130,FATHER_OF,1,FR-1bb7b98c6a6d3d12
HP-00024135,HP-00024134,FATHER_OF,1,FR-903b36b34d9e166a
HP-00024139,HP-00024138,FATHER_OF,1,FR-afeb255beec5fcaf
HP-00024143,HP-00024142,FATHER_OF,1,FR-156fb5efd35301ad
HP-00012212,HP-00024146,FATHER_OF,1,FR-e05709ecfbf08960
HP-00024155,HP-00024154,FATHER_OF,1,FR-0a416370fd64d3eb
HP-00024159,HP-00024158,FATHER_OF,1,FR-b62123bb2a00e6dd
HP-00024163,HP-00024162,FATHER_OF,1,FR-d4900c1d26088292
HP-00024175,HP-00024174,FATHER_OF,1,FR-68a84cec95520e6e
HP-00024179,HP-00024178,FATHER_OF,1,FR-c006da1b16b16837
HP-00014671,HP-00024182,FATHER_OF,1,FR-a6f8aec12f35be89
HP-00024187,HP-00024186,FATHER_OF,1,FR-add9baabd8576f23
HP-00022256,HP-00024190,FATHER_OF,1,FR-4a19d4952cc79973
HP-00024199,HP-00024198,FATHER_OF,1,FR-f8d8b39b5a998c64
HP-00024211,HP-00024210,FATHER_OF,1,FR-76d0256f2e9d7613
HP-00024223,HP-00024222,FATHER_OF,1,FR-bcd084cd0ad546ad
HP-00024227,HP-00024226,FATHER_OF,1,FR-e6ee8d2a7ca7519c
HP-00012786,HP-00024234,FATHER_OF,1,FR-b0deab40544973c6
HP-00024239,HP-00024238,FATHER_OF,1,FR-782b995d557a3827
HP-00012288,HP-00024241,FATHER_OF,1,FR-c159ca38fd4fab72
HP-00024250,HP-00024249,FATHER_OF,1,FR-ff06efed9f5ceb09
HP-00024254,HP-00024253,FATHER_OF,1,FR-8766b3b87c015349
HP-00024262,HP-00024261,FATHER_OF,1,FR-e242b30a6fcd0a33
HP-00024270,HP-00024269,FATHER_OF,1,FR-a883fc770838f1f7
HP-00024286,HP-00024285,FATHER_OF,1,FR-2b0b47146f9039ca
HP-00013359,HP-00024293,FATHER_OF,1,FR-c1266a0ec7e18613
HP-00024298,HP-00024297,FATHER_OF,1,FR-a18ac33ce012bc9c
HP-00024306,HP-00024305,FATHER_OF,1,FR-4f96b50ee40fd900
HP-00024326,HP-00024325,FATHER_OF,1,FR-29277b210252e022
HP-00024334,HP-00024333,FATHER_OF,1,FR-3f46a18e1ed9c2f2
HP-00024338,HP-00024337,FATHER_OF,1,FR-0f695017301ac5cd
HP-00024345,HP-00024344,FATHER_OF,1,FR-4669a996e082c5fe
HP-00024349,HP-00024348,FATHER_OF,1,FR-02952c718dfcc7dd
HP-00024353,HP-00024352,FATHER_OF,1,FR-1e95207efa5b7dab
HP-00024357,HP-00024356,FATHER_OF,1,FR-4b03783bb1c1b709
HP-00024357,HP-00024360,FATHER_OF,1,FR-be214450eacf69e5
HP-00024365,HP-00024364,FATHER_OF,1,FR-b332d80ac3f72699
HP-00024369,HP-00024368,FATHER_OF,1,FR-f32b552e79f29ef2
HP-00024381,HP-00024380,FATHER_OF,1,FR-d9910c8fd2bba74f
HP-00024393,HP-00024392,FATHER_OF,1,FR-71008fb87890b544
HP-00024401,HP-00024400,FATHER_OF,1,FR-16c57a13a5b51613
HP-00024405,HP-00024404,FATHER_OF,2,FR-d574e85fa2423da6
HP-00024409,HP-00024408,FATHER_OF,1,FR-41dee7587db4e83d
HP-00023262,HP-00024412,FATHER_OF,1,FR-fd5ab5f81c3ef6a2
HP-00024417,HP-00024416,FATHER_OF,1,FR-54d7e6c3c6597b44
HP-00024421,HP-00024420,FATHER_OF,1,FR-9d2ee5cabbc98d9d
HP-00010493,HP-00024424,FATHER_OF,1,FR-84be5c3c457a8567
HP-00024433,HP-00024432,FATHER_OF,1,FR-6768f46a1aae0d70
HP-00012642,HP-00024436,FATHER_OF,1,FR-731d559b31c6f976
HP-00024441,HP-00024440,FATHER_OF,1,FR-f85d03b196edc96a
HP-00024449,HP-00024448,FATHER_OF,1,FR-225bcc291d9e9c40
HP-00024461,HP-00024460,FATHER_OF,1,FR-6eb6899c0af11aa3
HP-00024465,HP-00024464,FATHER_OF,1,FR-27eea7ef183b0221
HP-00024469,HP-00024468,FATHER_OF,1,FR-551f459645309cf6
HP-00024472,HP-00024471,FATHER_OF,1,FR-5ffb76d2326e74b9
HP-00024476,HP-00024475,FATHER_OF,1,FR-a4968e22f8ada017
HP-00024495,HP-00024494,FATHER_OF,1,FR-209f1a76c121e814
HP-00013255,HP-00024498,FATHER_OF,1,FR-f2359ddaa50f757b
HP-00024507,HP-00024506,FATHER_OF,1,FR-076c8f9e50af11c7
HP-00015642,HP-00024510,FATHER_OF,1,FR-7b2a1c455e759d82
HP-00024519,HP-00024518,FATHER_OF,1,FR-04c6f478b4e3947b
HP-00023048,HP-00024526,FATHER_OF,1,FR-bc50f56d537f6aa6
HP-00024531,HP-00024530,FATHER_OF,1,FR-c517ef1f6465c676
HP-00024539,HP-00024538,FATHER_OF,1,FR-684e444ef6807065
HP-00024543,HP-00024542,FATHER_OF,1,FR-cffa87e64721a977
HP-00024547,HP-00024546,FATHER_OF,1,FR-9bdbcb1b29a57b2a
HP-00024559,HP-00024558,FATHER_OF,1,FR-d26d9bade2e9858f
HP-00024563,HP-00024562,FATHER_OF,1,FR-0d2aed17e5b0e5c5
HP-00024571,HP-00024570,FATHER_OF,1,FR-4433a639ada4a9bb
HP-00024575,HP-00024574,FATHER_OF,2,FR-ef7288721c667c84
HP-00024579,HP-00024578,FATHER_OF,1,FR-5f247ad5cadc991d
HP-00024583,HP-00024582,FATHER_OF,1,FR-f434c89404032468
HP-00024591,HP-00024590,FATHER_OF,1,FR-1cb5caa870132f04
HP-00012810,HP-00024594,FATHER_OF,1,FR-23d1d30c26ef4ff2
HP-00024603,HP-00024602,FATHER_OF,1,FR-722310d7ffc695ae
HP-00011261,HP-00024610,FATHER_OF,1,FR-6461c9cb0d0b9192
HP-00024615,HP-00024614,FATHER_OF,1,FR-c512b5fad01331ec
HP-00024619,HP-00024618,FATHER_OF,1,FR-726fd64b34b954da
HP-00023572,HP-00024622,FATHER_OF,1,FR-cf598e36bf318fa6
HP-00024627,HP-00024626,FATHER_OF,1,FR-a3cda9574d60fb14
HP-00011181,HP-00024630,FATHER_OF,1,FR-1b5c1d1069e3e28f
HP-00015706,HP-00024634,FATHER_OF,1,FR-b3970393baddb592
HP-00024643,HP-00024642,FATHER_OF,1,FR-06257520e7286ee0
HP-00013599,HP-00024646,FATHER_OF,1,FR-28118d4a7365d662
HP-00024651,HP-00024650,FATHER_OF,1,FR-def5919067f461f7
HP-00024655,HP-00024654,FATHER_OF,1,FR-20b7e87c78ebd98f
HP-00024669,HP-00024668,FATHER_OF,1,FR-8d02081ecdcacc11
HP-00011365,HP-00024676,FATHER_OF,1,FR-8cf1152455d90eb3
HP-00024681,HP-00024680,FATHER_OF,1,FR-dde55602f8f4de7a
HP-00024685,HP-00024684,FATHER_OF,1,FR-808e2b3a73662a5f
HP-00024693,HP-00024692,FATHER_OF,1,FR-f7dfa7354be358f9
HP-00013475,HP-00024696,FATHER_OF,1,FR-84d08f386c0f503f
HP-00024701,HP-00024700,FATHER_OF,1,FR-f56596efe9dce0d1
HP-00024705,HP-00024704,FATHER_OF,1,FR-cda9dcf25f61b7c7
HP-00024709,HP-00024708,FATHER_OF,1,FR-c868496945e37d94
HP-00024729,HP-00024728,FATHER_OF,1,FR-127dc6a09979393e
HP-00012638,HP-00024732,FATHER_OF,1,FR-450e7c343d182537
HP-00024737,HP-00024736,FATHER_OF,1,FR-8e46fd207d695d3b
HP-00024748,HP-00024747,FATHER_OF,1,FR-f948fa8fe9cb467e
HP-00024752,HP-00024751,FATHER_OF,1,FR-cf344403df78043a
HP-00024756,HP-00024755,FATHER_OF,1,FR-9173a06a79ea7997
HP-00024760,HP-00024759,FATHER_OF,1,FR-e62f9084fdf49116
HP-00024764,HP-00024763,FATHER_OF,1,FR-d73b1574eb8bb27f
HP-00024784,HP-00024783,FATHER_OF,1,FR-fe75dd11afe1c31c
HP-00015322,HP-00024795,FATHER_OF,1,FR-4e57bcde8002a425
HP-00012734,HP-00024807,FATHER_OF,1,FR-31aa171ac8c09351
HP-00024820,HP-00024819,FATHER_OF,1,FR-dfa3b9460f9b5461
HP-00024824,HP-00024823,FATHER_OF,1,FR-ad7e26323e53dfd2
HP-00024832,HP-00024831,FATHER_OF,1,FR-33fbf5396d88c0f6
HP-00024836,HP-00024835,FATHER_OF,1,FR-55f6aba1923981db
HP-00013128,HP-00024839,FATHER_OF,1,FR-dd950ca0ad4439c0
HP-00024844,HP-00024843,FATHER_OF,1,FR-2153b94b96aa7bb2
HP-00024848,HP-00024847,FATHER_OF,1,FR-3d20fedd8ba59c1a
HP-00024852,HP-00024851,FATHER_OF,1,FR-0d1e6f8f5589e22e
HP-00024860,HP-00024859,FATHER_OF,1,FR-7bf2c4beb86eb00e
HP-00012591,HP-00024863,FATHER_OF,1,FR-617ab2bfbe9b43f8
HP-00024880,HP-00024879,FATHER_OF,1,FR-15913b824fd10610
HP-00024892,HP-00024891,FATHER_OF,1,FR-60b66068d6e9259f
HP-00024908,HP-00024907,FATHER_OF,1,FR-02731844945dd840
HP-00024912,HP-00024911,FATHER_OF,1,FR-5062f2641f00c457
HP-00024916,HP-00024915,FATHER_OF,1,FR-467881b0384bf360
HP-00024920,HP-00024919,FATHER_OF,1,FR-a71acea49cc83f92
HP-00024928,HP-00024927,FATHER_OF,1,FR-4c9580287d96aa99
HP-00024932,HP-00024931,FATHER_OF,1,FR-79d0200b46e2a04a
HP-00024944,HP-00024943,FATHER_OF,1,FR-27a9c327c2d894f3
HP-00024948,HP-00024947,FATHER_OF,1,FR-9f815952bdc1bca1
HP-00024956,HP-00024955,FATHER_OF,1,FR-e95beb3da3b2099b
HP-00024960,HP-00024959,FATHER_OF,1,FR-4ac9bd6d4a5e2170
HP-00023481,HP-00024963,FATHER_OF,1,FR-9342fffae900705b
HP-00024968,HP-00024967,FATHER_OF,1,FR-f68fd760ef5b10c6
HP-00024972,HP-00024971,FATHER_OF,1,FR-4080a2864c6e1b48
HP-00024976,HP-00024975,FATHER_OF,1,FR-707a2ce9f98142ef
HP-00024980,HP-00024979,FATHER_OF,1,FR-ec9b984702b71bae
HP-00024984,HP-00024983,FATHER_OF,1,FR-59bed4f008e34a47
HP-00000003,HP-00000001,MOTHER_OF,1,FR-e0c22d5096d17a29
HP-00000007,HP-00000005,MOTHER_OF,1,FR-a078147f5bf33796
HP-00000011,HP-00000009,MOTHER_OF,1,FR-0a828e6aa6b5d28b
HP-00000015,HP-00000013,MOTHER_OF,1,FR-3d96536039ba49f9
HP-00000019,HP-00000017,MOTHER_OF,1,FR-478472438a7191c7
HP-00000026,HP-00000025,MOTHER_OF,1,FR-b98665d758171423
HP-00000029,HP-00000027,MOTHER_OF,1,FR-352841be76282228
HP-00000032,HP-00000030,MOTHER_OF,1,FR-ac102041d5f8c178
HP-00000036,HP-00000034,MOTHER_OF,1,FR-6ab7df2f8cacde86
HP-00000039,HP-00000038,MOTHER_OF,1,FR-9f1f01c220e8e124
HP-00000043,HP-00000041,MOTHER_OF,1,FR-2a528d8b48180006
HP-00000055,HP-00000053,MOTHER_OF,1,FR-aa4df3eb588adfea
HP-00000059,HP-00000057,MOTHER_OF,1,FR-e2acbb67046ef7d1
HP-00000063,HP-00000061,MOTHER_OF,1,FR-ef5410940b6412f8
HP-00000067,HP-00000065,MOTHER_OF,1,FR-33e3af378397a3c9
HP-00000071,HP-00000069,MOTHER_OF,1,FR-47f8c6b7ea31b368
HP-00000075,HP-00000073,MOTHER_OF,1,FR-4ef7092985ea5535
HP-00000078,HP-00000077,MOTHER_OF,1,FR-8c3503c2a5d15db3
HP-00000081,HP-00000080,MOTHER_OF,1,FR-4279ad8f50d52e5a
HP-00000085,HP-00000083,MOTHER_OF,1,FR-9297b6a2d694f778
HP-00000093,HP-00000091,MOTHER_OF,1,FR-31fc0efdf72da3e9
HP-00000097,HP-00000095,MOTHER_OF,1,FR-6ad46ea4ebf63f89
HP-00000101,HP-00000099,MOTHER_OF,1,FR-a793ccf97002bd0b
HP-00000104,HP-00000103,MOTHER_OF,1,FR-20a08cf78628a78a
HP-00000112,HP-00000110,MOTHER_OF,1,FR-46dbaa303ec5db9c
HP-00000116,HP-00000114,MOTHER_OF,1,FR-9e3b50ae9ed69080
HP-00000120,HP-00000118,MOTHER_OF,1,FR-592a6e3b4952761e
HP-00000124,HP-00000122,MOTHER_OF,1,FR-1a74ee1da07f8cf8
HP-00000127,HP-00000126,MOTHER_OF,1,FR-2084979f19a6f998
HP-00000131,HP-00000129,MOTHER_OF,1,FR-dee03102f6bab0ef
HP-00000135,HP-00000133,MOTHER_OF,1,FR-ada1ab34d8c59e58
HP-00000142,HP-00000141,MOTHER_OF,1,FR-ea709bf76514add4
HP-00000145,HP-00000144,MOTHER_OF,1,FR-b4ba9979efc679ed
HP-00000149,HP-00000147,MOTHER_OF,1,FR-1d94b4b1462be194
HP-00000157,HP-00000155,MOTHER_OF,1,FR-e5658ebd7808b12a
HP-00000165,HP-00000163,MOTHER_OF,1,FR-e3c084afb7f06ddc
HP-00000169,HP-00000167,MOTHER_OF,1,FR-8dda221916aaed23
HP-00000173,HP-00000171,MOTHER_OF,1,FR-6fbf3b0edaf8733a
HP-00000177,HP-00000175,MOTHER_OF,1,FR-7942a89e20b24f40
HP-00000181,HP-00000179,MOTHER_OF,1,FR-665ddc0987cb0cb1
HP-00000185,HP-00000183,MOTHER_OF,1,FR-2d2006bbba7bcc58
HP-00000189,HP-00000187,MOTHER_OF,1,FR-12a9f4e83e295029
HP-00000193,HP-00000191,MOTHER_OF,1,FR-962e862d464722e0
HP-00000196,HP-00000195,MOTHER_OF,1,FR-c2eb4c1e29b86981
HP-00000200,HP-00000198,MOTHER_OF,1,FR-8582efc272442da5
HP-00000203,HP-00000202,MOTHER_OF,1,FR-686bc7f89e2b93e2
HP-00000207,HP-00000205,MOTHER_OF,1,FR-e6a549656eaa9a31
HP-00000211,HP-00000209,MOTHER_OF,1,FR-ea0c2db58e28b86e
HP-00000218,HP-00000217,MOTHER_OF,1,FR-2128bcf829e48abe
HP-00000225,HP-00000224,MOTHER_OF,1,FR-b4895708cb21d9cb
HP-00000229,HP-00000227,MOTHER_OF,1,FR-87acff789c54a619
HP-00000233,HP-00000231,MOTHER_OF,1,FR-e6e4d7f8eb1f7f20
HP-00000237,HP-00000235,MOTHER_OF,1,FR-c96adbcbe5c43f22
HP-00000244,HP-00000243,MOTHER_OF,1,FR-64698428c8696e30
HP-00000248,HP-00000246,MOTHER_OF,1,FR-7bcab0db9a7db5b4
HP-00000252,HP-00000250,MOTHER_OF,1,FR-5e70b24ae0723063
HP-00000256,HP-00000254,MOTHER_OF,1,FR-9e25fc9eba48ae17
HP-00000260,HP-00000258,MOTHER_OF,1,FR-60adfb7ba84f205b
HP-00000264,HP-00000262,MOTHER_OF,1,FR-2187e6621bb88f3f
HP-00000268,HP-00000266,MOTHER_OF,1,FR-da7b607739e91340
HP-00000272,HP-00000270,MOTHER_OF,1,FR-9b64c2494029c3f8
HP-00000276,HP-00000274,MOTHER_OF,1,FR-3dcae9e11e58dffe
HP-00000280,HP-00000278,MOTHER_OF,1,FR-cf237d482696930f
HP-00000284,HP-00000282,MOTHER_OF,1,FR-420e2c00f826a48e
HP-00000300,HP-00000298,MOTHER_OF,1,FR-69d91528ed5f8557
HP-00000304,HP-00000302,MOTHER_OF,1,FR-29293eab8c1511bd
HP-00000308,HP-00000306,MOTHER_OF,1,FR-2325bcaec77562a2
HP-00000312,HP-00000310,MOTHER_OF,1,FR-ae9fb4a071a91120
HP-00000320,HP-00000318,MOTHER_OF,1,FR-327edcd4fca92c96
HP-00000324,HP-00000322,MOTHER_OF,1,FR-ae4c3581bf62d736
HP-00000328,HP-00000326,MOTHER_OF,1,FR-db467ee971b0fa92
HP-00000332,HP-00000330,MOTHER_OF,1,FR-fef4c5bf2991465b
HP-00000339,HP-00000338,MOTHER_OF,1,FR-f216c0b39c86ff24
HP-00000343,HP-00000341,MOTHER_OF,1,FR-f2fde8869e70a6d9
HP-00000346,HP-00000345,MOTHER_OF,1,FR-9e13618152d46528
HP-00000353,HP-00000352,MOTHER_OF,1,FR-08612cb286cd41dd
HP-00000357,HP-00000355,MOTHER_OF,1,FR-03f83a326bf32edc
HP-00000360,HP-00000359,MOTHER_OF,1,FR-bd41b67a5e3e63cc
HP-00000363,HP-00000362,MOTHER_OF,1,FR-e70a5629f5429a38
HP-00000367,HP-00000365,MOTHER_OF,1,FR-b1cdd7939a99b854
HP-00000370,HP-00000369,MOTHER_OF,1,FR-8c83c05882497b04
HP-00000374,HP-00000372,MOTHER_OF,1,FR-b862dcf8395c1490
HP-00000377,HP-00000376,MOTHER_OF,1,FR-3d0af94f6eab8633
HP-00000385,HP-00000383,MOTHER_OF,1,FR-57c4cf41b32c5686
HP-00000388,HP-00000387,MOTHER_OF,1,FR-f09028cc4bbd0064
HP-00000392,HP-00000390,MOTHER_OF,1,FR-513368a8752a4cff
HP-00000400,HP-00000398,MOTHER_OF,1,FR-1f71249bb3c30ce4
HP-00000404,HP-00000402,MOTHER_OF,1,FR-a6227555722665be
HP-00000408,HP-00000406,MOTHER_OF,1,FR-2953eaa1dae76535
HP-00000412,HP-00000410,MOTHER_OF,1,FR-6f38e4cb09e9abff
HP-00000416,HP-00000414,MOTHER_OF,1,FR-f012c18916ddd44c
HP-00000419,HP-00000418,MOTHER_OF,1,FR-ad36f24df002853a
HP-00000422,HP-00000421,MOTHER_OF,1,FR-7a318174f34d1ef9
HP-00000429,HP-00000428,MOTHER_OF,1,FR-8dd895cb301d649a
HP-00000432,HP-00000431,MOTHER_OF,1,FR-62caf0020021a599
HP-00000436,HP-00000434,MOTHER_OF,1,FR-1ea5c84a87a52fbf
HP-00000440,HP-00000438,MOTHER_OF,1,FR-f2781ce04a991d10
HP-00000444,HP-00000442,MOTHER_OF,1,FR-1af409c62432b874
HP-00000455,HP-00000454,MOTHER_OF,1,FR-cb9a8be35164f65e
HP-00000459,HP-00000457,MOTHER_OF,1,FR-cdcc231f327161cd
HP-00000467,HP-00000465,MOTHER_OF,1,FR-44453a0fd9c198dc
HP-00000181,HP-00000469,MOTHER_OF,1,FR-e2d09feb36bd3832
HP-00000475,HP-00000473,MOTHER_OF,1,FR-b034aea53090e50a
HP-00000486,HP-00000484,MOTHER_OF,1,FR-3424abcabbd5008f
HP-00000489,HP-00000488,MOTHER_OF,1,FR-eee08a4161477cad
HP-00000493,HP-00000491,MOTHER_OF,1,FR-1a41c91ecaf32df1
HP-00000496,HP-00000495,MOTHER_OF,1,FR-56d8bb0a7f2f7175
HP-00000504,HP-00000502,MOTHER_OF,1,FR-eaaca9d45dabf91b
HP-00000508,HP-00000506,MOTHER_OF,1,FR-3d1de94adc68128b
HP-00000512,HP-00000510,MOTHER_OF,1,FR-cc7134af45a4b126
HP-00000520,HP-00000518,MOTHER_OF,1,FR-37936b85b0e52c5e
HP-00000524,HP-00000522,MOTHER_OF,1,FR-7f3d71a39a755e60
HP-00000532,HP-00000530,MOTHER_OF,1,FR-158eafad38c91d8e
HP-00000536,HP-00000534,MOTHER_OF,1,FR-fd247e295634e8f7
HP-00000540,HP-00000538,MOTHER_OF,1,FR-3fab2bc6342456a9
HP-00000552,HP-00000550,MOTHER_OF,1,FR-7c0fbe4e8f6b7d57
HP-00000555,HP-00000554,MOTHER_OF,1,FR-81fdfdd5ebff639d
HP-00000559,HP-00000557,MOTHER_OF,1,FR-d17da9b42919510c
HP-00000563,HP-00000561,MOTHER_OF,1,FR-289a8977578e5a6e
HP-00000566,HP-00000565,MOTHER_OF,1,FR-06a0592ffc375775
HP-00000570,HP-00000568,MOTHER_OF,1,FR-972bef1fa618e6e2
HP-00000574,HP-00000572,MOTHER_OF,1,FR-67914bdfb81143cb
HP-00000582,HP-00000580,MOTHER_OF,1,FR-41625cdeecb85b92
HP-00000586,HP-00000584,MOTHER_OF,1,FR-8c5ee61d3d7caa1b
HP-00000590,HP-00000588,MOTHER_OF,1,FR-1a41b2412b60f537
HP-00000595,HP-00000593,MOTHER_OF,1,FR-0802cd55f896a81c
HP-00000607,HP-00000605,MOTHER_OF,1,FR-d08b99a4d47ff7f4
HP-00000611,HP-00000609,MOTHER_OF,1,FR-146ff8a1cbeb7f80
HP-00000615,HP-00000613,MOTHER_OF,1,FR-9e9eda134497b156
HP-00000619,HP-00000617,MOTHER_OF,1,FR-b549218475dda04d
HP-00000639,HP-00000637,MOTHER_OF,1,FR-313aeb36c86dd159
HP-00000643,HP-00000641,MOTHER_OF,1,FR-902fd5db754d2562
HP-00000651,HP-00000649,MOTHER_OF,1,FR-fbc64aa87daf2e24
HP-00000655,HP-00000653,MOTHER_OF,1,FR-0a9c462deb6bcf39
HP-00000659,HP-00000657,MOTHER_OF,1,FR-99a0d487cbf1e4b9
HP-00000663,HP-00000661,MOTHER_OF,1,FR-57790743c0785aa9
HP-00000670,HP-00000669,MOTHER_OF,1,FR-ee7e41261763d1e5
HP-00000674,HP-00000672,MOTHER_OF,1,FR-1686407a49ae466b
HP-00000678,HP-00000676,MOTHER_OF,1,FR-4056a79bb80a800a
HP-00000682,HP-00000680,MOTHER_OF,1,FR-30b8a775a5b40f92
HP-00000686,HP-00000684,MOTHER_OF,1,FR-e143d191f59fb003
HP-00000690,HP-00000688,MOTHER_OF,1,FR-00ad55ddc1d2d185
HP-00000694,HP-00000692,MOTHER_OF,1,FR-d69dbb92c34205dd
HP-00000710,HP-00000708,MOTHER_OF,1,FR-1b4c1084ebc53862
HP-00000714,HP-00000712,MOTHER_OF,1,FR-c7be8e1f17f3cb6c
HP-00000718,HP-00000716,MOTHER_OF,1,FR-f35d45ac50c0033d
HP-00000726,HP-00000724,MOTHER_OF,1,FR-482214896539374c
HP-00000730,HP-00000728,MOTHER_OF,1,FR-3ff555c546039222
HP-00000734,HP-00000732,MOTHER_OF,1,FR-6d595c2264f58478
HP-00000738,HP-00000736,MOTHER_OF,1,FR-8edb07ad3e81320d
HP-00000750,HP-00000748,MOTHER_OF,1,FR-eaa7f90d367aaebb
HP-00000762,HP-00000760,MOTHER_OF,1,FR-decce77e4f90756d
HP-00000765,HP-00000764,MOTHER_OF,1,FR-03a462320606756c
HP-00000769,HP-00000767,MOTHER_OF,1,FR-9897027175959359
HP-00000773,HP-00000771,MOTHER_OF,1,FR-99b1e171e7d674bd
HP-00000785,HP-00000783,MOTHER_OF,1,FR-42f26db89da82272
HP-00000789,HP-00000787,MOTHER_OF,1,FR-d26bf8702311959f
HP-00000796,HP-00000795,MOTHER_OF,1,FR-260d184a718cd7e8
HP-00000799,HP-00000798,MOTHER_OF,1,FR-533f448c0c361e95
HP-00000803,HP-00000801,MOTHER_OF,1,FR-9f07849301ddbfcf
HP-00000807,HP-00000805,MOTHER_OF,1,FR-e7e1838d7ff26ad3
HP-00000810,HP-00000809,MOTHER_OF,1,FR-751a3473143af410
HP-00000814,HP-00000812,MOTHER_OF,1,FR-e529b7d3fb3e1064
HP-00000829,HP-00000827,MOTHER_OF,1,FR-f702029c821a106f
HP-00000833,HP-00000831,MOTHER_OF,1,FR-b5b6180c587d25af
HP-00000836,HP-00000835,MOTHER_OF,1,FR-438cfad7b69a45e1
HP-00000840,HP-00000838,MOTHER_OF,1,FR-271b56e2d47ad742
HP-00000844,HP-00000842,MOTHER_OF,1,FR-d1cd08ebad8453d4
HP-00000847,HP-00000846,MOTHER_OF,1,FR-a7d9c0ca9170dede
HP-00000851,HP-00000849,MOTHER_OF,1,FR-e660c44b2aaa64e3
HP-00000858,HP-00000857,MOTHER_OF,1,FR-94ba208f3303a5bb
HP-00000862,HP-00000860,MOTHER_OF,1,FR-60d84ef093294526
HP-00000866,HP-00000864,MOTHER_OF,1,FR-3ae9724429c9fb1e
HP-00000870,HP-00000868,MOTHER_OF,1,FR-3e22d54466cebb87
HP-00000874,HP-00000872,MOTHER_OF,2,FR-f2dee047c6ecb30c
HP-00000886,HP-00000884,MOTHER_OF,1,FR-3fb355c8eef67277
HP-00000889,HP-00000888,MOTHER_OF,1,FR-0d2b24abe56a9032
HP-00000897,HP-00000895,MOTHER_OF,1,FR-dbb24a6ece0b4acb
HP-00000905,HP-00000903,MOTHER_OF,1,FR-21e1df508aebd37e
HP-00000909,HP-00000907,MOTHER_OF,1,FR-6515967b42884eef
HP-00000913,HP-00000911,MOTHER_OF,1,FR-a65127879630ee73
HP-00000917,HP-00000915,MOTHER_OF,1,FR-1715980e870332ef
HP-00000921,HP-00000919,MOTHER_OF,1,FR-df22d7273ae5b14d
HP-00000925,HP-00000923,MOTHER_OF,1,FR-55b8cf9fe4097d21
HP-00000929,HP-00000927,MOTHER_OF,1,FR-84a9ee08a37c31e8
HP-00000933,HP-00000931,MOTHER_OF,1,FR-cabaff335e26754f
HP-00000937,HP-00000935,MOTHER_OF,1,FR-b0f3247f27a1036b
HP-00000945,HP-00000943,MOTHER_OF,1,FR-28322e70ae5da533
HP-00000948,HP-00000947,MOTHER_OF,1,FR-108ff57cfa4037d4
HP-00000952,HP-00000950,MOTHER_OF,1,FR-0359e2ec13adea28
HP-00000956,HP-00000954,MOTHER_OF,1,FR-d6c11f691e1b8f75
HP-00000486,HP-00000958,MOTHER_OF,1,FR-abd93925dab73317
HP-00000964,HP-00000962,MOTHER_OF,1,FR-d6fd4fced01684ef
HP-00000968,HP-00000966,MOTHER_OF,1,FR-a5964aec104c12d4
HP-00000980,HP-00000978,MOTHER_OF,1,FR-8b581af04984018f
HP-00000984,HP-00000982,MOTHER_OF,1,FR-d843d2d7c79b64af
HP-00000992,HP-00000990,MOTHER_OF,1,FR-28be5686b2a2903f
HP-00000996,HP-00000994,MOTHER_OF,1,FR-794f518bdf8129b0
HP-00001000,HP-00000998,MOTHER_OF,1,FR-1f9fa9a528766ad6
HP-00001002,HP-00001001,MOTHER_OF,1,FR-acaaa5479ca10f6e
HP-00001009,HP-00001008,MOTHER_OF,1,FR-d7e73f8fa99f9568
HP-00001013,HP-00001011,MOTHER_OF,1,FR-0dede2132b5d7d54
HP-00001017,HP-00001015,MOTHER_OF,1,FR-424a58a6eb5cd1d9
HP-00001021,HP-00001019,MOTHER_OF,1,FR-d914c533d9bc06df
HP-00001025,HP-00001023,MOTHER_OF,1,FR-0c865dd7b6a03229
HP-00001037,HP-00001035,MOTHER_OF,1,FR-4f2c153af6b6e2e5
HP-00000655,HP-00001039,MOTHER_OF,1,FR-84aa7f81e404a44b
HP-00001048,HP-00001047,MOTHER_OF,1,FR-c0dbdb0b9adb722e
HP-00001052,HP-00001050,MOTHER_OF,1,FR-5eab1234abae2bdc
HP-00001060,HP-00001058,MOTHER_OF,1,FR-f137ee87a0311e06
HP-00001064,HP-00001062,MOTHER_OF,1,FR-715c5d96b2d9e401
HP-00001068,HP-00001066,MOTHER_OF,1,FR-7815307feba6967f
HP-00001072,HP-00001070,MOTHER_OF,1,FR-d408647df8a03ebf
HP-00001076,HP-00001074,MOTHER_OF,1,FR-0aef4202be491efb
HP-00001080,HP-00001078,MOTHER_OF,1,FR-f40a555ea16c390e
HP-00001084,HP-00001082,MOTHER_OF,1,FR-9f8c8e1d0588edf7
HP-00001088,HP-00001086,MOTHER_OF,1,FR-695034e79ba412ac
HP-00001092,HP-00001090,MOTHER_OF,1,FR-f63d3306c12e1b35
HP-00001096,HP-00001094,MOTHER_OF,1,FR-22d8c53cd01bc7de
HP-00001100,HP-00001098,MOTHER_OF,1,FR-bb3f5a0ceb02b4aa
HP-00001104,HP-00001102,MOTHER_OF,1,FR-8b5654eadf86e622
HP-00001112,HP-00001110,MOTHER_OF,1,FR-f74d838765eeeca9
HP-00001116,HP-00001114,MOTHER_OF,1,FR-0ef4d00b1daab9e4
HP-00001120,HP-00001118,MOTHER_OF,1,FR-8712bef3cb99ebd6
HP-00001124,HP-00001122,MOTHER_OF,1,FR-089540c2d31b1ece
HP-00001128,HP-00001126,MOTHER_OF,1,FR-4acb7b1aa65a9877
HP-00001132,HP-00001130,MOTHER_OF,1,FR-d959946e9d43226f
HP-00001140,HP-00001138,MOTHER_OF,1,FR-2c281943e41a6152
HP-00001144,HP-00001142,MOTHER_OF,1,FR-193d77880789c722
HP-00001148,HP-00001146,MOTHER_OF,1,FR-34bf6ac20c95a3ef
HP-00001152,HP-00001150,MOTHER_OF,2,FR-d7f7356b38d16031
HP-00001159,HP-00001158,MOTHER_OF,1,FR-5758c8389e9a1dd2
HP-00001171,HP-00001169,MOTHER_OF,1,FR-4ee8e2df0235a2c5
HP-00001175,HP-00001173,MOTHER_OF,1,FR-6aa4ac4ac93c9493
HP-00001179,HP-00001177,MOTHER_OF,1,FR-8402c98839df555d
HP-00001186,HP-00001185,MOTHER_OF,1,FR-2875a011227803da
HP-00001190,HP-00001188,MOTHER_OF,1,FR-2187982dbb2f5318
HP-00001194,HP-00001192,MOTHER_OF,1,FR-7ce259c18213f338
HP-00001198,HP-00001196,MOTHER_OF,1,FR-0a61a750f83eba0a
HP-00000436,HP-00001204,MOTHER_OF,1,FR-4ad2cfc0c234aa2c
HP-00001218,HP-00001216,MOTHER_OF,1,FR-4288a305912f22eb
HP-00001226,HP-00001224,MOTHER_OF,1,FR-c9017a589c7df8b5
HP-00001230,HP-00001228,MOTHER_OF,1,FR-b5c357e034a06eda
HP-00001246,HP-00001244,MOTHER_OF,1,FR-8816fa274df4c7cb
HP-00000237,HP-00001252,MOTHER_OF,1,FR-f0cd8cb7edea3895
HP-00001266,HP-00001264,MOTHER_OF,1,FR-c6ce049d08053f38
HP-00001270,HP-00001268,MOTHER_OF,1,FR-844fc87b38ef4270
HP-00001278,HP-00001276,MOTHER_OF,1,FR-b81cb7fa829b90b3
HP-00001120,HP-00001280,MOTHER_OF,1,FR-8de3a8a982b01f19
HP-00001290,HP-00001288,MOTHER_OF,1,FR-5d066143585b24cb
HP-00001292,HP-00001291,MOTHER_OF,1,FR-254f7cc24ed3bd54
HP-00001296,HP-00001294,MOTHER_OF,1,FR-3bd1022e01bca846
HP-00001299,HP-00001298,MOTHER_OF,1,FR-35dbf59273140477
HP-00001303,HP-00001301,MOTHER_OF,1,FR-1a249babb051aba3
HP-00001307,HP-00001305,MOTHER_OF,1,FR-9d2fdbe5232bbbaf
HP-00001311,HP-00001309,MOTHER_OF,1,FR-abcd9462695ea094
HP-00001315,HP-00001313,MOTHER_OF,1,FR-1f23947b52725cd5
HP-00001319,HP-00001317,MOTHER_OF,1,FR-7c7e014f142cc88c
HP-00001323,HP-00001321,MOTHER_OF,1,FR-9a7e8df705c51c46
HP-00001331,HP-00001329,MOTHER_OF,1,FR-d1ec597a826c5452
HP-00000252,HP-00001333,MOTHER_OF,1,FR-948558bf938191ef
HP-00001339,HP-00001337,MOTHER_OF,1,FR-05a9964e071c8b31
HP-00001347,HP-00001345,MOTHER_OF,1,FR-2e45d477e2c6ab7a
HP-00000252,HP-00001352,MOTHER_OF,1,FR-a66ec79f97aaa862
HP-00001357,HP-00001356,MOTHER_OF,1,FR-35f651de03501294
HP-00001361,HP-00001359,MOTHER_OF,1,FR-cd3dec2eb0a8196a
HP-00001369,HP-00001367,MOTHER_OF,1,FR-bf194bfc80cb83d5
HP-00001372,HP-00001370,MOTHER_OF,1,FR-258094665833d7f3
HP-00001376,HP-00001374,MOTHER_OF,1,FR-8fb39132b8f54dfd
HP-00001380,HP-00001378,MOTHER_OF,1,FR-b3579fd7bee248ca
HP-00001384,HP-00001382,MOTHER_OF,1,FR-817cda14a7e58162
HP-00000312,HP-00001390,MOTHER_OF,1,FR-c6a7c1c17570075f
HP-00001400,HP-00001398,MOTHER_OF,1,FR-41ed2402b829b9e8
HP-00001404,HP-00001402,MOTHER_OF,1,FR-df732360366f2888
HP-00001408,HP-00001406,MOTHER_OF,1,FR-65f264ec89228f1a
HP-00001416,HP-00001414,MOTHER_OF,1,FR-1137ead871b41506
HP-00001420,HP-00001418,MOTHER_OF,1,FR-6fce1739906f9909
HP-00001434,HP-00001433,MOTHER_OF,1,FR-18d096fd8031716b
HP-00001442,HP-00001440,MOTHER_OF,1,FR-ddd2b8dc1d19ee51
HP-00001454,HP-00001452,MOTHER_OF,1,FR-d37a165057f30be0
HP-00001458,HP-00001456,MOTHER_OF,1,FR-ad3f52b56664af07
HP-00001461,HP-00001460,MOTHER_OF,1,FR-064db52161cefa4f
HP-00001464,HP-00001463,MOTHER_OF,1,FR-c2bfe178f18b0a96
HP-00001467,HP-00001466,MOTHER_OF,1,FR-fa029feaf209e03f
HP-00001475,HP-00001473,MOTHER_OF,1,FR-601f6aab57001943
HP-00001479,HP-00001477,MOTHER_OF,1,FR-7c28a4a361f7397d
HP-00000682,HP-00001481,MOTHER_OF,1,FR-9593a63719662a38
HP-00001246,HP-00001485,MOTHER_OF,1,FR-2e12b0b7fe025fa9
HP-00001491,HP-00001489,MOTHER_OF,1,FR-4b81d1b4c8574d47
HP-00001502,HP-00001500,MOTHER_OF,1,FR-4ddc5f707990edcf
HP-00001505,HP-00001504,MOTHER_OF,1,FR-1d13aed85aeaa59e
HP-00001513,HP-00001511,MOTHER_OF,1,FR-d38e0faa16ef81d5
HP-00001521,HP-00001519,MOTHER_OF,1,FR-36f48df12bdf8086
HP-00001524,HP-00001523,MOTHER_OF,1,FR-8f68afe1e2f9756e
HP-00001528,HP-00001526,MOTHER_OF,1,FR-34fe82632407c37c
HP-00001532,HP-00001530,MOTHER_OF,1,FR-5e0868b193b1eb85
HP-00000840,HP-00001534,MOTHER_OF,1,FR-19d59c923b6e8033
HP-00001540,HP-00001538,MOTHER_OF,1,FR-8d8d624abd011b54
HP-00001544,HP-00001542,MOTHER_OF,1,FR-09331316d42f1f82
HP-00001548,HP-00001546,MOTHER_OF,1,FR-3fd8d6d66d737b56
HP-00001556,HP-00001554,MOTHER_OF,1,FR-bd079a97090d25af
HP-00001560,HP-00001558,MOTHER_OF,1,FR-54f025f410cb1a9a
HP-00001564,HP-00001562,MOTHER_OF,1,FR-ccc2f285e4b2ad22
HP-00001568,HP-00001566,MOTHER_OF,1,FR-51f1f27e3a7ee106
HP-00001572,HP-00001570,MOTHER_OF,1,FR-cc67e11ad2490c26
HP-00001587,HP-00001586,MOTHER_OF,1,FR-365dc882c1ab087d
HP-00001591,HP-00001589,MOTHER_OF,1,FR-9300f40985745aa6
HP-00001598,HP-00001597,MOTHER_OF,1,FR-6433949e9feb0824
HP-00001602,HP-00001600,MOTHER_OF,1,FR-60d4672904fa604f
HP-00001606,HP-00001604,MOTHER_OF,1,FR-e261d5d20b4fd4bf
HP-00001610,HP-00001608,MOTHER_OF,1,FR-f11ec09509fa65da
HP-00001614,HP-00001612,MOTHER_OF,1,FR-a30e004083542be5
HP-00000011,HP-00001616,MOTHER_OF,1,FR-a8d48eaf2c6202f5
HP-00001622,HP-00001620,MOTHER_OF,1,FR-6c7a088120c3daaa
HP-00001630,HP-00001628,MOTHER_OF,1,FR-f88ca9b174ca1def
HP-00001634,HP-00001632,MOTHER_OF,1,FR-92d5fed975608aad
HP-00001638,HP-00001636,MOTHER_OF,1,FR-bf83c788779b0079
HP-00001646,HP-00001644,MOTHER_OF,1,FR-b4a64e96e7fa5552
HP-00001650,HP-00001648,MOTHER_OF,1,FR-a5ee609b4ba7e22d
HP-00001654,HP-00001652,MOTHER_OF,1,FR-ac0ebb183a7be3a3
HP-00001658,HP-00001656,MOTHER_OF,1,FR-d4981885298c887a
HP-00001662,HP-00001660,MOTHER_OF,2,FR-624bdc20bfce26a5
HP-00001666,HP-00001664,MOTHER_OF,1,FR-0471928910d1f70c
HP-00001670,HP-00001668,MOTHER_OF,1,FR-0cd862bffeeb3163
HP-00001677,HP-00001676,MOTHER_OF,1,FR-6eb17b3dc145a455
HP-00001681,HP-00001679,MOTHER_OF,1,FR-1716a27f65a4ebac
HP-00000563,HP-00001683,MOTHER_OF,1,FR-5e8843dcf22cc970
HP-00001689,HP-00001687,MOTHER_OF,1,FR-79f2babebea16fbb
HP-00001692,HP-00001691,MOTHER_OF,1,FR-973281e3f6f5110d
HP-00001695,HP-00001693,MOTHER_OF,1,FR-5be7e86910d7ab12
HP-00001703,HP-00001701,MOTHER_OF,1,FR-c043b5095f74d04c
HP-00001072,HP-00001705,MOTHER_OF,1,FR-da2ea0e93eba1d23
HP-00001711,HP-00001709,MOTHER_OF,1,FR-12d847812cf2ab21
HP-00001715,HP-00001713,MOTHER_OF,1,FR-3ec54f60c47d94fe
HP-00001719,HP-00001717,MOTHER_OF,1,FR-cc0de185868fd7b5
HP-00001723,HP-00001721,MOTHER_OF,1,FR-2906a5d2bdb5f5dd
HP-00001727,HP-00001725,MOTHER_OF,1,FR-53edef9d9fbcd0f1
HP-00001735,HP-00001733,MOTHER_OF,1,FR-ea6beefd22210456
HP-00001763,HP-00001761,MOTHER_OF,1,FR-50ade04a2daebe57
HP-00001767,HP-00001765,MOTHER_OF,1,FR-c72e665d03d46278
HP-00001775,HP-00001773,MOTHER_OF,1,FR-1cc83cdb2f400366
HP-00001778,HP-00001777,MOTHER_OF,1,FR-d456e2902b9e5477
HP-00001782,HP-00001780,MOTHER_OF,1,FR-972377a267332b04
HP-00001786,HP-00001784,MOTHER_OF,1,FR-28d81960531862d4
HP-00001789,HP-00001788,MOTHER_OF,1,FR-01c6abee301af116
HP-00001793,HP-00001791,MOTHER_OF,1,FR-0dc996f358311315
HP-00001797,HP-00001795,MOTHER_OF,1,FR-ea04090ce19f40ca
HP-00001805,HP-00001803,MOTHER_OF,1,FR-6dfb7d8106ea7e9e
HP-00001809,HP-00001807,MOTHER_OF,1,FR-ccfb56950c5ae359
HP-00001812,HP-00001811,MOTHER_OF,1,FR-7449c5c1e5abca81
HP-00001820,HP-00001818,MOTHER_OF,1,FR-56fd9d4247348604
HP-00001824,HP-00001822,MOTHER_OF,1,FR-80f5679f9c3f7adc
HP-00001828,HP-00001826,MOTHER_OF,1,FR-7015775aab9d661c
HP-00001832,HP-00001830,MOTHER_OF,1,FR-439535268590bbbd
HP-00001840,HP-00001838,MOTHER_OF,1,FR-381f8c98600dfd1e
HP-00001844,HP-00001842,MOTHER_OF,1,FR-8d92ad7f9ccd2142
HP-00001848,HP-00001846,MOTHER_OF,1,FR-7849cc6f0aac175b
HP-00001852,HP-00001850,MOTHER_OF,1,FR-7852f70d9172b7a4
HP-00001860,HP-00001858,MOTHER_OF,1,FR-3dee21d759db5e88
HP-00001864,HP-00001862,MOTHER_OF,1,FR-8f6bf7f9971d6384
HP-00001532,HP-00001866,MOTHER_OF,1,FR-1d778a79f8a8d03d
HP-00001884,HP-00001882,MOTHER_OF,1,FR-ffd36cf79ada5be5
HP-00001888,HP-00001886,MOTHER_OF,1,FR-c66bca261b698014
HP-00001892,HP-00001890,MOTHER_OF,1,FR-f2cae5cc744f61ce
HP-00001896,HP-00001894,MOTHER_OF,1,FR-7ff6e603430f9d39
HP-00001900,HP-00001898,MOTHER_OF,1,FR-c1d7315becdcea6a
HP-00000486,HP-00001906,MOTHER_OF,1,FR-d52eddc5528f4e9a
HP-00001912,HP-00001910,MOTHER_OF,1,FR-7491af007ecd9cd9
HP-00001924,HP-00001922,MOTHER_OF,1,FR-1cd493e5277ec476
HP-00000956,HP-00001926,MOTHER_OF,1,FR-43e57a6172276bab
HP-00001931,HP-00001930,MOTHER_OF,1,FR-79b9ab9ecf791e58
HP-00001935,HP-00001933,MOTHER_OF,1,FR-f7ebf7c6a21fdcdc
HP-00001947,HP-00001945,MOTHER_OF,1,FR-d1f8c7afd326c3fb
HP-00001951,HP-00001949,MOTHER_OF,1,FR-59e2b0c83121ab49
HP-00000659,HP-00001969,MOTHER_OF,1,FR-dc7055df83521a68
HP-00001975,HP-00001973,MOTHER_OF,1,FR-7f302d6ae82250b3
HP-00001982,HP-00001981,MOTHER_OF,1,FR-2051e39a6cf6056d
HP-00000328,HP-00001984,MOTHER_OF,1,FR-5696ba17dc3d9579
HP-00001990,HP-00001988,MOTHER_OF,1,FR-eb4f07340f7b8074
HP-00001998,HP-00001996,MOTHER_OF,1,FR-dc2f3fa1e90062fe
HP-00002002,HP-00002000,MOTHER_OF,1,FR-8c34dc3709f0f26e
HP-00002010,HP-00002008,MOTHER_OF,1,FR-541056d46a7f766e
HP-00002014,HP-00002012,MOTHER_OF,1,FR-85d104184426de67
HP-00002018,HP-00002016,MOTHER_OF,1,FR-d579d815ab689cab
HP-00002022,HP-00002020,MOTHER_OF,1,FR-7a55bd9a122683ae
HP-00002026,HP-00002024,MOTHER_OF,1,FR-a092bd84b6742a15
HP-00002030,HP-00002028,MOTHER_OF,2,FR-ab8df610e69ed5cd
HP-00002034,HP-00002032,MOTHER_OF,1,FR-a03ca1e42711465d
HP-00002046,HP-00002044,MOTHER_OF,1,FR-7e46963f7293813d
HP-00002050,HP-00002048,MOTHER_OF,1,FR-e5b8c017862b88a5
HP-00002054,HP-00002052,MOTHER_OF,1,FR-bd1c8e6f093108f0
HP-00002058,HP-00002056,MOTHER_OF,1,FR-306bfd9719d7b116
HP-00002061,HP-00002060,MOTHER_OF,1,FR-62f6921cfbf65c97
HP-00002069,HP-00002067,MOTHER_OF,1,FR-0919a95df49b52e8
HP-00002076,HP-00002075,MOTHER_OF,1,FR-bdf5b05cf19cf65d
HP-00002080,HP-00002078,MOTHER_OF,1,FR-83a99fa39d0c56bd
HP-00002084,HP-00002082,MOTHER_OF,1,FR-8cc03ee0ca8231f6
HP-00002088,HP-00002086,MOTHER_OF,1,FR-f5f1af5c1338c6b4
HP-00000252,HP-00002090,MOTHER_OF,1,FR-db5b48d2e5912345
HP-00002096,HP-00002094,MOTHER_OF,1,FR-401072962c83ae85
HP-00000320,HP-00002098,MOTHER_OF,1,FR-8f814259696bb79a
HP-00002104,HP-00002102,MOTHER_OF,1,FR-99c53f9ef827e487
HP-00002107,HP-00002106,MOTHER_OF,1,FR-e48f22b2a211db28
HP-00002111,HP-00002109,MOTHER_OF,1,FR-bb965412fc4ba4cb
HP-00002115,HP-00002113,MOTHER_OF,1,FR-8a1214d625fe5924
HP-00001080,HP-00002121,MOTHER_OF,1,FR-530cd736a4f987d5
HP-00002131,HP-00002129,MOTHER_OF,1,FR-51dafcba71524403
HP-00002135,HP-00002133,MOTHER_OF,1,FR-b8fe2846f3981846
HP-00002143,HP-00002141,MOTHER_OF,1,FR-7ee7f4904903c2cc
HP-00000909,HP-00002149,MOTHER_OF,1,FR-1ff6682dbc944315
HP-00002158,HP-00002157,MOTHER_OF,1,FR-3c6af83c52ac15a7
HP-00002162,HP-00002160,MOTHER_OF,1,FR-9b203f546f8bdc62
HP-00002166,HP-00002164,MOTHER_OF,1,FR-8eadc88175afe0be
HP-00002169,HP-00002168,MOTHER_OF,1,FR-d0901707507990ec
HP-00002177,HP-00002175,MOTHER_OF,1,FR-5aa2ea7ec2723fa0
HP-00002193,HP-00002191,MOTHER_OF,1,FR-b0a262b633c778b6
HP-00002201,HP-00002199,MOTHER_OF,1,FR-12c862018738a4ee
HP-00002205,HP-00002203,MOTHER_OF,1,FR-81ee0ffba15ecaa6
HP-00002209,HP-00002207,MOTHER_OF,1,FR-dff6b2fd9108476a
HP-00002217,HP-00002215,MOTHER_OF,1,FR-370bf9debcb40c08
HP-00001270,HP-00002219,MOTHER_OF,1,FR-feb30644fd183397
HP-00002229,HP-00002227,MOTHER_OF,1,FR-abb908a84c350a7d
HP-00002233,HP-00002231,MOTHER_OF,1,FR-b537ba5925c3c6be
HP-00002237,HP-00002235,MOTHER_OF,1,FR-4a69ca418740dc87
HP-00002241,HP-00002239,MOTHER_OF,1,FR-7b1e39369d2a9adb
HP-00002248,HP-00002247,MOTHER_OF,1,FR-d5bbf1261408a3b5
HP-00002252,HP-00002250,MOTHER_OF,1,FR-755232bea0ae7e16
HP-00002264,HP-00002262,MOTHER_OF,1,FR-704703abbb3da4b2
HP-00002268,HP-00002266,MOTHER_OF,1,FR-ec6aea58d85bde74
HP-00000508,HP-00002270,MOTHER_OF,1,FR-7db63627d940a4b5
HP-00002280,HP-00002278,MOTHER_OF,1,FR-b2b16ea592f06cb3
HP-00002284,HP-00002282,MOTHER_OF,1,FR-6895035bb21d0dce
HP-00002304,HP-00002302,MOTHER_OF,1,FR-2cf2442fb1c4a916
HP-00002312,HP-00002310,MOTHER_OF,1,FR-126d004de14c3c50
HP-00000367,HP-00002314,MOTHER_OF,1,FR-e00de49d5028300e
HP-00002319,HP-00002317,MOTHER_OF,1,FR-da5381ec45fd90ff
HP-00002323,HP-00002321,MOTHER_OF,1,FR-23fef02f529e4f32
HP-00002334,HP-00002333,MOTHER_OF,1,FR-2418a6d7e7cac617
HP-00000840,HP-00002336,MOTHER_OF,1,FR-b24b8e41e09ab2e3
HP-00002350,HP-00002348,MOTHER_OF,2,FR-fccca73994a62974
HP-00002362,HP-00002360,MOTHER_OF,1,FR-262b291b82852d9b
HP-00002366,HP-00002364,MOTHER_OF,1,FR-4b395da9521ca0c8
HP-00002370,HP-00002368,MOTHER_OF,1,FR-c701846768e90aae
HP-00001951,HP-00002372,MOTHER_OF,1,FR-a4eef001b39ed0a9
HP-00002386,HP-00002384,MOTHER_OF,1,FR-99d497425825ac05
HP-00002390,HP-00002388,MOTHER_OF,1,FR-12354fe34da1a02f
HP-00002394,HP-00002392,MOTHER_OF,1,FR-bea6e8102c1d5d36
HP-00002398,HP-00002396,MOTHER_OF,1,FR-4ef6d14da8214800
HP-00002402,HP-00002400,MOTHER_OF,1,FR-4a04d0b725403c0d
HP-00002410,HP-00002408,MOTHER_OF,1,FR-5e74b7f516d4cf09
HP-00002413,HP-00002412,MOTHER_OF,1,FR-43e6ccd7bb754761
HP-00001152,HP-00002435,MOTHER_OF,1,FR-132fb6bd6b4edea6
HP-00002441,HP-00002439,MOTHER_OF,1,FR-96ce571d9702b7bb
HP-00002445,HP-00002443,MOTHER_OF,1,FR-5ada998995d28060
HP-00002449,HP-00002447,MOTHER_OF,1,FR-dce94edcc7e5be9b
HP-00002453,HP-00002451,MOTHER_OF,1,FR-57644c265fe38074
HP-00002457,HP-00002455,MOTHER_OF,1,FR-8cdec880fc3c34ca
HP-00001132,HP-00002459,MOTHER_OF,1,FR-a8e711c548791e5c
HP-00002465,HP-00002463,MOTHER_OF,1,FR-d0874acc3b98d274
HP-00002468,HP-00002467,MOTHER_OF,1,FR-496279d425ce5ea3
HP-00002472,HP-00002470,MOTHER_OF,1,FR-fa961f0baa74034a
HP-00000536,HP-00002474,MOTHER_OF,1,FR-bd8fcfc59708b0f0
HP-00002484,HP-00002482,MOTHER_OF,1,FR-e727a63cddaf292c
HP-00002488,HP-00002486,MOTHER_OF,1,FR-18f8e9bcf5e78f9c
HP-00002491,HP-00002490,MOTHER_OF,1,FR-16cbf419f5e64e62
HP-00001218,HP-00002493,MOTHER_OF,1,FR-30f2c1bac55c5300
HP-00002511,HP-00002509,MOTHER_OF,1,FR-2c9f92973bf38029
HP-00002515,HP-00002513,MOTHER_OF,1,FR-9c609a7f4b314ef1
HP-00001350,HP-00002517,MOTHER_OF,1,FR-43ad5b6f908d7115
HP-00002523,HP-00002521,MOTHER_OF,1,FR-911955d7b31d8226
HP-00001666,HP-00002525,MOTHER_OF,1,FR-d84ec02e08578ba1
HP-00002539,HP-00002537,MOTHER_OF,1,FR-b84332d94d15af69
HP-00002547,HP-00002545,MOTHER_OF,1,FR-7956f3674fe10220
HP-00002555,HP-00002553,MOTHER_OF,1,FR-6e33b33c53506b15
HP-00002559,HP-00002557,MOTHER_OF,1,FR-7bcaed8632955771
HP-00000968,HP-00002561,MOTHER_OF,1,FR-26faaa1b7aebe328
HP-00002567,HP-00002565,MOTHER_OF,1,FR-8eee3ac6a119d9d8
HP-00002010,HP-00002573,MOTHER_OF,1,FR-7080d2bcf4f858ee
HP-00002582,HP-00002581,MOTHER_OF,1,FR-efe0d2afec1ba895
HP-00000486,HP-00002584,MOTHER_OF,1,FR-bdd083a73939eca1
HP-00001175,HP-00002596,MOTHER_OF,1,FR-fb686d7663b7f31d
HP-00002602,HP-00002600,MOTHER_OF,1,FR-df2854f1181f0889
HP-00002610,HP-00002608,MOTHER_OF,1,FR-8c600f92c908ed5d
HP-00002614,HP-00002612,MOTHER_OF,1,FR-296c14d4bd7ac398
HP-00002618,HP-00002616,MOTHER_OF,1,FR-35d89c37f02a5021
HP-00001654,HP-00002620,MOTHER_OF,1,FR-1de8b8df3e911557
HP-00001112,HP-00002628,MOTHER_OF,1,FR-67b531713cbdf1d3
HP-00002633,HP-00002632,MOTHER_OF,1,FR-11701dd51d2234be
HP-00002641,HP-00002639,MOTHER_OF,1,FR-0813d0048f961f27
HP-00002645,HP-00002643,MOTHER_OF,1,FR-9bbe2009506bd9a5
HP-00002653,HP-00002651,MOTHER_OF,1,FR-db0c3831bed0b77a
HP-00002014,HP-00002659,MOTHER_OF,1,FR-5c33b509518406a6
HP-00000343,HP-00002671,MOTHER_OF,1,FR-bcd1d536bc4e26aa
HP-00002677,HP-00002675,MOTHER_OF,1,FR-f6aa844a3b6b922c
HP-00001654,HP-00002679,MOTHER_OF,1,FR-45da9becfe590afd
HP-00002685,HP-00002683,MOTHER_OF,1,FR-ebd41d71a09b7e44
HP-00002689,HP-00002687,MOTHER_OF,1,FR-7c70f9dfa30f5da3
HP-00002696,HP-00002695,MOTHER_OF,1,FR-8797dc2afa2213ae
HP-00002699,HP-00002698,MOTHER_OF,1,FR-40b7e3bd9aefff9d
HP-00001564,HP-00002701,MOTHER_OF,1,FR-bbe55fabbba9a9b8
HP-00002710,HP-00002709,MOTHER_OF,1,FR-a49515b18da5e0b5
HP-00002714,HP-00002712,MOTHER_OF,1,FR-04ffd5dc8c67cbd7
HP-00002718,HP-00002716,MOTHER_OF,1,FR-9928d9067b0aa6ce
HP-00002722,HP-00002720,MOTHER_OF,1,FR-e0ee831160afd4c9
HP-00002734,HP-00002732,MOTHER_OF,1,FR-ba7d9e02467e72bd
HP-00001092,HP-00002736,MOTHER_OF,1,FR-5ce6943e28e20aed
HP-00002741,HP-00002740,MOTHER_OF,1,FR-7574d7daba674138
HP-00000840,HP-00002743,MOTHER_OF,1,FR-ee38e9e808e224d3
HP-00002080,HP-00002747,MOTHER_OF,1,FR-868e4a98f3240088
HP-00001372,HP-00002751,MOTHER_OF,1,FR-c65f88a34e462198
HP-00002760,HP-00002759,MOTHER_OF,1,FR-3317593895508a96
HP-00002764,HP-00002762,MOTHER_OF,1,FR-e416f9c6e8a2008b
HP-00001824,HP-00002770,MOTHER_OF,1,FR-782278ad71ce2fb8
HP-00001654,HP-00002782,MOTHER_OF,1,FR-1624353b21a98b5e
HP-00002788,HP-00002786,MOTHER_OF,1,FR-7d283691da8360db
HP-00002792,HP-00002790,MOTHER_OF,1,FR-8c2d0350d031ce6a
HP-00001568,HP-00002794,MOTHER_OF,1,FR-c7364f598ef47d43
HP-00002800,HP-00002798,MOTHER_OF,1,FR-db0909c92f6ad4c0
HP-00002804,HP-00002802,MOTHER_OF,1,FR-02e3ae52eefff351
HP-00002808,HP-00002806,MOTHER_OF,1,FR-e583b5e3a3ebb26d
HP-00002445,HP-00002810,MOTHER_OF,1,FR-8609f76d0255f553
HP-00002820,HP-00002818,MOTHER_OF,1,FR-eef427d1ed9e4853
HP-00002828,HP-00002826,MOTHER_OF,1,FR-f0e87d05f47387db
HP-00002832,HP-00002830,MOTHER_OF,1,FR-155d958d807249f0
HP-00002840,HP-00002838,MOTHER_OF,1,FR-b402207db19b9510
HP-00002844,HP-00002842,MOTHER_OF,1,FR-dce00b5b5ead8c9c
HP-00002848,HP-00002846,MOTHER_OF,1,FR-f9491cacf3421892
HP-00002852,HP-00002850,MOTHER_OF,1,FR-cc3917041f77e4f0
HP-00002856,HP-00002854,MOTHER_OF,1,FR-9dc81399f0fb1967
HP-00002864,HP-00002862,MOTHER_OF,1,FR-7b021287ae13af2e
HP-00000467,HP-00002866,MOTHER_OF,1,FR-0f796fb405366c39
HP-00002602,HP-00002874,MOTHER_OF,1,FR-1ac99de03c594c34
HP-00002888,HP-00002886,MOTHER_OF,1,FR-f52a75c67770ff30
HP-00002054,HP-00002890,MOTHER_OF,1,FR-9dacc5c12d4df88b
HP-00002896,HP-00002894,MOTHER_OF,1,FR-7fb34c2e90d1628b
HP-00002900,HP-00002898,MOTHER_OF,1,FR-d702afcfbf8bf8a3
HP-00002912,HP-00002910,MOTHER_OF,1,FR-353140632a769a5a
HP-00001884,HP-00002914,MOTHER_OF,1,FR-dfa4af9f21fb9790
HP-00002920,HP-00002918,MOTHER_OF,1,FR-9737bbe9b1c66b6b
HP-00002928,HP-00002926,MOTHER_OF,1,FR-19b7d97c21febcf4
HP-00002936,HP-00002934,MOTHER_OF,1,FR-322713d155cebede
HP-00002940,HP-00002938,MOTHER_OF,1,FR-6dea28f23adbee10
HP-00000169,HP-00002950,MOTHER_OF,1,FR-43d48ea7aaa897a5
HP-00002955,HP-00002954,MOTHER_OF,1,FR-da828a75e2ddc4f2
HP-00000367,HP-00002957,MOTHER_OF,1,FR-76905af793feb833
HP-00001544,HP-00002965,MOTHER_OF,1,FR-d0421b758cb32286
HP-00002970,HP-00002969,MOTHER_OF,1,FR-54debd29cc7229d1
HP-00002974,HP-00002972,MOTHER_OF,1,FR-393d8ca566f7f1a4
HP-00001646,HP-00002976,MOTHER_OF,1,FR-36ad703a8ad9368f
HP-00002982,HP-00002980,MOTHER_OF,1,FR-096d714dba6cf61b
HP-00002986,HP-00002984,MOTHER_OF,1,FR-3bad9064089373c7
HP-00002989,HP-00002988,MOTHER_OF,1,FR-e1fed62e3fcfd5b2
HP-00002997,HP-00002995,MOTHER_OF,1,FR-a545e99e8a5dede7
HP-00003009,HP-00003007,MOTHER_OF,1,FR-7486df6b0954b9dd
HP-00003013,HP-00003011,MOTHER_OF,2,FR-124badaf90e4f7d0
HP-00001072,HP-00003019,MOTHER_OF,2,FR-3aca5187255612b4
HP-00003025,HP-00003023,MOTHER_OF,2,FR-af3b29e801077ca8
HP-00003044,HP-00003043,MOTHER_OF,1,FR-2d81dd370f468831
HP-00000169,HP-00003046,MOTHER_OF,1,FR-ae91bfe7e0a9ea28
HP-00002131,HP-00003050,MOTHER_OF,1,FR-93265eb8d70d97cd
HP-00003056,HP-00003054,MOTHER_OF,1,FR-8ad88a90e59f687d
HP-00003060,HP-00003058,MOTHER_OF,1,FR-1a882f7e59b83415
HP-00003064,HP-00003062,MOTHER_OF,1,FR-5a6dd8bc77297902
HP-00001782,HP-00003066,MOTHER_OF,1,FR-ca39568a99bd0a93
HP-00003072,HP-00003070,MOTHER_OF,1,FR-390667873ef704b9
HP-00003080,HP-00003078,MOTHER_OF,1,FR-ac5bcd06d83c6769
HP-00000968,HP-00003102,MOTHER_OF,1,FR-938c833b75db327c
HP-00003108,HP-00003106,MOTHER_OF,1,FR-b5a9c969de388cd2
HP-00003112,HP-00003110,MOTHER_OF,1,FR-f6bfa1e071278c89
HP-00003132,HP-00003130,MOTHER_OF,1,FR-01b2acf3da53f5b1
HP-00003136,HP-00003134,MOTHER_OF,2,FR-332c8bb46c4324cc
HP-00003152,HP-00003150,MOTHER_OF,1,FR-a7ae2f7d4a696781
HP-00003159,HP-00003158,MOTHER_OF,1,FR-bec332aaa8689ab7
HP-00002402,HP-00003161,MOTHER_OF,1,FR-63b2ef2067162066
HP-00000343,HP-00003165,MOTHER_OF,1,FR-f7fbe9670365fff4
HP-00002350,HP-00003177,MOTHER_OF,1,FR-50c83e7f6e9d4e48
HP-00000659,HP-00003181,MOTHER_OF,1,FR-09ca2e8db4bdb28b
HP-00003187,HP-00003185,MOTHER_OF,1,FR-75f85be8d246a72c
HP-00000185,HP-00003197,MOTHER_OF,1,FR-53d905c19e465e4e
HP-00001132,HP-00003201,MOTHER_OF,1,FR-6e80feb898c8282e
HP-00003215,HP-00003213,MOTHER_OF,1,FR-d6d80a45b80d5124
HP-00002264,HP-00003217,MOTHER_OF,1,FR-bb6b1ab65c7cc44c
HP-00003227,HP-00003225,MOTHER_OF,1,FR-ee42fd8428e216ff
HP-00000917,HP-00003229,MOTHER_OF,1,FR-a39142b942395cd5
HP-00003243,HP-00003241,MOTHER_OF,1,FR-4dcac9e6d1977a82
HP-00003247,HP-00003245,MOTHER_OF,1,FR-ff559139722377a3
HP-00003259,HP-00003257,MOTHER_OF,1,FR-83ef8f7aa93d7e58
HP-00003263,HP-00003261,MOTHER_OF,1,FR-1a6cc19f9748932e
HP-00003267,HP-00003265,MOTHER_OF,1,FR-d7a3ca8548fc7006
HP-00001092,HP-00003269,MOTHER_OF,1,FR-61fec7ac4ba235eb
HP-00003279,HP-00003277,MOTHER_OF,1,FR-cd82e689cd6f8e92
HP-00003283,HP-00003281,MOTHER_OF,1,FR-6aeec7d68bb1188c
HP-00003287,HP-00003285,MOTHER_OF,1,FR-696ef0948eb80f90
HP-00003299,HP-00003297,MOTHER_OF,1,FR-023fb5e9f910eca5
HP-00003307,HP-00003305,MOTHER_OF,1,FR-46e8bb909534b387
HP-00003310,HP-00003309,MOTHER_OF,1,FR-d0d1690c8a49bcdb
HP-00003314,HP-00003312,MOTHER_OF,1,FR-d42084253c811299
HP-00003318,HP-00003316,MOTHER_OF,1,FR-e9404092860eb956
HP-00003322,HP-00003320,MOTHER_OF,1,FR-9c516ac273a12cd2
HP-00003326,HP-00003324,MOTHER_OF,1,FR-28ed1dc82aff040b
HP-00003333,HP-00003332,MOTHER_OF,1,FR-58e0cc291d288ad0
HP-00003341,HP-00003339,MOTHER_OF,1,FR-c091a8fddfed6c3a
HP-00003345,HP-00003343,MOTHER_OF,1,FR-067fc901bb101aef
HP-00003353,HP-00003351,MOTHER_OF,1,FR-fdee0b29c110edd9
HP-00003357,HP-00003355,MOTHER_OF,1,FR-c6b441fad67f7ef7
HP-00003361,HP-00003359,MOTHER_OF,1,FR-18d1cd1c97401e49
HP-00003365,HP-00003363,MOTHER_OF,1,FR-71453c89a9048b56
HP-00003369,HP-00003367,MOTHER_OF,1,FR-8b1018b439c229b1
HP-00003373,HP-00003371,MOTHER_OF,1,FR-df9efe03a83c18f3
HP-00003377,HP-00003375,MOTHER_OF,1,FR-e2ed299fcd67e265
HP-00003381,HP-00003379,MOTHER_OF,1,FR-9814ec9f288ce411
HP-00003385,HP-00003383,MOTHER_OF,1,FR-a88429cde759a43c
HP-00003389,HP-00003387,MOTHER_OF,1,FR-dc60234b3a922586
HP-00003397,HP-00003395,MOTHER_OF,1,FR-f0a41854212073e1
HP-00003405,HP-00003403,MOTHER_OF,1,FR-bffa4112318e9fff
HP-00003409,HP-00003407,MOTHER_OF,1,FR-ccd54ef160869400
HP-00003421,HP-00003419,MOTHER_OF,1,FR-21cf035c868dde1c
HP-00003424,HP-00003423,MOTHER_OF,1,FR-547a1438db8dd752
HP-00002233,HP-00003430,MOTHER_OF,1,FR-f185cde6381400e5
HP-00003440,HP-00003438,MOTHER_OF,1,FR-a35e119ba7550a92
HP-00003448,HP-00003446,MOTHER_OF,1,FR-51edc6ee5cf7102d
HP-00003451,HP-00003450,MOTHER_OF,1,FR-5fdb2266e70c8d63
HP-00002445,HP-00003453,MOTHER_OF,1,FR-8ea36a3568d2b142
HP-00003459,HP-00003457,MOTHER_OF,1,FR-89eddc9e262a0bb5
HP-00003463,HP-00003461,MOTHER_OF,1,FR-d7c9625942ee2ecd
HP-00003467,HP-00003465,MOTHER_OF,1,FR-d79f9a6564907284
HP-00002233,HP-00003477,MOTHER_OF,1,FR-d2ba6ce6cf8a35d6
HP-00003483,HP-00003481,MOTHER_OF,1,FR-37ec32f27fec43e8
HP-00003498,HP-00003496,MOTHER_OF,1,FR-1bf5b6f130f9c210
HP-00003502,HP-00003500,MOTHER_OF,1,FR-b969802b64e5eb2a
HP-00003506,HP-00003504,MOTHER_OF,1,FR-2f4f0c998e3643d5
HP-00003510,HP-00003508,MOTHER_OF,1,FR-cb4cf1e5a70bd970
HP-00003514,HP-00003512,MOTHER_OF,1,FR-1323f70615f85a7a
HP-00003522,HP-00003520,MOTHER_OF,1,FR-b13d47ea6b58fa71
HP-00003525,HP-00003524,MOTHER_OF,1,FR-adcfd7ad6b1ad4ff
HP-00003533,HP-00003531,MOTHER_OF,1,FR-bbf63d28f5c18ee7
HP-00003537,HP-00003535,MOTHER_OF,1,FR-47b86029f4337ed3
HP-00003540,HP-00003539,MOTHER_OF,1,FR-d1381e0a407b071d
HP-00003544,HP-00003542,MOTHER_OF,1,FR-86423bd34179f74b
HP-00003548,HP-00003546,MOTHER_OF,1,FR-df0b061775ede86f
HP-00003552,HP-00003550,MOTHER_OF,1,FR-60e08eba03dd9323
HP-00003555,HP-00003554,MOTHER_OF,1,FR-0f824bdfc31a4fd6
HP-00001568,HP-00003557,MOTHER_OF,1,FR-fac1da60b69622bc
HP-00003563,HP-00003561,MOTHER_OF,1,FR-04a00f88e08e3dff
HP-00003567,HP-00003565,MOTHER_OF,1,FR-aa39e10c4a77093c
HP-00003571,HP-00003569,MOTHER_OF,1,FR-34b9cc2dcfdb4c6d
HP-00003575,HP-00003573,MOTHER_OF,1,FR-c37bec5b8af5bcd9
HP-00003579,HP-00003577,MOTHER_OF,1,FR-c75adbd49bb41b9d
HP-00003587,HP-00003585,MOTHER_OF,1,FR-f00b8bc511803adb
HP-00003590,HP-00003589,MOTHER_OF,1,FR-20a668244dd9e923
HP-00003594,HP-00003592,MOTHER_OF,1,FR-8a028b9c46c4ad1f
HP-00003598,HP-00003596,MOTHER_OF,1,FR-f38dac0e63235e72
HP-00003602,HP-00003600,MOTHER_OF,1,FR-4cbd1d8c2fca342e
HP-00003610,HP-00003608,MOTHER_OF,1,FR-4f085b8906472ea7
HP-00003614,HP-00003612,MOTHER_OF,1,FR-37367a4ae2457a0d
HP-00003618,HP-00003616,MOTHER_OF,1,FR-f29228be12de43bf
HP-00003622,HP-00003620,MOTHER_OF,1,FR-709a27b0ed7bcfae
HP-00003626,HP-00003624,MOTHER_OF,1,FR-87ac949a88020f42
HP-00003629,HP-00003628,MOTHER_OF,1,FR-a4769c3155a62fb9
HP-00003633,HP-00003631,MOTHER_OF,1,FR-2c107f32c2789661
HP-00003637,HP-00003635,MOTHER_OF,1,FR-de932422f468b8c1
HP-00003641,HP-00003639,MOTHER_OF,1,FR-e283489319e609d5
HP-00003645,HP-00003643,MOTHER_OF,1,FR-da25a6239314786b
HP-00003653,HP-00003651,MOTHER_OF,1,FR-1973569a158de58c
HP-00003656,HP-00003655,MOTHER_OF,1,FR-10b61ea2f55b7d11
HP-00003664,HP-00003662,MOTHER_OF,1,FR-6afb5fa1d2d4e10d
HP-00003671,HP-00003669,MOTHER_OF,1,FR-738776c5ffdb7103
HP-00003675,HP-00003673,MOTHER_OF,1,FR-7f6ffbd6fee0811a
HP-00003679,HP-00003677,MOTHER_OF,1,FR-d3b307f640875bcf
HP-00003691,HP-00003689,MOTHER_OF,1,FR-ca2df71bb40dbf05
HP-00003243,HP-00003693,MOTHER_OF,1,FR-08a46c0f8132292c
HP-00003699,HP-00003697,MOTHER_OF,1,FR-eb6d6da2d89cb6c5
HP-00003706,HP-00003705,MOTHER_OF,1,FR-4583f7ae6cc7b42f
HP-00003710,HP-00003708,MOTHER_OF,1,FR-e32b3fa8bf259583
HP-00003722,HP-00003720,MOTHER_OF,1,FR-a465a738cca92f8c
HP-00003726,HP-00003724,MOTHER_OF,1,FR-9ee3b829e96a7920
HP-00003729,HP-00003728,MOTHER_OF,1,FR-56926060b9d766e7
HP-00002465,HP-00003731,MOTHER_OF,1,FR-82219ad27f5a5762
HP-00003544,HP-00003735,MOTHER_OF,1,FR-8e142a06495a4427
HP-00003741,HP-00003739,MOTHER_OF,1,FR-7fed67f30acaf88c
HP-00003440,HP-00003743,MOTHER_OF,1,FR-5f1505527ab13eea
HP-00003749,HP-00003747,MOTHER_OF,1,FR-020931968528c140
HP-00003753,HP-00003751,MOTHER_OF,1,FR-d9f84db08c8e5ad1
HP-00003756,HP-00003755,MOTHER_OF,1,FR-d362504454c473b1
HP-00003759,HP-00003758,MOTHER_OF,1,FR-95b8d0ba759d0da0
HP-00003771,HP-00003769,MOTHER_OF,1,FR-50f05d5f87183fae
HP-00003775,HP-00003773,MOTHER_OF,1,FR-750f4a0b0d146f74
HP-00003779,HP-00003777,MOTHER_OF,1,FR-20d4ece53279d006
HP-00003782,HP-00003781,MOTHER_OF,1,FR-1483c62a9c33531e
HP-00003786,HP-00003784,MOTHER_OF,1,FR-e10036926c8fe461
HP-00003794,HP-00003792,MOTHER_OF,1,FR-fc9b6c97bf95c1e4
HP-00003518,HP-00003796,MOTHER_OF,1,FR-0eac9f79001f041b
HP-00003802,HP-00003800,MOTHER_OF,1,FR-f4f3dc537e45dadc
HP-00003806,HP-00003804,MOTHER_OF,1,FR-fda67b504040c7ee
HP-00003813,HP-00003812,MOTHER_OF,1,FR-44a9355310725f79
HP-00003817,HP-00003815,MOTHER_OF,1,FR-7b415d10920ae986
HP-00003821,HP-00003819,MOTHER_OF,1,FR-8d99cb4870feb07d
HP-00003825,HP-00003823,MOTHER_OF,1,FR-ae40a38bfd6a8a11
HP-00003828,HP-00003827,MOTHER_OF,1,FR-1b4b333d773f6216
HP-00003832,HP-00003830,MOTHER_OF,1,FR-092d5f640d313cdd
HP-00003836,HP-00003834,MOTHER_OF,1,FR-befd9c628e1aba87
HP-00003840,HP-00003838,MOTHER_OF,1,FR-95c80a151d91e6ad
HP-00003844,HP-00003842,MOTHER_OF,1,FR-c1ec139b5a31b764
HP-00003848,HP-00003846,MOTHER_OF,1,FR-dcef35e6838bb233
HP-00003852,HP-00003850,MOTHER_OF,1,FR-fd2d3a44026ff01f
HP-00003856,HP-00003854,MOTHER_OF,1,FR-ed577590877d1b95
HP-00001935,HP-00003858,MOTHER_OF,1,FR-e474fcc9cff72e2a
HP-00003864,HP-00003862,MOTHER_OF,1,FR-ee64aeb7c9f6e4b3
HP-00003868,HP-00003866,MOTHER_OF,1,FR-0e07a3cc617b1d45
HP-00002457,HP-00003870,MOTHER_OF,1,FR-c8e30c0b5fd1b984
HP-00003876,HP-00003874,MOTHER_OF,1,FR-d3e199208d6619d7
HP-00003880,HP-00003878,MOTHER_OF,1,FR-f86bbe6bde33293f
HP-00003884,HP-00003882,MOTHER_OF,1,FR-3f76ab436d793b66
HP-00003888,HP-00003886,MOTHER_OF,1,FR-debeb9c65267f45c
HP-00003892,HP-00003890,MOTHER_OF,1,FR-01d1816250c61043
HP-00003896,HP-00003894,MOTHER_OF,1,FR-9efcef5c33036ab8
HP-00003900,HP-00003898,MOTHER_OF,1,FR-3e191386dd4d5502
HP-00003908,HP-00003906,MOTHER_OF,1,FR-35e2f23c95cbbcc4
HP-00003916,HP-00003914,MOTHER_OF,1,FR-96ee07656fe38a8b
HP-00003927,HP-00003926,MOTHER_OF,1,FR-3a0c81af14aebaa1
HP-00003931,HP-00003929,MOTHER_OF,1,FR-dc0ed7bdc1499b19
HP-00003935,HP-00003933,MOTHER_OF,1,FR-7158b7e42e1924fa
HP-00003939,HP-00003937,MOTHER_OF,1,FR-8166843b176992e0
HP-00003943,HP-00003941,MOTHER_OF,1,FR-0f540fcfdaf109d0
HP-00003947,HP-00003945,MOTHER_OF,1,FR-2fe0f3f39b41ff15
HP-00003951,HP-00003949,MOTHER_OF,1,FR-35142818a54fb563
HP-00003955,HP-00003953,MOTHER_OF,1,FR-83b62715ea9ba0fe
HP-00003959,HP-00003957,MOTHER_OF,1,FR-7959b3715aac6301
HP-00003963,HP-00003961,MOTHER_OF,1,FR-3ea012ff92839468
HP-00003967,HP-00003965,MOTHER_OF,1,FR-e7f9ebe2a2f37cfc
HP-00002402,HP-00003973,MOTHER_OF,1,FR-21245024f0e855c9
HP-00003979,HP-00003977,MOTHER_OF,1,FR-2f36e7c05710c52c
HP-00003987,HP-00003985,MOTHER_OF,1,FR-c2bcd45b7ae93215
HP-00003995,HP-00003993,MOTHER_OF,1,FR-aa5b6c2270b8578d
HP-00004003,HP-00004001,MOTHER_OF,1,FR-974f7419745b0910
HP-00004007,HP-00004005,MOTHER_OF,1,FR-fa13dd3ddf52157a
HP-00004011,HP-00004009,MOTHER_OF,1,FR-5367b78cb9c6541e
HP-00004015,HP-00004013,MOTHER_OF,1,FR-93081b1b89248e8b
HP-00004027,HP-00004025,MOTHER_OF,1,FR-65fe968dbe04e5f4
HP-00004031,HP-00004029,MOTHER_OF,1,FR-8509a258e1356fc3
HP-00004035,HP-00004033,MOTHER_OF,1,FR-3e5372513c200c41
HP-00004039,HP-00004037,MOTHER_OF,1,FR-13312c9716da7759
HP-00004043,HP-00004041,MOTHER_OF,1,FR-78fc0bd02920e9e1
HP-00003892,HP-00004049,MOTHER_OF,1,FR-fb26cc3d3d3c660a
HP-00004059,HP-00004057,MOTHER_OF,1,FR-14624594fc7635f5
HP-00004063,HP-00004061,MOTHER_OF,1,FR-3d4bdcb780fe8dbe
HP-00002465,HP-00004065,MOTHER_OF,1,FR-f1409307d0009ba8
HP-00000996,HP-00004069,MOTHER_OF,1,FR-f789ab1bc34d3c28
HP-00004075,HP-00004073,MOTHER_OF,1,FR-58502c6d2de378b8
HP-00004079,HP-00004077,MOTHER_OF,1,FR-5e85cbb371f2b014
HP-00004083,HP-00004081,MOTHER_OF,1,FR-6cf4cb49253ecb19
HP-00004086,HP-00004085,MOTHER_OF,1,FR-015c58dfde0c767f
HP-00001080,HP-00004088,MOTHER_OF,1,FR-512b225d513eb5ab
HP-00004094,HP-00004092,MOTHER_OF,1,FR-1f9e70f9314b95e1
HP-00004098,HP-00004096,MOTHER_OF,1,FR-4e3508127b51be58
HP-00004102,HP-00004100,MOTHER_OF,1,FR-9cadb3cc2a4fae46
HP-00004110,HP-00004108,MOTHER_OF,1,FR-9afaa4fe44cd5cae
HP-00004114,HP-00004112,MOTHER_OF,1,FR-3f95b5e2d04e65b0
HP-00004118,HP-00004116,MOTHER_OF,1,FR-0e4c97572c6fd4da
HP-00004122,HP-00004120,MOTHER_OF,1,FR-f48fdd9d582ae776
HP-00004126,HP-00004124,MOTHER_OF,1,FR-f05a71ddf57cdd8d
HP-00004130,HP-00004128,MOTHER_OF,1,FR-56e630a606df9e14
HP-00004137,HP-00004136,MOTHER_OF,1,FR-112ca6bbee00ca9c
HP-00001568,HP-00004143,MOTHER_OF,1,FR-18b682f6056e7168
HP-00004157,HP-00004155,MOTHER_OF,1,FR-3fee2a450192c8c4
HP-00004161,HP-00004159,MOTHER_OF,1,FR-adb87f283fdfdddb
HP-00004165,HP-00004163,MOTHER_OF,1,FR-e1964d66af0fd8ac
HP-00004172,HP-00004171,MOTHER_OF,1,FR-1227b6d936b697e9
HP-00004175,HP-00004174,MOTHER_OF,1,FR-698067e6ac152592
HP-00004183,HP-00004181,MOTHER_OF,1,FR-75163daac00e3229
HP-00004187,HP-00004185,MOTHER_OF,1,FR-936d2bbef0ad699b
HP-00004191,HP-00004189,MOTHER_OF,1,FR-3235212b2c39ce1b
HP-00004195,HP-00004193,MOTHER_OF,1,FR-a0698f232ff2179a
HP-00004199,HP-00004197,MOTHER_OF,1,FR-b8fcb6c695e81355
HP-00004207,HP-00004205,MOTHER_OF,1,FR-e95feb9f2459e780
HP-00004211,HP-00004209,MOTHER_OF,1,FR-84ba9f104c82238f
HP-00004218,HP-00004217,MOTHER_OF,1,FR-a2429f8c45fd4a85
HP-00004222,HP-00004220,MOTHER_OF,1,FR-2e9108746a3d47e3
HP-00004225,HP-00004224,MOTHER_OF,1,FR-d373824cef89944a
HP-00004229,HP-00004227,MOTHER_OF,1,FR-fa532bb7656ebe22
HP-00004233,HP-00004231,MOTHER_OF,1,FR-49bd0a1de14065a3
HP-00004236,HP-00004235,MOTHER_OF,1,FR-9c1f4631b1457bd8
HP-00004240,HP-00004238,MOTHER_OF,1,FR-17164e6f5fd29f99
HP-00004244,HP-00004242,MOTHER_OF,1,FR-d689f3f739b7a010
HP-00004248,HP-00004246,MOTHER_OF,1,FR-dd23e2e452135ae2
HP-00004252,HP-00004250,MOTHER_OF,1,FR-511cbc2881f631b6
HP-00004260,HP-00004258,MOTHER_OF,1,FR-ac086559fb1ba690
HP-00004268,HP-00004266,MOTHER_OF,1,FR-dc7c540fe715f3d4
HP-00004279,HP-00004277,MOTHER_OF,1,FR-d3d0dae87c92e3ad
HP-00004283,HP-00004281,MOTHER_OF,1,FR-d0ee12444601e45a
HP-00004287,HP-00004285,MOTHER_OF,1,FR-f96fb7bb072fd2c7
HP-00004294,HP-00004293,MOTHER_OF,1,FR-92134713cf29239f
HP-00004298,HP-00004296,MOTHER_OF,1,FR-4b087efcd839fc79
HP-00004306,HP-00004304,MOTHER_OF,1,FR-eb46f133040560a3
HP-00004322,HP-00004320,MOTHER_OF,1,FR-75f85920b460a737
HP-00004326,HP-00004324,MOTHER_OF,1,FR-b8fece529c7096ee
HP-00004334,HP-00004332,MOTHER_OF,1,FR-4ede492e3219a0ec
HP-00004338,HP-00004336,MOTHER_OF,1,FR-d32346cf33ef59f4
HP-00004342,HP-00004340,MOTHER_OF,1,FR-e4f8f84f1b05c66f
HP-00004345,HP-00004344,MOTHER_OF,1,FR-d8c0752e1ef80bfc
HP-00004349,HP-00004347,MOTHER_OF,1,FR-6c4d9ae3b19dd25b
HP-00004352,HP-00004351,MOTHER_OF,1,FR-5d38185a0792af0a
HP-00004356,HP-00004354,MOTHER_OF,1,FR-4a047101bf3f13e0
HP-00004364,HP-00004362,MOTHER_OF,1,FR-57a27a8f8e1bcb68
HP-00004367,HP-00004366,MOTHER_OF,1,FR-ae8d0cb7dec359fc
HP-00004371,HP-00004369,MOTHER_OF,1,FR-38dc286e1e055516
HP-00004379,HP-00004377,MOTHER_OF,1,FR-c1bee3949dc2875e
HP-00004382,HP-00004381,MOTHER_OF,1,FR-1567fa392c747765
HP-00004386,HP-00004384,MOTHER_OF,1,FR-22590e147fbe4914
HP-00004390,HP-00004388,MOTHER_OF,1,FR-44d13dbc959c285e
HP-00004394,HP-00004392,MOTHER_OF,1,FR-360aab7414eeab0a
HP-00004398,HP-00004396,MOTHER_OF,1,FR-e3e2e1fa00a91107
HP-00004406,HP-00004404,MOTHER_OF,1,FR-03d9497534effec9
HP-00004410,HP-00004408,MOTHER_OF,1,FR-bbbd225f0dcc68a0
HP-00004414,HP-00004412,MOTHER_OF,1,FR-fc3d1b77a84bfa95
HP-00004418,HP-00004416,MOTHER_OF,1,FR-8119d858f27acced
HP-00004422,HP-00004420,MOTHER_OF,1,FR-07bb1ea00fddce60
HP-00004426,HP-00004424,MOTHER_OF,1,FR-f03338d1719c2986
HP-00004434,HP-00004432,MOTHER_OF,1,FR-e1f8fb92cba7eef4
HP-00004438,HP-00004436,MOTHER_OF,1,FR-b38f08589061b206
HP-00004442,HP-00004440,MOTHER_OF,1,FR-1b5917337c9e2e48
HP-00004446,HP-00004444,MOTHER_OF,1,FR-82d1c2beebc00d7f
HP-00004454,HP-00004452,MOTHER_OF,1,FR-5231551af4897d27
HP-00004458,HP-00004456,MOTHER_OF,1,FR-ade51169be9f5bbc
HP-00004462,HP-00004460,MOTHER_OF,1,FR-2d1cb95a5088cd9e
HP-00004470,HP-00004468,MOTHER_OF,1,FR-e9d92e90b8cafe8b
HP-00004474,HP-00004472,MOTHER_OF,1,FR-8c92d3177d0a5590
HP-00004478,HP-00004476,MOTHER_OF,1,FR-ba2c3c64b12895bb
HP-00003987,HP-00004480,MOTHER_OF,1,FR-d7895e13ad6730ca
HP-00004490,HP-00004488,MOTHER_OF,1,FR-bbb6a8e3ee562a4d
HP-00004494,HP-00004492,MOTHER_OF,1,FR-b0b962b52a9d2eba
HP-00004506,HP-00004504,MOTHER_OF,1,FR-7819eacade1fd6cc
HP-00000968,HP-00004512,MOTHER_OF,1,FR-215ee98f2e7bda25
HP-00004522,HP-00004520,MOTHER_OF,1,FR-1c6b22a711f0bba8
HP-00004530,HP-00004528,MOTHER_OF,1,FR-0980dc1c548e8db3
HP-00004534,HP-00004532,MOTHER_OF,1,FR-2e0c0517748dc866
HP-00004537,HP-00004536,MOTHER_OF,1,FR-647da09bbee45da8
HP-00004540,HP-00004539,MOTHER_OF,1,FR-5783b31ec751549b
HP-00004548,HP-00004546,MOTHER_OF,1,FR-506290de59fdd41b
HP-00004552,HP-00004550,MOTHER_OF,1,FR-46f232fd559259bd
HP-00004556,HP-00004554,MOTHER_OF,1,FR-06eec9d4cdbeffe5
HP-00004560,HP-00004558,MOTHER_OF,1,FR-9bbae13e3ec1dfb1
HP-00004567,HP-00004566,MOTHER_OF,1,FR-953e79fc00b53836
HP-00004571,HP-00004569,MOTHER_OF,1,FR-f1764415ba9a0533
HP-00004575,HP-00004573,MOTHER_OF,1,FR-00edf1824f7351bf
HP-00004579,HP-00004577,MOTHER_OF,1,FR-aa6f9390eb1bf39b
HP-00004591,HP-00004589,MOTHER_OF,1,FR-f6515eb4af6c9b6b
HP-00004595,HP-00004593,MOTHER_OF,1,FR-79283a129faa7bfb
HP-00001092,HP-00004597,MOTHER_OF,1,FR-10a7b0ec87c934db
HP-00004603,HP-00004601,MOTHER_OF,1,FR-0e6a766d060f12ab
HP-00004611,HP-00004609,MOTHER_OF,1,FR-efdb893fafcd293d
HP-00004614,HP-00004613,MOTHER_OF,1,FR-8268f38daf53b3f9
HP-00004618,HP-00004616,MOTHER_OF,1,FR-0c640972c906019d
HP-00004626,HP-00004624,MOTHER_OF,1,FR-de407a988deb110f
HP-00004629,HP-00004628,MOTHER_OF,1,FR-0929e3bf7a9c3622
HP-00000844,HP-00004631,MOTHER_OF,1,FR-2e4204da7de12cf5
HP-00004641,HP-00004639,MOTHER_OF,1,FR-0851adf6264b0ad3
HP-00004645,HP-00004643,MOTHER_OF,1,FR-74934c5edfde96cb
HP-00004653,HP-00004651,MOTHER_OF,1,FR-536e4da75b09f6ed
HP-00004657,HP-00004655,MOTHER_OF,1,FR-c6a9c72b9c5b2179
HP-00004661,HP-00004659,MOTHER_OF,1,FR-9c508247144d26b2
HP-00004665,HP-00004663,MOTHER_OF,1,FR-5a56a18b13f311b2
HP-00004669,HP-00004667,MOTHER_OF,1,FR-71582b8189c8f4d8
HP-00002457,HP-00004671,MOTHER_OF,1,FR-e9fe95763f946d86
HP-00004685,HP-00004683,MOTHER_OF,1,FR-ffac751b32bc76d3
HP-00004689,HP-00004687,MOTHER_OF,1,FR-1605056f6bfe8ff5
HP-00003405,HP-00004691,MOTHER_OF,1,FR-a8c276c012df03ed
HP-00004697,HP-00004695,MOTHER_OF,1,FR-5e184591f0adb230
HP-00004709,HP-00004707,MOTHER_OF,1,FR-f00314f5feea9aef
HP-00004713,HP-00004711,MOTHER_OF,1,FR-e8879d2f7c5e4579
HP-00004717,HP-00004715,MOTHER_OF,1,FR-0f0d4571c3660892
HP-00004725,HP-00004723,MOTHER_OF,1,FR-5cc8037a586360bd
HP-00004729,HP-00004727,MOTHER_OF,1,FR-82fc246793267649
HP-00004733,HP-00004731,MOTHER_OF,1,FR-efaecda59547ffb3
HP-00004741,HP-00004739,MOTHER_OF,1,FR-3e51f3d8401593cf
HP-00001782,HP-00004747,MOTHER_OF,1,FR-f701801cd0dd3fcc
HP-00004753,HP-00004751,MOTHER_OF,1,FR-d34a4075b6fe5ecf
HP-00004757,HP-00004755,MOTHER_OF,1,FR-566d27da3195cc37
HP-00003951,HP-00004759,MOTHER_OF,1,FR-792d740455f8fb95
HP-00003571,HP-00004767,MOTHER_OF,1,FR-5f0af6d1d2ad1be5
HP-00004773,HP-00004771,MOTHER_OF,1,FR-44687eaccfb55540
HP-00004781,HP-00004779,MOTHER_OF,1,FR-dd92937cc712f30e
HP-00004789,HP-00004787,MOTHER_OF,1,FR-567cbcd1c8e5b2fe
HP-00004398,HP-00004795,MOTHER_OF,1,FR-59b37c306cff4032
HP-00004801,HP-00004799,MOTHER_OF,1,FR-88bee47793483dea
HP-00004813,HP-00004811,MOTHER_OF,1,FR-50df7d14e4b07a42
HP-00004820,HP-00004819,MOTHER_OF,1,FR-ae16a4c264d144cb
HP-00004824,HP-00004822,MOTHER_OF,1,FR-7c32f1eb7ed6fe92
HP-00004832,HP-00004830,MOTHER_OF,1,FR-53bc9c035a5adc00
HP-00004844,HP-00004842,MOTHER_OF,1,FR-ca0c80a534875683
HP-00004847,HP-00004846,MOTHER_OF,1,FR-369979c36c7c9e49
HP-00004851,HP-00004849,MOTHER_OF,1,FR-bb17a99897bc507d
HP-00004859,HP-00004857,MOTHER_OF,1,FR-7713ba304e7c53cc
HP-00004862,HP-00004861,MOTHER_OF,1,FR-0fa27eb1c2326b56
HP-00004866,HP-00004864,MOTHER_OF,1,FR-6617cf5cdb111b8c
HP-00004878,HP-00004876,MOTHER_OF,1,FR-2a7d04413389f2c5
HP-00004882,HP-00004880,MOTHER_OF,1,FR-c0241a3d0b41b2ae
HP-00004886,HP-00004884,MOTHER_OF,1,FR-c12455800e873b82
HP-00004591,HP-00004892,MOTHER_OF,1,FR-e09ada9c8e13074b
HP-00004898,HP-00004896,MOTHER_OF,1,FR-5df7449e2bdd6c8e
HP-00004902,HP-00004900,MOTHER_OF,1,FR-4ea22a6f7387a1bb
HP-00004914,HP-00004912,MOTHER_OF,1,FR-a829bf94cac410e1
HP-00004922,HP-00004920,MOTHER_OF,1,FR-7abf17748c991415
HP-00004930,HP-00004928,MOTHER_OF,1,FR-63affcded887f7e6
HP-00004933,HP-00004932,MOTHER_OF,1,FR-3bd26307adecec01
HP-00004937,HP-00004935,MOTHER_OF,1,FR-5125a6d629b15a85
HP-00004941,HP-00004939,MOTHER_OF,1,FR-06e17c32a3154f0f
HP-00004406,HP-00004951,MOTHER_OF,1,FR-d662cab5eb20a4b0
HP-00001568,HP-00004955,MOTHER_OF,1,FR-202bc8da0e9986c9
HP-00004961,HP-00004959,MOTHER_OF,1,FR-b150d3949a97e175
HP-00003013,HP-00004963,MOTHER_OF,1,FR-de1e3c8ef2b2a655
HP-00004969,HP-00004967,MOTHER_OF,1,FR-5104cd3b0bc701af
HP-00004364,HP-00004971,MOTHER_OF,1,FR-a98dae22005a52a0
HP-00004981,HP-00004979,MOTHER_OF,1,FR-1c6b89c5d96399a4
HP-00004985,HP-00004983,MOTHER_OF,1,FR-24cfe9067401ff4c
HP-00004993,HP-00004991,MOTHER_OF,1,FR-d3273ab9ed3fa962
HP-00004996,HP-00004995,MOTHER_OF,1,FR-620a000ece6c890c
HP-00005000,HP-00004998,MOTHER_OF,1,FR-ba6fdde9c1448bf7
HP-00005004,HP-00005002,MOTHER_OF,1,FR-6b1b90e7874cf4db
HP-00005024,HP-00005022,MOTHER_OF,1,FR-e5046065d9038991
HP-00003892,HP-00005034,MOTHER_OF,1,FR-5b1170d27f9762d8
HP-00004717,HP-00005038,MOTHER_OF,1,FR-7fd9875f0bbd5b59
HP-00005048,HP-00005046,MOTHER_OF,1,FR-d409af12d6cbfad9
HP-00005052,HP-00005050,MOTHER_OF,1,FR-9918d2b6ecd3059d
HP-00005060,HP-00005058,MOTHER_OF,1,FR-c760821c7ab8944c
HP-00005063,HP-00005062,MOTHER_OF,1,FR-d87da6f367477fb8
HP-00005071,HP-00005069,MOTHER_OF,1,FR-8ec4681d3a948de9
HP-00005079,HP-00005077,MOTHER_OF,1,FR-d8fa774147e91ee4
HP-00005083,HP-00005081,MOTHER_OF,1,FR-eb5123f7a44df598
HP-00005099,HP-00005097,MOTHER_OF,1,FR-c57d8b5579db457a
HP-00005103,HP-00005101,MOTHER_OF,1,FR-e5565eefe1131635
HP-00005107,HP-00005105,MOTHER_OF,1,FR-a849305b99ad75d4
HP-00005111,HP-00005109,MOTHER_OF,1,FR-ef36206de2886597
HP-00005119,HP-00005117,MOTHER_OF,1,FR-e1017f56269789dd
HP-00005123,HP-00005121,MOTHER_OF,1,FR-2458290b72c96d41
HP-00005127,HP-00005125,MOTHER_OF,1,FR-5d63c12496f82c0f
HP-00005131,HP-00005129,MOTHER_OF,1,FR-0ab8dd22f33bebb2
HP-00005135,HP-00005133,MOTHER_OF,1,FR-d75257c53ff3ed93
HP-00005139,HP-00005137,MOTHER_OF,1,FR-4f37296fac5ab288
HP-00005143,HP-00005141,MOTHER_OF,1,FR-af4584736bfd1626
HP-00005151,HP-00005149,MOTHER_OF,1,FR-be285c24d1ca599d
HP-00005155,HP-00005153,MOTHER_OF,1,FR-156542011dc497f7
HP-00005163,HP-00005161,MOTHER_OF,1,FR-0551e1010b01e8ac
HP-00004661,HP-00005165,MOTHER_OF,1,FR-6e3721d6ae623a06
HP-00005171,HP-00005169,MOTHER_OF,1,FR-3b8e5e0d4953b474
HP-00005178,HP-00005177,MOTHER_OF,1,FR-243521325a6702c4
HP-00005182,HP-00005180,MOTHER_OF,1,FR-0e4f4b04d43580a6
HP-00005186,HP-00005184,MOTHER_OF,1,FR-016d2d76b6f4e5f3
HP-00005190,HP-00005188,MOTHER_OF,1,FR-606c05b903274bce
HP-00005194,HP-00005192,MOTHER_OF,1,FR-f7af495b25e094cb
HP-00005198,HP-00005196,MOTHER_OF,1,FR-09d574a0ae6a41fd
HP-00005202,HP-00005200,MOTHER_OF,1,FR-d25df3d44da83871
HP-00005206,HP-00005204,MOTHER_OF,1,FR-01b355b873b64653
HP-00005210,HP-00005208,MOTHER_OF,1,FR-9ba4201d6f72584b
HP-00005214,HP-00005212,MOTHER_OF,1,FR-9d38d1b4d78ebf51
HP-00005218,HP-00005216,MOTHER_OF,1,FR-9c4607f386f3bc27
HP-00005226,HP-00005224,MOTHER_OF,1,FR-8bcd24c123132fd5
HP-00005230,HP-00005228,MOTHER_OF,1,FR-81678aca4577e4e9
HP-00005234,HP-00005232,MOTHER_OF,1,FR-ac3475d9ff1d5fa9
HP-00005238,HP-00005236,MOTHER_OF,1,FR-0e48229f5ca8dcd8
HP-00005246,HP-00005244,MOTHER_OF,1,FR-36483714ca9a31d4
HP-00005253,HP-00005252,MOTHER_OF,1,FR-520974632ae814b8
HP-00003159,HP-00005255,MOTHER_OF,1,FR-bb74922f6bdf10eb
HP-00005260,HP-00005258,MOTHER_OF,1,FR-1c373439cfc3d74a
HP-00005264,HP-00005262,MOTHER_OF,1,FR-fa7f92800934a7bb
HP-00005268,HP-00005266,MOTHER_OF,1,FR-b23049beac3607b8
HP-00005272,HP-00005270,MOTHER_OF,1,FR-cbc87e8d9adf42f2
HP-00005276,HP-00005274,MOTHER_OF,1,FR-a21382c3072fe665
HP-00005284,HP-00005282,MOTHER_OF,1,FR-125aedc1a3f33bef
HP-00005288,HP-00005286,MOTHER_OF,1,FR-10579d0262ff7a0c
HP-00005292,HP-00005290,MOTHER_OF,1,FR-f1f8acaa5d4cab1d
HP-00005296,HP-00005294,MOTHER_OF,1,FR-15ec9038dd6efecf
HP-00005299,HP-00005298,MOTHER_OF,1,FR-b47af4b5b8b87f17
HP-00005307,HP-00005305,MOTHER_OF,1,FR-718f7311c537d953
HP-00005311,HP-00005309,MOTHER_OF,1,FR-629b0a23a9510845
HP-00005315,HP-00005313,MOTHER_OF,1,FR-620b620d6e736bdd
HP-00005318,HP-00005317,MOTHER_OF,1,FR-f6a4dde28111679e
HP-00005322,HP-00005320,MOTHER_OF,1,FR-88ea679913c03ab0
HP-00005326,HP-00005324,MOTHER_OF,1,FR-81b43736eeabc8a7
HP-00005334,HP-00005332,MOTHER_OF,1,FR-10bc3dd1a4f8fd05
HP-00000237,HP-00005336,MOTHER_OF,1,FR-067432a51868a50c
HP-00005342,HP-00005340,MOTHER_OF,1,FR-0c68f7a5cf2f07ad
HP-00005346,HP-00005344,MOTHER_OF,2,FR-c287ace31a0f96a7
HP-00005350,HP-00005348,MOTHER_OF,1,FR-ac37b160d196f8d7
HP-00004434,HP-00005352,MOTHER_OF,1,FR-fb81ee5ae87906de
HP-00005362,HP-00005360,MOTHER_OF,1,FR-58c9aa994050b686
HP-00002718,HP-00005372,MOTHER_OF,1,FR-b6f1969755a3421f
HP-00005382,HP-00005380,MOTHER_OF,1,FR-f2a873ed31c2e5bc
HP-00005394,HP-00005392,MOTHER_OF,1,FR-3f8430cf59897c83
HP-00005406,HP-00005404,MOTHER_OF,1,FR-e817071735471a7b
HP-00003518,HP-00005408,MOTHER_OF,1,FR-450a5db3e9daff6f
HP-00005414,HP-00005412,MOTHER_OF,1,FR-1f3c48f7eaeedadf
HP-00005418,HP-00005416,MOTHER_OF,1,FR-b83fbc0c66ee2c67
HP-00005422,HP-00005420,MOTHER_OF,1,FR-a7594c8b6e851dcc
HP-00005426,HP-00005424,MOTHER_OF,1,FR-b9bec1c0f56bdddd
HP-00005430,HP-00005428,MOTHER_OF,1,FR-c14d5aa206225a1f
HP-00005438,HP-00005436,MOTHER_OF,1,FR-3e74b70a4c7a3a1d
HP-00004626,HP-00005440,MOTHER_OF,1,FR-73cf2d3927390f34
HP-00005450,HP-00005448,MOTHER_OF,1,FR-e9f5726c8d70e8cd
HP-00005454,HP-00005452,MOTHER_OF,1,FR-7776cf0508bb134a
HP-00003571,HP-00005460,MOTHER_OF,1,FR-1829ccc1f7d2292f
HP-00004595,HP-00005464,MOTHER_OF,1,FR-ce799b32637c0504
HP-00005482,HP-00005480,MOTHER_OF,1,FR-f9a51bc42e37e6ec
HP-00005486,HP-00005484,MOTHER_OF,1,FR-81b28003ca3d3873
HP-00005494,HP-00005492,MOTHER_OF,1,FR-539220f8f9c8da06
HP-00005506,HP-00005504,MOTHER_OF,1,FR-fcd389b6d8038a9a
HP-00005522,HP-00005520,MOTHER_OF,1,FR-9417d2b73813cfb5
HP-00005526,HP-00005524,MOTHER_OF,1,FR-4b01cfbc520417c7
HP-00005534,HP-00005532,MOTHER_OF,1,FR-ba8a13d85dc07c73
HP-00005538,HP-00005536,MOTHER_OF,1,FR-7301b54b8337b004
HP-00005542,HP-00005540,MOTHER_OF,1,FR-86f766a69fd468e9
HP-00005546,HP-00005544,MOTHER_OF,1,FR-cc15cd4473c4ff40
HP-00005550,HP-00005548,MOTHER_OF,1,FR-dab4adfaa4df0a0c
HP-00005554,HP-00005552,MOTHER_OF,1,FR-3a3863ca6f0e4e48
HP-00005557,HP-00005556,MOTHER_OF,1,FR-e31ed2b24d0d1853
HP-00005561,HP-00005559,MOTHER_OF,1,FR-a8699b1d8e95497e
HP-00005572,HP-00005570,MOTHER_OF,1,FR-3cbc390a8676cdbb
HP-00005580,HP-00005578,MOTHER_OF,1,FR-e320c74f49925ad0
HP-00005584,HP-00005582,MOTHER_OF,1,FR-f7ad8bc0700e42b3
HP-00005596,HP-00005594,MOTHER_OF,1,FR-d9285c56ec87bc6a
HP-00002264,HP-00005602,MOTHER_OF,1,FR-8ce0ce01a2333f74
HP-00005608,HP-00005606,MOTHER_OF,1,FR-465ba2c0b5565b28
HP-00004937,HP-00005622,MOTHER_OF,1,FR-1bbd4c4459381ab3
HP-00005631,HP-00005629,MOTHER_OF,1,FR-cbba3dffb7bd243b
HP-00005635,HP-00005633,MOTHER_OF,1,FR-a3b6a5731c1c8ddb
HP-00005638,HP-00005637,MOTHER_OF,1,FR-971fc69e0ab62193
HP-00005642,HP-00005640,MOTHER_OF,1,FR-7f98c58a531420d5
HP-00005650,HP-00005648,MOTHER_OF,1,FR-60329772e8032401
HP-00004859,HP-00005660,MOTHER_OF,1,FR-4e3da6bd70360e40
HP-00005666,HP-00005664,MOTHER_OF,1,FR-2445b3d5d26fc19c
HP-00005678,HP-00005676,MOTHER_OF,1,FR-e6bf6f4b06110d17
HP-00005682,HP-00005680,MOTHER_OF,1,FR-77111530f0e1a6f4
HP-00005690,HP-00005688,MOTHER_OF,1,FR-1b7cad9a7ee9371a
HP-00001080,HP-00005692,MOTHER_OF,1,FR-d2e427041e9e8d90
HP-00005698,HP-00005696,MOTHER_OF,1,FR-30df11a2df794d47
HP-00005702,HP-00005700,MOTHER_OF,1,FR-9b2d8d6251029a59
HP-00005706,HP-00005704,MOTHER_OF,1,FR-c10bdfb8e9316981
HP-00005710,HP-00005708,MOTHER_OF,1,FR-b43f7781adb53997
HP-00005718,HP-00005716,MOTHER_OF,1,FR-9452c8b0b99f110c
HP-00005722,HP-00005720,MOTHER_OF,1,FR-aa0e35dec9a54d77
HP-00005730,HP-00005728,MOTHER_OF,1,FR-ad93b1f2c358a579
HP-00002457,HP-00005736,MOTHER_OF,1,FR-4c720ebb42705b62
HP-00005746,HP-00005744,MOTHER_OF,1,FR-fba9d025034e596b
HP-00004844,HP-00005748,MOTHER_OF,1,FR-2ec38c70805191ab
HP-00005346,HP-00005752,MOTHER_OF,1,FR-f6ce5d9b4f3e08a5
HP-00005758,HP-00005756,MOTHER_OF,1,FR-01143abbb301fb8e
HP-00005762,HP-00005760,MOTHER_OF,1,FR-46177786fd23f846
HP-00005782,HP-00005780,MOTHER_OF,1,FR-76e9b42f76e5e4a6
HP-00005099,HP-00005784,MOTHER_OF,1,FR-1f1636cf854628b7
HP-00004859,HP-00005788,MOTHER_OF,1,FR-4825e31b4fb848b1
HP-00005794,HP-00005792,MOTHER_OF,1,FR-7ad457bd38998d01
HP-00005801,HP-00005800,MOTHER_OF,1,FR-4e51e5eaa72b8769
HP-00005805,HP-00005803,MOTHER_OF,1,FR-b0bbebe5b1fcb946
HP-00005809,HP-00005807,MOTHER_OF,1,FR-8f926a398031ebe3
HP-00005813,HP-00005811,MOTHER_OF,1,FR-402ea6144306113a
HP-00005825,HP-00005823,MOTHER_OF,1,FR-150be20ca6ffe032
HP-00005829,HP-00005827,MOTHER_OF,1,FR-6d28bd3cbf7d535a
HP-00005845,HP-00005843,MOTHER_OF,1,FR-71137035fe40ef22
HP-00005849,HP-00005847,MOTHER_OF,1,FR-e2fa497855bb59e5
HP-00005856,HP-00005855,MOTHER_OF,1,FR-1048347ef5d0ae6e
HP-00005860,HP-00005858,MOTHER_OF,1,FR-204e5f74b1e576f6
HP-00005863,HP-00005862,MOTHER_OF,1,FR-f8407e1b53bdaaee
HP-00005004,HP-00005865,MOTHER_OF,1,FR-0e5874483018b73a
HP-00005875,HP-00005873,MOTHER_OF,1,FR-ba75579239f2ae7d
HP-00004595,HP-00005877,MOTHER_OF,1,FR-172e2c253c7e3e01
HP-00005883,HP-00005881,MOTHER_OF,1,FR-fb60096d065ec3dd
HP-00005887,HP-00005885,MOTHER_OF,1,FR-5f26c6659e08e5c1
HP-00005895,HP-00005893,MOTHER_OF,1,FR-3fca53f98022e86d
HP-00005902,HP-00005901,MOTHER_OF,1,FR-0a3dd6d2b7c5f91e
HP-00005906,HP-00005904,MOTHER_OF,1,FR-ec0b5ba08b86ea66
HP-00005910,HP-00005908,MOTHER_OF,1,FR-d3ceac3a73036aab
HP-00005914,HP-00005912,MOTHER_OF,1,FR-a3c06ec5dceabb9c
HP-00005918,HP-00005916,MOTHER_OF,1,FR-a2a3c4777f2cd50e
HP-00005922,HP-00005920,MOTHER_OF,1,FR-f7ceb3921e18eb1c
HP-00005926,HP-00005924,MOTHER_OF,1,FR-82c577eb1b96cebf
HP-00005938,HP-00005936,MOTHER_OF,1,FR-f3fd360d89613731
HP-00005946,HP-00005944,MOTHER_OF,1,FR-c145ced1964d2a68
HP-00005954,HP-00005952,MOTHER_OF,1,FR-650c11f5055bcc54
HP-00005958,HP-00005956,MOTHER_OF,1,FR-9af58cadac2889eb
HP-00005962,HP-00005960,MOTHER_OF,1,FR-acfc23be16297d0f
HP-00005970,HP-00005968,MOTHER_OF,1,FR-796b342670db0c83
HP-00002417,HP-00005972,MOTHER_OF,1,FR-38ffad53097a2451
HP-00006001,HP-00006000,MOTHER_OF,1,FR-7131637e02e149bc
HP-00006004,HP-00006003,MOTHER_OF,1,FR-f900eab408b03b0d
HP-00006012,HP-00006010,MOTHER_OF,1,FR-efddc3ed0342caf3
HP-00002888,HP-00006022,MOTHER_OF,1,FR-d4c56c8a9f5b016d
HP-00006036,HP-00006034,MOTHER_OF,1,FR-9ea895239505d51b
HP-00006044,HP-00006042,MOTHER_OF,1,FR-ae0219c4c7a36e5c
HP-00006048,HP-00006046,MOTHER_OF,1,FR-33207e6c2955c0d8
HP-00006052,HP-00006050,MOTHER_OF,1,FR-440249ee572586ca
HP-00006060,HP-00006058,MOTHER_OF,1,FR-a1a87d0aaf112239
HP-00006064,HP-00006062,MOTHER_OF,1,FR-92c2c2951d62c059
HP-00006067,HP-00006066,MOTHER_OF,1,FR-813c6895320e1fb2
HP-00006075,HP-00006073,MOTHER_OF,1,FR-079e6cedb4eadcdf
HP-00006079,HP-00006077,MOTHER_OF,1,FR-c7fc13352a125b0d
HP-00002718,HP-00006081,MOTHER_OF,1,FR-f6b65590569cf618
HP-00006087,HP-00006085,MOTHER_OF,1,FR-dfa57476d0cd37e6
HP-00005334,HP-00006093,MOTHER_OF,1,FR-ec4d83642b92f1bd
HP-00005342,HP-00006097,MOTHER_OF,1,FR-06a65df13dc23dbb
HP-00004626,HP-00006101,MOTHER_OF,1,FR-d4db5f160a63da26
HP-00006111,HP-00006109,MOTHER_OF,1,FR-e63b32d0383ffd7a
HP-00006115,HP-00006113,MOTHER_OF,1,FR-2534d3bc0712d08b
HP-00006119,HP-00006117,MOTHER_OF,1,FR-e96620824ab996d7
HP-00006123,HP-00006121,MOTHER_OF,1,FR-529168a7bf060773
HP-00004641,HP-00006125,MOTHER_OF,1,FR-a6834ba7ae68ea95
HP-00006130,HP-00006129,MOTHER_OF,1,FR-5dfd813c42e64df9
HP-00006133,HP-00006132,MOTHER_OF,1,FR-63a15dc1d93c6fd2
HP-00003571,HP-00006135,MOTHER_OF,1,FR-068548830b5b3369
HP-00006141,HP-00006139,MOTHER_OF,1,FR-0f81f1e1e05134db
HP-00004603,HP-00006143,MOTHER_OF,1,FR-5a5c582538232078
HP-00006157,HP-00006155,MOTHER_OF,1,FR-401898b44557575a
HP-00006161,HP-00006159,MOTHER_OF,1,FR-24acbca7bd64934c
HP-00006169,HP-00006167,MOTHER_OF,1,FR-52775146f2923e37
HP-00006172,HP-00006171,MOTHER_OF,1,FR-9d9299578ca74871
HP-00006184,HP-00006182,MOTHER_OF,1,FR-c11f535b20279c92
HP-00006192,HP-00006190,MOTHER_OF,1,FR-896de670cacecb78
HP-00006199,HP-00006198,MOTHER_OF,1,FR-7189d8235383c1a8
HP-00006203,HP-00006201,MOTHER_OF,1,FR-c9812c0064d42807
HP-00005486,HP-00006205,MOTHER_OF,1,FR-4bef16c9c9bcae41
HP-00006211,HP-00006209,MOTHER_OF,1,FR-854f887e943e1bdb
HP-00006215,HP-00006213,MOTHER_OF,1,FR-a31806d62cae74a5
HP-00006223,HP-00006221,MOTHER_OF,1,FR-72b972e36bfd51a8
HP-00006227,HP-00006225,MOTHER_OF,1,FR-7a77f85360513e36
HP-00006231,HP-00006229,MOTHER_OF,1,FR-b831160bcb05191d
HP-00006239,HP-00006237,MOTHER_OF,1,FR-2a3a041a8c153eca
HP-00006243,HP-00006241,MOTHER_OF,1,FR-b2daa05df641cb93
HP-00006259,HP-00006257,MOTHER_OF,1,FR-036fb48fb90be375
HP-00006263,HP-00006261,MOTHER_OF,1,FR-2abc7989b505fcd8
HP-00006266,HP-00006265,MOTHER_OF,1,FR-f2a022a7fceb25d5
HP-00006270,HP-00006268,MOTHER_OF,1,FR-d17a4ce4afe7f942
HP-00005572,HP-00006272,MOTHER_OF,1,FR-3b261f384409d37e
HP-00006286,HP-00006284,MOTHER_OF,1,FR-0bb411131061ddcb
HP-00006290,HP-00006288,MOTHER_OF,1,FR-844781208c82e95c
HP-00006294,HP-00006292,MOTHER_OF,1,FR-e1f1c71b18974c84
HP-00006298,HP-00006296,MOTHER_OF,1,FR-ab0e75a03e54f260
HP-00006302,HP-00006300,MOTHER_OF,1,FR-906db5e5abc8f30b
HP-00006306,HP-00006304,MOTHER_OF,1,FR-ee8c3645b20a28d3
HP-00006318,HP-00006316,MOTHER_OF,1,FR-4f398c30c7257a54
HP-00006321,HP-00006320,MOTHER_OF,1,FR-94eb3c17628bd471
HP-00006329,HP-00006327,MOTHER_OF,1,FR-503cf0b6bfb64e88
HP-00006333,HP-00006331,MOTHER_OF,1,FR-7ccf3017b1f1b4d7
HP-00006341,HP-00006339,MOTHER_OF,1,FR-ded9be5dc375889b
HP-00004665,HP-00006343,MOTHER_OF,1,FR-8ea3481245a86a87
HP-00006349,HP-00006347,MOTHER_OF,1,FR-08a7f1c7355c1336
HP-00006353,HP-00006351,MOTHER_OF,1,FR-8696ba4b8efb3a4f
HP-00006357,HP-00006355,MOTHER_OF,1,FR-80b858066978fef8
HP-00006361,HP-00006359,MOTHER_OF,1,FR-2c840696f1e583ec
HP-00006365,HP-00006363,MOTHER_OF,1,FR-1ca6bf6cf12a1e24
HP-00006369,HP-00006367,MOTHER_OF,1,FR-1de4f2bf03b5a10a
HP-00006373,HP-00006371,MOTHER_OF,1,FR-a94781511e82443e
HP-00006377,HP-00006375,MOTHER_OF,1,FR-d11358a35a13533a
HP-00006381,HP-00006379,MOTHER_OF,1,FR-94d0bd4a3558c637
HP-00006393,HP-00006391,MOTHER_OF,1,FR-c1953a3b306aa834
HP-00006397,HP-00006395,MOTHER_OF,1,FR-1451c335132da988
HP-00006405,HP-00006403,MOTHER_OF,1,FR-c743608c5f3e9682
HP-00006409,HP-00006407,MOTHER_OF,1,FR-55ddfdb75a4119cd
HP-00006413,HP-00006411,MOTHER_OF,1,FR-8a8ec473241cc328
HP-00006421,HP-00006419,MOTHER_OF,1,FR-e20a3a04efbb4ec9
HP-00006437,HP-00006435,MOTHER_OF,1,FR-a3bec63750df97c6
HP-00005698,HP-00006439,MOTHER_OF,1,FR-30ffbe0fb0417b19
HP-00006453,HP-00006451,MOTHER_OF,1,FR-1d03c0fa1157249e
HP-00006457,HP-00006455,MOTHER_OF,1,FR-6f373b0f8927d3af
HP-00006461,HP-00006459,MOTHER_OF,1,FR-4f7242d8ef17a504
HP-00006464,HP-00006463,MOTHER_OF,1,FR-66ecf06aeafa7109
HP-00006468,HP-00006466,MOTHER_OF,1,FR-5029a40cced1d8fd
HP-00006472,HP-00006470,MOTHER_OF,1,FR-7c0cacbeb74324d0
HP-00006476,HP-00006474,MOTHER_OF,1,FR-db3170f2ba5c92f3
HP-00006480,HP-00006478,MOTHER_OF,1,FR-64e3d8ee1b61b0c8
HP-00006488,HP-00006486,MOTHER_OF,1,FR-728b8899f914efe2
HP-00001884,HP-00006494,MOTHER_OF,1,FR-f12e8f1762915293
HP-00006520,HP-00006518,MOTHER_OF,1,FR-cc0e0d37f1fe430a
HP-00002465,HP-00006522,MOTHER_OF,1,FR-b72da5deabeb26f0
HP-00006528,HP-00006526,MOTHER_OF,1,FR-4ecb108556846e55
HP-00006535,HP-00006534,MOTHER_OF,1,FR-17f9df1f6fc9030e
HP-00005825,HP-00006537,MOTHER_OF,1,FR-b009c61b08fb4c9e
HP-00006547,HP-00006545,MOTHER_OF,1,FR-adcbcd877a197fe2
HP-00006554,HP-00006553,MOTHER_OF,1,FR-4e9de4210fad5fe3
HP-00006558,HP-00006556,MOTHER_OF,1,FR-3f0a42131e6a8c4e
HP-00006561,HP-00006560,MOTHER_OF,1,FR-e54a079360cfd82a
HP-00006569,HP-00006567,MOTHER_OF,1,FR-b437ba38ba77636a
HP-00004470,HP-00006571,MOTHER_OF,1,FR-31620d6a161e2d7a
HP-00004961,HP-00006583,MOTHER_OF,1,FR-d44188b96be65526
HP-00004993,HP-00006591,MOTHER_OF,1,FR-03a959641ae81c74
HP-00006601,HP-00006599,MOTHER_OF,1,FR-659a34edf8e299e4
HP-00006609,HP-00006607,MOTHER_OF,1,FR-959388d828388a65
HP-00006613,HP-00006611,MOTHER_OF,1,FR-5d47b6d5602a8596
HP-00006617,HP-00006615,MOTHER_OF,1,FR-655c43eb89b2509c
HP-00006629,HP-00006627,MOTHER_OF,1,FR-d8ef2ebc49c41e39
HP-00006632,HP-00006631,MOTHER_OF,1,FR-d780b2e3248434e8
HP-00006636,HP-00006634,MOTHER_OF,1,FR-6029dd6f8cd6eb04
HP-00005926,HP-00006642,MOTHER_OF,1,FR-1322e04ab37c6e91
HP-00006290,HP-00006646,MOTHER_OF,1,FR-f4ca03718a519b0c
HP-00006652,HP-00006650,MOTHER_OF,1,FR-349ee22adb6b93e9
HP-00006656,HP-00006654,MOTHER_OF,1,FR-575b26cf35727f37
HP-00006660,HP-00006658,MOTHER_OF,1,FR-50250f2aa3aba5f9
HP-00006664,HP-00006662,MOTHER_OF,1,FR-3f0ff778c15c57d3
HP-00006672,HP-00006670,MOTHER_OF,1,FR-a375a341190cf6fa
HP-00006684,HP-00006682,MOTHER_OF,1,FR-4194efd457245721
HP-00006036,HP-00006686,MOTHER_OF,1,FR-921c4ed2dddf4c1f
HP-00006692,HP-00006690,MOTHER_OF,1,FR-65db31063437eb8b
HP-00006696,HP-00006694,MOTHER_OF,1,FR-d85ba9abbd7a18f2
HP-00002792,HP-00006698,MOTHER_OF,1,FR-15320846dc06d6fa
HP-00006708,HP-00006706,MOTHER_OF,1,FR-fb681c947a2e09c5
HP-00006716,HP-00006714,MOTHER_OF,1,FR-891cfa7b061a0432
HP-00006720,HP-00006718,MOTHER_OF,1,FR-285219eadd5945d2
HP-00006724,HP-00006722,MOTHER_OF,1,FR-ad58794e5de8a7af
HP-00006728,HP-00006726,MOTHER_OF,1,FR-22153f1311ff1665
HP-00006736,HP-00006734,MOTHER_OF,1,FR-24e04586f9661a54
HP-00006740,HP-00006738,MOTHER_OF,1,FR-1cde0e811ab78dd7
HP-00006744,HP-00006742,MOTHER_OF,1,FR-1625ec10a205ec5c
HP-00006211,HP-00006746,MOTHER_OF,1,FR-118552c460171aa8
HP-00006756,HP-00006754,MOTHER_OF,1,FR-8741764790c6f6da
HP-00005454,HP-00006762,MOTHER_OF,1,FR-2ecb479093b563e5
HP-00006768,HP-00006766,MOTHER_OF,1,FR-12a0250152243c07
HP-00006772,HP-00006770,MOTHER_OF,1,FR-0cb6066293d427fe
HP-00006776,HP-00006774,MOTHER_OF,1,FR-27958e2c03da4a3c
HP-00006780,HP-00006778,MOTHER_OF,1,FR-3b1172eb4bc233b0
HP-00006784,HP-00006782,MOTHER_OF,1,FR-02b8bc1e65c23b04
HP-00006788,HP-00006786,MOTHER_OF,1,FR-9c657b7de4f920a0
HP-00006792,HP-00006790,MOTHER_OF,1,FR-050641b448afa114
HP-00006796,HP-00006794,MOTHER_OF,1,FR-76b53bd3216a555c
HP-00006800,HP-00006798,MOTHER_OF,1,FR-7a697ad7402b1841
HP-00006804,HP-00006802,MOTHER_OF,1,FR-af1a1ea809a6e2a1
HP-00006808,HP-00006806,MOTHER_OF,1,FR-140b11f856943d96
HP-00006812,HP-00006810,MOTHER_OF,1,FR-520485e4b4a30872
HP-00006819,HP-00006818,MOTHER_OF,1,FR-6ab1644ba8738900
HP-00006823,HP-00006821,MOTHER_OF,1,FR-dc7b002f7e105376
HP-00006827,HP-00006825,MOTHER_OF,1,FR-a4b766ded938d0cc
HP-00006831,HP-00006829,MOTHER_OF,1,FR-7faf06b1fbbc6228
HP-00006839,HP-00006837,MOTHER_OF,1,FR-d04a3ffd2ea274e2
HP-00006843,HP-00006841,MOTHER_OF,1,FR-4f7552449ffc6032
HP-00006847,HP-00006845,MOTHER_OF,1,FR-6875508c72d32529
HP-00006851,HP-00006849,MOTHER_OF,1,FR-537c70a1817aa6ee
HP-00006855,HP-00006853,MOTHER_OF,1,FR-6ac7b9cf8ce5b175
HP-00006859,HP-00006857,MOTHER_OF,1,FR-d77348deaeceab32
HP-00006867,HP-00006865,MOTHER_OF,1,FR-fdbf76fc485783e7
HP-00006875,HP-00006873,MOTHER_OF,1,FR-3406452389944cb4
HP-00006882,HP-00006881,MOTHER_OF,1,FR-1697c7ec32e8be90
HP-00006886,HP-00006884,MOTHER_OF,1,FR-c2aa5585e19a48d1
HP-00006890,HP-00006888,MOTHER_OF,1,FR-f0befed812775cf4
HP-00006898,HP-00006896,MOTHER_OF,1,FR-31fe20e967d1060b
HP-00005829,HP-00006900,MOTHER_OF,1,FR-82b286d8f2a2d030
HP-00006906,HP-00006904,MOTHER_OF,1,FR-aa39f2a2d16f4488
HP-00005004,HP-00006908,MOTHER_OF,1,FR-fb99e698df3efed2
HP-00005494,HP-00006912,MOTHER_OF,1,FR-762d25b9592994f0
HP-00006290,HP-00006916,MOTHER_OF,1,FR-c35e0400c8b50a3d
HP-00005938,HP-00006924,MOTHER_OF,1,FR-4a57e72a46284301
HP-00006934,HP-00006932,MOTHER_OF,1,FR-f524bccae577007b
HP-00006942,HP-00006940,MOTHER_OF,1,FR-a932a8e7f39eb780
HP-00004961,HP-00006944,MOTHER_OF,1,FR-c9427180c9f40258
HP-00006950,HP-00006948,MOTHER_OF,1,FR-63ace0e7c04297aa
HP-00006958,HP-00006956,MOTHER_OF,1,FR-abe0e209591334c1
HP-00006141,HP-00006960,MOTHER_OF,1,FR-0c3eddbe8faa27b7
HP-00006141,HP-00006964,MOTHER_OF,1,FR-8b64e167ffe1b9dc
HP-00006970,HP-00006968,MOTHER_OF,1,FR-2d996a99c6df91c5
HP-00006974,HP-00006972,MOTHER_OF,1,FR-122211d68ffcba87
HP-00006981,HP-00006980,MOTHER_OF,1,FR-59d533e8a0b3d2ef
HP-00006985,HP-00006983,MOTHER_OF,1,FR-f41169c8e35ddf88
HP-00006989,HP-00006987,MOTHER_OF,1,FR-9cc2ced67375d247
HP-00006993,HP-00006991,MOTHER_OF,1,FR-5068750c7e8080d4
HP-00007000,HP-00006999,MOTHER_OF,1,FR-e5ccd3280807ea9f
HP-00007016,HP-00007014,MOTHER_OF,1,FR-3ab8fce441ca71ae
HP-00007024,HP-00007022,MOTHER_OF,1,FR-85dab2b4f155ba9a
HP-00007028,HP-00007026,MOTHER_OF,1,FR-47074b4a9ab54503
HP-00007036,HP-00007034,MOTHER_OF,1,FR-84589fb3988352cc
HP-00006879,HP-00007038,MOTHER_OF,1,FR-2d52bf847c7456dc
HP-00007060,HP-00007058,MOTHER_OF,1,FR-bdf13a188653c553
HP-00007067,HP-00007066,MOTHER_OF,1,FR-4a95e79021eff112
HP-00000508,HP-00007069,MOTHER_OF,1,FR-cf77c4dc82e6e82c
HP-00007079,HP-00007077,MOTHER_OF,1,FR-200502ad1f57922e
HP-00007083,HP-00007081,MOTHER_OF,1,FR-dcb366be3d5e0390
HP-00007087,HP-00007085,MOTHER_OF,1,FR-b76ea2a3375d24a9
HP-00007091,HP-00007089,MOTHER_OF,1,FR-e996e5fd70b97e2c
HP-00007099,HP-00007097,MOTHER_OF,1,FR-be58c6e5ea82f3ac
HP-00006886,HP-00007101,MOTHER_OF,1,FR-de51de7ee2132b51
HP-00007115,HP-00007113,MOTHER_OF,1,FR-c32d9a18ce9fbd5c
HP-00007126,HP-00007125,MOTHER_OF,1,FR-bcac51b18fe2c5dc
HP-00007130,HP-00007128,MOTHER_OF,1,FR-59254aa29634090f
HP-00007134,HP-00007132,MOTHER_OF,1,FR-69bde485ab0faee0
HP-00002718,HP-00007136,MOTHER_OF,1,FR-d33c41a1344b4076
HP-00007142,HP-00007140,MOTHER_OF,1,FR-abe14be7f50e57dd
HP-00007146,HP-00007144,MOTHER_OF,1,FR-07fee116e938ae22
HP-00007150,HP-00007148,MOTHER_OF,1,FR-5d5c1608d0e66fb5
HP-00007154,HP-00007152,MOTHER_OF,1,FR-357a1e37010073dd
HP-00007158,HP-00007156,MOTHER_OF,1,FR-cad7f6f9e2efc602
HP-00007162,HP-00007160,MOTHER_OF,1,FR-594893cb728ce1aa
HP-00004641,HP-00007164,MOTHER_OF,1,FR-b493972647a22fee
HP-00007130,HP-00007172,MOTHER_OF,1,FR-34ca50d7a75769f8
HP-00007182,HP-00007180,MOTHER_OF,1,FR-8297e75f1eab9670
HP-00004689,HP-00007184,MOTHER_OF,1,FR-cc41b714f5ee67ef
HP-00007190,HP-00007188,MOTHER_OF,1,FR-90af6d4a88611548
HP-00007194,HP-00007192,MOTHER_OF,1,FR-91f80a53c3c51b56
HP-00007198,HP-00007196,MOTHER_OF,1,FR-03fdf49774508797
HP-00007202,HP-00007200,MOTHER_OF,1,FR-9e16b104590a035e
HP-00007206,HP-00007204,MOTHER_OF,1,FR-f5fc84a81b2232a1
HP-00004603,HP-00007208,MOTHER_OF,1,FR-a9a261dd49989761
HP-00007218,HP-00007216,MOTHER_OF,1,FR-c9edc52349e2b9c9
HP-00007225,HP-00007224,MOTHER_OF,1,FR-6e8b8fe145041b9c
HP-00007228,HP-00007227,MOTHER_OF,1,FR-17945b50b1639456
HP-00007239,HP-00007238,MOTHER_OF,1,FR-647d36228e2faefe
HP-00007243,HP-00007241,MOTHER_OF,1,FR-602bc9ccd5677769
HP-00007251,HP-00007249,MOTHER_OF,1,FR-11fb1a4d42f93611
HP-00007255,HP-00007253,MOTHER_OF,1,FR-3682f380d007d223
HP-00007263,HP-00007261,MOTHER_OF,1,FR-a8c8fdc9871ab2fa
HP-00007267,HP-00007265,MOTHER_OF,1,FR-2dde7b850ebee969
HP-00007271,HP-00007269,MOTHER_OF,1,FR-cf7e03d3118048b4
HP-00007279,HP-00007277,MOTHER_OF,1,FR-91f5762dd3ac173b
HP-00007283,HP-00007281,MOTHER_OF,1,FR-e2b982072c38d417
HP-00007287,HP-00007285,MOTHER_OF,1,FR-08b4634e01af6000
HP-00007291,HP-00007289,MOTHER_OF,1,FR-3a6f8aa4cc829cc9
HP-00007295,HP-00007293,MOTHER_OF,1,FR-34bb0c69cb5dd616
HP-00007299,HP-00007297,MOTHER_OF,1,FR-6a962b64ca1e4338
HP-00007302,HP-00007301,MOTHER_OF,1,FR-c5dc0d528e4a3600
HP-00005970,HP-00007312,MOTHER_OF,1,FR-a53f7ab6d27c2f13
HP-00007322,HP-00007320,MOTHER_OF,1,FR-5374ab92b36afd54
HP-00007326,HP-00007324,MOTHER_OF,1,FR-0abea1187b92d33f
HP-00006886,HP-00007328,MOTHER_OF,1,FR-4c86f0bed0c4594d
HP-00007334,HP-00007332,MOTHER_OF,1,FR-886f865cbcf13930
HP-00007338,HP-00007336,MOTHER_OF,1,FR-6b08f99ddeae53d0
HP-00005342,HP-00007340,MOTHER_OF,1,FR-51fafdf93c847849
HP-00007346,HP-00007344,MOTHER_OF,1,FR-6260379ac49c3644
HP-00007349,HP-00007348,MOTHER_OF,1,FR-dd807788a67e1b0e
HP-00007353,HP-00007351,MOTHER_OF,1,FR-b15aba7a616f8b02
HP-00007357,HP-00007355,MOTHER_OF,1,FR-e229d8eaae4e9680
HP-00007361,HP-00007359,MOTHER_OF,1,FR-bfcf84fd0d268f18
HP-00007377,HP-00007375,MOTHER_OF,1,FR-ce8326890d2f4e15
HP-00007381,HP-00007379,MOTHER_OF,1,FR-e889ca8a9eb431ef
HP-00007389,HP-00007387,MOTHER_OF,1,FR-a7c03ca7eb7e1ae5
HP-00002417,HP-00007391,MOTHER_OF,1,FR-c35bb908561bb800
HP-00007397,HP-00007395,MOTHER_OF,1,FR-bc7433d1c9d8021f
HP-00007400,HP-00007399,MOTHER_OF,1,FR-08d6b8c25cbc38e4
HP-00007404,HP-00007402,MOTHER_OF,1,FR-072e7058ffe72582
HP-00007408,HP-00007406,MOTHER_OF,1,FR-d3bd96bd964e9f6d
HP-00007028,HP-00007410,MOTHER_OF,1,FR-ad62cfd8045456b4
HP-00007417,HP-00007416,MOTHER_OF,1,FR-52ebdaf131665eac
HP-00007425,HP-00007423,MOTHER_OF,1,FR-d7026ace6bcd727e
HP-00007429,HP-00007427,MOTHER_OF,1,FR-976ea40b10c7b19b
HP-00007433,HP-00007431,MOTHER_OF,1,FR-c8b7e888a88cc5c1
HP-00007437,HP-00007435,MOTHER_OF,1,FR-e78953bc2f0c9296
HP-00007445,HP-00007443,MOTHER_OF,1,FR-8713c2f70f62c145
HP-00006270,HP-00007447,MOTHER_OF,1,FR-95dd46ba7e38c387
HP-00007460,HP-00007459,MOTHER_OF,1,FR-e546beefdac20903
HP-00007464,HP-00007462,MOTHER_OF,1,FR-24ef4c35e8f17619
HP-00007472,HP-00007470,MOTHER_OF,1,FR-4d0c4e003004eb98
HP-00007476,HP-00007474,MOTHER_OF,1,FR-12d08670e95e53b4
HP-00007480,HP-00007478,MOTHER_OF,1,FR-e3fe27227fc7c9e1
HP-00007484,HP-00007482,MOTHER_OF,1,FR-8407dc4f277a4f76
HP-00007492,HP-00007490,MOTHER_OF,1,FR-896b5d717adf2d9a
HP-00005690,HP-00007502,MOTHER_OF,1,FR-060afa024d75d25f
HP-00007512,HP-00007510,MOTHER_OF,1,FR-615cb44b03ffba9e
HP-00007516,HP-00007514,MOTHER_OF,1,FR-877a9eebb7f317e1
HP-00007520,HP-00007518,MOTHER_OF,1,FR-a4230b74aab1d603
HP-00007524,HP-00007522,MOTHER_OF,1,FR-cb376425e175289e
HP-00007528,HP-00007526,MOTHER_OF,1,FR-b11e9ddc35c72e09
HP-00007534,HP-00007532,MOTHER_OF,1,FR-64659a2249e74ceb
HP-00007537,HP-00007536,MOTHER_OF,1,FR-5f721d48fc0b2c91
HP-00007541,HP-00007539,MOTHER_OF,1,FR-666e2e2375c32db7
HP-00007545,HP-00007543,MOTHER_OF,1,FR-2b48420bdeec5c0c
HP-00007549,HP-00007547,MOTHER_OF,1,FR-835a64b25f167b80
HP-00007553,HP-00007551,MOTHER_OF,1,FR-8e27d73f4bc91648
HP-00007561,HP-00007559,MOTHER_OF,1,FR-66012bfddc6c2b9b
HP-00007569,HP-00007567,MOTHER_OF,1,FR-584a8a668ba7101b
HP-00007577,HP-00007575,MOTHER_OF,1,FR-b0c76d680e4179c6
HP-00007585,HP-00007583,MOTHER_OF,1,FR-512a890c334941d0
HP-00007589,HP-00007587,MOTHER_OF,1,FR-92833714fda4a724
HP-00007593,HP-00007591,MOTHER_OF,1,FR-e39abb42614c4ef4
HP-00007597,HP-00007595,MOTHER_OF,1,FR-b2261ee4a2ad2889
HP-00007600,HP-00007599,MOTHER_OF,1,FR-177d79626527e80b
HP-00007604,HP-00007602,MOTHER_OF,1,FR-946337126941ab91
HP-00007608,HP-00007606,MOTHER_OF,1,FR-479b9866e724db3c
HP-00007611,HP-00007610,MOTHER_OF,1,FR-ac0e82d05bc113c9
HP-00007618,HP-00007617,MOTHER_OF,1,FR-0a9b918524bde048
HP-00007626,HP-00007624,MOTHER_OF,1,FR-972a56b1d5786575
HP-00007630,HP-00007628,MOTHER_OF,1,FR-26000972920713e1
HP-00007634,HP-00007632,MOTHER_OF,1,FR-e889c7a9dd8c71b5
HP-00007638,HP-00007636,MOTHER_OF,1,FR-6860c5e24b0897d7
HP-00007642,HP-00007640,MOTHER_OF,1,FR-d76222cc726c1502
HP-00007646,HP-00007644,MOTHER_OF,1,FR-6dbdd81e3af189c0
HP-00007650,HP-00007648,MOTHER_OF,1,FR-588a3dfa2bd4a141
HP-00007654,HP-00007652,MOTHER_OF,1,FR-2625eb8f780e18d2
HP-00007658,HP-00007656,MOTHER_OF,1,FR-e0f87de454eaeef6
HP-00007662,HP-00007660,MOTHER_OF,1,FR-a4ac04f0ef32fddd
HP-00007666,HP-00007664,MOTHER_OF,1,FR-b0564cd5b2337bbf
HP-00007674,HP-00007672,MOTHER_OF,1,FR-6ce9c4c0237eb2f9
HP-00007678,HP-00007676,MOTHER_OF,1,FR-83b02f67d207ee7a
HP-00007686,HP-00007684,MOTHER_OF,1,FR-5660db6c90ea4ece
HP-00007690,HP-00007688,MOTHER_OF,1,FR-7dcfcbb003220fc0
HP-00007694,HP-00007692,MOTHER_OF,1,FR-f578c46a6d4adc72
HP-00005690,HP-00007696,MOTHER_OF,1,FR-ecd60fdd642bda0d
HP-00007702,HP-00007700,MOTHER_OF,1,FR-e6d28d0cccb7e272
HP-00007710,HP-00007708,MOTHER_OF,1,FR-267ba33d913fa39a
HP-00005910,HP-00007716,MOTHER_OF,1,FR-8e2a54a015901170
HP-00007725,HP-00007724,MOTHER_OF,1,FR-5a005c20e8b3692b
HP-00007492,HP-00007731,MOTHER_OF,1,FR-50fcc7fcd32855e2
HP-00007741,HP-00007739,MOTHER_OF,1,FR-30733df13634f160
HP-00007745,HP-00007743,MOTHER_OF,1,FR-1181074e3dde9c6c
HP-00007749,HP-00007747,MOTHER_OF,1,FR-2085d4c59e882e47
HP-00007753,HP-00007751,MOTHER_OF,1,FR-05e7469ce27b4c53
HP-00007757,HP-00007755,MOTHER_OF,1,FR-047f693e5d1b4f7f
HP-00007761,HP-00007759,MOTHER_OF,1,FR-6ae285a6c9705db9
HP-00007765,HP-00007763,MOTHER_OF,1,FR-ea33507b995c7aa3
HP-00007769,HP-00007767,MOTHER_OF,1,FR-48afd4ce57745a18
HP-00007773,HP-00007771,MOTHER_OF,1,FR-ec89c8bd6bb09fe5
HP-00007777,HP-00007775,MOTHER_OF,1,FR-490938cc6edaf663
HP-00007781,HP-00007779,MOTHER_OF,1,FR-654dcd9d694e085f
HP-00007785,HP-00007783,MOTHER_OF,1,FR-b63c5134909a4654
HP-00007793,HP-00007791,MOTHER_OF,1,FR-2b4e55698e679d26
HP-00007797,HP-00007795,MOTHER_OF,1,FR-ab6295ef10f00e8c
HP-00007805,HP-00007803,MOTHER_OF,1,FR-aaf8f58ecd1ddd99
HP-00007809,HP-00007807,MOTHER_OF,1,FR-f003bb31326a8ecc
HP-00007813,HP-00007811,MOTHER_OF,1,FR-64e8ee7e77482bc0
HP-00007817,HP-00007815,MOTHER_OF,1,FR-42fe125d0c5e2d9d
HP-00007820,HP-00007819,MOTHER_OF,1,FR-81ece116100713c1
HP-00007824,HP-00007822,MOTHER_OF,1,FR-0b2bbdb62677f878
HP-00007828,HP-00007826,MOTHER_OF,1,FR-befc9d435522bc9b
HP-00007832,HP-00007830,MOTHER_OF,1,FR-633279778409291d
HP-00007836,HP-00007834,MOTHER_OF,1,FR-fb8a5f3a369ccf62
HP-00007839,HP-00007838,MOTHER_OF,1,FR-c4f14a29d4598b96
HP-00007843,HP-00007841,MOTHER_OF,1,FR-f482234e95181a19
HP-00007847,HP-00007845,MOTHER_OF,1,FR-c577d275b038af0b
HP-00007850,HP-00007849,MOTHER_OF,1,FR-9d489006d6982d7c
HP-00007854,HP-00007852,MOTHER_OF,1,FR-6ae48a20447bf508
HP-00007862,HP-00007860,MOTHER_OF,1,FR-bb021fd59a3d34b0
HP-00007866,HP-00007864,MOTHER_OF,1,FR-214995d377cd6463
HP-00006480,HP-00007872,MOTHER_OF,1,FR-08a80facbd0f0d8d
HP-00007878,HP-00007876,MOTHER_OF,1,FR-090363cfff81d0fa
HP-00007882,HP-00007880,MOTHER_OF,1,FR-dacd8aec3dda8f90
HP-00007886,HP-00007884,MOTHER_OF,1,FR-2cb6779687289b87
HP-00007890,HP-00007888,MOTHER_OF,1,FR-5d1acba62e71c55c
HP-00007894,HP-00007892,MOTHER_OF,1,FR-16bbf40c7136b10e
HP-00007898,HP-00007896,MOTHER_OF,1,FR-49f210c3aa179929
HP-00007902,HP-00007900,MOTHER_OF,1,FR-af8980318486bb8a
HP-00007906,HP-00007904,MOTHER_OF,1,FR-3c4030f171d9e7d7
HP-00007914,HP-00007912,MOTHER_OF,1,FR-88aa1e95167fd4d7
HP-00007918,HP-00007916,MOTHER_OF,1,FR-11a6b353696291ba
HP-00007930,HP-00007928,MOTHER_OF,1,FR-42779a2a2c3f8670
HP-00007938,HP-00007936,MOTHER_OF,1,FR-b45a6fe2bcf9f77e
HP-00007942,HP-00007940,MOTHER_OF,1,FR-18f67dc4a57c67e1
HP-00007954,HP-00007952,MOTHER_OF,1,FR-59637492f7ca1fba
HP-00007958,HP-00007956,MOTHER_OF,1,FR-4f05c6541e2968dc
HP-00007962,HP-00007960,MOTHER_OF,1,FR-f1d17ac6bbe3b08a
HP-00007966,HP-00007964,MOTHER_OF,1,FR-25c8d5ae8fd101e6
HP-00007970,HP-00007968,MOTHER_OF,1,FR-f83d896479f02351
HP-00007974,HP-00007972,MOTHER_OF,1,FR-e4c02dd0d4fd9bbb
HP-00006270,HP-00007976,MOTHER_OF,1,FR-d88d8d41238e9325
HP-00007982,HP-00007980,MOTHER_OF,1,FR-a4b64758e770e7f7
HP-00007986,HP-00007984,MOTHER_OF,1,FR-a27ae97dac5cb672
HP-00007990,HP-00007988,MOTHER_OF,1,FR-470dfaffd0f67f9a
HP-00007994,HP-00007992,MOTHER_OF,1,FR-c9539488066c6ba3
HP-00007998,HP-00007996,MOTHER_OF,1,FR-8aad6e5f8513b4de
HP-00008002,HP-00008000,MOTHER_OF,1,FR-ae71b0fe715c254c
HP-00008006,HP-00008004,MOTHER_OF,1,FR-d8e3235c4895a9b2
HP-00008010,HP-00008008,MOTHER_OF,1,FR-a16d9aa64cbb23bd
HP-00005690,HP-00008012,MOTHER_OF,1,FR-aee8c590ce996e6d
HP-00008018,HP-00008016,MOTHER_OF,1,FR-9824a95f612415f2
HP-00008022,HP-00008020,MOTHER_OF,1,FR-4a67a067eba4c886
HP-00008030,HP-00008028,MOTHER_OF,1,FR-55117b65fd918dcd
HP-00008034,HP-00008032,MOTHER_OF,1,FR-a3cdadc772ddf0bd
HP-00008038,HP-00008036,MOTHER_OF,1,FR-b5f4f3f1d8c6f096
HP-00008042,HP-00008040,MOTHER_OF,1,FR-6d8c196e178a7f7b
HP-00008049,HP-00008048,MOTHER_OF,1,FR-ea1c7aa6bfd7f50e
HP-00008053,HP-00008051,MOTHER_OF,1,FR-ba4c48c2258d4545
HP-00008057,HP-00008055,MOTHER_OF,1,FR-06cd5660e039fb2e
HP-00008061,HP-00008059,MOTHER_OF,1,FR-a90bcfca6a3a96e4
HP-00008065,HP-00008063,MOTHER_OF,1,FR-dd6a68aaad2d64f7
HP-00008069,HP-00008067,MOTHER_OF,1,FR-dfb7dfcbb48f6818
HP-00008077,HP-00008075,MOTHER_OF,1,FR-7f6e2649d9cdb14b
HP-00008093,HP-00008091,MOTHER_OF,1,FR-9e1c62363bbc045a
HP-00008100,HP-00008099,MOTHER_OF,1,FR-2c2e910a1ae6e01e
HP-00007805,HP-00008102,MOTHER_OF,1,FR-3f4e90ee8fbf6719
HP-00008108,HP-00008106,MOTHER_OF,1,FR-c2a4584213852e73
HP-00006393,HP-00008110,MOTHER_OF,1,FR-6fd2c9c754f633e0
HP-00008116,HP-00008114,MOTHER_OF,1,FR-773e486add7cc2c0
HP-00008120,HP-00008118,MOTHER_OF,1,FR-7e0361c5549dfd66
HP-00008124,HP-00008122,MOTHER_OF,1,FR-3624a2242a30a504
HP-00008128,HP-00008126,MOTHER_OF,1,FR-762823c7e2e00ed3
HP-00008132,HP-00008130,MOTHER_OF,1,FR-4cf6153e3d43243b
HP-00008140,HP-00008138,MOTHER_OF,1,FR-3af51ff9ccf59dbc
HP-00008144,HP-00008142,MOTHER_OF,1,FR-815350775d658513
HP-00008152,HP-00008150,MOTHER_OF,1,FR-71089bafd4bb987d
HP-00008156,HP-00008154,MOTHER_OF,1,FR-cc74825473f01472
HP-00008164,HP-00008162,MOTHER_OF,1,FR-f5608a83da59cd40
HP-00008176,HP-00008174,MOTHER_OF,1,FR-ab01005d078a7fe0
HP-00008179,HP-00008178,MOTHER_OF,1,FR-3a3cc68be271a4dd
HP-00008183,HP-00008181,MOTHER_OF,1,FR-60a1bdae3ea7bfc2
HP-00008187,HP-00008185,MOTHER_OF,1,FR-6b96362cd10007ef
HP-00008191,HP-00008189,MOTHER_OF,1,FR-98d8d25cdb1669b5
HP-00008194,HP-00008193,MOTHER_OF,1,FR-7ccf599c7e16ac3d
HP-00008198,HP-00008196,MOTHER_OF,1,FR-15fcdb48dfefff1a
HP-00008205,HP-00008204,MOTHER_OF,1,FR-4f1957bd79fc3d5a
HP-00008208,HP-00008207,MOTHER_OF,1,FR-b45a1710caa7f34d
HP-00008212,HP-00008210,MOTHER_OF,1,FR-f67145a1599d1ca0
HP-00008216,HP-00008214,MOTHER_OF,1,FR-7025b35b797fdf5d
HP-00008223,HP-00008222,MOTHER_OF,1,FR-e271711b26298287
HP-00008230,HP-00008229,MOTHER_OF,1,FR-199086e8097b4ce0
HP-00008234,HP-00008232,MOTHER_OF,1,FR-bb65a079ddee3ca3
HP-00008238,HP-00008236,MOTHER_OF,2,FR-944b8feee7d684ba
HP-00008241,HP-00008240,MOTHER_OF,1,FR-ab0f31b3e59ac4fd
HP-00008245,HP-00008243,MOTHER_OF,1,FR-715ca222ee8c1ba4
HP-00008257,HP-00008255,MOTHER_OF,1,FR-8dd34e5b9c4fbb01
HP-00008261,HP-00008259,MOTHER_OF,1,FR-8fce7b6b59e93cde
HP-00008269,HP-00008267,MOTHER_OF,1,FR-22d1af544a3ed6d0
HP-00008272,HP-00008271,MOTHER_OF,1,FR-42ee8f87c288fb7f
HP-00008276,HP-00008274,MOTHER_OF,1,FR-6e9b5e72f8872dd0
HP-00008280,HP-00008278,MOTHER_OF,1,FR-8a6cd1b48f72dc0b
HP-00008284,HP-00008282,MOTHER_OF,1,FR-c731ecf004e6368b
HP-00008287,HP-00008286,MOTHER_OF,1,FR-d4794556ea732a96
HP-00008291,HP-00008289,MOTHER_OF,1,FR-f71cecd3da5f5df0
HP-00008298,HP-00008297,MOTHER_OF,1,FR-d1e95dc0857d204d
HP-00008302,HP-00008300,MOTHER_OF,1,FR-d35863069831ddcb
HP-00008306,HP-00008304,MOTHER_OF,1,FR-5a144648813d9bdf
HP-00008310,HP-00008308,MOTHER_OF,1,FR-74bbcc639172191f
HP-00008314,HP-00008312,MOTHER_OF,1,FR-4be6097e0728eae6
HP-00008318,HP-00008316,MOTHER_OF,1,FR-5426500753b58ba3
HP-00008322,HP-00008320,MOTHER_OF,1,FR-30d870d104cec192
HP-00008326,HP-00008324,MOTHER_OF,1,FR-7a693e0f3debff14
HP-00008330,HP-00008328,MOTHER_OF,1,FR-c37218a7478d1d9b
HP-00008334,HP-00008332,MOTHER_OF,1,FR-0b69775cb54b61ea
HP-00008338,HP-00008336,MOTHER_OF,1,FR-fa896e9cf5cdb5a9
HP-00008346,HP-00008344,MOTHER_OF,1,FR-c204171643edb619
HP-00008355,HP-00008353,MOTHER_OF,1,FR-4137fdc6f14bc094
HP-00008069,HP-00008357,MOTHER_OF,1,FR-d9b580f8393d8c37
HP-00008363,HP-00008361,MOTHER_OF,1,FR-eed517ffc039d279
HP-00008367,HP-00008365,MOTHER_OF,1,FR-a9c741663ce5c250
HP-00008379,HP-00008377,MOTHER_OF,1,FR-3a57b7a2397b66e5
HP-00008383,HP-00008381,MOTHER_OF,1,FR-14970a2495287928
HP-00008391,HP-00008389,MOTHER_OF,1,FR-582293df27843432
HP-00008395,HP-00008393,MOTHER_OF,1,FR-3074aac834086bad
HP-00008399,HP-00008397,MOTHER_OF,1,FR-1adc727d64e48847
HP-00008403,HP-00008401,MOTHER_OF,1,FR-450adaaf11bb6120
HP-00008407,HP-00008405,MOTHER_OF,1,FR-8c1cec5859ad6dcf
HP-00008077,HP-00008413,MOTHER_OF,1,FR-70af0de146711b58
HP-00008419,HP-00008417,MOTHER_OF,1,FR-a3c00e75af5ff113
HP-00008423,HP-00008421,MOTHER_OF,1,FR-bcc304110e9ca706
HP-00008435,HP-00008433,MOTHER_OF,1,FR-50de3ee125db7433
HP-00008439,HP-00008437,MOTHER_OF,1,FR-8dbc24a4320f72ef
HP-00008443,HP-00008441,MOTHER_OF,1,FR-f57115b07fb537ff
HP-00008447,HP-00008445,MOTHER_OF,1,FR-386a351ed9a9b010
HP-00008451,HP-00008449,MOTHER_OF,1,FR-797b86b1b3297941
HP-00008455,HP-00008453,MOTHER_OF,1,FR-25b80a36754b3a06
HP-00008463,HP-00008461,MOTHER_OF,1,FR-c8579a12cd0fad25
HP-00008467,HP-00008465,MOTHER_OF,1,FR-f8949417a9045c19
HP-00008471,HP-00008469,MOTHER_OF,1,FR-5e058f196e52261c
HP-00008475,HP-00008473,MOTHER_OF,1,FR-a84b2b9f955ea1fe
HP-00008479,HP-00008477,MOTHER_OF,1,FR-504d15f0a91021e9
HP-00008487,HP-00008485,MOTHER_OF,1,FR-3995f8877776eb11
HP-00008491,HP-00008489,MOTHER_OF,1,FR-cb92797f98ecd6ef
HP-00008495,HP-00008493,MOTHER_OF,1,FR-8945523c8b650810
HP-00008499,HP-00008497,MOTHER_OF,1,FR-d521c6ad34e76902
HP-00008502,HP-00008501,MOTHER_OF,1,FR-57a1065453cc50c4
HP-00008510,HP-00008508,MOTHER_OF,1,FR-6a5ebc03a7933d5f
HP-00007982,HP-00008512,MOTHER_OF,1,FR-4be7e95a7b61e1ea
HP-00008526,HP-00008524,MOTHER_OF,1,FR-53f9c2d0cb6ad41d
HP-00008530,HP-00008528,MOTHER_OF,1,FR-e794c828710108a3
HP-00008542,HP-00008540,MOTHER_OF,1,FR-034757d07ea63f3f
HP-00008546,HP-00008544,MOTHER_OF,1,FR-6bcbdd53b4dc9763
HP-00008550,HP-00008548,MOTHER_OF,1,FR-3cae414e157ae1af
HP-00008554,HP-00008552,MOTHER_OF,1,FR-5e23e01ea569a29e
HP-00008562,HP-00008560,MOTHER_OF,1,FR-683a871d91c90781
HP-00008566,HP-00008564,MOTHER_OF,1,FR-0ca4c28c8a7a531a
HP-00008574,HP-00008572,MOTHER_OF,1,FR-b6e28c982350c601
HP-00008582,HP-00008580,MOTHER_OF,1,FR-e334f845f59b0c48
HP-00008585,HP-00008584,MOTHER_OF,1,FR-acc97f8a2601f2a3
HP-00008624,HP-00008622,MOTHER_OF,1,FR-f615f1b3eed9f2db
HP-00008632,HP-00008630,MOTHER_OF,1,FR-def7b96e0b38091d
HP-00008636,HP-00008634,MOTHER_OF,1,FR-007f08c2c897c894
HP-00008639,HP-00008638,MOTHER_OF,1,FR-99dcd33fbc79a452
HP-00008646,HP-00008644,MOTHER_OF,1,FR-427c9da44b2f375a
HP-00008654,HP-00008652,MOTHER_OF,1,FR-fde8699ad0566f99
HP-00008662,HP-00008660,MOTHER_OF,1,FR-d208a4babf86e454
HP-00008666,HP-00008664,MOTHER_OF,1,FR-2cc35c765ed76970
HP-00008670,HP-00008668,MOTHER_OF,1,FR-d52b0bbb66d0c9eb
HP-00008673,HP-00008672,MOTHER_OF,1,FR-426dd6b6c99cc14b
HP-00008677,HP-00008675,MOTHER_OF,1,FR-e7dbd37e04ca790d
HP-00007642,HP-00008691,MOTHER_OF,2,FR-a2d976c7cd42a2e4
HP-00008708,HP-00008707,MOTHER_OF,1,FR-cd9ba8cb8d6bb1b5
HP-00008712,HP-00008710,MOTHER_OF,1,FR-ef6f0f3af6baecec
HP-00008230,HP-00008721,MOTHER_OF,1,FR-16813e52108b9081
HP-00008734,HP-00008732,MOTHER_OF,1,FR-daddc0969fbde84f
HP-00008742,HP-00008740,MOTHER_OF,1,FR-ed9ac9a019bb06f0
HP-00008746,HP-00008744,MOTHER_OF,1,FR-34a73ca0281d10d9
HP-00008750,HP-00008748,MOTHER_OF,1,FR-8d69998b0930b1b2
HP-00008758,HP-00008756,MOTHER_OF,1,FR-9bcb4261480ae32e
HP-00008762,HP-00008760,MOTHER_OF,1,FR-58340ea5500d171d
HP-00008766,HP-00008764,MOTHER_OF,1,FR-a383426f87a051f4
HP-00008778,HP-00008776,MOTHER_OF,1,FR-f12abf8f2e620cf2
HP-00008782,HP-00008780,MOTHER_OF,1,FR-dfd1b32a4a32924e
HP-00008006,HP-00008784,MOTHER_OF,1,FR-710fe1631886c960
HP-00008790,HP-00008788,MOTHER_OF,1,FR-986b5ab1e4d78b1e
HP-00008794,HP-00008792,MOTHER_OF,1,FR-aca4f879e4a1b7b6
HP-00008798,HP-00008796,MOTHER_OF,1,FR-ec1e6005f766e5f5
HP-00008802,HP-00008800,MOTHER_OF,1,FR-eef44c4c91fa0c6a
HP-00008805,HP-00008804,MOTHER_OF,1,FR-246e4a31fe43bb23
HP-00008809,HP-00008807,MOTHER_OF,1,FR-caa9edc32fdc8244
HP-00008817,HP-00008815,MOTHER_OF,1,FR-f5a4ccab6abded19
HP-00008820,HP-00008819,MOTHER_OF,1,FR-9afa12b488e6d1b9
HP-00008828,HP-00008826,MOTHER_OF,1,FR-6c6e18cb0d2da21b
HP-00008832,HP-00008830,MOTHER_OF,1,FR-5b9c5f473ea9b27b
HP-00008836,HP-00008834,MOTHER_OF,1,FR-37ef2cbf9e433b88
HP-00008487,HP-00008838,MOTHER_OF,1,FR-599b2e25e06104cf
HP-00008844,HP-00008842,MOTHER_OF,1,FR-527d1aad8567be72
HP-00007998,HP-00008850,MOTHER_OF,1,FR-0c0c624839049cf8
HP-00008856,HP-00008854,MOTHER_OF,1,FR-2928069176e6d1ce
HP-00005910,HP-00008862,MOTHER_OF,1,FR-a14ffb632536cea2
HP-00008868,HP-00008866,MOTHER_OF,1,FR-896d57684259b794
HP-00008872,HP-00008870,MOTHER_OF,1,FR-3f3afc5b8946c740
HP-00007986,HP-00008874,MOTHER_OF,1,FR-526fe842854fb2da
HP-00008888,HP-00008886,MOTHER_OF,1,FR-4eb0343e70bf993f
HP-00008892,HP-00008890,MOTHER_OF,1,FR-01a796453f1bd04d
HP-00008896,HP-00008894,MOTHER_OF,1,FR-f4aa2251625b183c
HP-00008900,HP-00008898,MOTHER_OF,1,FR-08aef435ea386d4d
HP-00008908,HP-00008906,MOTHER_OF,1,FR-2058683013e13681
HP-00008912,HP-00008910,MOTHER_OF,2,FR-27534dc4fbfede21
HP-00008916,HP-00008914,MOTHER_OF,1,FR-d9c872024a245eed
HP-00008920,HP-00008918,MOTHER_OF,1,FR-04fe1c668282623f
HP-00008932,HP-00008930,MOTHER_OF,1,FR-d02361a7a529e2ed
HP-00008944,HP-00008942,MOTHER_OF,1,FR-05f16facb9b3c453
HP-00008948,HP-00008946,MOTHER_OF,1,FR-4d370c55bf10c4ff
HP-00008951,HP-00008950,MOTHER_OF,1,FR-27176398ab4e152e
HP-00008963,HP-00008961,MOTHER_OF,1,FR-e5b0ab45b1a627d4
HP-00007793,HP-00008965,MOTHER_OF,1,FR-260aee68a538432a
HP-00007854,HP-00008969,MOTHER_OF,1,FR-7873aff13110fbad
HP-00008975,HP-00008973,MOTHER_OF,2,FR-5e3872a867c44175
HP-00008982,HP-00008980,MOTHER_OF,1,FR-170b25aae384e076
HP-00008986,HP-00008984,MOTHER_OF,1,FR-5cfe2541eeed86b9
HP-00008986,HP-00008988,MOTHER_OF,1,FR-73de553159e23a69
HP-00008994,HP-00008992,MOTHER_OF,1,FR-2eee26865573ae40
HP-00008998,HP-00008996,MOTHER_OF,1,FR-2197fc54eb247fde
HP-00009001,HP-00009000,MOTHER_OF,1,FR-386b6a07fef61ecb
HP-00008708,HP-00009034,MOTHER_OF,1,FR-f27fa6066b4fe6f2
HP-00009045,HP-00009043,MOTHER_OF,1,FR-1486aab137f23905
HP-00009049,HP-00009047,MOTHER_OF,1,FR-eb7b34e33de72c61
HP-00009052,HP-00009051,MOTHER_OF,1,FR-3899e7a52bdbf11f
HP-00009056,HP-00009054,MOTHER_OF,1,FR-99b4d6405f221f62
HP-00009060,HP-00009058,MOTHER_OF,1,FR-e5822406ab8a837a
HP-00009068,HP-00009066,MOTHER_OF,1,FR-40347aa6445fe9f6
HP-00009072,HP-00009070,MOTHER_OF,1,FR-dc3334db37d2f7e8
HP-00009076,HP-00009074,MOTHER_OF,1,FR-0903fb2332814693
HP-00009080,HP-00009078,MOTHER_OF,1,FR-3e9c3f6fb2f226c0
HP-00009084,HP-00009082,MOTHER_OF,1,FR-937bdd61b74b8b32
HP-00009088,HP-00009086,MOTHER_OF,1,FR-72ec132e187b517e
HP-00009096,HP-00009094,MOTHER_OF,1,FR-5251a29899ba31da
HP-00009100,HP-00009098,MOTHER_OF,1,FR-0cb7646ae27b965b
HP-00009104,HP-00009102,MOTHER_OF,1,FR-24a353309391167a
HP-00009108,HP-00009106,MOTHER_OF,1,FR-882fae0cd72fe849
HP-00007472,HP-00009110,MOTHER_OF,1,FR-d496f5f29e77ee28
HP-00009124,HP-00009122,MOTHER_OF,1,FR-af9612f422f4d92c
HP-00009128,HP-00009126,MOTHER_OF,1,FR-e56687d28aafe6c0
HP-00009132,HP-00009130,MOTHER_OF,1,FR-f70f56f9ff14a57e
HP-00009140,HP-00009138,MOTHER_OF,1,FR-2980230fcb5dc6e8
HP-00009144,HP-00009142,MOTHER_OF,1,FR-8479da0cd84e1054
HP-00007843,HP-00009146,MOTHER_OF,1,FR-36b0c11e73c210ae
HP-00009152,HP-00009150,MOTHER_OF,1,FR-4c2bf9e7d477b072
HP-00009156,HP-00009154,MOTHER_OF,1,FR-3f06c1bad29cde23
HP-00009172,HP-00009170,MOTHER_OF,1,FR-a240ad71732fad03
HP-00009175,HP-00009174,MOTHER_OF,1,FR-f00cff0efd5ee9b1
HP-00009179,HP-00009177,MOTHER_OF,1,FR-afedd8b75206aa7b
HP-00009183,HP-00009181,MOTHER_OF,1,FR-e21a69e83251922d
HP-00008128,HP-00009185,MOTHER_OF,1,FR-22b7b2406d9a00ef
HP-00009191,HP-00009189,MOTHER_OF,1,FR-4fbb37ebd92e9a30
HP-00007741,HP-00009193,MOTHER_OF,1,FR-c65c06ba0b2edb88
HP-00009199,HP-00009197,MOTHER_OF,1,FR-6d04279a2b3268b2
HP-00009207,HP-00009205,MOTHER_OF,1,FR-54d4922f77e0f7e4
HP-00008176,HP-00009209,MOTHER_OF,1,FR-4cf046491caf45cc
HP-00009215,HP-00009213,MOTHER_OF,1,FR-2753848f691f0a3c
HP-00009219,HP-00009217,MOTHER_OF,1,FR-a41dbbbd26e52792
HP-00009235,HP-00009233,MOTHER_OF,1,FR-39fd924b0c83140a
HP-00008191,HP-00009237,MOTHER_OF,1,FR-44d22893a5b86299
HP-00009243,HP-00009241,MOTHER_OF,1,FR-98bebc73149bcf94
HP-00009247,HP-00009245,MOTHER_OF,1,FR-f846d7d163af39dc
HP-00009251,HP-00009249,MOTHER_OF,1,FR-0f377971d94a5d79
HP-00009255,HP-00009253,MOTHER_OF,1,FR-e082da2e143ccddc
HP-00009263,HP-00009261,MOTHER_OF,1,FR-28e150108134420a
HP-00009267,HP-00009265,MOTHER_OF,1,FR-4fc1df7050f070dd
HP-00009271,HP-00009269,MOTHER_OF,1,FR-c6fda25a63fcf818
HP-00009275,HP-00009273,MOTHER_OF,1,FR-d1b725bc670adbc9
HP-00009279,HP-00009277,MOTHER_OF,1,FR-422041c04eb11d57
HP-00009287,HP-00009285,MOTHER_OF,1,FR-7a8b542833c08a03
HP-00009291,HP-00009289,MOTHER_OF,1,FR-c05efd6adfa6763b
HP-00008451,HP-00009293,MOTHER_OF,1,FR-f194b22437ed6d06
HP-00009307,HP-00009305,MOTHER_OF,1,FR-241b0607b0e85011
HP-00009311,HP-00009309,MOTHER_OF,1,FR-ee113e0763b5b9e2
HP-00009315,HP-00009313,MOTHER_OF,1,FR-bdfca1b5b7049d7f
HP-00009319,HP-00009317,MOTHER_OF,1,FR-9fae597b8134d81b
HP-00008077,HP-00009321,MOTHER_OF,1,FR-ec121cf7dc7f9e0e
HP-00009327,HP-00009325,MOTHER_OF,1,FR-9982796fdff413a3
HP-00009331,HP-00009329,MOTHER_OF,1,FR-cd6a54e807ee4627
HP-00009335,HP-00009333,MOTHER_OF,1,FR-78ad5b18e69a104b
HP-00009339,HP-00009337,MOTHER_OF,1,FR-58c272eceb8da147
HP-00009347,HP-00009345,MOTHER_OF,1,FR-f0969091f1c14eff
HP-00009351,HP-00009349,MOTHER_OF,1,FR-d14148b15ef9e61f
HP-00009359,HP-00009357,MOTHER_OF,1,FR-74fde461af1b4329
HP-00009124,HP-00009361,MOTHER_OF,1,FR-ba1458590227e344
HP-00009367,HP-00009365,MOTHER_OF,1,FR-4eaf6e9748e38e33
HP-00009379,HP-00009377,MOTHER_OF,1,FR-7e0f33c1322f8692
HP-00009383,HP-00009381,MOTHER_OF,1,FR-f9f3adac24ff06c2
HP-00009395,HP-00009393,MOTHER_OF,1,FR-2adaaab977f9911d
HP-00006270,HP-00009397,MOTHER_OF,1,FR-73d58b280fd47211
HP-00009403,HP-00009401,MOTHER_OF,1,FR-4705d687a032b5bb
HP-00008069,HP-00009405,MOTHER_OF,1,FR-1783e575b49a3d89
HP-00009410,HP-00009408,MOTHER_OF,1,FR-17af02ebe549bb23
HP-00009414,HP-00009412,MOTHER_OF,1,FR-a2bfa3f60b467a06
HP-00009418,HP-00009416,MOTHER_OF,1,FR-caabd3b4a6fb4ac9
HP-00009422,HP-00009420,MOTHER_OF,1,FR-bbd29116f95f18f3
HP-00009430,HP-00009428,MOTHER_OF,1,FR-a493c1bb038e3f04
HP-00009438,HP-00009436,MOTHER_OF,1,FR-071b8baa4eff6a3e
HP-00009442,HP-00009440,MOTHER_OF,1,FR-c126c9aea29914cd
HP-00008334,HP-00009444,MOTHER_OF,1,FR-cbc3a3a78f38095e
HP-00009454,HP-00009452,MOTHER_OF,1,FR-70fc162084cb6875
HP-00008944,HP-00009456,MOTHER_OF,1,FR-5a8130965d8fb3c7
HP-00009462,HP-00009460,MOTHER_OF,1,FR-63d5c017396df38f
HP-00009466,HP-00009464,MOTHER_OF,1,FR-7dc13f0156caa870
HP-00009470,HP-00009468,MOTHER_OF,1,FR-811dd1a72ba2040f
HP-00009474,HP-00009472,MOTHER_OF,1,FR-262361a8a4f1973e
HP-00009478,HP-00009476,MOTHER_OF,1,FR-6dfaa5d8cb43f86f
HP-00009482,HP-00009480,MOTHER_OF,1,FR-7eb0d43fb74cfdc1
HP-00009486,HP-00009484,MOTHER_OF,1,FR-9d8d815f6ec48215
HP-00009490,HP-00009488,MOTHER_OF,1,FR-1e38cdfda445a7ae
HP-00009494,HP-00009492,MOTHER_OF,1,FR-74a75ad5a07df253
HP-00009498,HP-00009496,MOTHER_OF,1,FR-863c59e867196783
HP-00009506,HP-00009504,MOTHER_OF,1,FR-8240ddedb58e415c
HP-00009510,HP-00009508,MOTHER_OF,1,FR-a5eed6fe5a8def1c
HP-00009514,HP-00009512,MOTHER_OF,1,FR-f424d845a0040d4b
HP-00009518,HP-00009516,MOTHER_OF,1,FR-63ce8249a5d1af68
HP-00009522,HP-00009520,MOTHER_OF,1,FR-1bb3a42bf704e269
HP-00009526,HP-00009524,MOTHER_OF,1,FR-b05ce0ca252e0c04
HP-00009530,HP-00009528,MOTHER_OF,1,FR-1e59070b205f1999
HP-00009534,HP-00009532,MOTHER_OF,1,FR-11794df16b04c2e0
HP-00009538,HP-00009536,MOTHER_OF,1,FR-e567b15d0039884d
HP-00009542,HP-00009540,MOTHER_OF,1,FR-2d53629fe9641213
HP-00009550,HP-00009548,MOTHER_OF,1,FR-d99b09ab51cf59fa
HP-00009554,HP-00009552,MOTHER_OF,1,FR-2799d530828cd4e9
HP-00009558,HP-00009556,MOTHER_OF,1,FR-11b38c853ef8f4f1
HP-00009562,HP-00009560,MOTHER_OF,1,FR-9e4082ca86090dd7
HP-00008920,HP-00009564,MOTHER_OF,1,FR-c35f7881a655a92a
HP-00009570,HP-00009568,MOTHER_OF,1,FR-d7a755f5e589a5f9
HP-00009582,HP-00009580,MOTHER_OF,1,FR-89ac41d646353296
HP-00009586,HP-00009584,MOTHER_OF,1,FR-92825586000cda67
HP-00009590,HP-00009588,MOTHER_OF,1,FR-cc0a1ba38f72ac1d
HP-00009594,HP-00009592,MOTHER_OF,1,FR-d1e6bf9543779ba7
HP-00008762,HP-00009596,MOTHER_OF,1,FR-ee13b1f5c3b607c4
HP-00009602,HP-00009600,MOTHER_OF,1,FR-a7478ac66bd4bf82
HP-00009104,HP-00009612,MOTHER_OF,1,FR-e9a518fd5d1aefa2
HP-00009618,HP-00009616,MOTHER_OF,1,FR-80975f08fbf21257
HP-00009626,HP-00009624,MOTHER_OF,1,FR-d6de67b0488d04de
HP-00009630,HP-00009628,MOTHER_OF,1,FR-846b26140a2e5111
HP-00009634,HP-00009632,MOTHER_OF,1,FR-1755ff0846507e78
HP-00009638,HP-00009636,MOTHER_OF,1,FR-bc536bbfc3f9dbcb
HP-00009642,HP-00009640,MOTHER_OF,1,FR-1ca8e2046c51e9d4
HP-00009649,HP-00009648,MOTHER_OF,1,FR-6d9edda0744bc0d3
HP-00009653,HP-00009651,MOTHER_OF,1,FR-8fa368588dc276d0
HP-00009657,HP-00009655,MOTHER_OF,1,FR-bedb8b12a6c144a7
HP-00009665,HP-00009663,MOTHER_OF,1,FR-3a038cd71d8ef919
HP-00009681,HP-00009679,MOTHER_OF,1,FR-f7f6c32706c4980a
HP-00008176,HP-00009683,MOTHER_OF,1,FR-92c1379edd486a09
HP-00009689,HP-00009687,MOTHER_OF,1,FR-47e5dd414e4f5294
HP-00009693,HP-00009691,MOTHER_OF,1,FR-6e878353e2b55604
HP-00009701,HP-00009699,MOTHER_OF,1,FR-3b1b2a4e70ace7e2
HP-00009705,HP-00009703,MOTHER_OF,1,FR-affecb19b06485ef
HP-00009709,HP-00009707,MOTHER_OF,1,FR-90b4d8a8e52a113b
HP-00009713,HP-00009711,MOTHER_OF,1,FR-6150f8f02f3cf045
HP-00009717,HP-00009715,MOTHER_OF,1,FR-6b8737d0ff74e392
HP-00009721,HP-00009719,MOTHER_OF,1,FR-d297f8dabb071bc4
HP-00009725,HP-00009723,MOTHER_OF,1,FR-5adc47ac61db9fad
HP-00009728,HP-00009727,MOTHER_OF,1,FR-f5b36803e54c1105
HP-00009740,HP-00009738,MOTHER_OF,1,FR-34a6816164f1b4c3
HP-00009748,HP-00009746,MOTHER_OF,1,FR-573bb72eca48f7ec
HP-00009751,HP-00009750,MOTHER_OF,1,FR-aecd26c93dd331e4
HP-00009755,HP-00009753,MOTHER_OF,1,FR-0368d8b1a9821c2b
HP-00009759,HP-00009757,MOTHER_OF,1,FR-13d6db83cee96d93
HP-00009763,HP-00009761,MOTHER_OF,1,FR-6ebe3b15aae3a8bb
HP-00009771,HP-00009769,MOTHER_OF,1,FR-472ea9b7920102b9
HP-00009775,HP-00009773,MOTHER_OF,1,FR-4d0a376940ff23fe
HP-00009779,HP-00009777,MOTHER_OF,1,FR-54e6a1a00aa19e26
HP-00009783,HP-00009781,MOTHER_OF,1,FR-d42252c2a9c8eedc
HP-00009787,HP-00009785,MOTHER_OF,1,FR-8076f7c2f5a77834
HP-00009791,HP-00009789,MOTHER_OF,1,FR-682c06742e1caf39
HP-00009803,HP-00009801,MOTHER_OF,1,FR-47d2431fd5a4aa8f
HP-00009807,HP-00009805,MOTHER_OF,1,FR-259f17702274a457
HP-00009811,HP-00009809,MOTHER_OF,1,FR-75be597bf22d7166
HP-00009814,HP-00009812,MOTHER_OF,1,FR-d4e96e4768a61a46
HP-00009818,HP-00009816,MOTHER_OF,1,FR-262f228a01d9fea5
HP-00009822,HP-00009820,MOTHER_OF,1,FR-2f6b26b2d86dbe1c
HP-00009826,HP-00009824,MOTHER_OF,1,FR-2fbe18f8dccc4ceb
HP-00009834,HP-00009832,MOTHER_OF,1,FR-c757531c680b5eca
HP-00009850,HP-00009848,MOTHER_OF,1,FR-ead7f6108e159afc
HP-00009854,HP-00009852,MOTHER_OF,1,FR-d57107b2dc11a240
HP-00009857,HP-00009856,MOTHER_OF,1,FR-84d5d202bb21848c
HP-00006036,HP-00009859,MOTHER_OF,2,FR-03b31a2a8e0c97c3
HP-00009865,HP-00009863,MOTHER_OF,1,FR-0c5c353ba553b504
HP-00009873,HP-00009871,MOTHER_OF,1,FR-6f0abf51144b2c26
HP-00009877,HP-00009875,MOTHER_OF,1,FR-774e0dc005b01a57
HP-00009889,HP-00009887,MOTHER_OF,1,FR-ddab3cab8c4ea919
HP-00009893,HP-00009891,MOTHER_OF,1,FR-8839a27f6d034e53
HP-00009896,HP-00009895,MOTHER_OF,1,FR-beb6f5d7c2e4cbfe
HP-00009904,HP-00009902,MOTHER_OF,1,FR-b41bdb76d214c51a
HP-00009908,HP-00009906,MOTHER_OF,1,FR-0158495b9fc0c112
HP-00009912,HP-00009910,MOTHER_OF,1,FR-619f945bc7ecf921
HP-00009916,HP-00009914,MOTHER_OF,1,FR-3a65a58fdf332a62
HP-00009920,HP-00009918,MOTHER_OF,1,FR-75618fce3e054e23
HP-00009927,HP-00009925,MOTHER_OF,1,FR-7b1df9e30a63201f
HP-00009943,HP-00009941,MOTHER_OF,1,FR-8253df126274c5a6
HP-00009947,HP-00009945,MOTHER_OF,1,FR-94e7d8e432657440
HP-00009951,HP-00009949,MOTHER_OF,1,FR-41558dfec1364f1b
HP-00009954,HP-00009952,MOTHER_OF,1,FR-da274ed0f365532f
HP-00009957,HP-00009956,MOTHER_OF,1,FR-edc76a6fff5f645a
HP-00009961,HP-00009959,MOTHER_OF,1,FR-17d43812989bbed2
HP-00009964,HP-00009962,MOTHER_OF,1,FR-2fdc390a72463e90
HP-00009968,HP-00009966,MOTHER_OF,1,FR-b0ec9f783c1d7514
HP-00009971,HP-00009970,MOTHER_OF,1,FR-1e907f6ebb6f55da
HP-00009975,HP-00009973,MOTHER_OF,1,FR-c5db596a511ccf4b
HP-00009979,HP-00009977,MOTHER_OF,1,FR-5668f2b1d8a0c7ce
HP-00009983,HP-00009981,MOTHER_OF,1,FR-f7f81597c9919b80
HP-00009995,HP-00009993,MOTHER_OF,1,FR-571190d60c3ad0af
HP-00009999,HP-00009997,MOTHER_OF,1,FR-fd1c8732c98d333e
HP-00010003,HP-00010001,MOTHER_OF,1,FR-2303233706e225b2
HP-00009331,HP-00010005,MOTHER_OF,1,FR-c61873789cf1e225
HP-00010011,HP-00010009,MOTHER_OF,1,FR-1c5a15c55fc8aa53
HP-00010019,HP-00010017,MOTHER_OF,1,FR-c6f291f89e23ffb5
HP-00010023,HP-00010021,MOTHER_OF,1,FR-bdee6d61c31c84f2
HP-00010027,HP-00010025,MOTHER_OF,1,FR-9c2496fd7f37ec0a
HP-00010031,HP-00010029,MOTHER_OF,1,FR-d65d9184d169b0cf
HP-00010035,HP-00010033,MOTHER_OF,1,FR-ff5d633ef137bec8
HP-00010039,HP-00010037,MOTHER_OF,1,FR-e8c44312d49ec5c7
HP-00010043,HP-00010041,MOTHER_OF,1,FR-060bab8a59586742
HP-00010047,HP-00010045,MOTHER_OF,1,FR-2bdc7079af068ee0
HP-00009049,HP-00010053,MOTHER_OF,1,FR-dcc5be8f330aa6c8
HP-00010063,HP-00010061,MOTHER_OF,1,FR-b33bc4d458751c30
HP-00010071,HP-00010069,MOTHER_OF,1,FR-a6660212ce830500
HP-00010075,HP-00010073,MOTHER_OF,1,FR-cde1af09df0056d2
HP-00010083,HP-00010081,MOTHER_OF,1,FR-3448b4da85d31791
HP-00010091,HP-00010089,MOTHER_OF,1,FR-6184b3efdc83ab46
HP-00010095,HP-00010093,MOTHER_OF,1,FR-3ce8ac72d847cf7c
HP-00010106,HP-00010104,MOTHER_OF,1,FR-c667819645adcfda
HP-00010110,HP-00010108,MOTHER_OF,1,FR-e8832ae5241c03ef
HP-00010114,HP-00010112,MOTHER_OF,1,FR-be6fc34d51dbfe17
HP-00009466,HP-00010116,MOTHER_OF,1,FR-269b46caa2f4567a
HP-00010122,HP-00010120,MOTHER_OF,1,FR-2ef5d3e4d30bcb7d
HP-00010126,HP-00010124,MOTHER_OF,1,FR-a14dac9d3db972f5
HP-00010134,HP-00010132,MOTHER_OF,1,FR-26d344356df8c3fd
HP-00010142,HP-00010140,MOTHER_OF,1,FR-4a69d921744a78fd
HP-00010146,HP-00010144,MOTHER_OF,1,FR-20a559a688e6e051
HP-00010150,HP-00010148,MOTHER_OF,1,FR-a52f327898e82e1e
HP-00010154,HP-00010152,MOTHER_OF,1,FR-d83702af22f38790
HP-00010158,HP-00010156,MOTHER_OF,1,FR-9ea8a48c7e4bf89b
HP-00008128,HP-00010164,MOTHER_OF,1,FR-6b22669ad5c61bdf
HP-00010170,HP-00010168,MOTHER_OF,1,FR-fa53922773f970e1
HP-00010174,HP-00010172,MOTHER_OF,1,FR-b60339a3d2bcc846
HP-00010178,HP-00010176,MOTHER_OF,1,FR-1cec7d6f43c395c6
HP-00010182,HP-00010180,MOTHER_OF,1,FR-fb891548aadbf3d7
HP-00010190,HP-00010188,MOTHER_OF,1,FR-d893e314fbf75272
HP-00010194,HP-00010192,MOTHER_OF,1,FR-7d6647c93906e4f7
HP-00010202,HP-00010200,MOTHER_OF,1,FR-b5553557f2093ed8
HP-00010206,HP-00010204,MOTHER_OF,1,FR-6bbdb925242e141d
HP-00010210,HP-00010208,MOTHER_OF,1,FR-f798f99d852042a0
HP-00010214,HP-00010212,MOTHER_OF,1,FR-10b339b04b6a3a8c
HP-00010222,HP-00010220,MOTHER_OF,1,FR-37dfe1b2035fbc89
HP-00010226,HP-00010224,MOTHER_OF,1,FR-22353c580faa39c8
HP-00010230,HP-00010228,MOTHER_OF,1,FR-4226276be437173a
HP-00010234,HP-00010232,MOTHER_OF,1,FR-9e3b09cfbe74940e
HP-00010238,HP-00010236,MOTHER_OF,1,FR-ee9676f55697d5c3
HP-00010242,HP-00010240,MOTHER_OF,1,FR-830ec8fa28d96d1d
HP-00010134,HP-00010244,MOTHER_OF,1,FR-dd1d66204498a855
HP-00010250,HP-00010248,MOTHER_OF,1,FR-4b7be44b55070da6
HP-00010254,HP-00010252,MOTHER_OF,1,FR-151cddccd0d956ee
HP-00010258,HP-00010256,MOTHER_OF,1,FR-589d44a6ac32085e
HP-00010266,HP-00010264,MOTHER_OF,1,FR-15c2608f4dd04c1b
HP-00010270,HP-00010268,MOTHER_OF,1,FR-8a24190359f6a0cf
HP-00010274,HP-00010272,MOTHER_OF,1,FR-ade86e2deac76a27
HP-00010286,HP-00010284,MOTHER_OF,1,FR-71194c42a65d522d
HP-00010290,HP-00010288,MOTHER_OF,1,FR-6fe80876e7e38574
HP-00010294,HP-00010292,MOTHER_OF,1,FR-d5b966c1e51defb2
HP-00010298,HP-00010296,MOTHER_OF,1,FR-15518c6585d05ebe
HP-00010302,HP-00010300,MOTHER_OF,1,FR-6f3dba9109e2b493
HP-00010313,HP-00010312,MOTHER_OF,1,FR-752d55f2096bc671
HP-00010317,HP-00010315,MOTHER_OF,1,FR-a0078ba3f82665b2
HP-00010321,HP-00010319,MOTHER_OF,1,FR-7f87b147f6148090
HP-00010325,HP-00010323,MOTHER_OF,1,FR-0836790e37cad0f1
HP-00010333,HP-00010331,MOTHER_OF,1,FR-e14b7063543e202b
HP-00010337,HP-00010335,MOTHER_OF,1,FR-6f99878d2fd99980
HP-00010340,HP-00010338,MOTHER_OF,1,FR-348a13e63b261e4e
HP-00010347,HP-00010345,MOTHER_OF,1,FR-d3e9620c9883572f
HP-00010351,HP-00010349,MOTHER_OF,1,FR-949de341d07caebe
HP-00010355,HP-00010353,MOTHER_OF,1,FR-75b9a82f41dfada8
HP-00010359,HP-00010357,MOTHER_OF,1,FR-bf3c560e1c6c56f6
HP-00010367,HP-00010365,MOTHER_OF,1,FR-061f0bca7427ef75
HP-00010371,HP-00010369,MOTHER_OF,1,FR-72db5e929f83486f
HP-00010375,HP-00010373,MOTHER_OF,1,FR-96d951ff61aea894
HP-00010383,HP-00010381,MOTHER_OF,1,FR-f6ddebea89035eaf
HP-00010387,HP-00010385,MOTHER_OF,1,FR-6e3d64b929ac2733
HP-00010391,HP-00010389,MOTHER_OF,1,FR-b717e06f84fde498
HP-00010399,HP-00010397,MOTHER_OF,1,FR-47999a27275d216b
HP-00010403,HP-00010401,MOTHER_OF,1,FR-8f29dab51fe877ad
HP-00010407,HP-00010405,MOTHER_OF,1,FR-ebd7672a43efdc0a
HP-00010411,HP-00010409,MOTHER_OF,1,FR-c4c32fb062176294
HP-00010415,HP-00010413,MOTHER_OF,1,FR-a304660b1fdaae44
HP-00010419,HP-00010417,MOTHER_OF,1,FR-c6202f847dc1c83d
HP-00010423,HP-00010421,MOTHER_OF,1,FR-2039589c8c5fb314
HP-00010427,HP-00010425,MOTHER_OF,1,FR-63ae8346c6277325
HP-00010439,HP-00010437,MOTHER_OF,1,FR-9e3b621cb6e76cc0
HP-00010443,HP-00010441,MOTHER_OF,1,FR-5a32fe99c275f5f6
HP-00010447,HP-00010445,MOTHER_OF,1,FR-aa7142e4768c040e
HP-00010451,HP-00010449,MOTHER_OF,1,FR-e1b65736488365a7
HP-00010459,HP-00010457,MOTHER_OF,1,FR-ec84aa20c658f25e
HP-00010463,HP-00010461,MOTHER_OF,1,FR-8f4778ae59e39d4a
HP-00010467,HP-00010465,MOTHER_OF,1,FR-326b673163539346
HP-00010475,HP-00010473,MOTHER_OF,1,FR-0e088706607ba8c8
HP-00010479,HP-00010477,MOTHER_OF,1,FR-d5e8274a9e77d051
HP-00010486,HP-00010485,MOTHER_OF,1,FR-52f737426c28d37d
HP-00010490,HP-00010488,MOTHER_OF,1,FR-45dafa617eb20a75
HP-00010502,HP-00010500,MOTHER_OF,1,FR-64640de41349d4d0
HP-00010510,HP-00010508,MOTHER_OF,1,FR-5e3bd3cf9a709d3d
HP-00010530,HP-00010528,MOTHER_OF,1,FR-b07350c19e70c26c
HP-00010534,HP-00010532,MOTHER_OF,1,FR-3d6923c559541787
HP-00010538,HP-00010536,MOTHER_OF,1,FR-25671c9d7f216781
HP-00010550,HP-00010548,MOTHER_OF,1,FR-7c78c6ae279b8c12
HP-00010554,HP-00010552,MOTHER_OF,1,FR-017fe6f307c2a898
HP-00010558,HP-00010556,MOTHER_OF,1,FR-7c4098e27b431f29
HP-00010562,HP-00010560,MOTHER_OF,1,FR-bb84b36dbcaec2cb
HP-00010570,HP-00010568,MOTHER_OF,1,FR-b48e13feabdc145c
HP-00010578,HP-00010576,MOTHER_OF,1,FR-a9bf78a37ce09630
HP-00010578,HP-00010580,MOTHER_OF,1,FR-d64ed6a55f720d88
HP-00010586,HP-00010584,MOTHER_OF,1,FR-900f5b9874b1ce44
HP-00010594,HP-00010592,MOTHER_OF,1,FR-957d0554c6f4e5b1
HP-00010598,HP-00010596,MOTHER_OF,1,FR-3956ee4b74e26214
HP-00010602,HP-00010600,MOTHER_OF,1,FR-46bad1575b53a55f
HP-00010610,HP-00010608,MOTHER_OF,1,FR-78bc0907a9398e90
HP-00010614,HP-00010612,MOTHER_OF,1,FR-9bd464f4ba0aa734
HP-00010622,HP-00010620,MOTHER_OF,1,FR-62944ef7c6c79df1
HP-00010626,HP-00010624,MOTHER_OF,1,FR-024f1cab22225d0a
HP-00010633,HP-00010631,MOTHER_OF,1,FR-20ead5699c1785b2
HP-00010637,HP-00010635,MOTHER_OF,1,FR-ec9da4a511d63a11
HP-00010645,HP-00010643,MOTHER_OF,1,FR-2bbc463a71499cf1
HP-00010649,HP-00010647,MOTHER_OF,1,FR-b481833599c74beb
HP-00010653,HP-00010651,MOTHER_OF,1,FR-06cbf99eb141783b
HP-00010657,HP-00010655,MOTHER_OF,1,FR-55a234a34a6e43e8
HP-00010661,HP-00010659,MOTHER_OF,1,FR-d70a271bffda1a84
HP-00010665,HP-00010663,MOTHER_OF,1,FR-6dcabed12402229e
HP-00010669,HP-00010667,MOTHER_OF,1,FR-bf5ec255eeac68aa
HP-00010681,HP-00010679,MOTHER_OF,1,FR-16000df10ab36a3a
HP-00010685,HP-00010683,MOTHER_OF,1,FR-ce0d0b971c348361
HP-00010689,HP-00010687,MOTHER_OF,1,FR-fdb0fdbd9981ddf7
HP-00010693,HP-00010691,MOTHER_OF,1,FR-4a90b843daae922e
HP-00010697,HP-00010695,MOTHER_OF,1,FR-442aef3b0b699557
HP-00010705,HP-00010703,MOTHER_OF,1,FR-ae53670b0ebc5f81
HP-00010709,HP-00010707,MOTHER_OF,1,FR-4f03e0ee8c954cb1
HP-00010713,HP-00010711,MOTHER_OF,1,FR-36f57afc62639978
HP-00010717,HP-00010715,MOTHER_OF,1,FR-7740834b3ce96af7
HP-00010721,HP-00010719,MOTHER_OF,2,FR-1da05d39ecc8c66e
HP-00010725,HP-00010723,MOTHER_OF,1,FR-ef4b77150671c45c
HP-00010729,HP-00010727,MOTHER_OF,1,FR-3a01e9d513062a17
HP-00010741,HP-00010739,MOTHER_OF,1,FR-637b755098a49b27
HP-00010745,HP-00010743,MOTHER_OF,1,FR-e20555f95e34c80a
HP-00010749,HP-00010747,MOTHER_OF,1,FR-c138adf63ee3ce16
HP-00010753,HP-00010751,MOTHER_OF,1,FR-c9f673a38c8c36a6
HP-00010769,HP-00010767,MOTHER_OF,1,FR-275dad2a29735a58
HP-00010773,HP-00010771,MOTHER_OF,1,FR-0fbceb8aeb986f01
HP-00010781,HP-00010779,MOTHER_OF,1,FR-317955b2e283370e
HP-00010785,HP-00010783,MOTHER_OF,1,FR-b80aaf0df7f2a79a
HP-00010789,HP-00010787,MOTHER_OF,1,FR-c9be648348600f9a
HP-00010793,HP-00010791,MOTHER_OF,1,FR-9ec68571f5911a0d
HP-00010797,HP-00010795,MOTHER_OF,1,FR-8d823cb969a7d046
HP-00010805,HP-00010803,MOTHER_OF,1,FR-033457ac7fe07004
HP-00010809,HP-00010807,MOTHER_OF,1,FR-85e7cc9d451f1657
HP-00010817,HP-00010815,MOTHER_OF,1,FR-bb1de3ad29b75dff
HP-00010821,HP-00010819,MOTHER_OF,1,FR-d6639ade87204a86
HP-00010825,HP-00010823,MOTHER_OF,1,FR-431666091a9c5bf9
HP-00010829,HP-00010827,MOTHER_OF,1,FR-511d9d0497449a2f
HP-00010833,HP-00010831,MOTHER_OF,1,FR-ea5d4b33f51e17a9
HP-00010841,HP-00010839,MOTHER_OF,1,FR-5852bc520695b764
HP-00010845,HP-00010843,MOTHER_OF,1,FR-94fa46c2037defa9
HP-00010849,HP-00010847,MOTHER_OF,1,FR-31848b07da97de17
HP-00010853,HP-00010851,MOTHER_OF,1,FR-e0670c3055bf451e
HP-00010857,HP-00010855,MOTHER_OF,1,FR-1e68178dea067818
HP-00010721,HP-00010863,MOTHER_OF,1,FR-fb36dd2ce33c3086
HP-00010868,HP-00010866,MOTHER_OF,1,FR-b287b5c869da7371
HP-00010872,HP-00010870,MOTHER_OF,1,FR-ea08714b0debe7f1
HP-00010876,HP-00010874,MOTHER_OF,1,FR-163fe6a3c74b55da
HP-00010602,HP-00010882,MOTHER_OF,1,FR-2734bc6152ba424a
HP-00010888,HP-00010886,MOTHER_OF,1,FR-0ed482968928a77b
HP-00010892,HP-00010890,MOTHER_OF,1,FR-fb51db9f89bf079b
HP-00010896,HP-00010894,MOTHER_OF,1,FR-c8f891f343a48f72
HP-00010904,HP-00010902,MOTHER_OF,1,FR-53e06cc05eeb4b70
HP-00010912,HP-00010910,MOTHER_OF,1,FR-333d27e2b8c1f018
HP-00010797,HP-00010914,MOTHER_OF,1,FR-52d112343d3fc1f3
HP-00010920,HP-00010918,MOTHER_OF,1,FR-f26c8fd6b93ddbf0
HP-00010924,HP-00010922,MOTHER_OF,2,FR-90901878c9c7b1a5
HP-00010928,HP-00010926,MOTHER_OF,1,FR-852ded559b572c8d
HP-00010932,HP-00010930,MOTHER_OF,1,FR-3707ef34ea156ec3
HP-00010944,HP-00010942,MOTHER_OF,1,FR-0be2244f5386db1e
HP-00010793,HP-00010954,MOTHER_OF,1,FR-2b55c4a7ed89529d
HP-00010960,HP-00010958,MOTHER_OF,1,FR-ef3a3a4ece30ae77
HP-00010972,HP-00010970,MOTHER_OF,1,FR-bb90d9d3b46fc7ee
HP-00010976,HP-00010974,MOTHER_OF,1,FR-42e516cf4c28e4ab
HP-00010980,HP-00010978,MOTHER_OF,1,FR-2697696ed3f55a43
HP-00010988,HP-00010986,MOTHER_OF,1,FR-1952b61d9fdfe2b9
HP-00010992,HP-00010990,MOTHER_OF,1,FR-e8607dfb80311998
HP-00010996,HP-00010994,MOTHER_OF,1,FR-06aeba78cc66e715
HP-00011000,HP-00010998,MOTHER_OF,1,FR-d2200a15ee48800f
HP-00011004,HP-00011002,MOTHER_OF,1,FR-90e916855a225db7
HP-00011008,HP-00011006,MOTHER_OF,1,FR-b88cca91f4a23bdb
HP-00011012,HP-00011010,MOTHER_OF,1,FR-a3defcbf5a725bcc
HP-00011016,HP-00011014,MOTHER_OF,1,FR-f1cd59a1bee555e2
HP-00011020,HP-00011018,MOTHER_OF,1,FR-9fda80ba88a68866
HP-00011024,HP-00011022,MOTHER_OF,1,FR-40306638c73a3928
HP-00011032,HP-00011030,MOTHER_OF,1,FR-39f278b39f079d5b
HP-00011036,HP-00011034,MOTHER_OF,1,FR-dc9dba013e0ba80b
HP-00011040,HP-00011038,MOTHER_OF,1,FR-a64421ff3a448428
HP-00011044,HP-00011042,MOTHER_OF,1,FR-18a1e6cd01b6ce11
HP-00011048,HP-00011046,MOTHER_OF,1,FR-83bfba18ef1fb20c
HP-00011052,HP-00011050,MOTHER_OF,1,FR-f320f3677717dd5d
HP-00011056,HP-00011054,MOTHER_OF,1,FR-88e5381790f065a6
HP-00011060,HP-00011058,MOTHER_OF,1,FR-d538fe428c3647d5
HP-00011064,HP-00011062,MOTHER_OF,1,FR-762a9cb323cf2771
HP-00011068,HP-00011066,MOTHER_OF,1,FR-d462a5f262f0eb88
HP-00011072,HP-00011070,MOTHER_OF,1,FR-25f7d6318fe560a8
HP-00011076,HP-00011074,MOTHER_OF,1,FR-cfc25829b0eef726
HP-00011084,HP-00011082,MOTHER_OF,1,FR-dfb4480aacf155c9
HP-00011088,HP-00011086,MOTHER_OF,1,FR-fd1d686bada9e513
HP-00011095,HP-00011093,MOTHER_OF,1,FR-35bb9e5d8a887f83
HP-00011099,HP-00011097,MOTHER_OF,1,FR-1970f6d162de9b46
HP-00011115,HP-00011113,MOTHER_OF,1,FR-9a207c715c30dbb7
HP-00010415,HP-00011117,MOTHER_OF,1,FR-9465e61c703b85b3
HP-00011127,HP-00011125,MOTHER_OF,1,FR-f8c294dc1b881309
HP-00011135,HP-00011133,MOTHER_OF,1,FR-6d1aefd30a0fb524
HP-00011139,HP-00011137,MOTHER_OF,1,FR-f6cca97cec9a5d84
HP-00011143,HP-00011141,MOTHER_OF,1,FR-a9bb8466e51d20e3
HP-00011147,HP-00011145,MOTHER_OF,1,FR-013feed1aaa22ebb
HP-00011151,HP-00011149,MOTHER_OF,1,FR-1edc7a054336be8a
HP-00011155,HP-00011153,MOTHER_OF,1,FR-f019a4003c3de628
HP-00011159,HP-00011157,MOTHER_OF,1,FR-e01625d249b92030
HP-00011167,HP-00011165,MOTHER_OF,1,FR-b361953d2ab3d6f0
HP-00011171,HP-00011169,MOTHER_OF,1,FR-83e54c144714e10d
HP-00011175,HP-00011173,MOTHER_OF,1,FR-4fa8a2ae152b19ba
HP-00011186,HP-00011184,MOTHER_OF,1,FR-8abbda159f5910c2
HP-00011190,HP-00011188,MOTHER_OF,1,FR-6dd77e55b863823b
HP-00011194,HP-00011192,MOTHER_OF,1,FR-8c65ed927c6667e4
HP-00011198,HP-00011196,MOTHER_OF,1,FR-b725646896c086a9
HP-00011206,HP-00011204,MOTHER_OF,1,FR-64445e4ee3c8bbe0
HP-00011214,HP-00011212,MOTHER_OF,1,FR-178c9be2b4fc8a7d
HP-00011218,HP-00011216,MOTHER_OF,1,FR-da2745696a97fbbe
HP-00011226,HP-00011224,MOTHER_OF,1,FR-b574893618eae07d
HP-00011234,HP-00011232,MOTHER_OF,1,FR-cc352546db6a0809
HP-00011238,HP-00011236,MOTHER_OF,1,FR-c4b993f741d8b056
HP-00011254,HP-00011252,MOTHER_OF,1,FR-ca8cd4416432ceed
HP-00011258,HP-00011256,MOTHER_OF,1,FR-c65e93076019ca6d
HP-00011262,HP-00011260,MOTHER_OF,1,FR-5dd9a62449a8080d
HP-00011278,HP-00011276,MOTHER_OF,1,FR-8ca8df3e4af535e2
HP-00011282,HP-00011280,MOTHER_OF,1,FR-4e336e39cbbb03db
HP-00011286,HP-00011284,MOTHER_OF,1,FR-8f66d7d23757729d
HP-00010972,HP-00011288,MOTHER_OF,1,FR-5d222b139a64be3a
HP-00011298,HP-00011296,MOTHER_OF,1,FR-98f3cc49cda813a8
HP-00010857,HP-00011300,MOTHER_OF,1,FR-22d84ef67fd16f19
HP-00011306,HP-00011304,MOTHER_OF,1,FR-21378b9f4717cb1e
HP-00011310,HP-00011308,MOTHER_OF,1,FR-e771392704b13245
HP-00011314,HP-00011312,MOTHER_OF,1,FR-f3ce654c5c078964
HP-00011318,HP-00011316,MOTHER_OF,1,FR-21d487f40d275934
HP-00011322,HP-00011320,MOTHER_OF,1,FR-004239af7aa75d22
HP-00011326,HP-00011324,MOTHER_OF,1,FR-073460c0bf747edf
HP-00011330,HP-00011328,MOTHER_OF,1,FR-5e3a8fc0a906f19a
HP-00011334,HP-00011332,MOTHER_OF,1,FR-50bf0b813beabf08
HP-00011338,HP-00011336,MOTHER_OF,1,FR-63cc3645ae207ebf
HP-00011342,HP-00011340,MOTHER_OF,1,FR-69d712802ff3739e
HP-00011354,HP-00011352,MOTHER_OF,1,FR-a92e0fb9d3cf5627
HP-00011358,HP-00011356,MOTHER_OF,1,FR-65f48df3b7768e9a
HP-00011362,HP-00011360,MOTHER_OF,1,FR-0ae9cdb0f9a69317
HP-00011366,HP-00011364,MOTHER_OF,1,FR-f600769ad801e47c
HP-00011370,HP-00011368,MOTHER_OF,1,FR-2ae365c46c32d24b
HP-00011378,HP-00011376,MOTHER_OF,1,FR-aea2c3d58951d1bd
HP-00011382,HP-00011380,MOTHER_OF,1,FR-3c02e6b68c5ce5f1
HP-00011386,HP-00011384,MOTHER_OF,1,FR-be8da918b5a6e68a
HP-00011390,HP-00011388,MOTHER_OF,1,FR-991f94d6f98f05e1
HP-00011394,HP-00011392,MOTHER_OF,1,FR-7f99453148e11123
HP-00011398,HP-00011396,MOTHER_OF,1,FR-f55e43bd3375dd93
HP-00011402,HP-00011400,MOTHER_OF,1,FR-33dd78c85cb5e6ae
HP-00011418,HP-00011416,MOTHER_OF,1,FR-d0abf02fcec250d0
HP-00011426,HP-00011424,MOTHER_OF,1,FR-24726ca5f4387e2b
HP-00011430,HP-00011428,MOTHER_OF,1,FR-7d48a247ae19e630
HP-00011434,HP-00011432,MOTHER_OF,1,FR-265026e49536ddd6
HP-00011438,HP-00011436,MOTHER_OF,1,FR-4af7f57b421453ee
HP-00011442,HP-00011440,MOTHER_OF,1,FR-9d74177108066787
HP-00011446,HP-00011444,MOTHER_OF,1,FR-db45926eddd60df1
HP-00011450,HP-00011448,MOTHER_OF,1,FR-d922f70a8e239e00
HP-00011457,HP-00011455,MOTHER_OF,1,FR-605ccaba8f7f105a
HP-00011461,HP-00011459,MOTHER_OF,1,FR-588b363443fd68d2
HP-00011469,HP-00011467,MOTHER_OF,1,FR-499f50ea3190aca1
HP-00011473,HP-00011471,MOTHER_OF,1,FR-837534220df66807
HP-00011477,HP-00011475,MOTHER_OF,1,FR-f1401ec029562223
HP-00011489,HP-00011487,MOTHER_OF,1,FR-4a3a29ccdb9684f0
HP-00011509,HP-00011507,MOTHER_OF,1,FR-352a87a4a5650dcc
HP-00011513,HP-00011511,MOTHER_OF,1,FR-d2aa2496d7700616
HP-00011517,HP-00011515,MOTHER_OF,1,FR-2e72ad8e5bf608e7
HP-00011521,HP-00011519,MOTHER_OF,1,FR-62e9992c664a34e2
HP-00011525,HP-00011523,MOTHER_OF,1,FR-7e80e4e65e42ec55
HP-00011529,HP-00011527,MOTHER_OF,1,FR-781f4cf19d13e74b
HP-00011533,HP-00011531,MOTHER_OF,1,FR-ffd7b52fb56183b5
HP-00011537,HP-00011535,MOTHER_OF,1,FR-381c10b573720b57
HP-00011541,HP-00011539,MOTHER_OF,1,FR-19dde86348ee1ebe
HP-00011545,HP-00011543,MOTHER_OF,1,FR-401fe1f7cbaae639
HP-00011553,HP-00011551,MOTHER_OF,1,FR-76f1bf29e5436c33
HP-00011556,HP-00011555,MOTHER_OF,1,FR-278a47857a2d3c2e
HP-00011564,HP-00011562,MOTHER_OF,1,FR-3e0016dd6250f886
HP-00011572,HP-00011570,MOTHER_OF,1,FR-f59cb0e968e7cd4a
HP-00011580,HP-00011578,MOTHER_OF,1,FR-e6a5bf84cf0e840d
HP-00011584,HP-00011582,MOTHER_OF,1,FR-23d2070c30c17838
HP-00011588,HP-00011586,MOTHER_OF,1,FR-711843269bf9251a
HP-00011592,HP-00011590,MOTHER_OF,1,FR-f9a985aaed8748fb
HP-00011596,HP-00011594,MOTHER_OF,1,FR-42e68ed66fd3ba2e
HP-00011600,HP-00011598,MOTHER_OF,1,FR-d97dbb812cf51859
HP-00011604,HP-00011602,MOTHER_OF,1,FR-4a0e68d183988c1e
HP-00011608,HP-00011606,MOTHER_OF,1,FR-4d21ad2295decc6d
HP-00011612,HP-00011610,MOTHER_OF,1,FR-88f05df82bde82b6
HP-00011620,HP-00011618,MOTHER_OF,1,FR-c114640d2f5e15d3
HP-00011624,HP-00011622,MOTHER_OF,1,FR-0a933a212a0be175
HP-00011632,HP-00011630,MOTHER_OF,1,FR-d79652bd329477b7
HP-00010645,HP-00011634,MOTHER_OF,1,FR-a4d3f09912f2282d
HP-00011640,HP-00011638,MOTHER_OF,1,FR-7f78e4a9627a2b10
HP-00011644,HP-00011642,MOTHER_OF,1,FR-8d742573bdbad427
HP-00011648,HP-00011646,MOTHER_OF,1,FR-483466403c8e8895
HP-00011660,HP-00011658,MOTHER_OF,1,FR-0e924ac84e134f38
HP-00011664,HP-00011662,MOTHER_OF,1,FR-b16a1177a2be9982
HP-00011668,HP-00011666,MOTHER_OF,1,FR-705ceaa883d9b408
HP-00011672,HP-00011670,MOTHER_OF,1,FR-b231dc28104c432b
HP-00011678,HP-00011676,MOTHER_OF,1,FR-7c9377a00b78a719
HP-00011682,HP-00011680,MOTHER_OF,1,FR-6b81b8a488ba6408
HP-00011686,HP-00011684,MOTHER_OF,1,FR-2b56bd44eeb4b74d
HP-00011690,HP-00011688,MOTHER_OF,1,FR-451109876a23ffc5
HP-00011694,HP-00011692,MOTHER_OF,1,FR-e390b70e37b5ee92
HP-00011702,HP-00011700,MOTHER_OF,1,FR-da66ba6f67f426b7
HP-00011706,HP-00011704,MOTHER_OF,1,FR-ebc6d07141b1c38b
HP-00011710,HP-00011708,MOTHER_OF,1,FR-a65422f0010a37de
HP-00011714,HP-00011712,MOTHER_OF,1,FR-521a8d246cfb75b0
HP-00011718,HP-00011716,MOTHER_OF,1,FR-8c0e9f52ab3f3d5c
HP-00011722,HP-00011720,MOTHER_OF,1,FR-2068833e7f14bf04
HP-00011726,HP-00011724,MOTHER_OF,1,FR-19a53c9ae952b182
HP-00011734,HP-00011732,MOTHER_OF,1,FR-104ff3f6a69f0278
HP-00011738,HP-00011736,MOTHER_OF,1,FR-7e377f1eb63d0403
HP-00011742,HP-00011740,MOTHER_OF,1,FR-baf5310c0bfbc4a9
HP-00011746,HP-00011744,MOTHER_OF,1,FR-87c553a505ce06d9
HP-00011750,HP-00011748,MOTHER_OF,1,FR-85872ed98743bb7c
HP-00011758,HP-00011756,MOTHER_OF,1,FR-aad90422aa983b8a
HP-00011762,HP-00011760,MOTHER_OF,1,FR-6eb01f66ba00c162
HP-00011766,HP-00011764,MOTHER_OF,1,FR-8202d8c27a935479
HP-00010944,HP-00011768,MOTHER_OF,1,FR-fd0caa172068986f
HP-00011778,HP-00011776,MOTHER_OF,1,FR-b2839e7e58c02daa
HP-00011782,HP-00011780,MOTHER_OF,1,FR-ddfa7e728657fef1
HP-00011786,HP-00011784,MOTHER_OF,1,FR-e1f7a5729409835e
HP-00011790,HP-00011788,MOTHER_OF,1,FR-44d8f6b990fe2081
HP-00011809,HP-00011807,MOTHER_OF,1,FR-6c3100716074c6d1
HP-00011813,HP-00011811,MOTHER_OF,1,FR-78b1c27607ad479a
HP-00011817,HP-00011815,MOTHER_OF,1,FR-e82f41cdc6f6478e
HP-00011821,HP-00011819,MOTHER_OF,1,FR-adb4332222c6b7af
HP-00011833,HP-00011831,MOTHER_OF,1,FR-38b5420a2cc794bb
HP-00011837,HP-00011835,MOTHER_OF,1,FR-ed1e920730d9c4c7
HP-00011841,HP-00011839,MOTHER_OF,1,FR-0f2d2a0c195fd277
HP-00011845,HP-00011843,MOTHER_OF,1,FR-89a491de23f03089
HP-00011849,HP-00011847,MOTHER_OF,1,FR-c2565d19b7470e89
HP-00011857,HP-00011855,MOTHER_OF,1,FR-da22a752a940f333
HP-00011861,HP-00011859,MOTHER_OF,1,FR-2578c26b2f8e4257
HP-00011865,HP-00011863,MOTHER_OF,1,FR-fa019e3ce218dac2
HP-00011869,HP-00011867,MOTHER_OF,1,FR-d6ee311da2bff2aa
HP-00011873,HP-00011871,MOTHER_OF,1,FR-830455fd1aa89b1f
HP-00011884,HP-00011882,MOTHER_OF,1,FR-07bc5452f5dffd69
HP-00011888,HP-00011886,MOTHER_OF,1,FR-e4d2642598fa1be0
HP-00011892,HP-00011890,MOTHER_OF,1,FR-e7aa3152f71cb4b1
HP-00011895,HP-00011893,MOTHER_OF,1,FR-096b49255adc19e2
HP-00011899,HP-00011897,MOTHER_OF,1,FR-686273a7f17028b2
HP-00011903,HP-00011901,MOTHER_OF,1,FR-ff6e8b5cea41b1eb
HP-00011907,HP-00011905,MOTHER_OF,1,FR-79ee1e8e71f9c2d8
HP-00011911,HP-00011909,MOTHER_OF,1,FR-d6fedd1938510860
HP-00011915,HP-00011913,MOTHER_OF,1,FR-71810da46b12d34b
HP-00011919,HP-00011917,MOTHER_OF,1,FR-a6a6541188b7f60e
HP-00011923,HP-00011921,MOTHER_OF,1,FR-9b4ce2bfc351434d
HP-00011927,HP-00011925,MOTHER_OF,1,FR-f8f730845be77534
HP-00011931,HP-00011929,MOTHER_OF,1,FR-bd302ce761898a55
HP-00011934,HP-00011933,MOTHER_OF,1,FR-74e6887c78c3494f
HP-00011938,HP-00011936,MOTHER_OF,1,FR-a69df0cdb473f14e
HP-00011950,HP-00011948,MOTHER_OF,1,FR-e5a9516d9b30d2d5
HP-00011954,HP-00011952,MOTHER_OF,1,FR-78eadf2feeb7be3b
HP-00011958,HP-00011956,MOTHER_OF,1,FR-b1d5a4d00a3ba40c
HP-00011962,HP-00011960,MOTHER_OF,1,FR-ef3ebe5522063d94
HP-00011966,HP-00011964,MOTHER_OF,1,FR-96cfb683a93249b9
HP-00011970,HP-00011968,MOTHER_OF,1,FR-9ff00dc497ce94d3
HP-00011974,HP-00011972,MOTHER_OF,1,FR-217647716f858c23
HP-00011978,HP-00011976,MOTHER_OF,1,FR-03420c2c528ceeb7
HP-00011982,HP-00011980,MOTHER_OF,1,FR-1d051e32c782bc6a
HP-00011986,HP-00011984,MOTHER_OF,1,FR-a265c5dd2f2a8b2c
HP-00011990,HP-00011988,MOTHER_OF,1,FR-dfb8290043d3afb6
HP-00011994,HP-00011992,MOTHER_OF,1,FR-eb0772ff290fe3b0
HP-00011998,HP-00011996,MOTHER_OF,1,FR-0d805e74275adac0
HP-00012002,HP-00012000,MOTHER_OF,1,FR-0fbf0128806d8d0a
HP-00011016,HP-00012008,MOTHER_OF,1,FR-1972f6c46099c308
HP-00012014,HP-00012012,MOTHER_OF,1,FR-f0f5d0aec8d1b4d0
HP-00010649,HP-00012016,MOTHER_OF,1,FR-555df6d3ad7cdbee
HP-00010924,HP-00012020,MOTHER_OF,1,FR-a530a4f01a5df46a
HP-00012030,HP-00012028,MOTHER_OF,1,FR-8f87794b611e4f8c
HP-00012034,HP-00012032,MOTHER_OF,1,FR-936f4e8e0b49882d
HP-00012038,HP-00012036,MOTHER_OF,1,FR-244475d1cf23fa81
HP-00010797,HP-00012044,MOTHER_OF,1,FR-4fba6e51eca58bb0
HP-00012050,HP-00012048,MOTHER_OF,1,FR-43f80ff578682609
HP-00012054,HP-00012052,MOTHER_OF,1,FR-a2e8a15b3b7dd9d6
HP-00012058,HP-00012056,MOTHER_OF,1,FR-1cd54125eedb5296
HP-00012062,HP-00012060,MOTHER_OF,1,FR-b74a57092f9cab5f
HP-00012066,HP-00012064,MOTHER_OF,1,FR-c6a774c7016e6bd4
HP-00012070,HP-00012068,MOTHER_OF,1,FR-f39bc3d2788fc847
HP-00012074,HP-00012072,MOTHER_OF,1,FR-6f5e4ce1bab129da
HP-00012082,HP-00012080,MOTHER_OF,1,FR-ce8430e896d0a9cf
HP-00012086,HP-00012084,MOTHER_OF,1,FR-c351f3a118e2d329
HP-00012090,HP-00012088,MOTHER_OF,1,FR-289b73563b16cb54
HP-00012094,HP-00012092,MOTHER_OF,1,FR-b6c79e2461433b00
HP-00012102,HP-00012100,MOTHER_OF,1,FR-f106245930a53707
HP-00012106,HP-00012104,MOTHER_OF,1,FR-a349eb1a89c5d790
HP-00012118,HP-00012116,MOTHER_OF,1,FR-0a970f36cef941f1
HP-00012122,HP-00012120,MOTHER_OF,1,FR-6127e7bd420afe4c
HP-00012130,HP-00012128,MOTHER_OF,1,FR-b8bcd1cc3228e847
HP-00012134,HP-00012132,MOTHER_OF,1,FR-f43e41fdded55d42
HP-00012138,HP-00012136,MOTHER_OF,1,FR-76fc38db35a388c8
HP-00012141,HP-00012139,MOTHER_OF,1,FR-c8f18f281c328079
HP-00012145,HP-00012143,MOTHER_OF,1,FR-eb67f19402c2df87
HP-00012149,HP-00012147,MOTHER_OF,1,FR-9c199733fc4adbf4
HP-00012153,HP-00012151,MOTHER_OF,1,FR-9a610eb93dea81c2
HP-00012157,HP-00012155,MOTHER_OF,1,FR-4d3df55c30f5239a
HP-00012161,HP-00012159,MOTHER_OF,1,FR-7fc123f74d58a6c7
HP-00012181,HP-00012179,MOTHER_OF,1,FR-e8c28c2183d36ecc
HP-00012185,HP-00012183,MOTHER_OF,1,FR-eac5c580b2c865f9
HP-00012189,HP-00012187,MOTHER_OF,1,FR-5b4d0dfed855eae6
HP-00012193,HP-00012191,MOTHER_OF,1,FR-628ee5d8e4d8a27e
HP-00012197,HP-00012195,MOTHER_OF,1,FR-b8ab2f5c3c292e85
HP-00012201,HP-00012199,MOTHER_OF,2,FR-bef7334e6ac42828
HP-00012205,HP-00012203,MOTHER_OF,1,FR-ead38b2f01a5b0dc
HP-00012209,HP-00012207,MOTHER_OF,1,FR-1419fda288c5b6a9
HP-00012213,HP-00012211,MOTHER_OF,1,FR-5f2c4ded3e89b967
HP-00012217,HP-00012215,MOTHER_OF,1,FR-16e43d83dfb27287
HP-00012225,HP-00012223,MOTHER_OF,1,FR-e802825e0233e42e
HP-00012233,HP-00012231,MOTHER_OF,1,FR-6d85ecfc2d2e40da
HP-00012237,HP-00012235,MOTHER_OF,1,FR-2c32311c5cf2ad3b
HP-00012241,HP-00012239,MOTHER_OF,1,FR-8f4ec13177aca372
HP-00012249,HP-00012247,MOTHER_OF,1,FR-64d707eb2a0b0c71
HP-00012257,HP-00012255,MOTHER_OF,1,FR-408bd003db3ec486
HP-00012261,HP-00012259,MOTHER_OF,1,FR-4e7dd2bab51ff23c
HP-00012265,HP-00012263,MOTHER_OF,1,FR-a53e9d1381038bbf
HP-00012273,HP-00012271,MOTHER_OF,1,FR-dc5afcc7b65da91c
HP-00012277,HP-00012275,MOTHER_OF,1,FR-5aeb20dabddca14a
HP-00012285,HP-00012283,MOTHER_OF,1,FR-3bc755d3cfcd1e54
HP-00012293,HP-00012291,MOTHER_OF,1,FR-3998e0a088ebcfaa
HP-00012301,HP-00012299,MOTHER_OF,1,FR-c2043fbfe59c7ffc
HP-00011036,HP-00012303,MOTHER_OF,1,FR-f7662c6b290527b9
HP-00012313,HP-00012311,MOTHER_OF,1,FR-d3784f4611a7193d
HP-00012317,HP-00012315,MOTHER_OF,1,FR-6cb75cf9c12d3405
HP-00012321,HP-00012319,MOTHER_OF,1,FR-6b1829784f204f08
HP-00012333,HP-00012331,MOTHER_OF,1,FR-ce97ed381146b17d
HP-00012337,HP-00012335,MOTHER_OF,1,FR-874ad9621a399bad
HP-00012345,HP-00012343,MOTHER_OF,1,FR-eea2f8a814a632c6
HP-00012349,HP-00012347,MOTHER_OF,1,FR-4ad711731b4a5abc
HP-00012353,HP-00012351,MOTHER_OF,1,FR-0db5c9a7fa599f05
HP-00012361,HP-00012359,MOTHER_OF,1,FR-dcf5fa72fc953bfa
HP-00012369,HP-00012367,MOTHER_OF,1,FR-a12bbe10c0bc57ae
HP-00012373,HP-00012371,MOTHER_OF,1,FR-3ddafb73b08bafd1
HP-00012381,HP-00012379,MOTHER_OF,1,FR-7e0b1488ca346dcb
HP-00012385,HP-00012383,MOTHER_OF,1,FR-6b1e623dbc597cf8
HP-00011186,HP-00012387,MOTHER_OF,3,FR-68fc1b68585501ec
HP-00012393,HP-00012391,MOTHER_OF,1,FR-26e23996c9132826
HP-00012397,HP-00012395,MOTHER_OF,1,FR-7db878806cd18310
HP-00012401,HP-00012399,MOTHER_OF,1,FR-cd770a8071b2b57c
HP-00012405,HP-00012403,MOTHER_OF,1,FR-5ae96a52f57de770
HP-00012417,HP-00012415,MOTHER_OF,1,FR-1c108ba836a387a4
HP-00012421,HP-00012419,MOTHER_OF,1,FR-65f68784526fd426
HP-00012425,HP-00012423,MOTHER_OF,1,FR-8513ac51d7ba031a
HP-00012429,HP-00012427,MOTHER_OF,1,FR-47e1a7c72b8187d9
HP-00012433,HP-00012431,MOTHER_OF,1,FR-643c61dad7cf697a
HP-00012437,HP-00012435,MOTHER_OF,2,FR-1fa8843f6b82f64f
HP-00012441,HP-00012439,MOTHER_OF,1,FR-3605adec744551da
HP-00012445,HP-00012443,MOTHER_OF,1,FR-0818810471070258
HP-00012449,HP-00012447,MOTHER_OF,1,FR-00a9af1a92baee36
HP-00012309,HP-00012459,MOTHER_OF,1,FR-e41e79eb238b5397
HP-00012465,HP-00012463,MOTHER_OF,1,FR-ce0bb903ec81d397
HP-00012469,HP-00012467,MOTHER_OF,1,FR-9736c9e304c2f3e7
HP-00012481,HP-00012479,MOTHER_OF,1,FR-4f6216fae0683d66
HP-00012489,HP-00012487,MOTHER_OF,1,FR-ce773dab38e3a979
HP-00012492,HP-00012491,MOTHER_OF,1,FR-c0cb2a8c4904389c
HP-00012500,HP-00012498,MOTHER_OF,1,FR-01059534a2b4cccc
HP-00012512,HP-00012510,MOTHER_OF,1,FR-5fee5fe8d77dc0ab
HP-00012516,HP-00012514,MOTHER_OF,1,FR-ca3715746c226656
HP-00010669,HP-00012522,MOTHER_OF,1,FR-f82bb96a31b6b470
HP-00012540,HP-00012538,MOTHER_OF,1,FR-78a3ddd487579291
HP-00012544,HP-00012542,MOTHER_OF,1,FR-725f3ae593bad6cd
HP-00011766,HP-00012546,MOTHER_OF,1,FR-be5adfdd7eb8d8d9
HP-00012556,HP-00012554,MOTHER_OF,1,FR-28a88ff3e3b8bebc
HP-00012560,HP-00012558,MOTHER_OF,1,FR-6bf3a457fd016755
HP-00012564,HP-00012562,MOTHER_OF,1,FR-ba8863c96619361b
HP-00012572,HP-00012570,MOTHER_OF,1,FR-3e69ca2f1dce4091
HP-00012576,HP-00012574,MOTHER_OF,1,FR-dfca9ce1875bba77
HP-00012580,HP-00012578,MOTHER_OF,1,FR-657e2fb265233b49
HP-00012584,HP-00012582,MOTHER_OF,1,FR-45eb4f54a6f6f36f
HP-00012604,HP-00012602,MOTHER_OF,1,FR-c2b62a8cc0220575
HP-00012608,HP-00012606,MOTHER_OF,1,FR-269d4712512cbb4b
HP-00012616,HP-00012614,MOTHER_OF,1,FR-a3c1e560bb578bb2
HP-00012624,HP-00012622,MOTHER_OF,1,FR-ceffec3fc3008d9d
HP-00012628,HP-00012626,MOTHER_OF,1,FR-371f3b47305e95a0
HP-00012631,HP-00012630,MOTHER_OF,1,FR-310d4a327537e2fe
HP-00012635,HP-00012633,MOTHER_OF,1,FR-af27caab1d19da67
HP-00012639,HP-00012637,MOTHER_OF,1,FR-427c0d126957cd0b
HP-00012643,HP-00012641,MOTHER_OF,1,FR-9f7b61f1a9282572
HP-00012659,HP-00012657,MOTHER_OF,1,FR-24bdbce36e1b5f3a
HP-00012667,HP-00012665,MOTHER_OF,1,FR-556eda5b61d1e5ac
HP-00012671,HP-00012669,MOTHER_OF,1,FR-85c2ae86f02c272e
HP-00012675,HP-00012673,MOTHER_OF,1,FR-7486378c80d6cd18
HP-00012679,HP-00012677,MOTHER_OF,1,FR-b1878230da86e4db
HP-00012683,HP-00012681,MOTHER_OF,1,FR-dc314f41282e60db
HP-00012687,HP-00012685,MOTHER_OF,2,FR-80c36dd42bd33fde
HP-00012707,HP-00012705,MOTHER_OF,1,FR-46c9ec439e8d6bf0
HP-00012711,HP-00012709,MOTHER_OF,1,FR-7fd5978c3d29d6e8
HP-00012715,HP-00012713,MOTHER_OF,2,FR-5579f6d066b9a1b2
HP-00012727,HP-00012725,MOTHER_OF,1,FR-da970e530761532e
HP-00012731,HP-00012729,MOTHER_OF,1,FR-3d4447a97a17e2ce
HP-00012739,HP-00012737,MOTHER_OF,1,FR-6ac3ae3f7e5b01ca
HP-00012747,HP-00012745,MOTHER_OF,1,FR-69d33fd73ffd6a64
HP-00012751,HP-00012749,MOTHER_OF,1,FR-4f2dab5a84215dee
HP-00012755,HP-00012753,MOTHER_OF,1,FR-1e6a00065c9c2bb7
HP-00012759,HP-00012757,MOTHER_OF,1,FR-8ed0705ac9dfbcd6
HP-00012767,HP-00012765,MOTHER_OF,1,FR-2843497935d1d4d4
HP-00012807,HP-00012805,MOTHER_OF,1,FR-6a7ce3babdd04660
HP-00012815,HP-00012813,MOTHER_OF,1,FR-99a6b6e90a02d3d5
HP-00012819,HP-00012817,MOTHER_OF,1,FR-94c4137e23d66887
HP-00012827,HP-00012825,MOTHER_OF,1,FR-74617235a25ab58b
HP-00012831,HP-00012829,MOTHER_OF,1,FR-47fb10092a5eaaee
HP-00012843,HP-00012841,MOTHER_OF,1,FR-c7460bbb9db33af4
HP-00012847,HP-00012845,MOTHER_OF,1,FR-31e5b717e0d56a4c
HP-00012871,HP-00012869,MOTHER_OF,1,FR-7bfe2ce5c8ec4ccf
HP-00012875,HP-00012873,MOTHER_OF,1,FR-1b514c56d88fd8b9
HP-00012879,HP-00012877,MOTHER_OF,1,FR-f2aeb077230c9151
HP-00012887,HP-00012885,MOTHER_OF,1,FR-9e21069789ab8b9b
HP-00012891,HP-00012889,MOTHER_OF,1,FR-64486bd34ab779ee
HP-00012895,HP-00012893,MOTHER_OF,1,FR-beac974fb60189c1
HP-00012927,HP-00012925,MOTHER_OF,1,FR-bfcd07c8a8dcc76e
HP-00012930,HP-00012928,MOTHER_OF,1,FR-d4b6a2362202a1e5
HP-00012934,HP-00012932,MOTHER_OF,1,FR-c9cb28b8be35f906
HP-00012938,HP-00012936,MOTHER_OF,1,FR-c1206cd9f14c632c
HP-00012942,HP-00012940,MOTHER_OF,1,FR-ca6180f7edadf26a
HP-00012954,HP-00012952,MOTHER_OF,1,FR-247d6d7b887f11e1
HP-00012958,HP-00012956,MOTHER_OF,1,FR-109f3ada3b5f2013
HP-00012970,HP-00012968,MOTHER_OF,1,FR-164bda9e5a1f908c
HP-00012974,HP-00012972,MOTHER_OF,1,FR-1e00efce1b41823d
HP-00012978,HP-00012976,MOTHER_OF,1,FR-298f633be7d5dcae
HP-00012982,HP-00012980,MOTHER_OF,1,FR-d3c69ee4f512f083
HP-00012986,HP-00012984,MOTHER_OF,1,FR-595615a778e12454
HP-00012998,HP-00012996,MOTHER_OF,1,FR-96097359483d921d
HP-00013002,HP-00013000,MOTHER_OF,1,FR-ff0a4111d089aef9
HP-00013006,HP-00013004,MOTHER_OF,1,FR-8c3e5d9e589eb99a
HP-00013022,HP-00013020,MOTHER_OF,1,FR-9c8869f636265e75
HP-00013030,HP-00013028,MOTHER_OF,1,FR-1f571187c0f64202
HP-00012070,HP-00013032,MOTHER_OF,1,FR-6e8d694d694e5de1
HP-00013038,HP-00013036,MOTHER_OF,1,FR-1e60eb7269bbfcd1
HP-00013042,HP-00013040,MOTHER_OF,1,FR-1310d407feee6017
HP-00013050,HP-00013048,MOTHER_OF,1,FR-2e4a7e6d800bb7b1
HP-00013054,HP-00013052,MOTHER_OF,1,FR-09d378315a1ac55f
HP-00013058,HP-00013056,MOTHER_OF,1,FR-89ce7bd271c5034b
HP-00013062,HP-00013060,MOTHER_OF,1,FR-416dcea3515c875c
HP-00013074,HP-00013072,MOTHER_OF,1,FR-718670f5f516031e
HP-00013078,HP-00013076,MOTHER_OF,1,FR-bb03be229b58d6cb
HP-00013086,HP-00013084,MOTHER_OF,1,FR-68798991fa7c5e8d
HP-00013094,HP-00013092,MOTHER_OF,1,FR-1ef41ac31cdfad6b
HP-00013098,HP-00013096,MOTHER_OF,1,FR-e199200f2c9ed38b
HP-00013102,HP-00013100,MOTHER_OF,1,FR-819a3c93bacdff4d
HP-00013106,HP-00013104,MOTHER_OF,1,FR-e1a888c06cd6d2af
HP-00013114,HP-00013112,MOTHER_OF,1,FR-0013b4b99f5b7b12
HP-00013118,HP-00013116,MOTHER_OF,1,FR-6376cea98e265b8a
HP-00013125,HP-00013124,MOTHER_OF,1,FR-33a3cbe2b40c7b6f
HP-00013133,HP-00013131,MOTHER_OF,1,FR-1dc054317294ec76
HP-00013141,HP-00013139,MOTHER_OF,1,FR-a71e93df091acfe7
HP-00013149,HP-00013147,MOTHER_OF,1,FR-57ed5aad87422c74
HP-00011036,HP-00013167,MOTHER_OF,1,FR-1c9dedc11e998bee
HP-00013176,HP-00013174,MOTHER_OF,1,FR-fc6004a0545d3559
HP-00013180,HP-00013178,MOTHER_OF,1,FR-ed9d90cccbba5839
HP-00013192,HP-00013190,MOTHER_OF,1,FR-8f2c70ab2faa6aa9
HP-00013196,HP-00013194,MOTHER_OF,1,FR-309045d2e051ad8f
HP-00013200,HP-00013198,MOTHER_OF,1,FR-30c6e59fd31c82f3
HP-00013204,HP-00013202,MOTHER_OF,1,FR-c3fcb1a7dd834ab1
HP-00013208,HP-00013206,MOTHER_OF,1,FR-fb3574270be4b902
HP-00013228,HP-00013226,MOTHER_OF,1,FR-c588f5f2c775e678
HP-00013232,HP-00013230,MOTHER_OF,1,FR-89da1b9b8a8407cd
HP-00013240,HP-00013238,MOTHER_OF,1,FR-4b1e409266c45b2a
HP-00013244,HP-00013242,MOTHER_OF,1,FR-dd94ae3858116a47
HP-00013252,HP-00013250,MOTHER_OF,1,FR-1b3a75ca5a0d106d
HP-00013264,HP-00013262,MOTHER_OF,1,FR-83708bbb5848cfb3
HP-00013268,HP-00013266,MOTHER_OF,1,FR-0e739fc539a6a178
HP-00013272,HP-00013270,MOTHER_OF,1,FR-bcc6541395ed6581
HP-00013284,HP-00013282,MOTHER_OF,1,FR-9ee0a9b65d1991a1
HP-00013288,HP-00013286,MOTHER_OF,1,FR-64528baba1beaf5e
HP-00013304,HP-00013302,MOTHER_OF,1,FR-ef8d4df9a362dc9f
HP-00013308,HP-00013306,MOTHER_OF,1,FR-72c38cc4cd753733
HP-00013320,HP-00013318,MOTHER_OF,1,FR-81b0fda8fd025936
HP-00013324,HP-00013322,MOTHER_OF,1,FR-24fdd63d55f80dec
HP-00013328,HP-00013326,MOTHER_OF,1,FR-c60d19d1decb95c5
HP-00013332,HP-00013330,MOTHER_OF,1,FR-f5fda0f3c35330bb
HP-00013336,HP-00013334,MOTHER_OF,1,FR-d7f0002f80697a24
HP-00013340,HP-00013338,MOTHER_OF,1,FR-f59b836e47b9a54f
HP-00011262,HP-00013350,MOTHER_OF,1,FR-b5b84e44ea28dc53
HP-00013356,HP-00013354,MOTHER_OF,1,FR-34212289e02271e2
HP-00013360,HP-00013358,MOTHER_OF,1,FR-38649c8f75fba908
HP-00013364,HP-00013362,MOTHER_OF,1,FR-9ea747890263a14e
HP-00013368,HP-00013366,MOTHER_OF,1,FR-478d86719ff6688d
HP-00010821,HP-00013378,MOTHER_OF,1,FR-68659fb7a2fa3c62
HP-00013384,HP-00013382,MOTHER_OF,1,FR-3a686544f9a776b6
HP-00013388,HP-00013386,MOTHER_OF,1,FR-a7377e26efa7ab4d
HP-00013396,HP-00013394,MOTHER_OF,1,FR-f02955d7c1c47a66
HP-00013400,HP-00013398,MOTHER_OF,1,FR-4ca6bcda15083e19
HP-00013412,HP-00013410,MOTHER_OF,1,FR-6d480694f9b3f30e
HP-00013416,HP-00013414,MOTHER_OF,1,FR-651e2bffec3e5906
HP-00013420,HP-00013418,MOTHER_OF,1,FR-f58256c820fa0082
HP-00013424,HP-00013422,MOTHER_OF,1,FR-1f29aa1e8a37ecef
HP-00013428,HP-00013426,MOTHER_OF,1,FR-415fb8f27c67d234
HP-00013432,HP-00013430,MOTHER_OF,1,FR-aa5e4d1d031d67d0
HP-00013436,HP-00013434,MOTHER_OF,1,FR-eeb3732166a20f88
HP-00013440,HP-00013438,MOTHER_OF,1,FR-80b258bc8a661873
HP-00013448,HP-00013446,MOTHER_OF,1,FR-7a144f3186a59e2d
HP-00013452,HP-00013450,MOTHER_OF,1,FR-e1dba78d4d5337dd
HP-00013456,HP-00013454,MOTHER_OF,1,FR-10e991658736cfc3
HP-00013460,HP-00013458,MOTHER_OF,1,FR-49c716efee3d1b17
HP-00013464,HP-00013462,MOTHER_OF,1,FR-5e3a76ac7e76eb81
HP-00013468,HP-00013466,MOTHER_OF,1,FR-7305505c895cc09e
HP-00013472,HP-00013470,MOTHER_OF,1,FR-d93ad67554232aca
HP-00013480,HP-00013478,MOTHER_OF,3,FR-a6a3010f3124ed72
HP-00013484,HP-00013482,MOTHER_OF,1,FR-319a916c908c6dee
HP-00013488,HP-00013486,MOTHER_OF,1,FR-09c7da1ae24dbdd4
HP-00013492,HP-00013490,MOTHER_OF,1,FR-8df33d25ceca67d0
HP-00013500,HP-00013498,MOTHER_OF,1,FR-64d65e474ed8f5fa
HP-00013504,HP-00013502,MOTHER_OF,1,FR-08709e6a9f34953a
HP-00012608,HP-00013518,MOTHER_OF,1,FR-b2ad9b6d7573b9b1
HP-00013524,HP-00013522,MOTHER_OF,1,FR-9e988d56a6c40d30
HP-00013532,HP-00013530,MOTHER_OF,1,FR-732be764f8542ffa
HP-00013536,HP-00013534,MOTHER_OF,1,FR-80a4d2ef428b278e
HP-00013544,HP-00013542,MOTHER_OF,1,FR-9e2d8e9ccc3891b9
HP-00013548,HP-00013546,MOTHER_OF,1,FR-611acec637645694
HP-00013552,HP-00013550,MOTHER_OF,1,FR-df40baaba4905cda
HP-00013556,HP-00013554,MOTHER_OF,1,FR-a145b9fe3a634daa
HP-00013564,HP-00013562,MOTHER_OF,1,FR-094495c5cf9d0d39
HP-00013568,HP-00013566,MOTHER_OF,1,FR-2af472b9de017520
HP-00013572,HP-00013570,MOTHER_OF,1,FR-46384ac449f635d8
HP-00011398,HP-00013574,MOTHER_OF,1,FR-9712f52dbebabae4
HP-00013592,HP-00013590,MOTHER_OF,1,FR-f55a48a0c03f67b6
HP-00013612,HP-00013610,MOTHER_OF,1,FR-b1dbfa8d99f7387b
HP-00013624,HP-00013622,MOTHER_OF,1,FR-cdc90a78cdfea4fb
HP-00013644,HP-00013642,MOTHER_OF,1,FR-44c7a9126d38b191
HP-00012755,HP-00013646,MOTHER_OF,1,FR-cf780f33ebddf3d5
HP-00013656,HP-00013654,MOTHER_OF,1,FR-0e98935f6074584a
HP-00013660,HP-00013658,MOTHER_OF,1,FR-08362ad3c8dd5dc5
HP-00013668,HP-00013666,MOTHER_OF,1,FR-a6a14d35ed3388a4
HP-00013672,HP-00013670,MOTHER_OF,1,FR-b6bcf568d90f9527
HP-00013676,HP-00013674,MOTHER_OF,1,FR-400befe7e5c85efb
HP-00013680,HP-00013678,MOTHER_OF,1,FR-e9c52675a95c6a4f
HP-00013688,HP-00013686,MOTHER_OF,1,FR-594b170064018f13
HP-00013692,HP-00013690,MOTHER_OF,1,FR-e40a77eba7b01907
HP-00013704,HP-00013702,MOTHER_OF,1,FR-c077300bf52f2443
HP-00013728,HP-00013726,MOTHER_OF,1,FR-aec7e784cc7c3cea
HP-00013732,HP-00013730,MOTHER_OF,1,FR-630965608b11ae46
HP-00013740,HP-00013738,MOTHER_OF,1,FR-8b1afaf0e6f0daa3
HP-00013744,HP-00013742,MOTHER_OF,1,FR-81aa237c77514197
HP-00013764,HP-00013762,MOTHER_OF,1,FR-13c482f08b8cbc0f
HP-00013776,HP-00013774,MOTHER_OF,1,FR-f79e40e2bd44ddff
HP-00013780,HP-00013778,MOTHER_OF,1,FR-5aaa70bde791560d
HP-00013784,HP-00013782,MOTHER_OF,1,FR-d46b1e61a96d9ac6
HP-00013788,HP-00013786,MOTHER_OF,1,FR-00eb347dcdf84b3f
HP-00013792,HP-00013790,MOTHER_OF,1,FR-4409e60456635823
HP-00013796,HP-00013794,MOTHER_OF,1,FR-df3471a86c40bff8
HP-00013804,HP-00013802,MOTHER_OF,1,FR-a44ad9e9225c3506
HP-00013808,HP-00013806,MOTHER_OF,1,FR-ac96568bb9441e72
HP-00013812,HP-00013810,MOTHER_OF,1,FR-badb7a60562c9be4
HP-00013816,HP-00013814,MOTHER_OF,1,FR-74d71da8b60d4d8e
HP-00010558,HP-00013818,MOTHER_OF,1,FR-4968efabe99f555b
HP-00012277,HP-00013822,MOTHER_OF,1,FR-e67eee16c81ea8e7
HP-00013828,HP-00013826,MOTHER_OF,1,FR-dfba04f6b17d2037
HP-00013836,HP-00013834,MOTHER_OF,1,FR-ef1b9f6261421759
HP-00013840,HP-00013838,MOTHER_OF,1,FR-70bd9792e337e850
HP-00013844,HP-00013842,MOTHER_OF,1,FR-916ab402e49ab7aa
HP-00012635,HP-00013846,MOTHER_OF,1,FR-9c3eae5fb4ee8cbd
HP-00011186,HP-00013850,MOTHER_OF,1,FR-6b94799094e5e1e3
HP-00013856,HP-00013854,MOTHER_OF,1,FR-7fafcc808bfc6d99
HP-00013860,HP-00013858,MOTHER_OF,1,FR-556c8679018f52ca
HP-00013864,HP-00013862,MOTHER_OF,1,FR-2e9c58275a26e929
HP-00012321,HP-00013866,MOTHER_OF,1,FR-94f0d4a6d5029b1e
HP-00013872,HP-00013870,MOTHER_OF,1,FR-4c80b004727fa7dc
HP-00013876,HP-00013874,MOTHER_OF,1,FR-8bc9222993dc0246
HP-00010586,HP-00013882,MOTHER_OF,1,FR-477cb7a98d90dbb9
HP-00013888,HP-00013886,MOTHER_OF,1,FR-ff32065ab846d5a3
HP-00013892,HP-00013890,MOTHER_OF,1,FR-9ca5ac2f5cd3da80
HP-00013900,HP-00013898,MOTHER_OF,1,FR-26c3af801d1501af
HP-00011278,HP-00013906,MOTHER_OF,1,FR-03156f3adb1ecdbb
HP-00013912,HP-00013910,MOTHER_OF,1,FR-71ff7d8cf9ca7f2a
HP-00013928,HP-00013926,MOTHER_OF,1,FR-145b4f48eaf42f20
HP-00013932,HP-00013930,MOTHER_OF,1,FR-a26727cd1e335c33
HP-00013936,HP-00013934,MOTHER_OF,1,FR-17821f29cc83548a
HP-00013940,HP-00013938,MOTHER_OF,1,FR-f204e2240d802ab4
HP-00013948,HP-00013946,MOTHER_OF,1,FR-3d70ae0876669650
HP-00013952,HP-00013950,MOTHER_OF,1,FR-ba0f607e5defd13d
HP-00013964,HP-00013962,MOTHER_OF,1,FR-53c63d78385735cc
HP-00013976,HP-00013974,MOTHER_OF,1,FR-ea81253052c06ff1
HP-00013980,HP-00013978,MOTHER_OF,1,FR-64a59c9439a5f162
HP-00013984,HP-00013982,MOTHER_OF,1,FR-0a356400df521295
HP-00013988,HP-00013986,MOTHER_OF,1,FR-f4a7b4ab0f94df3f
HP-00013996,HP-00013994,MOTHER_OF,1,FR-f6624993da836d50
HP-00014004,HP-00014002,MOTHER_OF,1,FR-963b139bee05be1e
HP-00014008,HP-00014006,MOTHER_OF,1,FR-fcee049624468ce0
HP-00014016,HP-00014014,MOTHER_OF,1,FR-a736b5f48397ec29
HP-00014024,HP-00014022,MOTHER_OF,1,FR-f8f7b98b48e8d85a
HP-00014028,HP-00014026,MOTHER_OF,1,FR-ae14888f428c50ad
HP-00014032,HP-00014030,MOTHER_OF,1,FR-1e4915407fd47f1d
HP-00014040,HP-00014038,MOTHER_OF,1,FR-7e85c69d7e082fb2
HP-00014048,HP-00014046,MOTHER_OF,1,FR-68f65afa2fefa9ec
HP-00014056,HP-00014054,MOTHER_OF,1,FR-0d2700b75163228e
HP-00014080,HP-00014078,MOTHER_OF,1,FR-d3cf9b43ac20aa4d
HP-00014088,HP-00014086,MOTHER_OF,1,FR-59bc50edd1ad8019
HP-00014100,HP-00014098,MOTHER_OF,1,FR-65e5e9a1808b07dc
HP-00014108,HP-00014106,MOTHER_OF,1,FR-8f3ba20dc6870e3b
HP-00014116,HP-00014114,MOTHER_OF,1,FR-64fd46e6ec3ef5f9
HP-00014124,HP-00014122,MOTHER_OF,1,FR-b6c4317a673d8c57
HP-00014128,HP-00014126,MOTHER_OF,1,FR-411fd440cebdd078
HP-00014132,HP-00014130,MOTHER_OF,1,FR-919c275afcd4c99c
HP-00012261,HP-00014138,MOTHER_OF,1,FR-c4efa628c28f9636
HP-00014144,HP-00014142,MOTHER_OF,1,FR-cc1e1390707aa249
HP-00014152,HP-00014150,MOTHER_OF,1,FR-2c04d4132a78c689
HP-00012217,HP-00014154,MOTHER_OF,1,FR-aa6831b97b7eeee4
HP-00014160,HP-00014158,MOTHER_OF,1,FR-6fb3d94bba2dbfd2
HP-00014164,HP-00014162,MOTHER_OF,1,FR-984e1c3dff3cd26a
HP-00014168,HP-00014166,MOTHER_OF,1,FR-f43cc2213a376713
HP-00014172,HP-00014170,MOTHER_OF,1,FR-806f27c99fca94a0
HP-00014176,HP-00014174,MOTHER_OF,1,FR-71389a39bec44ab8
HP-00014188,HP-00014186,MOTHER_OF,1,FR-b31afdfd61940be6
HP-00014196,HP-00014194,MOTHER_OF,1,FR-325a0b983c1308e5
HP-00014204,HP-00014202,MOTHER_OF,1,FR-5de99709bd669b68
HP-00014208,HP-00014206,MOTHER_OF,1,FR-856be9b94ab648fd
HP-00014212,HP-00014210,MOTHER_OF,1,FR-ea2a278c059c1558
HP-00013928,HP-00014218,MOTHER_OF,1,FR-4f39859d99edf0da
HP-00014224,HP-00014222,MOTHER_OF,1,FR-108fca658a001515
HP-00014232,HP-00014230,MOTHER_OF,1,FR-813ca1db09e3b6f8
HP-00010741,HP-00014234,MOTHER_OF,1,FR-a45df19a5847384a
HP-00014248,HP-00014246,MOTHER_OF,1,FR-e07e66c1a6681134
HP-00014256,HP-00014254,MOTHER_OF,1,FR-1f44683b7cc505f5
HP-00014260,HP-00014258,MOTHER_OF,1,FR-85b5a1c085d6645a
HP-00014268,HP-00014266,MOTHER_OF,1,FR-3459ec10377602ff
HP-00014272,HP-00014270,MOTHER_OF,1,FR-839b65dd94972793
HP-00014276,HP-00014274,MOTHER_OF,1,FR-211e73e50f0f64a8
HP-00012958,HP-00014278,MOTHER_OF,1,FR-ab6c148a3f1386c9
HP-00012628,HP-00014282,MOTHER_OF,1,FR-fc8779537c265029
HP-00014288,HP-00014286,MOTHER_OF,1,FR-942ecacfc60bf312
HP-00014292,HP-00014290,MOTHER_OF,1,FR-42e647fde8532743
HP-00014296,HP-00014294,MOTHER_OF,1,FR-2a4313f688e36274
HP-00014308,HP-00014306,MOTHER_OF,1,FR-9943151d675edf1e
HP-00014312,HP-00014310,MOTHER_OF,1,FR-8d302fdcfbb84bbe
HP-00014320,HP-00014318,MOTHER_OF,1,FR-98bbd7d25afe61ba
HP-00014328,HP-00014326,MOTHER_OF,1,FR-61235d34f5ebed6f
HP-00012683,HP-00014334,MOTHER_OF,1,FR-0c21e20020c5151f
HP-00014340,HP-00014338,MOTHER_OF,1,FR-3ec0e6fb10ef3a10
HP-00014344,HP-00014342,MOTHER_OF,1,FR-cc733e5e71d09460
HP-00012687,HP-00014354,MOTHER_OF,1,FR-7448e04744200153
HP-00014360,HP-00014358,MOTHER_OF,1,FR-9307f7a10a36ddc4
HP-00014364,HP-00014362,MOTHER_OF,1,FR-4b818a4763d95950
HP-00014368,HP-00014366,MOTHER_OF,1,FR-e69b3f930f00841a
HP-00014376,HP-00014374,MOTHER_OF,1,FR-55bf18b091835bfa
HP-00014380,HP-00014378,MOTHER_OF,1,FR-f71379b828791878
HP-00014384,HP-00014382,MOTHER_OF,1,FR-4e23c136f384a3a8
HP-00014388,HP-00014386,MOTHER_OF,1,FR-0b5925cd5b44a98e
HP-00014396,HP-00014394,MOTHER_OF,1,FR-e623b1719cebef12
HP-00014200,HP-00014398,MOTHER_OF,1,FR-12a616491657a35a
HP-00014404,HP-00014402,MOTHER_OF,1,FR-614cd70f41d93343
HP-00014412,HP-00014410,MOTHER_OF,1,FR-6b044f6486cccc6a
HP-00014416,HP-00014414,MOTHER_OF,1,FR-c53ee99fd9760011
HP-00014444,HP-00014442,MOTHER_OF,1,FR-727d8247d04d1cd5
HP-00014448,HP-00014446,MOTHER_OF,1,FR-eaebe77704fe4bfa
HP-00014452,HP-00014450,MOTHER_OF,1,FR-be7ffe837e45ebb9
HP-00014456,HP-00014454,MOTHER_OF,1,FR-178d0447d8207825
HP-00014460,HP-00014458,MOTHER_OF,1,FR-ea25956f65448e97
HP-00014476,HP-00014474,MOTHER_OF,1,FR-d83980a0bdab0146
HP-00014480,HP-00014478,MOTHER_OF,1,FR-c05c941e2f6e1dce
HP-00014484,HP-00014482,MOTHER_OF,1,FR-4d08a3e3c939a950
HP-00014488,HP-00014486,MOTHER_OF,1,FR-1f738936b0b9ff49
HP-00012608,HP-00014490,MOTHER_OF,1,FR-6f4819b848cb2c26
HP-00014504,HP-00014502,MOTHER_OF,1,FR-3bada91f1a4575aa
HP-00014512,HP-00014510,MOTHER_OF,1,FR-eadbca73d43f283e
HP-00014516,HP-00014514,MOTHER_OF,1,FR-0a35ee4bcf20cb30
HP-00014520,HP-00014518,MOTHER_OF,1,FR-80fda02dfe7c3015
HP-00014528,HP-00014526,MOTHER_OF,1,FR-c5f31bebd2c1df7e
HP-00014536,HP-00014534,MOTHER_OF,1,FR-45fdbf7a27948cd8
HP-00014544,HP-00014542,MOTHER_OF,1,FR-5bb2a7ff03c58308
HP-00014548,HP-00014546,MOTHER_OF,1,FR-472add62a265714c
HP-00014552,HP-00014550,MOTHER_OF,1,FR-6616f8c28c7d4d4c
HP-00014560,HP-00014558,MOTHER_OF,1,FR-7aad77af4a28be0b
HP-00014572,HP-00014570,MOTHER_OF,1,FR-d4b15ea9e73f3239
HP-00014580,HP-00014578,MOTHER_OF,1,FR-f8b149f4d2ea2721
HP-00014584,HP-00014582,MOTHER_OF,1,FR-d64e71cb1c231871
HP-00014588,HP-00014586,MOTHER_OF,1,FR-f370ba508c2cbfed
HP-00014612,HP-00014610,MOTHER_OF,1,FR-dc66ca18de60e463
HP-00012257,HP-00014618,MOTHER_OF,1,FR-7be8dd1b981efdf3
HP-00014628,HP-00014626,MOTHER_OF,1,FR-1d4e7fb51d805c06
HP-00014632,HP-00014630,MOTHER_OF,1,FR-f727a196ae159733
HP-00012373,HP-00014638,MOTHER_OF,1,FR-ab4954a1d8d361e5
HP-00013480,HP-00014646,MOTHER_OF,1,FR-db7af47831126bc0
HP-00014656,HP-00014654,MOTHER_OF,1,FR-2814b236959f06f5
HP-00014660,HP-00014658,MOTHER_OF,1,FR-a1467ab918decbb8
HP-00014668,HP-00014666,MOTHER_OF,1,FR-01aa5a1bcdfce51c
HP-00014688,HP-00014686,MOTHER_OF,1,FR-8e83b414d087ed2e
HP-00014204,HP-00014690,MOTHER_OF,1,FR-73d4b8384b0cd482
HP-00014696,HP-00014694,MOTHER_OF,1,FR-413b01ed5f05c3f8
HP-00014700,HP-00014698,MOTHER_OF,1,FR-eb867b7bf80658eb
HP-00014708,HP-00014706,MOTHER_OF,1,FR-64865724080a89a4
HP-00014712,HP-00014710,MOTHER_OF,1,FR-8aec0987dc6c3b24
HP-00014728,HP-00014726,MOTHER_OF,1,FR-825ebbb5eb39fe17
HP-00013548,HP-00014738,MOTHER_OF,1,FR-9fb2694c5a530d04
HP-00014744,HP-00014742,MOTHER_OF,1,FR-a101619ac24ac475
HP-00014748,HP-00014746,MOTHER_OF,1,FR-b527b7ca778d14bf
HP-00014752,HP-00014750,MOTHER_OF,1,FR-7f198a8c5ee71e4d
HP-00013204,HP-00014758,MOTHER_OF,1,FR-10fe12c576f5e08c
HP-00014764,HP-00014762,MOTHER_OF,1,FR-829c8d5eb69e48c4
HP-00014776,HP-00014774,MOTHER_OF,1,FR-d1ed96bfe6e5a51a
HP-00010944,HP-00014794,MOTHER_OF,1,FR-4360c6c613b07b13
HP-00014800,HP-00014798,MOTHER_OF,1,FR-849a6c77ce7e469f
HP-00014808,HP-00014806,MOTHER_OF,1,FR-64d234cd8cb90042
HP-00014812,HP-00014810,MOTHER_OF,1,FR-fd7f9f56ac6d9ab2
HP-00014816,HP-00014814,MOTHER_OF,1,FR-f1ed075e5d61793d
HP-00011008,HP-00014822,MOTHER_OF,1,FR-0f51b5a17b038f8f
HP-00014832,HP-00014830,MOTHER_OF,1,FR-3020953a4f00da2e
HP-00014836,HP-00014834,MOTHER_OF,1,FR-031b8d5ba3b338ce
HP-00014840,HP-00014838,MOTHER_OF,1,FR-c8660273cda6f776
HP-00013504,HP-00014842,MOTHER_OF,1,FR-2aa261ddada0b8e3
HP-00014848,HP-00014846,MOTHER_OF,1,FR-25d1dd2e1ebdc500
HP-00014856,HP-00014854,MOTHER_OF,1,FR-d645c8488e40ba03
HP-00014860,HP-00014858,MOTHER_OF,1,FR-e7528e188f5f33bd
HP-00013460,HP-00014862,MOTHER_OF,1,FR-141bd62edcb90468
HP-00014868,HP-00014866,MOTHER_OF,1,FR-52515edefb278e72
HP-00010924,HP-00014870,MOTHER_OF,1,FR-c758372772209002
HP-00014876,HP-00014874,MOTHER_OF,1,FR-ff3ed0e0d48d1492
HP-00014880,HP-00014878,MOTHER_OF,1,FR-c8d1928979cb4576
HP-00014888,HP-00014886,MOTHER_OF,1,FR-fd8e12905cf328a6
HP-00014900,HP-00014898,MOTHER_OF,1,FR-c1cf3b8b92615527
HP-00014904,HP-00014902,MOTHER_OF,1,FR-629da30b0f7eba66
HP-00014908,HP-00014906,MOTHER_OF,1,FR-2459909a02d62e22
HP-00013268,HP-00014914,MOTHER_OF,1,FR-0e85544ce8ba2575
HP-00014920,HP-00014918,MOTHER_OF,1,FR-6981d6c27597c2ba
HP-00014927,HP-00014926,MOTHER_OF,1,FR-f56d8dd939010fd7
HP-00014931,HP-00014929,MOTHER_OF,1,FR-f356cfe9943a9226
HP-00014935,HP-00014933,MOTHER_OF,1,FR-48f13913de179240
HP-00014943,HP-00014941,MOTHER_OF,1,FR-f49f83c989d0ac1e
HP-00011088,HP-00014945,MOTHER_OF,1,FR-c0029a2191773570
HP-00014958,HP-00014956,MOTHER_OF,1,FR-1c90f48456fea9eb
HP-00014966,HP-00014964,MOTHER_OF,1,FR-d5a788ea3d5e5ac9
HP-00014970,HP-00014968,MOTHER_OF,1,FR-0c80fbec5d36dd02
HP-00014978,HP-00014976,MOTHER_OF,1,FR-1a2875b6fe9f2cf3
HP-00014982,HP-00014980,MOTHER_OF,1,FR-8c2e66f4468ff0f8
HP-00014986,HP-00014984,MOTHER_OF,1,FR-68f44ac3397ffd79
HP-00014990,HP-00014988,MOTHER_OF,1,FR-e49dcc7805fe3877
HP-00014994,HP-00014992,MOTHER_OF,1,FR-1122f5c510435214
HP-00014998,HP-00014996,MOTHER_OF,2,FR-385be1fcf27b0868
HP-00015002,HP-00015000,MOTHER_OF,1,FR-2156cac3ae8fb5bd
HP-00015005,HP-00015003,MOTHER_OF,1,FR-4a7c3c540efdb39a
HP-00015009,HP-00015007,MOTHER_OF,1,FR-f3cb9f0497c38b7a
HP-00015013,HP-00015011,MOTHER_OF,1,FR-f0e9c36f6a88e039
HP-00015025,HP-00015023,MOTHER_OF,1,FR-1bf8fc9ffc5e4f21
HP-00015029,HP-00015027,MOTHER_OF,1,FR-73ac253915ec17a5
HP-00015033,HP-00015031,MOTHER_OF,1,FR-ee21af9927fe7471
HP-00015037,HP-00015035,MOTHER_OF,1,FR-c34e77d70dd6c05b
HP-00015041,HP-00015039,MOTHER_OF,1,FR-109b1e127514e4c0
HP-00015045,HP-00015043,MOTHER_OF,1,FR-434db070dd207038
HP-00015057,HP-00015055,MOTHER_OF,1,FR-1a0ac753031ad639
HP-00011115,HP-00015059,MOTHER_OF,1,FR-5be5a7c2f16364ce
HP-00015065,HP-00015063,MOTHER_OF,1,FR-a972f386b6ee612e
HP-00015069,HP-00015067,MOTHER_OF,1,FR-934d58f11c0d81fd
HP-00013572,HP-00015071,MOTHER_OF,1,FR-7cbef710e6f06484
HP-00015077,HP-00015075,MOTHER_OF,1,FR-cb9628ec6b4922b7
HP-00015080,HP-00015079,MOTHER_OF,1,FR-12c19bb86747e2d5
HP-00015088,HP-00015086,MOTHER_OF,1,FR-8023cfc1bce43f5d
HP-00015096,HP-00015094,MOTHER_OF,1,FR-d18985b74447242f
HP-00015104,HP-00015102,MOTHER_OF,1,FR-be8c0f44a0204cc1
HP-00015116,HP-00015114,MOTHER_OF,1,FR-b6a969f846bf829f
HP-00015120,HP-00015118,MOTHER_OF,1,FR-4dc807debd026484
HP-00015124,HP-00015122,MOTHER_OF,1,FR-8dc102baf824d22e
HP-00015128,HP-00015126,MOTHER_OF,1,FR-5ca396dade9c5606
HP-00015132,HP-00015130,MOTHER_OF,1,FR-73681c0b96dffb3e
HP-00015136,HP-00015134,MOTHER_OF,1,FR-b2999d6609cf429c
HP-00015144,HP-00015142,MOTHER_OF,1,FR-48ef3da1a734bed9
HP-00015152,HP-00015150,MOTHER_OF,1,FR-4528b56d87b58275
HP-00015156,HP-00015154,MOTHER_OF,1,FR-dff55213ca989810
HP-00015164,HP-00015162,MOTHER_OF,1,FR-840545436f2f5fd9
HP-00015168,HP-00015166,MOTHER_OF,1,FR-1a11080eef99d50e
HP-00011004,HP-00015170,MOTHER_OF,1,FR-16a1e282f67016d0
HP-00011734,HP-00015178,MOTHER_OF,1,FR-aef88619db8573e9
HP-00013928,HP-00015182,MOTHER_OF,1,FR-f6b0bd35dfa87230
HP-00012241,HP-00015186,MOTHER_OF,1,FR-02ec88a0d3591e34
HP-00015192,HP-00015190,MOTHER_OF,1,FR-9f630fa4f87adf57
HP-00015196,HP-00015194,MOTHER_OF,1,FR-079eb5ff45fed728
HP-00015200,HP-00015198,MOTHER_OF,1,FR-17cfa8f98c53cc0b
HP-00015216,HP-00015214,MOTHER_OF,1,FR-6ec436f1685e72fc
HP-00015220,HP-00015218,MOTHER_OF,1,FR-cb69bbbcd6dba382
HP-00015224,HP-00015222,MOTHER_OF,1,FR-3a3e9fa172c846e5
HP-00015232,HP-00015230,MOTHER_OF,1,FR-8ed9841563cddfbd
HP-00015235,HP-00015233,MOTHER_OF,1,FR-d47d5ec43f620f6a
HP-00015239,HP-00015237,MOTHER_OF,1,FR-00a6b8899cf4bd88
HP-00015243,HP-00015241,MOTHER_OF,1,FR-7f4af4ccd75a33c3
HP-00015247,HP-00015245,MOTHER_OF,1,FR-f5e4d6d5f119ea3a
HP-00015263,HP-00015261,MOTHER_OF,1,FR-0ce112dfd8238ec5
HP-00015271,HP-00015269,MOTHER_OF,1,FR-d40dd9d8f32cd03c
HP-00015275,HP-00015273,MOTHER_OF,1,FR-cf5572b51b8bb166
HP-00015279,HP-00015277,MOTHER_OF,1,FR-fa7be06f0aacd04b
HP-00015283,HP-00015281,MOTHER_OF,1,FR-327bf7fcb595219d
HP-00010415,HP-00015285,MOTHER_OF,1,FR-53d0653911b680de
HP-00015291,HP-00015289,MOTHER_OF,1,FR-83aa6919d50e756a
HP-00015295,HP-00015293,MOTHER_OF,1,FR-156daba4af2c648f
HP-00015299,HP-00015297,MOTHER_OF,1,FR-5f0f3a64be4351c4
HP-00015303,HP-00015301,MOTHER_OF,1,FR-0058dde289b33ed1
HP-00015307,HP-00015305,MOTHER_OF,1,FR-47f8f4d8a7b72c8e
HP-00015311,HP-00015309,MOTHER_OF,1,FR-05522d0299cce7a6
HP-00015327,HP-00015325,MOTHER_OF,1,FR-c1b015ae53f727e4
HP-00015331,HP-00015329,MOTHER_OF,1,FR-f813d09b005dddd6
HP-00013808,HP-00015333,MOTHER_OF,1,FR-c8a7d3f3b241ba2f
HP-00015339,HP-00015337,MOTHER_OF,1,FR-96193cca76b67910
HP-00015343,HP-00015341,MOTHER_OF,1,FR-5caa6fb0accb9a1a
HP-00015351,HP-00015349,MOTHER_OF,1,FR-53536b4823bf5403
HP-00015359,HP-00015357,MOTHER_OF,1,FR-c41981d9307e1121
HP-00012401,HP-00015369,MOTHER_OF,1,FR-83545aa61b3cc5a0
HP-00015375,HP-00015373,MOTHER_OF,1,FR-ef57e191e444fe7b
HP-00015383,HP-00015381,MOTHER_OF,1,FR-ea96b16ddd77d33c
HP-00015391,HP-00015389,MOTHER_OF,1,FR-eaf4aedb7a2ecc58
HP-00015395,HP-00015393,MOTHER_OF,1,FR-bd22c4525495f945
HP-00015275,HP-00015401,MOTHER_OF,1,FR-5c412eab00826f5e
HP-00015407,HP-00015405,MOTHER_OF,1,FR-f28a7c78a86452a6
HP-00015411,HP-00015409,MOTHER_OF,1,FR-62b5d21a596b1157
HP-00015415,HP-00015413,MOTHER_OF,1,FR-8cc81332a537d3de
HP-00015419,HP-00015417,MOTHER_OF,1,FR-ff820941b536538c
HP-00015431,HP-00015429,MOTHER_OF,1,FR-58f4a21bdad55b33
HP-00015435,HP-00015433,MOTHER_OF,2,FR-fd5240e20a3b8df8
HP-00015439,HP-00015437,MOTHER_OF,1,FR-05f5fc1204c30624
HP-00015443,HP-00015441,MOTHER_OF,1,FR-ba2597ebe17f81e6
HP-00015447,HP-00015445,MOTHER_OF,1,FR-2ef0e4854f8b9da5
HP-00015451,HP-00015449,MOTHER_OF,1,FR-58fbe40a53d65e5e
HP-00015467,HP-00015465,MOTHER_OF,1,FR-4380b804c1115c5d
HP-00015475,HP-00015473,MOTHER_OF,1,FR-581d2ead74bb998e
HP-00015479,HP-00015477,MOTHER_OF,1,FR-67454890b6bf2783
HP-00015483,HP-00015481,MOTHER_OF,1,FR-6c063e7694b297d2
HP-00013980,HP-00015505,MOTHER_OF,1,FR-52786d8a2e10ba23
HP-00015511,HP-00015509,MOTHER_OF,1,FR-6120a97c911dc328
HP-00015515,HP-00015513,MOTHER_OF,1,FR-acf48ffa49e38ac4
HP-00015523,HP-00015521,MOTHER_OF,1,FR-285e4b406b691a27
HP-00015527,HP-00015525,MOTHER_OF,1,FR-8d8f21d4c3612829
HP-00015531,HP-00015529,MOTHER_OF,1,FR-68820e4efa98ac59
HP-00014048,HP-00015541,MOTHER_OF,1,FR-7a88439c1f1ed2de
HP-00015547,HP-00015545,MOTHER_OF,1,FR-18b3f9391c7df3a9
HP-00015551,HP-00015549,MOTHER_OF,1,FR-5e2bb75487b52d58
HP-00015555,HP-00015553,MOTHER_OF,1,FR-e6abc324922f48c7
HP-00015559,HP-00015557,MOTHER_OF,1,FR-7cd742e7c0349f3c
HP-00015571,HP-00015569,MOTHER_OF,1,FR-2f51e7417402d92e
HP-00015575,HP-00015573,MOTHER_OF,1,FR-0dc548ba59d00c91
HP-00015579,HP-00015577,MOTHER_OF,1,FR-6f9b2abbb4672a0a
HP-00015587,HP-00015585,MOTHER_OF,1,FR-a4fe82f9e3189f51
HP-00015591,HP-00015589,MOTHER_OF,1,FR-f52201ebf5eb0198
HP-00015599,HP-00015597,MOTHER_OF,2,FR-06b2a509b92d054f
HP-00015603,HP-00015601,MOTHER_OF,1,FR-a96803ca38bc564b
HP-00015607,HP-00015605,MOTHER_OF,1,FR-7371b97c6b022fad
HP-00014452,HP-00015617,MOTHER_OF,1,FR-b5fdc2ad596a9a47
HP-00015623,HP-00015621,MOTHER_OF,1,FR-918c90324b52e445
HP-00015627,HP-00015625,MOTHER_OF,1,FR-03af69f16d131165
HP-00015631,HP-00015629,MOTHER_OF,1,FR-0044337cd1fff700
HP-00014248,HP-00015633,MOTHER_OF,1,FR-662899af894496e2
HP-00010645,HP-00015645,MOTHER_OF,1,FR-d561476bf4f304e0
HP-00015655,HP-00015653,MOTHER_OF,1,FR-44b0e2e8c11020ba
HP-00015659,HP-00015657,MOTHER_OF,1,FR-bbf9a15339c48eea
HP-00015667,HP-00015665,MOTHER_OF,1,FR-41c0d3629edbd2ee
HP-00015671,HP-00015669,MOTHER_OF,2,FR-8988b6e5a5e8240d
HP-00015683,HP-00015681,MOTHER_OF,1,FR-2b68ef40bd441a62
HP-00015687,HP-00015685,MOTHER_OF,1,FR-aa70e61da2f39356
HP-00015687,HP-00015689,MOTHER_OF,1,FR-08eb48e04986811b
HP-00012711,HP-00015697,MOTHER_OF,1,FR-5ddc498cceaa56bf
HP-00015703,HP-00015701,MOTHER_OF,1,FR-7e5ef70e396f0b31
HP-00015707,HP-00015705,MOTHER_OF,1,FR-622f9a9ad56b1e1e
HP-00015710,HP-00015708,MOTHER_OF,1,FR-86abf0cc54e7c05f
HP-00015718,HP-00015716,MOTHER_OF,1,FR-c502d31a5c23a599
HP-00012241,HP-00015724,MOTHER_OF,1,FR-a16bad1f2057c520
HP-00015730,HP-00015728,MOTHER_OF,1,FR-13ba005834e80b44
HP-00015738,HP-00015736,MOTHER_OF,1,FR-23108f6eb6bed1e6
HP-00013368,HP-00015740,MOTHER_OF,1,FR-793a2c064ea29818
HP-00015754,HP-00015752,MOTHER_OF,1,FR-8d16dcc320055264
HP-00015762,HP-00015760,MOTHER_OF,1,FR-4bc1fbd5a69eb5db
HP-00015766,HP-00015764,MOTHER_OF,1,FR-6fc25619357eeec3
HP-00015778,HP-00015776,MOTHER_OF,1,FR-e44cd22590c93692
HP-00015786,HP-00015784,MOTHER_OF,1,FR-292664e39c8c7ffb
HP-00012217,HP-00015788,MOTHER_OF,1,FR-79a98d702b08ae6d
HP-00013480,HP-00015800,MOTHER_OF,1,FR-c6b09c797da2450a
HP-00015806,HP-00015804,MOTHER_OF,1,FR-f6154b2c6792c8e4
HP-00015818,HP-00015816,MOTHER_OF,1,FR-ea4c09b94f2af694
HP-00015826,HP-00015824,MOTHER_OF,1,FR-c593006614403865
HP-00010371,HP-00015832,MOTHER_OF,1,FR-68649bc5970e2621
HP-00015838,HP-00015836,MOTHER_OF,1,FR-227c752166b53f68
HP-00015846,HP-00015844,MOTHER_OF,1,FR-c070da0cf7982f06
HP-00015855,HP-00015853,MOTHER_OF,1,FR-4a9ad89ed129a884
HP-00015859,HP-00015857,MOTHER_OF,1,FR-e86fd48909b86a48
HP-00015863,HP-00015861,MOTHER_OF,1,FR-9b2d8cb78a016d8d
HP-00015867,HP-00015865,MOTHER_OF,1,FR-9a2905e72bea135d
HP-00015878,HP-00015876,MOTHER_OF,1,FR-54dce86674be83b6
HP-00011262,HP-00015884,MOTHER_OF,1,FR-0bf0f20d707315c0
HP-00010944,HP-00015888,MOTHER_OF,1,FR-94483c0b62180cea
HP-00015894,HP-00015892,MOTHER_OF,1,FR-be80cdabffcca17e
HP-00015898,HP-00015896,MOTHER_OF,1,FR-5647875eb4bee91b
HP-00015902,HP-00015900,MOTHER_OF,2,FR-542522a27a52cc2c
HP-00015906,HP-00015904,MOTHER_OF,1,FR-28f851d736e4d651
HP-00015088,HP-00015908,MOTHER_OF,1,FR-ecf0a48fb1cb51c0
HP-00015914,HP-00015912,MOTHER_OF,1,FR-d137f7f9361cc3ca
HP-00012321,HP-00015928,MOTHER_OF,1,FR-6f08a97e1f90f4bb
HP-00015938,HP-00015936,MOTHER_OF,2,FR-bc54ec08e54c09af
HP-00015946,HP-00015944,MOTHER_OF,1,FR-0ca136887a214a9b
HP-00015950,HP-00015948,MOTHER_OF,1,FR-edb7810d329685d2
HP-00015954,HP-00015952,MOTHER_OF,1,FR-f122a137abade6f5
HP-00015958,HP-00015956,MOTHER_OF,1,FR-e6dc00962c10b6ef
HP-00015966,HP-00015964,MOTHER_OF,1,FR-897338a663b5a6b2
HP-00015970,HP-00015968,MOTHER_OF,1,FR-f068e55d1734f858
HP-00011036,HP-00015972,MOTHER_OF,1,FR-293e29d21dc3d335
HP-00015978,HP-00015976,MOTHER_OF,1,FR-4d9c9675067674f3
HP-00012986,HP-00015984,MOTHER_OF,1,FR-d2f371614558c948
HP-00015990,HP-00015988,MOTHER_OF,1,FR-c5712a87102c9615
HP-00015998,HP-00015996,MOTHER_OF,1,FR-dc7ff7229010e317
HP-00013728,HP-00016024,MOTHER_OF,1,FR-8ce973bc1b7ea95b
HP-00014748,HP-00016028,MOTHER_OF,1,FR-ee950683ee6b3fbf
HP-00016034,HP-00016032,MOTHER_OF,1,FR-b234d6ed0b41fa77
HP-00016038,HP-00016036,MOTHER_OF,1,FR-53f1204f48dd205d
HP-00013368,HP-00016040,MOTHER_OF,1,FR-d6d22b1999b8fcc5
HP-00016050,HP-00016048,MOTHER_OF,1,FR-ea2b04017f025b92
HP-00016054,HP-00016052,MOTHER_OF,1,FR-18e8b4848fa08589
HP-00016062,HP-00016060,MOTHER_OF,1,FR-d670314991d334b9
HP-00016066,HP-00016064,MOTHER_OF,1,FR-daf6646ada2e9845
HP-00016078,HP-00016076,MOTHER_OF,1,FR-982db7779cf2252b
HP-00011572,HP-00016084,MOTHER_OF,1,FR-137915a04482b4b5
HP-00016102,HP-00016100,MOTHER_OF,1,FR-a636b86f05099f67
HP-00016106,HP-00016104,MOTHER_OF,1,FR-a10938edc54e1c04
HP-00016118,HP-00016116,MOTHER_OF,1,FR-a9b78be7af8dcbf8
HP-00016122,HP-00016120,MOTHER_OF,1,FR-e1064767d96e56a2
HP-00016126,HP-00016124,MOTHER_OF,1,FR-e4f94a6488275638
HP-00016130,HP-00016128,MOTHER_OF,1,FR-5906d08e74822c44
HP-00012958,HP-00016132,MOTHER_OF,1,FR-fa90117541a874a8
HP-00016142,HP-00016140,MOTHER_OF,1,FR-13daa4884c306daa
HP-00016146,HP-00016144,MOTHER_OF,1,FR-f20a44d0196280ec
HP-00016150,HP-00016148,MOTHER_OF,1,FR-083524065d65fdb6
HP-00016158,HP-00016156,MOTHER_OF,1,FR-26c1aca417e60862
HP-00016166,HP-00016164,MOTHER_OF,1,FR-5aebc992ee108bc8
HP-00016170,HP-00016168,MOTHER_OF,1,FR-0d7399fa456d87cb
HP-00016178,HP-00016176,MOTHER_OF,1,FR-ee9ba4164a93e89d
HP-00010721,HP-00016180,MOTHER_OF,1,FR-437fb3f7463e5e7f
HP-00016186,HP-00016184,MOTHER_OF,1,FR-6cb58a750e6efe67
HP-00016190,HP-00016188,MOTHER_OF,1,FR-cf6f10ebc29fa9a5
HP-00016194,HP-00016192,MOTHER_OF,1,FR-e7cdc30edeff2db2
HP-00016198,HP-00016196,MOTHER_OF,1,FR-1f8511e3c86849de
HP-00016202,HP-00016200,MOTHER_OF,1,FR-7c0ba87a2e460ec3
HP-00016206,HP-00016204,MOTHER_OF,1,FR-a676387fea3c82bd
HP-00015120,HP-00016220,MOTHER_OF,1,FR-22705ccaa1df9cc6
HP-00016226,HP-00016224,MOTHER_OF,1,FR-5193b2f6fc165d64
HP-00016234,HP-00016232,MOTHER_OF,1,FR-36cc390eda661223
HP-00016238,HP-00016236,MOTHER_OF,1,FR-35a5326b57a196b4
HP-00016246,HP-00016244,MOTHER_OF,1,FR-de03e6d71c420594
HP-00016250,HP-00016248,MOTHER_OF,1,FR-f9a8fe65712a42b2
HP-00016250,HP-00016252,MOTHER_OF,1,FR-69a36607c402f6c0
HP-00016258,HP-00016256,MOTHER_OF,1,FR-b96fbdf22edaac7c
HP-00016262,HP-00016260,MOTHER_OF,1,FR-050768ed8d1148c7
HP-00016270,HP-00016268,MOTHER_OF,2,FR-0393d767eb74acb6
HP-00016278,HP-00016276,MOTHER_OF,1,FR-7684bd32c4dc9dcb
HP-00016282,HP-00016280,MOTHER_OF,1,FR-868f6db0681b3673
HP-00016286,HP-00016284,MOTHER_OF,1,FR-10c20bcc2ac08fed
HP-00016294,HP-00016292,MOTHER_OF,1,FR-51b382a337808dea
HP-00016298,HP-00016296,MOTHER_OF,1,FR-9b04b15bb372d3ca
HP-00015778,HP-00016300,MOTHER_OF,1,FR-1750f80b763875cb
HP-00011923,HP-00016312,MOTHER_OF,1,FR-5a73efdfb3484151
HP-00016318,HP-00016316,MOTHER_OF,1,FR-d9c044a995604957
HP-00016322,HP-00016320,MOTHER_OF,1,FR-a15a918c9438c856
HP-00011016,HP-00016324,MOTHER_OF,1,FR-c8fedfdb2ba08bb7
HP-00016330,HP-00016328,MOTHER_OF,1,FR-ef7312cf79520a9e
HP-00016338,HP-00016336,MOTHER_OF,1,FR-bf1f9f9ef683b01d
HP-00015375,HP-00016348,MOTHER_OF,2,FR-f64e7fe273fdf8c3
HP-00016354,HP-00016352,MOTHER_OF,1,FR-b9f87ae641bbccc1
HP-00016358,HP-00016356,MOTHER_OF,1,FR-1cc9e47b00f9f315
HP-00016362,HP-00016360,MOTHER_OF,1,FR-af701c0eb6078231
HP-00016374,HP-00016372,MOTHER_OF,1,FR-0090bf2a2e9a01c6
HP-00016382,HP-00016380,MOTHER_OF,1,FR-5041177c7f0931e6
HP-00016394,HP-00016392,MOTHER_OF,1,FR-cde3836b3fb72eff
HP-00016398,HP-00016396,MOTHER_OF,1,FR-d7a5805186a90a55
HP-00016402,HP-00016400,MOTHER_OF,1,FR-8f84dedeadc739ff
HP-00016410,HP-00016408,MOTHER_OF,1,FR-42640808d9ff07c6
HP-00015391,HP-00016412,MOTHER_OF,1,FR-948fe48266faf260
HP-00016426,HP-00016424,MOTHER_OF,1,FR-a1587b8cb68be5e3
HP-00016446,HP-00016444,MOTHER_OF,1,FR-43c51813b598c517
HP-00016450,HP-00016448,MOTHER_OF,1,FR-75370d947f80373c
HP-00010741,HP-00016452,MOTHER_OF,1,FR-a2bdbf811c60e254
HP-00016458,HP-00016456,MOTHER_OF,1,FR-7330553ee470c031
HP-00016462,HP-00016460,MOTHER_OF,1,FR-00ee4a7eb34e704d
HP-00016466,HP-00016464,MOTHER_OF,1,FR-2f51592773f6bede
HP-00016470,HP-00016468,MOTHER_OF,1,FR-2a0b704dab84f23c
HP-00016474,HP-00016472,MOTHER_OF,1,FR-2e528e1961d7e6ce
HP-00016478,HP-00016476,MOTHER_OF,1,FR-8c475e4b30f9302b
HP-00016482,HP-00016480,MOTHER_OF,1,FR-8d145e07d5ca9341
HP-00016486,HP-00016484,MOTHER_OF,1,FR-3e52a07d0c5a1d06
HP-00016494,HP-00016492,MOTHER_OF,1,FR-48301dd770ccbae2
HP-00010554,HP-00016496,MOTHER_OF,1,FR-b88fe523fd7b439f
HP-00016506,HP-00016504,MOTHER_OF,1,FR-6549870c954aef16
HP-00016510,HP-00016508,MOTHER_OF,1,FR-2519ef67de9f36b7
HP-00016518,HP-00016516,MOTHER_OF,1,FR-9a451a009c26a8ca
HP-00016522,HP-00016520,MOTHER_OF,1,FR-b91b1feff7a53b63
HP-00016534,HP-00016532,MOTHER_OF,1,FR-c2b943a4c03ac036
HP-00016546,HP-00016544,MOTHER_OF,1,FR-42e1bcbbfa91190e
HP-00016550,HP-00016548,MOTHER_OF,1,FR-c22e9e23acd31798
HP-00016554,HP-00016552,MOTHER_OF,1,FR-deb76e03d0cfd768
HP-00016558,HP-00016556,MOTHER_OF,1,FR-021ebe56dc8b8001
HP-00016562,HP-00016560,MOTHER_OF,1,FR-ae4e4a20125c5005
HP-00014580,HP-00016564,MOTHER_OF,1,FR-a9201d825a6b895f
HP-00016586,HP-00016584,MOTHER_OF,1,FR-fc3638bd24316b47
HP-00016598,HP-00016596,MOTHER_OF,1,FR-06d60bc9d1cb2c68
HP-00012675,HP-00016600,MOTHER_OF,1,FR-2bb801e1398bcb31
HP-00016606,HP-00016604,MOTHER_OF,1,FR-18cf81596c41efe5
HP-00016614,HP-00016612,MOTHER_OF,1,FR-e9ce6cafa2d6be5e
HP-00016618,HP-00016616,MOTHER_OF,1,FR-33ff9ef86234b170
HP-00016622,HP-00016620,MOTHER_OF,1,FR-e8de5de9cd1ec948
HP-00016630,HP-00016628,MOTHER_OF,1,FR-c7c013564bcf41d6
HP-00016634,HP-00016632,MOTHER_OF,1,FR-d7757e6ee199d5c7
HP-00011135,HP-00016640,MOTHER_OF,1,FR-1ffe5cacfa195f99
HP-00016654,HP-00016652,MOTHER_OF,1,FR-62681a9b2ba41358
HP-00012261,HP-00016656,MOTHER_OF,1,FR-2f0db02238c6838d
HP-00016666,HP-00016664,MOTHER_OF,1,FR-0287e6942c1f1e4a
HP-00016670,HP-00016668,MOTHER_OF,1,FR-23ada2f027bf2f3d
HP-00016674,HP-00016672,MOTHER_OF,1,FR-25bf3c37994beb53
HP-00015168,HP-00016676,MOTHER_OF,1,FR-62dcc78d79733d44
HP-00016686,HP-00016684,MOTHER_OF,1,FR-3c0d3db5d361e329
HP-00016694,HP-00016692,MOTHER_OF,1,FR-07c0fcf00c8a38f5
HP-00016702,HP-00016700,MOTHER_OF,1,FR-0abb73bec8d0b742
HP-00016706,HP-00016704,MOTHER_OF,1,FR-49a2300a09607b91
HP-00016038,HP-00016708,MOTHER_OF,1,FR-29db50cce57cc914
HP-00010829,HP-00016712,MOTHER_OF,1,FR-9e5a5cbc72f50e44
HP-00016718,HP-00016717,MOTHER_OF,1,FR-6db42e97068fac36
HP-00016722,HP-00016720,MOTHER_OF,1,FR-c25e2c594675e3dc
HP-00016726,HP-00016724,MOTHER_OF,1,FR-e52f12d4c3e93458
HP-00016730,HP-00016728,MOTHER_OF,1,FR-6564f6f6cf4af9dd
HP-00016734,HP-00016732,MOTHER_OF,1,FR-3179d0c133834857
HP-00016738,HP-00016736,MOTHER_OF,1,FR-348bcc3acc53a08b
HP-00016746,HP-00016744,MOTHER_OF,1,FR-6e35b56ac4360a35
HP-00016750,HP-00016748,MOTHER_OF,1,FR-517eab8ce0ad8a69
HP-00015579,HP-00016752,MOTHER_OF,1,FR-43d7dfa870a2b973
HP-00015786,HP-00016760,MOTHER_OF,1,FR-4633f6d865853a11
HP-00016774,HP-00016772,MOTHER_OF,1,FR-4df68999bf127c70
HP-00016777,HP-00016776,MOTHER_OF,1,FR-bacdfd92b063af9d
HP-00010383,HP-00016779,MOTHER_OF,1,FR-49cb6f69bd48c7cd
HP-00016785,HP-00016783,MOTHER_OF,1,FR-12d08d004bc47d23
HP-00016789,HP-00016787,MOTHER_OF,1,FR-00b608fee98dd08e
HP-00016793,HP-00016791,MOTHER_OF,1,FR-05ab470dd17f65bb
HP-00011386,HP-00016799,MOTHER_OF,1,FR-76c615917b66ec9d
HP-00016805,HP-00016803,MOTHER_OF,1,FR-723db11db64ac71c
HP-00011190,HP-00016807,MOTHER_OF,1,FR-e092bfa28340fd28
HP-00016813,HP-00016811,MOTHER_OF,1,FR-ac3a0b3539046e00
HP-00012620,HP-00016815,MOTHER_OF,1,FR-0cbd186a35300b5c
HP-00014544,HP-00016819,MOTHER_OF,1,FR-a0c86a3268785aaa
HP-00016825,HP-00016823,MOTHER_OF,1,FR-42bfbd412fe2cf68
HP-00013952,HP-00016835,MOTHER_OF,1,FR-2496e3e7e6a6577e
HP-00015982,HP-00016839,MOTHER_OF,1,FR-ae112d66801b01c7
HP-00013548,HP-00016843,MOTHER_OF,1,FR-b45dc4709bc32b78
HP-00016849,HP-00016847,MOTHER_OF,1,FR-2471179c2ea44b13
HP-00016869,HP-00016867,MOTHER_OF,1,FR-a27db88ad8a1c1a0
HP-00016889,HP-00016887,MOTHER_OF,1,FR-2549076e56f915f1
HP-00016896,HP-00016894,MOTHER_OF,1,FR-2185ddab42f431d3
HP-00016904,HP-00016902,MOTHER_OF,1,FR-07046f56e290e18d
HP-00016908,HP-00016906,MOTHER_OF,1,FR-2aa18dd4469f8e79
HP-00016912,HP-00016910,MOTHER_OF,1,FR-636bd42428e6acc3
HP-00016916,HP-00016914,MOTHER_OF,1,FR-05bb78d53171ed59
HP-00016920,HP-00016918,MOTHER_OF,1,FR-7d6ed05e2337803b
HP-00016928,HP-00016926,MOTHER_OF,1,FR-2580a07406d4dfb8
HP-00016932,HP-00016930,MOTHER_OF,1,FR-a4e4596326020481
HP-00016936,HP-00016934,MOTHER_OF,1,FR-c1cddc89e9db475c
HP-00016940,HP-00016938,MOTHER_OF,1,FR-a3622fa7ca1a4df6
HP-00016943,HP-00016942,MOTHER_OF,1,FR-cee74e4b659b24a8
HP-00016955,HP-00016953,MOTHER_OF,1,FR-0e6fa6a345cf9570
HP-00016963,HP-00016961,MOTHER_OF,1,FR-3c20e06533309626
HP-00016967,HP-00016965,MOTHER_OF,1,FR-e44f72ebdf74aeb9
HP-00016971,HP-00016969,MOTHER_OF,1,FR-6fad275507f118a4
HP-00016975,HP-00016973,MOTHER_OF,1,FR-8c6e18d78398691f
HP-00016979,HP-00016977,MOTHER_OF,1,FR-0ddbfe03e08aecd3
HP-00016987,HP-00016985,MOTHER_OF,1,FR-76f905c31bf239ab
HP-00016991,HP-00016989,MOTHER_OF,1,FR-3fff1bba7133500c
HP-00016995,HP-00016993,MOTHER_OF,1,FR-c65fc510e3268dd8
HP-00016999,HP-00016997,MOTHER_OF,1,FR-a488f68d33ec28e8
HP-00017003,HP-00017001,MOTHER_OF,1,FR-a7afab563b998498
HP-00017011,HP-00017009,MOTHER_OF,1,FR-2cf6e102a3bc931b
HP-00017018,HP-00017016,MOTHER_OF,1,FR-121390e63829faa2
HP-00017024,HP-00017022,MOTHER_OF,1,FR-552a471997898518
HP-00017036,HP-00017034,MOTHER_OF,1,FR-9db39a999d85e810
HP-00017040,HP-00017038,MOTHER_OF,1,FR-05e458a12b3315f0
HP-00017048,HP-00017046,MOTHER_OF,1,FR-fcebd813938f5181
HP-00017052,HP-00017050,MOTHER_OF,1,FR-8c57065a0a40522e
HP-00017056,HP-00017054,MOTHER_OF,1,FR-4d18dadf136438a4
HP-00017067,HP-00017065,MOTHER_OF,1,FR-1ab5f9f33395cfb0
HP-00017071,HP-00017069,MOTHER_OF,1,FR-c51ed621c1175790
HP-00017075,HP-00017073,MOTHER_OF,1,FR-5b42c348ed9bd6a4
HP-00017087,HP-00017085,MOTHER_OF,1,FR-71e9ec40e6c72984
HP-00017091,HP-00017089,MOTHER_OF,1,FR-f2bc0750e936ba81
HP-00017099,HP-00017097,MOTHER_OF,1,FR-d50689f53464d4f7
HP-00017103,HP-00017101,MOTHER_OF,1,FR-36c0ade45e1442d3
HP-00017107,HP-00017105,MOTHER_OF,1,FR-d7084acaeb26e45b
HP-00017111,HP-00017109,MOTHER_OF,1,FR-6e9711263f5d257a
HP-00017115,HP-00017113,MOTHER_OF,1,FR-45dc1fa2e8856e55
HP-00008790,HP-00017117,MOTHER_OF,1,FR-4da36f45fd107333
HP-00008802,HP-00017121,MOTHER_OF,1,FR-38013d4fe30b7b2c
HP-00017127,HP-00017125,MOTHER_OF,1,FR-a93b22ddf5cd19a7
HP-00017135,HP-00017133,MOTHER_OF,1,FR-d66148c3ad7a057c
HP-00017139,HP-00017137,MOTHER_OF,1,FR-ee3fcc7416a1601e
HP-00017143,HP-00017141,MOTHER_OF,1,FR-a8cddd085aff56fa
HP-00017151,HP-00017149,MOTHER_OF,1,FR-2b665dae8d7e204c
HP-00017155,HP-00017153,MOTHER_OF,1,FR-a2154199d048f334
HP-00017159,HP-00017157,MOTHER_OF,1,FR-2e61dcd8fbcc8488
HP-00017163,HP-00017161,MOTHER_OF,1,FR-822c282655ab3793
HP-00017167,HP-00017165,MOTHER_OF,1,FR-42409e1669936182
HP-00017175,HP-00017173,MOTHER_OF,1,FR-49b89ed0beb3b325
HP-00017179,HP-00017177,MOTHER_OF,1,FR-291b99d1fe14ef20
HP-00017183,HP-00017181,MOTHER_OF,1,FR-8fce66afd7af7b02
HP-00017187,HP-00017185,MOTHER_OF,1,FR-5f2ee5e6fa43fce4
HP-00017191,HP-00017189,MOTHER_OF,1,FR-abd7334a31d768c2
HP-00017195,HP-00017193,MOTHER_OF,1,FR-605c7c0e5d2c0d37
HP-00017203,HP-00017201,MOTHER_OF,1,FR-2fefe433f7e5ce1c
HP-00017207,HP-00017205,MOTHER_OF,1,FR-4c9c7b59e86524e9
HP-00017211,HP-00017209,MOTHER_OF,1,FR-ab36364459ca2e85
HP-00017215,HP-00017213,MOTHER_OF,1,FR-e0b8937f0b88e366
HP-00016912,HP-00017217,MOTHER_OF,1,FR-7c688b1f2016703b
HP-00017223,HP-00017221,MOTHER_OF,1,FR-2380723c2f335f8b
HP-00017231,HP-00017229,MOTHER_OF,1,FR-13c44ee5197b17e2
HP-00017235,HP-00017233,MOTHER_OF,1,FR-896b87e57dc559ea
HP-00017239,HP-00017237,MOTHER_OF,1,FR-45a2b3dedbd35735
HP-00017243,HP-00017241,MOTHER_OF,1,FR-34dcaf5e3d15cc85
HP-00017247,HP-00017245,MOTHER_OF,1,FR-d6c1950a98847b73
HP-00017251,HP-00017249,MOTHER_OF,1,FR-9b0d4774c983cb69
HP-00017259,HP-00017257,MOTHER_OF,1,FR-90e9ea471379fea4
HP-00017267,HP-00017265,MOTHER_OF,1,FR-3669d94dc011166d
HP-00017271,HP-00017269,MOTHER_OF,1,FR-b2a3fcbdcbecce0a
HP-00017275,HP-00017273,MOTHER_OF,1,FR-cde7f0711b2b125a
HP-00017283,HP-00017281,MOTHER_OF,1,FR-f6934147f98cb836
HP-00017287,HP-00017285,MOTHER_OF,1,FR-bb8d25225413f0a1
HP-00017291,HP-00017289,MOTHER_OF,1,FR-b3ae0557050b89d9
HP-00017293,HP-00017292,MOTHER_OF,1,FR-79b17d6f5f79e89b
HP-00017297,HP-00017295,MOTHER_OF,1,FR-21782c57804b5109
HP-00009642,HP-00017299,MOTHER_OF,1,FR-fad0506636d208f3
HP-00017305,HP-00017303,MOTHER_OF,1,FR-4876d57805597ce2
HP-00017313,HP-00017311,MOTHER_OF,1,FR-ec655383e87b5e99
HP-00017317,HP-00017315,MOTHER_OF,1,FR-302ed70e1cba15f3
HP-00017321,HP-00017319,MOTHER_OF,1,FR-152ef32a8a2866f8
HP-00017329,HP-00017327,MOTHER_OF,1,FR-a7238e9ee271216b
HP-00017332,HP-00017331,MOTHER_OF,1,FR-c0a649d41f368ea8
HP-00017336,HP-00017334,MOTHER_OF,1,FR-3b29553235acd3da
HP-00017348,HP-00017346,MOTHER_OF,1,FR-a626bcefe5238ee3
HP-00017352,HP-00017350,MOTHER_OF,1,FR-e8083d3cb226e414
HP-00017356,HP-00017354,MOTHER_OF,1,FR-726494597a4df5c3
HP-00017360,HP-00017358,MOTHER_OF,1,FR-617f0a9bd567f1af
HP-00017364,HP-00017362,MOTHER_OF,1,FR-8d50935d2e24d419
HP-00017368,HP-00017366,MOTHER_OF,1,FR-66e8379bf7e75b67
HP-00017376,HP-00017374,MOTHER_OF,1,FR-c5ccdf117bcd5378
HP-00017380,HP-00017378,MOTHER_OF,1,FR-bd566f9742c05385
HP-00017384,HP-00017382,MOTHER_OF,1,FR-ed34456eeec0328b
HP-00017392,HP-00017390,MOTHER_OF,1,FR-06b2942f3efb8494
HP-00017396,HP-00017394,MOTHER_OF,1,FR-9626bff74e5fa7b0
HP-00010043,HP-00017398,MOTHER_OF,1,FR-c5a00a35f7c6c803
HP-00017404,HP-00017402,MOTHER_OF,1,FR-56c97dd8fd0ca522
HP-00017412,HP-00017410,MOTHER_OF,1,FR-aab7263408575062
HP-00017287,HP-00017414,MOTHER_OF,1,FR-1cd9809e4bbf5820
HP-00017420,HP-00017418,MOTHER_OF,1,FR-f926b2d5dcaa65b1
HP-00017297,HP-00017422,MOTHER_OF,1,FR-868bca5247c04b01
HP-00017428,HP-00017426,MOTHER_OF,1,FR-5a3be4e1cbac0266
HP-00017436,HP-00017434,MOTHER_OF,1,FR-6a0d64a081186a51
HP-00017036,HP-00017438,MOTHER_OF,1,FR-9c45ccd435b9842d
HP-00017448,HP-00017446,MOTHER_OF,1,FR-3d345338c37f6f48
HP-00017452,HP-00017450,MOTHER_OF,1,FR-b0cb2519ab6f1874
HP-00017456,HP-00017454,MOTHER_OF,1,FR-9da52cc2449e1134
HP-00017460,HP-00017458,MOTHER_OF,1,FR-05099b381b84de70
HP-00017464,HP-00017462,MOTHER_OF,1,FR-17e032891a56c302
HP-00017468,HP-00017466,MOTHER_OF,1,FR-9cc9f7d3fb6ced96
HP-00017472,HP-00017470,MOTHER_OF,1,FR-93dfa846a0c16d7d
HP-00017476,HP-00017474,MOTHER_OF,1,FR-fa4f5b6c0f109183
HP-00017480,HP-00017478,MOTHER_OF,1,FR-2de7c87e7fbd1283
HP-00017484,HP-00017482,MOTHER_OF,1,FR-a9bb341a4b6505c9
HP-00017488,HP-00017486,MOTHER_OF,1,FR-cfde032e47e12aaa
HP-00017496,HP-00017494,MOTHER_OF,1,FR-d94e562383275866
HP-00017500,HP-00017498,MOTHER_OF,1,FR-4821c455f2b914b2
HP-00017504,HP-00017502,MOTHER_OF,1,FR-3ccc85a41d4a4ce5
HP-00017018,HP-00017506,MOTHER_OF,1,FR-aec183368f7c02c2
HP-00017512,HP-00017510,MOTHER_OF,1,FR-a68d52123bcb56d3
HP-00017516,HP-00017514,MOTHER_OF,1,FR-bb9c9d43d0737567
HP-00017519,HP-00017518,MOTHER_OF,1,FR-c26af25e1ee569a9
HP-00017127,HP-00017525,MOTHER_OF,1,FR-c9ff1ab4b85e62fd
HP-00017534,HP-00017532,MOTHER_OF,1,FR-5fed535b86072ebf
HP-00017537,HP-00017535,MOTHER_OF,1,FR-fdb20e5e74629b59
HP-00017291,HP-00017539,MOTHER_OF,1,FR-75a83cb6e437a9ba
HP-00017545,HP-00017543,MOTHER_OF,1,FR-356eb27efde9e83a
HP-00017549,HP-00017547,MOTHER_OF,1,FR-aec0215f28b84c25
HP-00017557,HP-00017555,MOTHER_OF,1,FR-7b105d0a73d9d8da
HP-00017561,HP-00017559,MOTHER_OF,1,FR-73ae8c3d60d461ba
HP-00009961,HP-00017566,MOTHER_OF,1,FR-ffb9c33b4505d4e7
HP-00017572,HP-00017570,MOTHER_OF,1,FR-d78a6b9b92c38677
HP-00017576,HP-00017574,MOTHER_OF,1,FR-a5eda8159887d219
HP-00017584,HP-00017582,MOTHER_OF,1,FR-48bb370c6ea0bea1
HP-00017588,HP-00017586,MOTHER_OF,1,FR-967e1bdb26b6f7de
HP-00017592,HP-00017590,MOTHER_OF,1,FR-872a88d84bdc9944
HP-00017595,HP-00017594,MOTHER_OF,1,FR-9ec6dc6aa13b5ec2
HP-00017598,HP-00017596,MOTHER_OF,1,FR-37a1d63376ea4d83
HP-00008463,HP-00017608,MOTHER_OF,1,FR-9eb41c5f5e4fe671
HP-00017613,HP-00017611,MOTHER_OF,1,FR-54edef3bc8df9243
HP-00017617,HP-00017615,MOTHER_OF,1,FR-a92e9a59ee9a939d
HP-00017621,HP-00017619,MOTHER_OF,1,FR-f94ffc7e1b81690e
HP-00017624,HP-00017622,MOTHER_OF,1,FR-776a361afa56448f
HP-00017628,HP-00017626,MOTHER_OF,1,FR-d472b152caf40da2
HP-00017631,HP-00017629,MOTHER_OF,1,FR-1f3cb7dd37da69ba
HP-00017633,HP-00017632,MOTHER_OF,1,FR-0c491d593c832e32
HP-00017641,HP-00017639,MOTHER_OF,1,FR-77cf65fdf0ddc946
HP-00017644,HP-00017643,MOTHER_OF,1,FR-bc16807345cf3417
HP-00017652,HP-00017650,MOTHER_OF,1,FR-28a9fe8fa3f588b0
HP-00017656,HP-00017654,MOTHER_OF,1,FR-7039c57806e7d57c
HP-00017660,HP-00017658,MOTHER_OF,1,FR-d92c9d9683190b6d
HP-00017668,HP-00017666,MOTHER_OF,1,FR-410ebf9e16457fa8
HP-00017672,HP-00017670,MOTHER_OF,1,FR-2dc95cbe2539386a
HP-00017675,HP-00017673,MOTHER_OF,1,FR-5874ece40c9efac6
HP-00017679,HP-00017677,MOTHER_OF,1,FR-7c3d2d34ce1ebcfd
HP-00017683,HP-00017681,MOTHER_OF,1,FR-38e0a9c37ed65da6
HP-00017641,HP-00017685,MOTHER_OF,1,FR-6a82e29b9b8a0285
HP-00017139,HP-00017693,MOTHER_OF,1,FR-47b29372e2dca2a4
HP-00017699,HP-00017697,MOTHER_OF,1,FR-15955b7d582c1e20
HP-00017707,HP-00017705,MOTHER_OF,1,FR-9e38c6df7ff11335
HP-00017723,HP-00017721,MOTHER_OF,1,FR-e2e29e7c01658c79
HP-00017731,HP-00017729,MOTHER_OF,1,FR-9982acdbe436cddb
HP-00017739,HP-00017737,MOTHER_OF,1,FR-35624ae5e26c16a4
HP-00017743,HP-00017741,MOTHER_OF,1,FR-408993de33bed570
HP-00017751,HP-00017749,MOTHER_OF,1,FR-49dcaa4a9d09da24
HP-00017755,HP-00017753,MOTHER_OF,1,FR-28f26d7a809d5f35
HP-00017759,HP-00017757,MOTHER_OF,1,FR-cf3a226ef67f5543
HP-00017763,HP-00017761,MOTHER_OF,1,FR-b94ce52d8489bc93
HP-00017767,HP-00017765,MOTHER_OF,1,FR-848801b7c20d9490
HP-00016971,HP-00017773,MOTHER_OF,1,FR-91a4abf17bf6ca1f
HP-00016928,HP-00017781,MOTHER_OF,1,FR-1e1d581877e9e2c3
HP-00017787,HP-00017785,MOTHER_OF,1,FR-61b23fb93ba70610
HP-00017211,HP-00017789,MOTHER_OF,1,FR-addc2a13fd1e0b6c
HP-00017795,HP-00017793,MOTHER_OF,1,FR-b41ace73935a8c56
HP-00017799,HP-00017797,MOTHER_OF,1,FR-bb802bd77daf20f6
HP-00009359,HP-00017801,MOTHER_OF,1,FR-5b386b191fec87ce
HP-00017807,HP-00017805,MOTHER_OF,1,FR-ba086f315be1e466
HP-00017815,HP-00017813,MOTHER_OF,1,FR-01daa2f42bca25d7
HP-00017079,HP-00017817,MOTHER_OF,1,FR-f9adc9923785d5dc
HP-00017823,HP-00017821,MOTHER_OF,1,FR-46525d4441eb566c
HP-00017827,HP-00017825,MOTHER_OF,1,FR-4f142487bbdd6e11
HP-00017831,HP-00017829,MOTHER_OF,1,FR-19059326b6129962
HP-00017834,HP-00017832,MOTHER_OF,1,FR-4c77577419024f18
HP-00017838,HP-00017836,MOTHER_OF,1,FR-c6c9498c287b8a6f
HP-00017842,HP-00017840,MOTHER_OF,1,FR-ebcb3f29fef23598
HP-00017846,HP-00017844,MOTHER_OF,1,FR-ea85ad7595d7b995
HP-00016979,HP-00017848,MOTHER_OF,1,FR-471be400a402249d
HP-00017854,HP-00017852,MOTHER_OF,1,FR-2f04da5d9aa88245
HP-00017858,HP-00017856,MOTHER_OF,1,FR-b64e7ff7fe28b19d
HP-00017862,HP-00017860,MOTHER_OF,1,FR-6fba3fcbc2e822ef
HP-00017866,HP-00017864,MOTHER_OF,1,FR-67da7bca7ce5e3f9
HP-00017870,HP-00017868,MOTHER_OF,1,FR-b79628797f245f34
HP-00017874,HP-00017872,MOTHER_OF,1,FR-56a6a24f19ff93ed
HP-00017878,HP-00017876,MOTHER_OF,1,FR-ef92dbb256c45a24
HP-00017886,HP-00017884,MOTHER_OF,1,FR-ab2709a284f229d6
HP-00017894,HP-00017892,MOTHER_OF,1,FR-0ceca1b0002bfbd5
HP-00017906,HP-00017904,MOTHER_OF,1,FR-913c5c4cfb044055
HP-00017910,HP-00017908,MOTHER_OF,1,FR-2f6dac6d22ec643c
HP-00017267,HP-00017912,MOTHER_OF,1,FR-962468fd191f2e22
HP-00017922,HP-00017920,MOTHER_OF,1,FR-17d4632e41ebe00e
HP-00017926,HP-00017924,MOTHER_OF,1,FR-366c918b7cc8c550
HP-00017930,HP-00017928,MOTHER_OF,1,FR-84a7530052fba0ef
HP-00017934,HP-00017932,MOTHER_OF,1,FR-a2eabf67b4acf11c
HP-00017945,HP-00017943,MOTHER_OF,1,FR-d420f4b9e313bdc6
HP-00017584,HP-00017947,MOTHER_OF,1,FR-a0ae9d5e743ec5e9
HP-00017957,HP-00017955,MOTHER_OF,1,FR-3df8abec7a160850
HP-00017961,HP-00017959,MOTHER_OF,1,FR-c4015fc8084f3994
HP-00017965,HP-00017963,MOTHER_OF,1,FR-b89f6ed0fc79910f
HP-00017969,HP-00017967,MOTHER_OF,1,FR-d6ea1c4ac7c32553
HP-00017973,HP-00017971,MOTHER_OF,1,FR-1f5834bbc2dbb5c6
HP-00017977,HP-00017975,MOTHER_OF,1,FR-08c9aef55390f6d2
HP-00017985,HP-00017983,MOTHER_OF,1,FR-2ba0b1fff7f86ba1
HP-00017989,HP-00017987,MOTHER_OF,1,FR-17d6fecd0eb0f2dc
HP-00017993,HP-00017991,MOTHER_OF,1,FR-07f1f77aea7fd6ed
HP-00017997,HP-00017995,MOTHER_OF,1,FR-112ade65527e7cdc
HP-00018001,HP-00017999,MOTHER_OF,1,FR-c8c74600fa4d0912
HP-00018005,HP-00018003,MOTHER_OF,1,FR-f13b9dad4a957088
HP-00018009,HP-00018007,MOTHER_OF,1,FR-be81a60bd72291c4
HP-00018013,HP-00018011,MOTHER_OF,1,FR-5b92de59dfe482d1
HP-00018017,HP-00018015,MOTHER_OF,1,FR-324dd3c0a9d5ec6a
HP-00018021,HP-00018019,MOTHER_OF,1,FR-709223cda4ee02ea
HP-00018025,HP-00018023,MOTHER_OF,1,FR-3a44b6865e6cadbe
HP-00018029,HP-00018027,MOTHER_OF,1,FR-dac6dff78d91173e
HP-00018036,HP-00018034,MOTHER_OF,1,FR-9122998ec4b13e16
HP-00018040,HP-00018038,MOTHER_OF,1,FR-fb8132e5a3e9b3a0
HP-00018052,HP-00018050,MOTHER_OF,1,FR-0008685c2a5c81df
HP-00017297,HP-00018054,MOTHER_OF,1,FR-07c03be94a20a7f1
HP-00017143,HP-00018062,MOTHER_OF,1,FR-6bd76060a35787d1
HP-00017679,HP-00018066,MOTHER_OF,1,FR-d23ad8707b7301b5
HP-00018072,HP-00018070,MOTHER_OF,1,FR-d7495b6105f754dc
HP-00017624,HP-00018074,MOTHER_OF,1,FR-04fd60d954a7991d
HP-00018080,HP-00018078,MOTHER_OF,1,FR-e7f3625c91da8665
HP-00018088,HP-00018086,MOTHER_OF,1,FR-e6864aba3e06a990
HP-00018092,HP-00018090,MOTHER_OF,1,FR-c8c1090f26c4d63e
HP-00018096,HP-00018094,MOTHER_OF,1,FR-14da33d61890c835
HP-00018100,HP-00018098,MOTHER_OF,1,FR-27fbbdf4d0cd011b
HP-00018104,HP-00018102,MOTHER_OF,1,FR-a119561984964b5f
HP-00018001,HP-00018106,MOTHER_OF,1,FR-d0096f5a02cf2ccd
HP-00018112,HP-00018110,MOTHER_OF,1,FR-d131146135b25ff6
HP-00018116,HP-00018114,MOTHER_OF,1,FR-1e4fc0d6e7ad05a3
HP-00018120,HP-00018118,MOTHER_OF,1,FR-4c503ee42fde7308
HP-00018124,HP-00018122,MOTHER_OF,1,FR-1e9b1ef32e0653c2
HP-00018136,HP-00018134,MOTHER_OF,1,FR-cec603cb7ef89d18
HP-00018140,HP-00018138,MOTHER_OF,1,FR-5e2eca562cf1ee07
HP-00018144,HP-00018142,MOTHER_OF,1,FR-fac135d10722d2e4
HP-00018148,HP-00018146,MOTHER_OF,1,FR-92f176d7a9207984
HP-00018152,HP-00018150,MOTHER_OF,1,FR-6b70a9eae0f1b46b
HP-00018160,HP-00018158,MOTHER_OF,1,FR-163112e37bf0f542
HP-00018164,HP-00018162,MOTHER_OF,1,FR-36a21969f9fc3cf4
HP-00018168,HP-00018166,MOTHER_OF,1,FR-4c1a18f7fb9774d5
HP-00018176,HP-00018174,MOTHER_OF,1,FR-fefedeed747b5535
HP-00018180,HP-00018178,MOTHER_OF,1,FR-007428563870f4a7
HP-00009961,HP-00018182,MOTHER_OF,1,FR-8f11541075d17eda
HP-00017834,HP-00018190,MOTHER_OF,1,FR-f2889e9409bc46ec
HP-00018196,HP-00018194,MOTHER_OF,1,FR-75dc0f7f201ef846
HP-00018204,HP-00018202,MOTHER_OF,1,FR-bbb7d2968c974751
HP-00018208,HP-00018206,MOTHER_OF,1,FR-2e9cd0761dc55e80
HP-00018212,HP-00018210,MOTHER_OF,1,FR-f6e09d3ea2ea1da1
HP-00018216,HP-00018214,MOTHER_OF,1,FR-2253b386e2706307
HP-00018240,HP-00018238,MOTHER_OF,1,FR-9cf5728ca51aa09b
HP-00018244,HP-00018242,MOTHER_OF,1,FR-e7c58d8c3543004b
HP-00017759,HP-00018246,MOTHER_OF,1,FR-0371f79f9bb9e232
HP-00018252,HP-00018250,MOTHER_OF,1,FR-29d2adb1322f30d2
HP-00018256,HP-00018254,MOTHER_OF,1,FR-9e5cc5caa2933b19
HP-00018260,HP-00018258,MOTHER_OF,1,FR-4afba82e4bab982e
HP-00017183,HP-00018270,MOTHER_OF,1,FR-7cd6c8b4b866185f
HP-00018276,HP-00018274,MOTHER_OF,1,FR-fa3941aaaca89d18
HP-00018283,HP-00018282,MOTHER_OF,1,FR-0ad947b986bb3a2b
HP-00018287,HP-00018285,MOTHER_OF,1,FR-43c5cc4bc1595abc
HP-00018295,HP-00018293,MOTHER_OF,1,FR-3c66b4fd05105913
HP-00018301,HP-00018300,MOTHER_OF,1,FR-f6a543273421ef48
HP-00018305,HP-00018303,MOTHER_OF,1,FR-34dbea8af0f5f81b
HP-00018309,HP-00018307,MOTHER_OF,1,FR-a16aa4fcf4c50d1f
HP-00018313,HP-00018311,MOTHER_OF,1,FR-9da12c6fcee1b6af
HP-00018317,HP-00018315,MOTHER_OF,1,FR-16778cbef5bab686
HP-00018321,HP-00018319,MOTHER_OF,1,FR-fae300eb3289f9e9
HP-00018325,HP-00018323,MOTHER_OF,1,FR-8e6528df24ce74a9
HP-00018333,HP-00018331,MOTHER_OF,1,FR-e6c59e0cc24661bf
HP-00018337,HP-00018335,MOTHER_OF,1,FR-3d2ea9271a5eb983
HP-00018341,HP-00018339,MOTHER_OF,1,FR-c5145f741c4b1758
HP-00018345,HP-00018343,MOTHER_OF,1,FR-55a8acb4382591cd
HP-00018349,HP-00018347,MOTHER_OF,1,FR-dd678256cb2c24d3
HP-00018361,HP-00018359,MOTHER_OF,1,FR-b5fd5fa733c61442
HP-00018365,HP-00018363,MOTHER_OF,1,FR-0c918b7c07d6ad6d
HP-00018369,HP-00018367,MOTHER_OF,1,FR-fc006667d52532a4
HP-00018377,HP-00018375,MOTHER_OF,1,FR-61cda9980d99ec09
HP-00018381,HP-00018379,MOTHER_OF,1,FR-82a98977fb0852b7
HP-00018385,HP-00018383,MOTHER_OF,1,FR-6a20a0b35b3406f4
HP-00018389,HP-00018387,MOTHER_OF,1,FR-c3d87b49f1845e1a
HP-00018393,HP-00018391,MOTHER_OF,1,FR-3ba1e78eb594b547
HP-00018397,HP-00018395,MOTHER_OF,1,FR-0bda5fa2a3ddb692
HP-00018401,HP-00018399,MOTHER_OF,1,FR-740542df53c1e658
HP-00018405,HP-00018403,MOTHER_OF,1,FR-7882dfd68dfc714a
HP-00018409,HP-00018407,MOTHER_OF,1,FR-e6ba68e9680746e1
HP-00018413,HP-00018411,MOTHER_OF,1,FR-ba900b9796eb0fd5
HP-00018417,HP-00018415,MOTHER_OF,1,FR-65eae9435fc29070
HP-00018421,HP-00018419,MOTHER_OF,1,FR-539d3652435d22b4
HP-00018425,HP-00018423,MOTHER_OF,1,FR-d9ac70db38e16ac6
HP-00018433,HP-00018431,MOTHER_OF,1,FR-ce1cb4524138c960
HP-00018437,HP-00018435,MOTHER_OF,1,FR-b61029dfbb689300
HP-00018441,HP-00018439,MOTHER_OF,1,FR-996d7935161cdd2f
HP-00018445,HP-00018443,MOTHER_OF,1,FR-ba1a574ecc5e292a
HP-00018212,HP-00018455,MOTHER_OF,1,FR-c7b6947a691ba8b3
HP-00018461,HP-00018459,MOTHER_OF,1,FR-5585552449597e44
HP-00018465,HP-00018463,MOTHER_OF,1,FR-cdec0a7b82561c52
HP-00018473,HP-00018471,MOTHER_OF,1,FR-25e69a10b9b0916b
HP-00018477,HP-00018475,MOTHER_OF,1,FR-872f82316d8eccc4
HP-00018480,HP-00018479,MOTHER_OF,1,FR-d89b63209fef6d69
HP-00017945,HP-00018486,MOTHER_OF,1,FR-60243911acc590e3
HP-00018491,HP-00018490,MOTHER_OF,1,FR-cedc2792dfe86771
HP-00018495,HP-00018493,MOTHER_OF,1,FR-c8d30a4e90b40ccf
HP-00018503,HP-00018501,MOTHER_OF,1,FR-892b13081afd5129
HP-00018397,HP-00018505,MOTHER_OF,1,FR-8f3b75c9fe2c5255
HP-00018511,HP-00018509,MOTHER_OF,1,FR-bd9f028a88393711
HP-00018515,HP-00018513,MOTHER_OF,1,FR-32dd7272870851a1
HP-00018523,HP-00018521,MOTHER_OF,1,FR-3fe6d59ceef45900
HP-00018527,HP-00018525,MOTHER_OF,1,FR-3bb1cd74ee1fed23
HP-00018531,HP-00018529,MOTHER_OF,1,FR-effa759308bc0172
HP-00018535,HP-00018533,MOTHER_OF,1,FR-55c31904e43ed877
HP-00018140,HP-00018537,MOTHER_OF,1,FR-431cd885f45196e7
HP-00018543,HP-00018541,MOTHER_OF,1,FR-99a00c08a128d233
HP-00018547,HP-00018545,MOTHER_OF,1,FR-334682ee345f1004
HP-00017127,HP-00018557,MOTHER_OF,1,FR-77efe58b177c8710
HP-00018563,HP-00018561,MOTHER_OF,1,FR-f55ea8688f177c51
HP-00018575,HP-00018573,MOTHER_OF,1,FR-b062dd9a523d6145
HP-00018586,HP-00018585,MOTHER_OF,1,FR-52c3fb709ce61f07
HP-00018590,HP-00018588,MOTHER_OF,1,FR-7c96a06e04b3915f
HP-00018598,HP-00018596,MOTHER_OF,1,FR-50c8d14c64fcca07
HP-00018606,HP-00018604,MOTHER_OF,1,FR-88e6c19a593bc3b4
HP-00018610,HP-00018608,MOTHER_OF,1,FR-48da99a9d8896fd3
HP-00018613,HP-00018612,MOTHER_OF,1,FR-e20a13bf22112231
HP-00018616,HP-00018615,MOTHER_OF,1,FR-238e904f2e1bf21c
HP-00018624,HP-00018622,MOTHER_OF,1,FR-6f087f5a16c54242
HP-00018628,HP-00018626,MOTHER_OF,1,FR-fb5f3a02cf5dc033
HP-00018632,HP-00018630,MOTHER_OF,1,FR-4d34758aba1260b4
HP-00018635,HP-00018634,MOTHER_OF,1,FR-439ddb397f3e05aa
HP-00018643,HP-00018641,MOTHER_OF,1,FR-7f9eb3e183645a95
HP-00018647,HP-00018645,MOTHER_OF,1,FR-a3c9bab03a0b9542
HP-00018651,HP-00018649,MOTHER_OF,1,FR-84160bd65b6f1c8f
HP-00018659,HP-00018657,MOTHER_OF,1,FR-6e2847b6dfabea98
HP-00018663,HP-00018661,MOTHER_OF,1,FR-0d4629d4f015107e
HP-00018667,HP-00018665,MOTHER_OF,1,FR-53c0ce3a211241f3
HP-00018671,HP-00018669,MOTHER_OF,1,FR-4287ecac076ad244
HP-00018675,HP-00018673,MOTHER_OF,1,FR-ab43c6b00d49b867
HP-00018679,HP-00018677,MOTHER_OF,1,FR-d9863b3aa62ed38f
HP-00018683,HP-00018681,MOTHER_OF,1,FR-967e3aa95899f00b
HP-00018687,HP-00018685,MOTHER_OF,1,FR-9a76e876d4419909
HP-00018691,HP-00018689,MOTHER_OF,1,FR-12209f8fded6669c
HP-00018699,HP-00018697,MOTHER_OF,1,FR-e79becdb009ce893
HP-00018703,HP-00018701,MOTHER_OF,1,FR-a1b10c43354b82fa
HP-00018707,HP-00018705,MOTHER_OF,1,FR-5df20926fb689049
HP-00018711,HP-00018709,MOTHER_OF,1,FR-df2a49996a92d2b8
HP-00017480,HP-00018717,MOTHER_OF,1,FR-52c32d272277e9a5
HP-00018723,HP-00018721,MOTHER_OF,1,FR-b24dd737e68e3979
HP-00018726,HP-00018725,MOTHER_OF,1,FR-2eea52d08275fc54
HP-00018730,HP-00018728,MOTHER_OF,1,FR-53a5106c53af277e
HP-00018738,HP-00018736,MOTHER_OF,1,FR-a02822b27c3fa4e7
HP-00018742,HP-00018740,MOTHER_OF,1,FR-df0577edf4476b77
HP-00018397,HP-00018744,MOTHER_OF,1,FR-6e84d3b617d2cd8d
HP-00018750,HP-00018748,MOTHER_OF,1,FR-4177b5bce5a161a9
HP-00018754,HP-00018752,MOTHER_OF,1,FR-78866f94e0a340fb
HP-00018757,HP-00018756,MOTHER_OF,1,FR-4e6a89d3e70b4703
HP-00018761,HP-00018759,MOTHER_OF,1,FR-cc81f470b59ad485
HP-00018765,HP-00018763,MOTHER_OF,1,FR-f0b560c31b035eb6
HP-00018768,HP-00018767,MOTHER_OF,1,FR-67d77029492a75e9
HP-00018772,HP-00018770,MOTHER_OF,1,FR-bff1b7622b5037e1
HP-00018776,HP-00018774,MOTHER_OF,1,FR-157e6b2309c5872f
HP-00018784,HP-00018782,MOTHER_OF,1,FR-3d99c24f8ce68083
HP-00018788,HP-00018786,MOTHER_OF,1,FR-a6666602268d0a6f
HP-00018792,HP-00018790,MOTHER_OF,1,FR-bf7a667ed9b55508
HP-00018796,HP-00018794,MOTHER_OF,1,FR-b07349a7bfc89009
HP-00016916,HP-00018798,MOTHER_OF,1,FR-1f4e943ad3599037
HP-00017926,HP-00018802,MOTHER_OF,1,FR-a5e1033cffcede7d
HP-00018816,HP-00018814,MOTHER_OF,1,FR-71043b0f0d5ad6ad
HP-00018820,HP-00018818,MOTHER_OF,1,FR-1d09ef8390d3aad3
HP-00018824,HP-00018822,MOTHER_OF,1,FR-3dc85f28364961cc
HP-00018827,HP-00018826,MOTHER_OF,1,FR-9c470cb32fae677a
HP-00018831,HP-00018829,MOTHER_OF,1,FR-369735bf7dbb97df
HP-00018835,HP-00018833,MOTHER_OF,1,FR-f7d7b23cf73505a5
HP-00018843,HP-00018841,MOTHER_OF,1,FR-32e9683049e7640d
HP-00018847,HP-00018845,MOTHER_OF,1,FR-53ef9c8e053d20ef
HP-00018851,HP-00018849,MOTHER_OF,1,FR-f0fd7475357891f6
HP-00018859,HP-00018857,MOTHER_OF,1,FR-905a5615661f0329
HP-00018863,HP-00018861,MOTHER_OF,1,FR-f984047be5176764
HP-00018871,HP-00018869,MOTHER_OF,1,FR-bf6f981518522f23
HP-00018875,HP-00018873,MOTHER_OF,1,FR-b39538bc1ee397c6
HP-00017910,HP-00018877,MOTHER_OF,1,FR-22ccb8420523c5c6
HP-00018465,HP-00018885,MOTHER_OF,1,FR-af64a89d7d953f76
HP-00018895,HP-00018893,MOTHER_OF,1,FR-f8caeac6e5949746
HP-00018903,HP-00018901,MOTHER_OF,1,FR-521c4d3df6b75922
HP-00018907,HP-00018905,MOTHER_OF,1,FR-d34c6c5b8ef52a3d
HP-00018911,HP-00018909,MOTHER_OF,1,FR-d77d508562295ecc
HP-00018915,HP-00018913,MOTHER_OF,1,FR-4e8597cf67b7d9e0
HP-00018919,HP-00018917,MOTHER_OF,1,FR-2529b200bcac0782
HP-00018927,HP-00018925,MOTHER_OF,1,FR-eff948b0ca1858ea
HP-00010043,HP-00018929,MOTHER_OF,1,FR-8f6cb00ec9fdb912
HP-00017091,HP-00018933,MOTHER_OF,1,FR-21fa9fb8c1cefe83
HP-00018943,HP-00018941,MOTHER_OF,1,FR-27af6703c2d8a732
HP-00018946,HP-00018945,MOTHER_OF,1,FR-31259ccd4bfdccc6
HP-00018950,HP-00018948,MOTHER_OF,1,FR-a457a408f336bff7
HP-00018954,HP-00018952,MOTHER_OF,1,FR-ddab0e8f7415e13e
HP-00018958,HP-00018956,MOTHER_OF,1,FR-97137bee45e1a9bd
HP-00018962,HP-00018960,MOTHER_OF,1,FR-ec7b1bc3f0ecdfa9
HP-00018966,HP-00018964,MOTHER_OF,1,FR-f0735d342c8edfa3
HP-00018978,HP-00018976,MOTHER_OF,1,FR-a286aba9610fd51f
HP-00018982,HP-00018980,MOTHER_OF,1,FR-97a9a7b3cdd6ab5e
HP-00018990,HP-00018988,MOTHER_OF,1,FR-6d8334189eb5b8b8
HP-00017259,HP-00018992,MOTHER_OF,1,FR-1818dd1e2f8058f6
HP-00018998,HP-00018996,MOTHER_OF,1,FR-526c845e9655e18d
HP-00019002,HP-00019000,MOTHER_OF,1,FR-fa29063384a78826
HP-00019006,HP-00019004,MOTHER_OF,1,FR-a3a50af28812a9f0
HP-00018196,HP-00019008,MOTHER_OF,1,FR-e20bdd113470f8ad
HP-00019014,HP-00019012,MOTHER_OF,1,FR-822919c0f9979874
HP-00019018,HP-00019016,MOTHER_OF,1,FR-4622dadaab0b6ba3
HP-00019026,HP-00019024,MOTHER_OF,1,FR-a93ca72278d8fcd0
HP-00019034,HP-00019032,MOTHER_OF,1,FR-f897ef2cabae9d0a
HP-00019038,HP-00019036,MOTHER_OF,1,FR-338ab614e8fb9d92
HP-00019042,HP-00019040,MOTHER_OF,1,FR-0d2980df92e3a528
HP-00019058,HP-00019056,MOTHER_OF,1,FR-2bf2f34758808434
HP-00019062,HP-00019060,MOTHER_OF,1,FR-d9bdd92f04cdcc42
HP-00019070,HP-00019068,MOTHER_OF,1,FR-e650ac946eed39ba
HP-00019074,HP-00019072,MOTHER_OF,1,FR-5630c5c1f142b613
HP-00019078,HP-00019076,MOTHER_OF,1,FR-6ddfc88501c5681d
HP-00019082,HP-00019080,MOTHER_OF,1,FR-ff1f7c6864ea1a91
HP-00019086,HP-00019084,MOTHER_OF,1,FR-bf60ea99690fc3b7
HP-00015088,HP-00019088,MOTHER_OF,1,FR-93eadfff9ee5801a
HP-00019094,HP-00019092,MOTHER_OF,1,FR-a107a474ac2668b4
HP-00019098,HP-00019096,MOTHER_OF,1,FR-5713d90a52c766bb
HP-00019102,HP-00019100,MOTHER_OF,1,FR-5c166ce0150c2547
HP-00019110,HP-00019108,MOTHER_OF,1,FR-058d15ae2b88c20c
HP-00019114,HP-00019112,MOTHER_OF,1,FR-3bf61bc77c06d0c8
HP-00019118,HP-00019116,MOTHER_OF,1,FR-c2fc4def3063046a
HP-00019130,HP-00019128,MOTHER_OF,1,FR-79d0f3b6294932e1
HP-00019138,HP-00019136,MOTHER_OF,1,FR-66048845cb9d642e
HP-00019146,HP-00019144,MOTHER_OF,1,FR-0599a7e0fae03b09
HP-00019150,HP-00019148,MOTHER_OF,1,FR-d88fdc43386e7e67
HP-00019158,HP-00019156,MOTHER_OF,1,FR-23d285fae88426d6
HP-00019162,HP-00019160,MOTHER_OF,1,FR-fca3ff1c84a9c310
HP-00019166,HP-00019164,MOTHER_OF,1,FR-bac8b5dfe4b834c9
HP-00019170,HP-00019168,MOTHER_OF,1,FR-801f5ecd208f93cb
HP-00019174,HP-00019172,MOTHER_OF,1,FR-3966179cb6d85c5e
HP-00019186,HP-00019184,MOTHER_OF,1,FR-2711bbc7383ab7a7
HP-00019190,HP-00019188,MOTHER_OF,1,FR-df72a1583a0af2a0
HP-00019194,HP-00019192,MOTHER_OF,1,FR-6cb8a7aa3fd326fa
HP-00019198,HP-00019196,MOTHER_OF,1,FR-04bc6fad3053a1ce
HP-00019206,HP-00019204,MOTHER_OF,1,FR-6a3afe55f3bd2413
HP-00019034,HP-00019208,MOTHER_OF,1,FR-cb454dcbf0f3eca3
HP-00019214,HP-00019212,MOTHER_OF,1,FR-5b49882d59c9aa57
HP-00019222,HP-00019220,MOTHER_OF,1,FR-4e55e38594f78f76
HP-00019230,HP-00019228,MOTHER_OF,1,FR-0d287786a7fe5728
HP-00019234,HP-00019232,MOTHER_OF,1,FR-0fcd7ea601a3534b
HP-00019238,HP-00019236,MOTHER_OF,1,FR-58c2710afd1b0717
HP-00019242,HP-00019240,MOTHER_OF,1,FR-d9319c90d0099a3c
HP-00019246,HP-00019244,MOTHER_OF,1,FR-7848e66fc4ee894e
HP-00019250,HP-00019248,MOTHER_OF,1,FR-621337ec5da885dc
HP-00019254,HP-00019252,MOTHER_OF,1,FR-3fe7c3140bb46276
HP-00019258,HP-00019256,MOTHER_OF,1,FR-0e5386bfdf2bd7a2
HP-00019266,HP-00019264,MOTHER_OF,1,FR-43e27ed46fa71105
HP-00019270,HP-00019268,MOTHER_OF,1,FR-7aacc7299a375b2e
HP-00017127,HP-00019272,MOTHER_OF,1,FR-252f1d1fd62d81fa
HP-00019278,HP-00019276,MOTHER_OF,1,FR-1a068db02994c18d
HP-00019282,HP-00019280,MOTHER_OF,1,FR-b218ce6bd7cf23a2
HP-00017834,HP-00019284,MOTHER_OF,1,FR-6ae74101355a8f42
HP-00019290,HP-00019288,MOTHER_OF,1,FR-267fb370c831accf
HP-00019294,HP-00019292,MOTHER_OF,1,FR-512c9d5e2a40c050
HP-00019298,HP-00019296,MOTHER_OF,1,FR-d26754f1e1fbbfd4
HP-00019308,HP-00019306,MOTHER_OF,1,FR-c199256970a5241d
HP-00019320,HP-00019318,MOTHER_OF,1,FR-e92d3e9a25466c1f
HP-00019324,HP-00019322,MOTHER_OF,1,FR-1f1ff73fa9ca38ae
HP-00019328,HP-00019326,MOTHER_OF,1,FR-0d0f86ceb3c7238a
HP-00019337,HP-00019335,MOTHER_OF,1,FR-b6e1222514f4d219
HP-00019345,HP-00019343,MOTHER_OF,1,FR-5f402c9c8a0b6ee1
HP-00019349,HP-00019347,MOTHER_OF,1,FR-1275918ce5b16746
HP-00019353,HP-00019351,MOTHER_OF,1,FR-0ddba70521deaa2c
HP-00019357,HP-00019355,MOTHER_OF,1,FR-66f053d38721e0bb
HP-00019365,HP-00019363,MOTHER_OF,1,FR-3a6249a6d9a53307
HP-00019369,HP-00019367,MOTHER_OF,1,FR-e3133286fb2b34b6
HP-00019377,HP-00019375,MOTHER_OF,1,FR-07671b87ff023706
HP-00019381,HP-00019379,MOTHER_OF,1,FR-9fe00acce5279e9a
HP-00019385,HP-00019383,MOTHER_OF,1,FR-f775a801a99f2c9a
HP-00019389,HP-00019387,MOTHER_OF,1,FR-34cb8ed74de6980e
HP-00019393,HP-00019391,MOTHER_OF,1,FR-0d2fb09353dedc19
HP-00019397,HP-00019395,MOTHER_OF,1,FR-0465e6ea341c6dee
HP-00019401,HP-00019399,MOTHER_OF,1,FR-0d34062405c21ae2
HP-00019405,HP-00019403,MOTHER_OF,1,FR-42662060d30a6e93
HP-00019409,HP-00019407,MOTHER_OF,1,FR-169c330f02794d83
HP-00019413,HP-00019411,MOTHER_OF,1,FR-814ed03650ec128d
HP-00019421,HP-00019419,MOTHER_OF,1,FR-a7507264265eefe5
HP-00019425,HP-00019423,MOTHER_OF,1,FR-51a56cf20e607f8f
HP-00019429,HP-00019427,MOTHER_OF,1,FR-15ff67e4a9b241be
HP-00019437,HP-00019435,MOTHER_OF,1,FR-c1c16d678ce4ce88
HP-00019445,HP-00019443,MOTHER_OF,1,FR-0a462efc9d8766e8
HP-00019453,HP-00019451,MOTHER_OF,1,FR-e118eee8d0f0d0b4
HP-00019457,HP-00019455,MOTHER_OF,1,FR-28567c12d94a1ca7
HP-00019038,HP-00019463,MOTHER_OF,1,FR-3fc9bcc007d88957
HP-00019469,HP-00019467,MOTHER_OF,1,FR-2986feaf2e5235a0
HP-00019473,HP-00019471,MOTHER_OF,1,FR-eaf58bea7df8eeeb
HP-00019477,HP-00019475,MOTHER_OF,1,FR-6c97a5388df7f777
HP-00019481,HP-00019479,MOTHER_OF,1,FR-a59702b12e8af870
HP-00019485,HP-00019483,MOTHER_OF,1,FR-db2fe92887ef72e5
HP-00019489,HP-00019487,MOTHER_OF,1,FR-a86a90df2eb13364
HP-00019497,HP-00019495,MOTHER_OF,1,FR-fe7259a6aa3d11e5
HP-00019501,HP-00019499,MOTHER_OF,1,FR-9aa4ee97afedcf85
HP-00019505,HP-00019503,MOTHER_OF,1,FR-cf16a34170daab2a
HP-00019509,HP-00019507,MOTHER_OF,1,FR-0d511891d161c369
HP-00019513,HP-00019511,MOTHER_OF,1,FR-42bc7a111b9d41d0
HP-00019517,HP-00019515,MOTHER_OF,1,FR-edb00329ba9e42ea
HP-00019521,HP-00019519,MOTHER_OF,1,FR-e15ef08d543af2bd
HP-00018040,HP-00019523,MOTHER_OF,1,FR-3bd06d21b594c0d5
HP-00019529,HP-00019527,MOTHER_OF,1,FR-369130551303a598
HP-00019533,HP-00019531,MOTHER_OF,1,FR-e81c33fc701c4b86
HP-00019541,HP-00019539,MOTHER_OF,1,FR-a77a868a9acf771b
HP-00019549,HP-00019547,MOTHER_OF,1,FR-8e26d53804ba3c73
HP-00012875,HP-00019555,MOTHER_OF,1,FR-ee392399a802a679
HP-00019561,HP-00019559,MOTHER_OF,1,FR-13e580da1a0c10e5
HP-00019565,HP-00019563,MOTHER_OF,1,FR-bf542733bae709e6
HP-00019569,HP-00019567,MOTHER_OF,1,FR-15129aaf07123628
HP-00019578,HP-00019576,MOTHER_OF,1,FR-229479721bea09d8
HP-00019586,HP-00019584,MOTHER_OF,1,FR-3c53bb9adc86b86a
HP-00019594,HP-00019592,MOTHER_OF,1,FR-090ccf82c272453f
HP-00019598,HP-00019596,MOTHER_OF,1,FR-39d5b5287595492e
HP-00019602,HP-00019600,MOTHER_OF,1,FR-8a74df232ed40610
HP-00019610,HP-00019608,MOTHER_OF,1,FR-a15d54899324f1ae
HP-00019614,HP-00019612,MOTHER_OF,1,FR-339eafc6ea255b3b
HP-00019618,HP-00019616,MOTHER_OF,1,FR-6727a76bb6910604
HP-00019622,HP-00019620,MOTHER_OF,1,FR-13939404a8bc4ee4
HP-00019626,HP-00019624,MOTHER_OF,1,FR-bd12ea374e2db245
HP-00019630,HP-00019628,MOTHER_OF,1,FR-c8e4b5a9773f8c9a
HP-00019642,HP-00019640,MOTHER_OF,1,FR-484a007cae1a7f85
HP-00019650,HP-00019648,MOTHER_OF,1,FR-6600a95ec5c8c0f9
HP-00018260,HP-00019652,MOTHER_OF,1,FR-3fad05cf67ff309c
HP-00019658,HP-00019656,MOTHER_OF,1,FR-ebdf3ba42dd04006
HP-00019662,HP-00019660,MOTHER_OF,1,FR-869b01e4c4c44a40
HP-00019670,HP-00019668,MOTHER_OF,1,FR-9b474dea429f4b89
HP-00019674,HP-00019672,MOTHER_OF,1,FR-11bf1cd44d470668
HP-00019290,HP-00019676,MOTHER_OF,1,FR-a40ec518db373687
HP-00019682,HP-00019680,MOTHER_OF,1,FR-09528253ce165639
HP-00019690,HP-00019688,MOTHER_OF,1,FR-e2fbd41ebb162cc6
HP-00019694,HP-00019692,MOTHER_OF,1,FR-0b9b0cce9713793d
HP-00019698,HP-00019696,MOTHER_OF,1,FR-9c5c2bcd5f9a59dc
HP-00019702,HP-00019700,MOTHER_OF,1,FR-279c2093f522469d
HP-00019706,HP-00019704,MOTHER_OF,1,FR-be1ee6cdc58db420
HP-00019714,HP-00019712,MOTHER_OF,1,FR-c58de41781cae199
HP-00019718,HP-00019716,MOTHER_OF,1,FR-56264a407267d31f
HP-00019722,HP-00019720,MOTHER_OF,1,FR-312ee96e42e0f4f9
HP-00019726,HP-00019724,MOTHER_OF,1,FR-3b4cf8c7c1f150d4
HP-00019730,HP-00019728,MOTHER_OF,1,FR-3a2eed6fd6e22673
HP-00019734,HP-00019732,MOTHER_OF,1,FR-d2ffbffe7b9ae081
HP-00019738,HP-00019736,MOTHER_OF,1,FR-cb66126d8c6471c4
HP-00019742,HP-00019740,MOTHER_OF,1,FR-2e348c55456269aa
HP-00019750,HP-00019748,MOTHER_OF,1,FR-2382d0701e3e6534
HP-00019758,HP-00019756,MOTHER_OF,1,FR-dd5a84c098ec8514
HP-00019762,HP-00019760,MOTHER_OF,1,FR-b4862f3fef3e91ff
HP-00019774,HP-00019772,MOTHER_OF,1,FR-9b3473f12d8d5268
HP-00019778,HP-00019776,MOTHER_OF,1,FR-ac8d6f66025ec4b6
HP-00019377,HP-00019780,MOTHER_OF,1,FR-ac7a1959b737c15c
HP-00019786,HP-00019784,MOTHER_OF,1,FR-9bbd4ecf7c73a0e9
HP-00019790,HP-00019788,MOTHER_OF,1,FR-c3a59217b6ff756b
HP-00019794,HP-00019792,MOTHER_OF,1,FR-8c4a42ee5eb02829
HP-00019798,HP-00019796,MOTHER_OF,1,FR-78294fc298a237cc
HP-00019802,HP-00019800,MOTHER_OF,1,FR-9f7a787458364179
HP-00010043,HP-00019804,MOTHER_OF,1,FR-ef54dba63b3469c3
HP-00019810,HP-00019808,MOTHER_OF,1,FR-2daf3ce85f1a3c85
HP-00019814,HP-00019812,MOTHER_OF,1,FR-da9dd88e9ed4d2ea
HP-00019818,HP-00019816,MOTHER_OF,1,FR-8fb052c4f850a0d8
HP-00019822,HP-00019820,MOTHER_OF,1,FR-51d870d62408af8b
HP-00019826,HP-00019824,MOTHER_OF,1,FR-d57f1f105ce53733
HP-00019838,HP-00019836,MOTHER_OF,1,FR-54f2a9cfa2eebfe0
HP-00019846,HP-00019844,MOTHER_OF,1,FR-4796a4a5dc81b0e5
HP-00019850,HP-00019848,MOTHER_OF,1,FR-2cc3ca43c2183feb
HP-00019854,HP-00019852,MOTHER_OF,1,FR-d35de33711ce4680
HP-00019858,HP-00019856,MOTHER_OF,1,FR-7c964117d63cbecb
HP-00019862,HP-00019860,MOTHER_OF,1,FR-48ae7558213f77f5
HP-00019866,HP-00019864,MOTHER_OF,1,FR-2eb76f8169604561
HP-00019002,HP-00019868,MOTHER_OF,1,FR-1ddef0f062f4b985
HP-00019878,HP-00019876,MOTHER_OF,1,FR-84a4131d8dbce8bb
HP-00019882,HP-00019880,MOTHER_OF,1,FR-81e6a6a42c822cc1
HP-00019886,HP-00019884,MOTHER_OF,1,FR-850fa1182dc4f03f
HP-00019890,HP-00019888,MOTHER_OF,1,FR-c51e4527a8a48655
HP-00019894,HP-00019892,MOTHER_OF,1,FR-059fef1a9cd21764
HP-00019914,HP-00019912,MOTHER_OF,1,FR-6af1265c318b13ca
HP-00019918,HP-00019916,MOTHER_OF,1,FR-577054e0b2e45777
HP-00019922,HP-00019920,MOTHER_OF,1,FR-f0228d5b1676310a
HP-00018256,HP-00019928,MOTHER_OF,1,FR-1096627e2ca92746
HP-00019934,HP-00019932,MOTHER_OF,1,FR-2631d90e466dbffa
HP-00019942,HP-00019940,MOTHER_OF,1,FR-5d0e09723876e776
HP-00019946,HP-00019944,MOTHER_OF,1,FR-ae4f05bc3b5b32bf
HP-00019958,HP-00019956,MOTHER_OF,1,FR-38568aa21f02e66d
HP-00019962,HP-00019960,MOTHER_OF,1,FR-930085cfe29409a1
HP-00019966,HP-00019964,MOTHER_OF,1,FR-5e2c47483100ece4
HP-00019974,HP-00019972,MOTHER_OF,1,FR-75c83d5a6b6b9576
HP-00011366,HP-00019976,MOTHER_OF,1,FR-d7bf2e0bf9ab7a22
HP-00019986,HP-00019984,MOTHER_OF,1,FR-d9df8a45ced24c12
HP-00019990,HP-00019988,MOTHER_OF,1,FR-fae23f6d11a56acc
HP-00019994,HP-00019992,MOTHER_OF,1,FR-c5a81482421a5369
HP-00020006,HP-00020004,MOTHER_OF,1,FR-80bbd63f7d9d3881
HP-00020014,HP-00020012,MOTHER_OF,1,FR-fc9b86203beca35a
HP-00020022,HP-00020020,MOTHER_OF,1,FR-5c787d215eb5401c
HP-00020030,HP-00020028,MOTHER_OF,1,FR-af04b628643556a5
HP-00020034,HP-00020032,MOTHER_OF,1,FR-078515378bf19393
HP-00020038,HP-00020036,MOTHER_OF,1,FR-1d5b5b31f287be9f
HP-00020042,HP-00020040,MOTHER_OF,1,FR-3b9fea92542b9391
HP-00020046,HP-00020044,MOTHER_OF,1,FR-97fb4f569f5fdfcc
HP-00020062,HP-00020060,MOTHER_OF,1,FR-f8fd27452929ae45
HP-00020066,HP-00020064,MOTHER_OF,1,FR-e7b51b71bf7540d4
HP-00020078,HP-00020076,MOTHER_OF,1,FR-afcbcb6bf43515fd
HP-00020082,HP-00020080,MOTHER_OF,1,FR-d62b3817bd8f9ad9
HP-00012481,HP-00020087,MOTHER_OF,1,FR-05ad2e4428c03a96
HP-00020101,HP-00020099,MOTHER_OF,1,FR-a30998db94c26536
HP-00020109,HP-00020107,MOTHER_OF,1,FR-90cc23b76169909c
HP-00020117,HP-00020115,MOTHER_OF,1,FR-e5b074fa2a555f3c
HP-00020121,HP-00020119,MOTHER_OF,1,FR-0f912ad1e61f45db
HP-00020125,HP-00020123,MOTHER_OF,1,FR-5bd4886a932a91c0
HP-00020129,HP-00020127,MOTHER_OF,1,FR-f4f724c60412583f
HP-00020133,HP-00020131,MOTHER_OF,1,FR-036511a957fa93c7
HP-00020137,HP-00020135,MOTHER_OF,1,FR-a8b689c5330359fd
HP-00020141,HP-00020139,MOTHER_OF,1,FR-268ed1872b7c7d95
HP-00020145,HP-00020143,MOTHER_OF,1,FR-9e651e5f4d3ae2f2
HP-00020149,HP-00020147,MOTHER_OF,1,FR-704b36eba86af108
HP-00019477,HP-00020155,MOTHER_OF,2,FR-3da4dca25d8f7e6e
HP-00020161,HP-00020159,MOTHER_OF,1,FR-be3a34f6e3baaedb
HP-00020165,HP-00020163,MOTHER_OF,1,FR-5123ce7915640e86
HP-00020177,HP-00020175,MOTHER_OF,1,FR-0091fabaf3c27805
HP-00020193,HP-00020191,MOTHER_OF,1,FR-99bbd8ea0c5e36aa
HP-00020201,HP-00020199,MOTHER_OF,1,FR-b90fd3a877dbf774
HP-00020205,HP-00020203,MOTHER_OF,1,FR-ef92fc1a602c4fef
HP-00020209,HP-00020207,MOTHER_OF,1,FR-6fd569aa93342c62
HP-00020217,HP-00020215,MOTHER_OF,1,FR-94a018b4b95f85c5
HP-00020221,HP-00020219,MOTHER_OF,1,FR-bf9c4d1200156907
HP-00020225,HP-00020223,MOTHER_OF,1,FR-75858dece54ea2f7
HP-00020229,HP-00020227,MOTHER_OF,1,FR-bcdf8389c3bfe275
HP-00020241,HP-00020239,MOTHER_OF,1,FR-aedefd681fd37d91
HP-00020245,HP-00020243,MOTHER_OF,1,FR-54ed1ca84f709e6a
HP-00020249,HP-00020247,MOTHER_OF,1,FR-7c97010008606c8e
HP-00020253,HP-00020251,MOTHER_OF,1,FR-cd56214002352a30
HP-00020261,HP-00020259,MOTHER_OF,1,FR-e272b4bd4048b540
HP-00019778,HP-00020267,MOTHER_OF,1,FR-10348f3c5e50f382
HP-00020273,HP-00020271,MOTHER_OF,1,FR-8b6f3ccf8227d1eb
HP-00020289,HP-00020287,MOTHER_OF,1,FR-a9e98a67962b3bb1
HP-00020293,HP-00020291,MOTHER_OF,1,FR-662751edf15c66e2
HP-00020297,HP-00020295,MOTHER_OF,1,FR-408197d3722f7c07
HP-00020313,HP-00020311,MOTHER_OF,1,FR-a7c4e4445314457b
HP-00020329,HP-00020327,MOTHER_OF,1,FR-8d7e6a77d29c5d2c
HP-00020337,HP-00020335,MOTHER_OF,1,FR-f7e2687718218d08
HP-00020341,HP-00020339,MOTHER_OF,1,FR-76030cb047c8fac9
HP-00020349,HP-00020347,MOTHER_OF,1,FR-817e834cd9a7c839
HP-00020353,HP-00020351,MOTHER_OF,1,FR-9c4df59e68571daa
HP-00020357,HP-00020355,MOTHER_OF,1,FR-35ca028d477e95ce
HP-00020361,HP-00020359,MOTHER_OF,1,FR-1eb8e1de72b56c04
HP-00017910,HP-00020367,MOTHER_OF,1,FR-c4525a9ca139a4bd
HP-00020373,HP-00020371,MOTHER_OF,1,FR-47391accdcd4afe8
HP-00020377,HP-00020375,MOTHER_OF,1,FR-b9723f736eaad41a
HP-00020381,HP-00020379,MOTHER_OF,1,FR-bab4b77485d7724f
HP-00020389,HP-00020387,MOTHER_OF,1,FR-004ad5bada33beef
HP-00020397,HP-00020395,MOTHER_OF,1,FR-92bf236a79340592
HP-00020405,HP-00020403,MOTHER_OF,1,FR-94caf9620ebecb98
HP-00020409,HP-00020407,MOTHER_OF,1,FR-c9113aa87cd29b84
HP-00020413,HP-00020411,MOTHER_OF,1,FR-c5afa68c781c8c5d
HP-00020417,HP-00020415,MOTHER_OF,1,FR-5ebc9a13fded9aae
HP-00019662,HP-00020419,MOTHER_OF,1,FR-9d3f1495e45895d3
HP-00020429,HP-00020427,MOTHER_OF,1,FR-8e2dfe182467c3ad
HP-00013704,HP-00020431,MOTHER_OF,1,FR-041f27751e7b71da
HP-00020437,HP-00020435,MOTHER_OF,1,FR-b5283c6bf44b2c55
HP-00020449,HP-00020447,MOTHER_OF,1,FR-cb57a60244a7cd2e
HP-00020461,HP-00020459,MOTHER_OF,1,FR-cb53dfe348434bad
HP-00020465,HP-00020463,MOTHER_OF,1,FR-4b97563d735a913c
HP-00020469,HP-00020467,MOTHER_OF,1,FR-343a45d6efe32f65
HP-00020473,HP-00020471,MOTHER_OF,1,FR-33c5fcf1e8ce623d
HP-00020477,HP-00020475,MOTHER_OF,1,FR-35c138808876ee22
HP-00020485,HP-00020483,MOTHER_OF,1,FR-d788facf25cb546f
HP-00020501,HP-00020499,MOTHER_OF,1,FR-1a7a3e7c9d1ba0f6
HP-00020505,HP-00020503,MOTHER_OF,1,FR-445515fe50a4903e
HP-00019594,HP-00020511,MOTHER_OF,1,FR-a9dc2409e2e450a9
HP-00020521,HP-00020519,MOTHER_OF,1,FR-e34b3a21b6839a2d
HP-00020525,HP-00020523,MOTHER_OF,2,FR-c4ae3c09ecf2b6de
HP-00020529,HP-00020527,MOTHER_OF,1,FR-a37df657b28fa39f
HP-00020533,HP-00020531,MOTHER_OF,1,FR-0dd703ab137255a3
HP-00019074,HP-00020535,MOTHER_OF,1,FR-07ea180be2913e6c
HP-00020549,HP-00020547,MOTHER_OF,1,FR-5614fda52b673ca7
HP-00020557,HP-00020555,MOTHER_OF,1,FR-8181bc92327cd674
HP-00020569,HP-00020567,MOTHER_OF,1,FR-04eaca3984162009
HP-00020573,HP-00020571,MOTHER_OF,1,FR-8f2ad80169743bfb
HP-00020577,HP-00020575,MOTHER_OF,1,FR-73871c0c52a8315a
HP-00020581,HP-00020579,MOTHER_OF,1,FR-3c6d9957586001de
HP-00020585,HP-00020583,MOTHER_OF,1,FR-688b6ad065e314cd
HP-00020589,HP-00020587,MOTHER_OF,1,FR-98fa3809494cd2cd
HP-00020593,HP-00020591,MOTHER_OF,1,FR-b20fb168f890b04f
HP-00020605,HP-00020603,MOTHER_OF,1,FR-7c8e923dbf442beb
HP-00019586,HP-00020615,MOTHER_OF,1,FR-5ef5d1195db9cc01
HP-00020621,HP-00020619,MOTHER_OF,1,FR-b34d001327d40906
HP-00020637,HP-00020635,MOTHER_OF,1,FR-b0eec0e4b686ba0e
HP-00020641,HP-00020639,MOTHER_OF,1,FR-1537d19ed8468356
HP-00020649,HP-00020647,MOTHER_OF,1,FR-dc12c3740c7a80bd
HP-00020653,HP-00020651,MOTHER_OF,1,FR-12fe594eeec358d1
HP-00020657,HP-00020655,MOTHER_OF,1,FR-c63792358bd308b1
HP-00020661,HP-00020659,MOTHER_OF,1,FR-e354b71b0c09317a
HP-00020665,HP-00020663,MOTHER_OF,1,FR-f37837fcdc062585
HP-00020669,HP-00020667,MOTHER_OF,1,FR-a869b6338b8bdeda
HP-00020673,HP-00020671,MOTHER_OF,1,FR-ce5ee60a0bd3121f
HP-00020677,HP-00020675,MOTHER_OF,1,FR-4e3fdd0f066c0bbe
HP-00020685,HP-00020683,MOTHER_OF,1,FR-8ddaa2b6ae358174
HP-00020689,HP-00020687,MOTHER_OF,1,FR-ddaafd3115fbf8ab
HP-00020693,HP-00020691,MOTHER_OF,1,FR-ea8872339c06a24a
HP-00020078,HP-00020695,MOTHER_OF,1,FR-e95e039abde58273
HP-00020701,HP-00020699,MOTHER_OF,1,FR-1ff9bb3df4bd71e5
HP-00020717,HP-00020715,MOTHER_OF,1,FR-737c75cc2a19cfe9
HP-00020721,HP-00020719,MOTHER_OF,1,FR-b9c1b432b26d1cb2
HP-00020725,HP-00020723,MOTHER_OF,1,FR-70f136b8720aa600
HP-00020729,HP-00020727,MOTHER_OF,1,FR-a99cfc763aa1445a
HP-00020733,HP-00020731,MOTHER_OF,1,FR-3166acfbe4ebfc71
HP-00020737,HP-00020735,MOTHER_OF,1,FR-20f77ff930690e35
HP-00020740,HP-00020739,MOTHER_OF,1,FR-3480d3fa1f7c7752
HP-00020747,HP-00020745,MOTHER_OF,1,FR-9badd2752a5d0989
HP-00020751,HP-00020749,MOTHER_OF,1,FR-550dc6173ba59fdc
HP-00019038,HP-00020753,MOTHER_OF,1,FR-d6b99a9f91ce13b8
HP-00020759,HP-00020757,MOTHER_OF,1,FR-fade58f54dad8cd9
HP-00020767,HP-00020765,MOTHER_OF,1,FR-3a4e2eb9717e0e58
HP-00020771,HP-00020769,MOTHER_OF,1,FR-81186ad49e288a2a
HP-00020774,HP-00020772,MOTHER_OF,1,FR-baf133f25facf3fc
HP-00020786,HP-00020784,MOTHER_OF,1,FR-84638df6edd12f1c
HP-00020790,HP-00020788,MOTHER_OF,1,FR-7c428b1cd5246053
HP-00019822,HP-00020800,MOTHER_OF,1,FR-e1ce64e747ddd2f0
HP-00020022,HP-00020808,MOTHER_OF,1,FR-a94384aa2df9d93e
HP-00020814,HP-00020812,MOTHER_OF,1,FR-ae61003359eaca86
HP-00020822,HP-00020820,MOTHER_OF,1,FR-2eabda95fc090d12
HP-00019469,HP-00020824,MOTHER_OF,1,FR-070a3c7eb40acd7a
HP-00012481,HP-00020828,MOTHER_OF,1,FR-b185aa46633c9e24
HP-00020838,HP-00020836,MOTHER_OF,1,FR-588c7c05c567e4b7
HP-00020842,HP-00020840,MOTHER_OF,1,FR-cb306bfbf376dc44
HP-00020854,HP-00020852,MOTHER_OF,1,FR-5c476ae68710a04f
HP-00020862,HP-00020860,MOTHER_OF,1,FR-03100e778b0beafd
HP-00020870,HP-00020868,MOTHER_OF,1,FR-371eaec2305c1c26
HP-00020874,HP-00020872,MOTHER_OF,1,FR-f1b3e58618a2018f
HP-00020882,HP-00020880,MOTHER_OF,1,FR-4cd5b7856cff4695
HP-00020886,HP-00020884,MOTHER_OF,1,FR-ce1d7f33628ef989
HP-00020890,HP-00020888,MOTHER_OF,1,FR-bd9acbd51d399b76
HP-00019282,HP-00020892,MOTHER_OF,1,FR-5adcb402159978a9
HP-00020902,HP-00020900,MOTHER_OF,1,FR-00a03a5bdcf94531
HP-00020906,HP-00020904,MOTHER_OF,1,FR-ad74170ff837a1de
HP-00020910,HP-00020908,MOTHER_OF,1,FR-a652560002a4d702
HP-00020914,HP-00020912,MOTHER_OF,1,FR-c264e182e53621cb
HP-00019922,HP-00020916,MOTHER_OF,1,FR-f180f25db96bf9de
HP-00020922,HP-00020920,MOTHER_OF,1,FR-1e675bdd46da39bb
HP-00020926,HP-00020924,MOTHER_OF,1,FR-adf99727323616a3
HP-00020934,HP-00020932,MOTHER_OF,1,FR-5f296923bb93b06d
HP-00019477,HP-00020936,MOTHER_OF,1,FR-4714d078d8a00278
HP-00020942,HP-00020940,MOTHER_OF,1,FR-f7b9c3c2d28128b7
HP-00020946,HP-00020944,MOTHER_OF,1,FR-eea369b9640e4021
HP-00020954,HP-00020952,MOTHER_OF,1,FR-4629b0866ac17dc7
HP-00020958,HP-00020956,MOTHER_OF,1,FR-a2a984f34f678f8a
HP-00020261,HP-00020968,MOTHER_OF,1,FR-481d6c78c546478e
HP-00020974,HP-00020972,MOTHER_OF,1,FR-576323715fc6a206
HP-00020978,HP-00020976,MOTHER_OF,1,FR-12434f795dff17ca
HP-00019481,HP-00020980,MOTHER_OF,1,FR-4d5d7cfcb4e23e79
HP-00020986,HP-00020984,MOTHER_OF,1,FR-49b3c1587f48c066
HP-00020998,HP-00020996,MOTHER_OF,1,FR-ddad09801ac7f600
HP-00019304,HP-00021000,MOTHER_OF,1,FR-a523cc78de0aa3b9
HP-00021006,HP-00021004,MOTHER_OF,1,FR-7f408cd25c5191f7
HP-00021014,HP-00021012,MOTHER_OF,1,FR-e5988a189ec635e4
HP-00021018,HP-00021016,MOTHER_OF,1,FR-eb4f240bebecb915
HP-00021026,HP-00021024,MOTHER_OF,1,FR-a7a5c882fc8d012d
HP-00021029,HP-00021028,MOTHER_OF,1,FR-17498f98d0036697
HP-00020042,HP-00021031,MOTHER_OF,1,FR-3a565f087c00a0d4
HP-00021037,HP-00021035,MOTHER_OF,1,FR-53b4c534960ac436
HP-00021045,HP-00021043,MOTHER_OF,1,FR-3ebd7aec3f0baa95
HP-00021053,HP-00021051,MOTHER_OF,1,FR-69515f8265d3fb4e
HP-00021057,HP-00021055,MOTHER_OF,1,FR-41253947c05c39cd
HP-00021061,HP-00021059,MOTHER_OF,1,FR-8a52e343908618d5
HP-00021065,HP-00021063,MOTHER_OF,1,FR-dbe06efd5421b179
HP-00020078,HP-00021067,MOTHER_OF,1,FR-802fa2fe50632834
HP-00021073,HP-00021071,MOTHER_OF,1,FR-83950ba016d9353d
HP-00021089,HP-00021087,MOTHER_OF,1,FR-a5d15d38063d9e80
HP-00021093,HP-00021091,MOTHER_OF,1,FR-c54c33e147ffd18f
HP-00021101,HP-00021099,MOTHER_OF,1,FR-cb13853a642ef260
HP-00021105,HP-00021103,MOTHER_OF,1,FR-6ab73d5fe3d85104
HP-00021109,HP-00021107,MOTHER_OF,1,FR-47d134579b626a71
HP-00021112,HP-00021110,MOTHER_OF,1,FR-2a7bd6229fe1abbd
HP-00021116,HP-00021114,MOTHER_OF,1,FR-b552848d2aac046d
HP-00021124,HP-00021122,MOTHER_OF,1,FR-7e0426162dd46d68
HP-00021140,HP-00021138,MOTHER_OF,1,FR-55a5bb3075a59291
HP-00021144,HP-00021142,MOTHER_OF,1,FR-0841d02557821eb1
HP-00021148,HP-00021146,MOTHER_OF,1,FR-aa1ce89f28b3719f
HP-00021156,HP-00021154,MOTHER_OF,1,FR-4cfcfe41adf24b87
HP-00021160,HP-00021158,MOTHER_OF,1,FR-040088e9bb202e7f
HP-00021164,HP-00021162,MOTHER_OF,1,FR-52a97ffbfd1aa9db
HP-00021168,HP-00021166,MOTHER_OF,1,FR-8187fc0e768fe339
HP-00021176,HP-00021174,MOTHER_OF,1,FR-e2833f5e4604ed89
HP-00021184,HP-00021182,MOTHER_OF,1,FR-71f9f51e03491159
HP-00021196,HP-00021194,MOTHER_OF,1,FR-f4fda3f2e5c0bd38
HP-00021208,HP-00021206,MOTHER_OF,1,FR-bf028ecaeaf9a1a4
HP-00020353,HP-00021210,MOTHER_OF,1,FR-3f21791a4ef97e5e
HP-00021220,HP-00021218,MOTHER_OF,1,FR-74e9d129598b2999
HP-00021224,HP-00021222,MOTHER_OF,1,FR-a106fbc5c7a8e9d3
HP-00021236,HP-00021234,MOTHER_OF,1,FR-e0fa8e26735edc46
HP-00012958,HP-00021246,MOTHER_OF,1,FR-d25a203857b16831
HP-00020429,HP-00021254,MOTHER_OF,1,FR-11e8623d0ca97210
HP-00021260,HP-00021258,MOTHER_OF,1,FR-8dcbaf5e2388fb4a
HP-00021264,HP-00021262,MOTHER_OF,1,FR-9eaff58b679b58fc
HP-00021268,HP-00021266,MOTHER_OF,1,FR-6faa1ae9320603cc
HP-00021272,HP-00021270,MOTHER_OF,1,FR-840dc22d8a4162bd
HP-00021276,HP-00021274,MOTHER_OF,1,FR-11ebedfebd1281f1
HP-00021284,HP-00021282,MOTHER_OF,1,FR-8ccd7484d0250620
HP-00021288,HP-00021286,MOTHER_OF,1,FR-337603a6b1bfef9b
HP-00019702,HP-00021290,MOTHER_OF,1,FR-dc0ccc47639d639b
HP-00020413,HP-00021294,MOTHER_OF,1,FR-ad8947c38f3f28a6
HP-00021300,HP-00021298,MOTHER_OF,1,FR-88af5d471f48c57b
HP-00021308,HP-00021306,MOTHER_OF,1,FR-02263425cce70214
HP-00021312,HP-00021310,MOTHER_OF,1,FR-726528e418cbc04d
HP-00019850,HP-00021322,MOTHER_OF,1,FR-1ef6cc9081b1b491
HP-00021340,HP-00021338,MOTHER_OF,1,FR-31764a652ee54057
HP-00021352,HP-00021350,MOTHER_OF,1,FR-02af7120944308fb
HP-00021356,HP-00021354,MOTHER_OF,1,FR-4998c19fc9e5916d
HP-00013704,HP-00021358,MOTHER_OF,1,FR-226cb7d9d2aa23cc
HP-00021368,HP-00021366,MOTHER_OF,1,FR-a9f5c26e4717424b
HP-00021380,HP-00021378,MOTHER_OF,1,FR-8f8ff39225523009
HP-00021384,HP-00021382,MOTHER_OF,1,FR-8d2749333121a463
HP-00021388,HP-00021386,MOTHER_OF,1,FR-fb7933600ae29427
HP-00021393,HP-00021391,MOTHER_OF,1,FR-daf81106eea1664a
HP-00019946,HP-00021395,MOTHER_OF,1,FR-0a6af82492b48af0
HP-00021401,HP-00021399,MOTHER_OF,1,FR-a690a63413bec3e1
HP-00020493,HP-00021403,MOTHER_OF,1,FR-6fe14ae95fd2ea45
HP-00021413,HP-00021411,MOTHER_OF,1,FR-714c83515136d065
HP-00021417,HP-00021415,MOTHER_OF,1,FR-8b4d7e390a3ee7a5
HP-00021421,HP-00021419,MOTHER_OF,1,FR-09896243139f7545
HP-00021429,HP-00021427,MOTHER_OF,1,FR-0049399ae119635c
HP-00021437,HP-00021435,MOTHER_OF,1,FR-f49dc3031b582ba7
HP-00021445,HP-00021443,MOTHER_OF,1,FR-2b13564151d5bc5b
HP-00020661,HP-00021451,MOTHER_OF,1,FR-e5c84a4cae176cb6
HP-00020609,HP-00021455,MOTHER_OF,2,FR-e834083e0064fa90
HP-00021461,HP-00021459,MOTHER_OF,1,FR-6b4f6b7d072fd33a
HP-00021465,HP-00021463,MOTHER_OF,1,FR-880ab872df13d0ab
HP-00015407,HP-00021471,MOTHER_OF,1,FR-abfd868ace274e89
HP-00021477,HP-00021475,MOTHER_OF,1,FR-964f76e3e10c84db
HP-00021481,HP-00021479,MOTHER_OF,1,FR-9a21879505b3a85a
HP-00019610,HP-00021483,MOTHER_OF,1,FR-c58e32bde698a7bd
HP-00021489,HP-00021487,MOTHER_OF,1,FR-c8b3a133e1359d10
HP-00019778,HP-00021491,MOTHER_OF,1,FR-fe82153fe42f9f44
HP-00021497,HP-00021495,MOTHER_OF,1,FR-270f0fe63f48fad2
HP-00021505,HP-00021503,MOTHER_OF,1,FR-8091cf537ce2f2e2
HP-00021513,HP-00021511,MOTHER_OF,1,FR-24ead43b5f666f72
HP-00021524,HP-00021522,MOTHER_OF,1,FR-98f5986939347e6b
HP-00021532,HP-00021530,MOTHER_OF,1,FR-609c0b3b2b4c4a95
HP-00021544,HP-00021542,MOTHER_OF,1,FR-3c4d7d5e866bf361
HP-00021548,HP-00021546,MOTHER_OF,1,FR-aecd6d0c40610129
HP-00021552,HP-00021550,MOTHER_OF,1,FR-65c8c77520feafc3
HP-00021556,HP-00021554,MOTHER_OF,1,FR-16051d779f8395e3
HP-00021560,HP-00021558,MOTHER_OF,1,FR-ab0094686e7f4538
HP-00011366,HP-00021566,MOTHER_OF,1,FR-fdbd267ded55e111
HP-00021576,HP-00021574,MOTHER_OF,1,FR-a16662fcb6d540db
HP-00021587,HP-00021585,MOTHER_OF,1,FR-29d5e041e31dbdbc
HP-00021595,HP-00021593,MOTHER_OF,1,FR-9e7f8952398ee99e
HP-00021599,HP-00021597,MOTHER_OF,1,FR-caa4d35784fe19fe
HP-00021607,HP-00021605,MOTHER_OF,1,FR-74ca70f68908e059
HP-00021611,HP-00021609,MOTHER_OF,1,FR-64176f7a2ade28d8
HP-00021615,HP-00021613,MOTHER_OF,1,FR-bb0e5ffe06dbe76d
HP-00021619,HP-00021617,MOTHER_OF,1,FR-d280af4b23e2c554
HP-00021623,HP-00021621,MOTHER_OF,1,FR-8048871fffe2d124
HP-00021627,HP-00021625,MOTHER_OF,1,FR-a8bbdb02d9d76d4d
HP-00021635,HP-00021633,MOTHER_OF,1,FR-b5a5a57d9395a2d6
HP-00020946,HP-00021637,MOTHER_OF,1,FR-00a69ba1cffa6a3d
HP-00021643,HP-00021641,MOTHER_OF,1,FR-18ea6a5224576961
HP-00021647,HP-00021645,MOTHER_OF,1,FR-5af2c57a222633d9
HP-00021651,HP-00021649,MOTHER_OF,1,FR-83c1e4aacf428a45
HP-00020413,HP-00021653,MOTHER_OF,1,FR-b24e956c48cdc5f0
HP-00021489,HP-00021657,MOTHER_OF,1,FR-78fb1b6a8c46d6d6
HP-00021520,HP-00021661,MOTHER_OF,1,FR-f5fe95a86e43d63f
HP-00021667,HP-00021665,MOTHER_OF,1,FR-8c53f97031f4598b
HP-00021671,HP-00021669,MOTHER_OF,1,FR-d6bbb1a4ad3ef23e
HP-00021678,HP-00021677,MOTHER_OF,1,FR-fee5db5369c17683
HP-00021682,HP-00021680,MOTHER_OF,1,FR-511c66304c4a9110
HP-00021686,HP-00021684,MOTHER_OF,1,FR-fe67de9120dbefb7
HP-00021690,HP-00021688,MOTHER_OF,1,FR-9b2ae7aa6e56ef08
HP-00021694,HP-00021692,MOTHER_OF,1,FR-065ef56fb645f774
HP-00021700,HP-00021698,MOTHER_OF,1,FR-26f0d43903c7c28b
HP-00021708,HP-00021706,MOTHER_OF,1,FR-ef4d67f0e1e22c90
HP-00021712,HP-00021711,MOTHER_OF,1,FR-0a925dec0bb835d7
HP-00021720,HP-00021718,MOTHER_OF,1,FR-d216ead502ebed4b
HP-00020898,HP-00021722,MOTHER_OF,1,FR-218e50900554bd93
HP-00021732,HP-00021730,MOTHER_OF,1,FR-ff1b5905b7f663fa
HP-00020465,HP-00021734,MOTHER_OF,1,FR-8a20f35cff29f93a
HP-00021740,HP-00021738,MOTHER_OF,1,FR-f8c28e6862f2f479
HP-00019533,HP-00021749,MOTHER_OF,1,FR-342cd3fb070fc490
HP-00021759,HP-00021757,MOTHER_OF,1,FR-bfb46a11d57f8afe
HP-00019258,HP-00021764,MOTHER_OF,1,FR-f71c2d450405b2db
HP-00021770,HP-00021768,MOTHER_OF,1,FR-6c561bd20e96839d
HP-00021774,HP-00021772,MOTHER_OF,1,FR-a2e25a7a9a8b0e35
HP-00019469,HP-00021776,MOTHER_OF,1,FR-9fdbcae40c3f8e8b
HP-00021782,HP-00021780,MOTHER_OF,1,FR-5f8f7d1454f31219
HP-00021786,HP-00021784,MOTHER_OF,2,FR-2fcb852de67f3d9f
HP-00021794,HP-00021792,MOTHER_OF,2,FR-1f493b7ed41777d9
HP-00021802,HP-00021800,MOTHER_OF,1,FR-06f75acff485173b
HP-00021806,HP-00021804,MOTHER_OF,1,FR-f2af5d1f79a84835
HP-00021814,HP-00021812,MOTHER_OF,1,FR-1ed68870f042d8b1
HP-00021818,HP-00021816,MOTHER_OF,1,FR-e920a9b7217cc0b9
HP-00021822,HP-00021820,MOTHER_OF,1,FR-5785718179cc384c
HP-00019002,HP-00021832,MOTHER_OF,1,FR-a49bf88754bb401a
HP-00021838,HP-00021836,MOTHER_OF,1,FR-90057bc12a340853
HP-00021842,HP-00021840,MOTHER_OF,1,FR-fd8d5f7dfc8d5b67
HP-00021846,HP-00021844,MOTHER_OF,1,FR-8f224fdd4b5dd973
HP-00021850,HP-00021848,MOTHER_OF,1,FR-4146e511cdc625c6
HP-00021858,HP-00021856,MOTHER_OF,1,FR-7283f991e070821c
HP-00021862,HP-00021860,MOTHER_OF,1,FR-7b66e8bfd3ac4fc4
HP-00012875,HP-00021868,MOTHER_OF,1,FR-4abecb381c49f71f
HP-00021874,HP-00021872,MOTHER_OF,1,FR-21f2fe575bcd6882
HP-00021882,HP-00021880,MOTHER_OF,1,FR-c43a8a66d0f2a586
HP-00021886,HP-00021884,MOTHER_OF,1,FR-ec6159bcd3642267
HP-00021782,HP-00021888,MOTHER_OF,1,FR-c3aaaacca1ff4178
HP-00021802,HP-00021908,MOTHER_OF,1,FR-cb5ea87b2a3ee24e
HP-00021806,HP-00021912,MOTHER_OF,1,FR-4fcf080cc466c619
HP-00021814,HP-00021920,MOTHER_OF,1,FR-ae0d6793af037c80
HP-00021930,HP-00021928,MOTHER_OF,1,FR-d24ac7740057c038
HP-00021938,HP-00021936,MOTHER_OF,1,FR-1dcbefb51a116dc3
HP-00021946,HP-00021944,MOTHER_OF,1,FR-8fb74e9bf337c370
HP-00021950,HP-00021948,MOTHER_OF,1,FR-31917ed8d4cb29e7
HP-00021962,HP-00021960,MOTHER_OF,1,FR-07f0981c453d7f11
HP-00021966,HP-00021964,MOTHER_OF,1,FR-b3c40e3e81494b01
HP-00020814,HP-00021968,MOTHER_OF,1,FR-ce62a9db90b12461
HP-00020733,HP-00021972,MOTHER_OF,1,FR-ca3b14932e422d08
HP-00021978,HP-00021976,MOTHER_OF,1,FR-a88e34607464985f
HP-00021982,HP-00021980,MOTHER_OF,1,FR-963c30ef724d5ede
HP-00021985,HP-00021983,MOTHER_OF,1,FR-46bf703daf49f189
HP-00021989,HP-00021987,MOTHER_OF,1,FR-63eb09799499f6a3
HP-00021993,HP-00021991,MOTHER_OF,1,FR-f6711dbb738357df
HP-00022001,HP-00021999,MOTHER_OF,1,FR-697f9d9fbff5bd6e
HP-00022005,HP-00022003,MOTHER_OF,1,FR-3a468f0077d290c8
HP-00022009,HP-00022007,MOTHER_OF,1,FR-523a61385047672d
HP-00022017,HP-00022015,MOTHER_OF,1,FR-4593d5c5e6059462
HP-00022021,HP-00022019,MOTHER_OF,1,FR-c906d856802dbf1a
HP-00020293,HP-00022031,MOTHER_OF,1,FR-65b456641ad6ac5b
HP-00022037,HP-00022035,MOTHER_OF,1,FR-36e6b182c6f6c1d8
HP-00022041,HP-00022039,MOTHER_OF,1,FR-610ef9ede8a846ae
HP-00022045,HP-00022043,MOTHER_OF,1,FR-02f4764039e64426
HP-00022049,HP-00022047,MOTHER_OF,1,FR-6ae5df70a0471dbf
HP-00022053,HP-00022051,MOTHER_OF,1,FR-d49d23ab1578d1fd
HP-00013400,HP-00022059,MOTHER_OF,1,FR-ff26d2c9a9caea56
HP-00022073,HP-00022071,MOTHER_OF,1,FR-47ddbc44426d7615
HP-00022077,HP-00022075,MOTHER_OF,1,FR-a3f42ba9ab5a9f11
HP-00022081,HP-00022079,MOTHER_OF,1,FR-61a4fa4f7069b6ee
HP-00022085,HP-00022083,MOTHER_OF,1,FR-4103ced452a43649
HP-00022093,HP-00022091,MOTHER_OF,1,FR-029922a985753fd6
HP-00022101,HP-00022099,MOTHER_OF,2,FR-6c983dddf44535d3
HP-00022105,HP-00022103,MOTHER_OF,1,FR-54430d7265ef78d7
HP-00020862,HP-00022107,MOTHER_OF,1,FR-015135b6e75725cd
HP-00022113,HP-00022111,MOTHER_OF,1,FR-a1f8bb7639f84175
HP-00022117,HP-00022115,MOTHER_OF,1,FR-4357387efd0b78f6
HP-00022121,HP-00022119,MOTHER_OF,1,FR-4d90fcdb0b291237
HP-00022129,HP-00022127,MOTHER_OF,1,FR-39190511bfa17c4e
HP-00022133,HP-00022131,MOTHER_OF,1,FR-7876fc8b20cdf0c3
HP-00022153,HP-00022151,MOTHER_OF,1,FR-3221133c74df514b
HP-00022157,HP-00022155,MOTHER_OF,1,FR-31ad45f6270d2730
HP-00022161,HP-00022159,MOTHER_OF,1,FR-bf0ae2384f5b8ac2
HP-00022165,HP-00022163,MOTHER_OF,1,FR-4b098e9c573c6add
HP-00022169,HP-00022167,MOTHER_OF,1,FR-88e06717a87298cb
HP-00022173,HP-00022171,MOTHER_OF,1,FR-9f68232e685a9d75
HP-00022177,HP-00022175,MOTHER_OF,1,FR-3b06e6f72c69998d
HP-00022181,HP-00022179,MOTHER_OF,1,FR-87f1d6537e718f4f
HP-00022185,HP-00022183,MOTHER_OF,1,FR-69312273fd9fecae
HP-00022189,HP-00022187,MOTHER_OF,1,FR-761fa9d6394e58b8
HP-00022193,HP-00022191,MOTHER_OF,1,FR-0f3afaee773273a4
HP-00022197,HP-00022195,MOTHER_OF,1,FR-34afd3f70f4f22bf
HP-00022201,HP-00022199,MOTHER_OF,1,FR-c086021d8957f80f
HP-00021081,HP-00022203,MOTHER_OF,1,FR-39a86339719541b2
HP-00022209,HP-00022207,MOTHER_OF,1,FR-805aa38481c91ef0
HP-00022218,HP-00022216,MOTHER_OF,1,FR-d973c1b3aed5525d
HP-00022222,HP-00022220,MOTHER_OF,1,FR-8b125da57f78f259
HP-00020429,HP-00022224,MOTHER_OF,1,FR-51f06cc2a106a18e
HP-00021276,HP-00022228,MOTHER_OF,1,FR-979fd22d7992850a
HP-00022238,HP-00022236,MOTHER_OF,1,FR-2e38587e5ffc5dbb
HP-00022242,HP-00022240,MOTHER_OF,1,FR-ead535616388c2f0
HP-00022245,HP-00022243,MOTHER_OF,1,FR-7b8075f313014d4b
HP-00022265,HP-00022263,MOTHER_OF,1,FR-706a4d3d65d0baf2
HP-00022269,HP-00022267,MOTHER_OF,1,FR-0fa6c260c50144ad
HP-00022277,HP-00022275,MOTHER_OF,1,FR-ae6dfdf99f9ac819
HP-00022281,HP-00022279,MOTHER_OF,1,FR-20f2403995f49ffe
HP-00019914,HP-00022283,MOTHER_OF,1,FR-519012a52ab283d5
HP-00022288,HP-00022287,MOTHER_OF,1,FR-0f3c82888ec4fa51
HP-00019914,HP-00022294,MOTHER_OF,1,FR-56e7e368f9018dab
HP-00022300,HP-00022298,MOTHER_OF,1,FR-942fca0853252115
HP-00022173,HP-00022302,MOTHER_OF,1,FR-a9d6c092915a2a0c
HP-00022308,HP-00022306,MOTHER_OF,1,FR-59e69bf8e136b2b9
HP-00022324,HP-00022322,MOTHER_OF,1,FR-42ea691e86d856f7
HP-00022328,HP-00022326,MOTHER_OF,1,FR-057e4172863efe41
HP-00022332,HP-00022330,MOTHER_OF,1,FR-1c41539e0fcc703a
HP-00022336,HP-00022334,MOTHER_OF,1,FR-3c55fa05b1310b6d
HP-00022348,HP-00022346,MOTHER_OF,1,FR-7005614a5dfd180a
HP-00022352,HP-00022350,MOTHER_OF,1,FR-516ff1cf7bbda6c5
HP-00019914,HP-00022354,MOTHER_OF,1,FR-e141fb840c532ff5
HP-00022360,HP-00022358,MOTHER_OF,1,FR-60f8390002f47435
HP-00022364,HP-00022362,MOTHER_OF,1,FR-31a9508f33a2cc34
HP-00022367,HP-00022365,MOTHER_OF,1,FR-51c4d3d49d5f2f8e
HP-00022371,HP-00022369,MOTHER_OF,1,FR-59d41b2aea929561
HP-00022375,HP-00022373,MOTHER_OF,1,FR-e54efa7450298efb
HP-00022379,HP-00022377,MOTHER_OF,1,FR-e2b4e491e796add1
HP-00022387,HP-00022385,MOTHER_OF,1,FR-84d8826967756326
HP-00022391,HP-00022389,MOTHER_OF,1,FR-a92ce4a776024e8a
HP-00022399,HP-00022397,MOTHER_OF,1,FR-a8d3a1800cf2ea77
HP-00022403,HP-00022401,MOTHER_OF,1,FR-b109b9598488c113
HP-00022407,HP-00022405,MOTHER_OF,1,FR-4f940eded999fb01
HP-00022411,HP-00022409,MOTHER_OF,1,FR-5156a8f98ab099c9
HP-00022073,HP-00022413,MOTHER_OF,1,FR-8a71efaf170db645
HP-00022419,HP-00022417,MOTHER_OF,1,FR-971bc407d2d7e360
HP-00022431,HP-00022429,MOTHER_OF,1,FR-933b710d5ad579ad
HP-00022439,HP-00022437,MOTHER_OF,1,FR-6076e3c2cc3e27c4
HP-00012958,HP-00022445,MOTHER_OF,1,FR-a776affc0367322f
HP-00022451,HP-00022449,MOTHER_OF,1,FR-602b9200dfdecdbf
HP-00022455,HP-00022453,MOTHER_OF,1,FR-26621a389d82fb61
HP-00022459,HP-00022457,MOTHER_OF,1,FR-16c41db89d7580cc
HP-00022463,HP-00022461,MOTHER_OF,1,FR-3be45e5ff5a1834e
HP-00022467,HP-00022465,MOTHER_OF,1,FR-e83c97d20a2b759c
HP-00022471,HP-00022469,MOTHER_OF,1,FR-2611a1a781eb85eb
HP-00022475,HP-00022473,MOTHER_OF,1,FR-1d742bf8f3e32325
HP-00022479,HP-00022477,MOTHER_OF,1,FR-68f73baa7ffee131
HP-00022483,HP-00022481,MOTHER_OF,1,FR-bbc12562c72e37d6
HP-00022487,HP-00022485,MOTHER_OF,1,FR-190273991189ab8b
HP-00022491,HP-00022489,MOTHER_OF,1,FR-20ece58de45b19cb
HP-00022495,HP-00022493,MOTHER_OF,1,FR-582d83895e5cd071
HP-00022506,HP-00022504,MOTHER_OF,1,FR-8effba7d1cd02142
HP-00022510,HP-00022508,MOTHER_OF,1,FR-9cdb31df7e3c0206
HP-00022514,HP-00022512,MOTHER_OF,1,FR-446e0fe607af2a4a
HP-00022518,HP-00022516,MOTHER_OF,1,FR-add5550e7f08f794
HP-00022522,HP-00022520,MOTHER_OF,1,FR-bd518f912cbd8e7d
HP-00022526,HP-00022524,MOTHER_OF,1,FR-8f7a036531c1c74a
HP-00022545,HP-00022543,MOTHER_OF,1,FR-3b7324be7a20be76
HP-00015267,HP-00022547,MOTHER_OF,1,FR-5e70d8d60e880bea
HP-00022553,HP-00022551,MOTHER_OF,1,FR-c91ec27c5f635fe7
HP-00011008,HP-00022554,MOTHER_OF,1,FR-7fed6268d0d00ec7
HP-00022560,HP-00022558,MOTHER_OF,1,FR-594ac21e12ca1db9
HP-00022564,HP-00022562,MOTHER_OF,1,FR-ec015b655d044649
HP-00022568,HP-00022566,MOTHER_OF,1,FR-a1b03967774b1e2c
HP-00022572,HP-00022570,MOTHER_OF,1,FR-3c1824f264de8f67
HP-00022580,HP-00022578,MOTHER_OF,1,FR-7e48776843dfc9e9
HP-00022584,HP-00022582,MOTHER_OF,1,FR-3a996b92f2141e91
HP-00022587,HP-00022585,MOTHER_OF,1,FR-bb5e35f1e86793c9
HP-00014512,HP-00022592,MOTHER_OF,1,FR-c2d5dc6ee7a5d706
HP-00022598,HP-00022596,MOTHER_OF,1,FR-edea7b3fec4e96d2
HP-00022602,HP-00022600,MOTHER_OF,1,FR-b9583cb0c5ba1903
HP-00022606,HP-00022604,MOTHER_OF,1,FR-311bdd01744b6f88
HP-00022609,HP-00022607,MOTHER_OF,1,FR-f2d6201ba93508d8
HP-00022613,HP-00022611,MOTHER_OF,1,FR-15adacc96e6e105e
HP-00022621,HP-00022619,MOTHER_OF,1,FR-bcbecc95136538e3
HP-00022625,HP-00022623,MOTHER_OF,1,FR-a3b343d551c774f3
HP-00022641,HP-00022639,MOTHER_OF,1,FR-95de9c3131277dc7
HP-00022649,HP-00022647,MOTHER_OF,1,FR-853fbb5aad7ea258
HP-00022657,HP-00022655,MOTHER_OF,1,FR-9252dcc27c3f4d16
HP-00022661,HP-00022659,MOTHER_OF,1,FR-acf308a7e471269e
HP-00022669,HP-00022667,MOTHER_OF,1,FR-e383186156c5d2b8
HP-00022673,HP-00022671,MOTHER_OF,1,FR-48f4b447e69fde57
HP-00022685,HP-00022683,MOTHER_OF,1,FR-d8d435b530a44550
HP-00022689,HP-00022687,MOTHER_OF,1,FR-dba1244c58c61df5
HP-00022693,HP-00022691,MOTHER_OF,1,FR-dc49a8f4c38eda9d
HP-00022697,HP-00022695,MOTHER_OF,1,FR-70efde92b8faa2b8
HP-00022431,HP-00022699,MOTHER_OF,1,FR-80d73e06afbed3c1
HP-00022713,HP-00022711,MOTHER_OF,1,FR-e3e4a02638ff86da
HP-00022716,HP-00022714,MOTHER_OF,1,FR-342c3563014ed288
HP-00022720,HP-00022718,MOTHER_OF,1,FR-6f933c327458c91e
HP-00022724,HP-00022722,MOTHER_OF,1,FR-ad5efafccfe91a5f
HP-00022728,HP-00022726,MOTHER_OF,1,FR-4296879057e55a71
HP-00022736,HP-00022734,MOTHER_OF,1,FR-5f3cd8bc01cfff2b
HP-00022740,HP-00022738,MOTHER_OF,1,FR-b5d96d19ea5ad012
HP-00022744,HP-00022742,MOTHER_OF,1,FR-3c2f288b533881b5
HP-00022748,HP-00022746,MOTHER_OF,1,FR-df5281eeda747111
HP-00022760,HP-00022758,MOTHER_OF,1,FR-87b8348aa7772026
HP-00022764,HP-00022762,MOTHER_OF,1,FR-830fea9ebc00cdeb
HP-00022649,HP-00022766,MOTHER_OF,1,FR-b7e289f8a27fe7e5
HP-00022772,HP-00022770,MOTHER_OF,1,FR-1cf754ab508acedd
HP-00021599,HP-00022774,MOTHER_OF,1,FR-314f4de11d4cb9d9
HP-00022796,HP-00022794,MOTHER_OF,1,FR-df4c9788e053a85e
HP-00022800,HP-00022798,MOTHER_OF,1,FR-4f802798d0dcd760
HP-00022808,HP-00022806,MOTHER_OF,1,FR-e777d8c34cf332bc
HP-00022816,HP-00022814,MOTHER_OF,1,FR-3e63094dc408c629
HP-00022820,HP-00022818,MOTHER_OF,1,FR-93d289288d7a4739
HP-00022824,HP-00022822,MOTHER_OF,1,FR-e60390df8b68c2c6
HP-00022828,HP-00022826,MOTHER_OF,1,FR-bee54d38361c9730
HP-00022840,HP-00022838,MOTHER_OF,1,FR-8ec97562f92d7483
HP-00022844,HP-00022842,MOTHER_OF,1,FR-c75c79a739d045e1
HP-00022848,HP-00022846,MOTHER_OF,1,FR-8bc7bd574ac3a6f3
HP-00022852,HP-00022850,MOTHER_OF,1,FR-9ff853487c4015f1
HP-00012679,HP-00022858,MOTHER_OF,1,FR-53f1ceb618617348
HP-00022868,HP-00022866,MOTHER_OF,1,FR-349e2b1b7d39bb2e
HP-00022884,HP-00022882,MOTHER_OF,1,FR-a92818dd4c65337d
HP-00022892,HP-00022890,MOTHER_OF,1,FR-f911356c027a40f6
HP-00022896,HP-00022894,MOTHER_OF,1,FR-1f217e89ab576373
HP-00020633,HP-00022898,MOTHER_OF,1,FR-be810f5e5ff96c70
HP-00022904,HP-00022902,MOTHER_OF,1,FR-352a1965ae1479c5
HP-00013272,HP-00022910,MOTHER_OF,1,FR-a7fef5721a354a51
HP-00022919,HP-00022918,MOTHER_OF,1,FR-c1bfd8c427b87d07
HP-00022923,HP-00022921,MOTHER_OF,1,FR-9b8db15ae6fa7be4
HP-00022927,HP-00022925,MOTHER_OF,1,FR-0eb10d0ca180f961
HP-00022931,HP-00022929,MOTHER_OF,1,FR-a73448a21bd2b58d
HP-00022943,HP-00022941,MOTHER_OF,1,FR-ce292924ee88c52a
HP-00022951,HP-00022949,MOTHER_OF,1,FR-6aacf7bc7fad8701
HP-00022955,HP-00022953,MOTHER_OF,1,FR-39dc62ec0e6390c0
HP-00022959,HP-00022957,MOTHER_OF,1,FR-ab0a5d19c6e4e5a9
HP-00020633,HP-00022961,MOTHER_OF,1,FR-7f30cd54af6dd6b1
HP-00022967,HP-00022965,MOTHER_OF,1,FR-df6f1e9a2346682f
HP-00022975,HP-00022973,MOTHER_OF,1,FR-c5091fe621482799
HP-00022979,HP-00022977,MOTHER_OF,1,FR-9679baf09853633c
HP-00022998,HP-00022996,MOTHER_OF,1,FR-b8cfe4e00ff12647
HP-00023002,HP-00023000,MOTHER_OF,1,FR-2c3bac7a3cef5431
HP-00023006,HP-00023004,MOTHER_OF,1,FR-34f015b326f20235
HP-00013432,HP-00023008,MOTHER_OF,1,FR-d1ac5feac7bc6377
HP-00023014,HP-00023012,MOTHER_OF,1,FR-8b9fed85fa08430b
HP-00023030,HP-00023028,MOTHER_OF,1,FR-d162c396f61a3dfb
HP-00012217,HP-00023032,MOTHER_OF,1,FR-fe1572f474b2e717
HP-00023038,HP-00023036,MOTHER_OF,1,FR-3d3b71e0a8ff5c83
HP-00023042,HP-00023040,MOTHER_OF,1,FR-3c798317ce4494cf
HP-00023045,HP-00023043,MOTHER_OF,1,FR-60ed448f4d26babb
HP-00023049,HP-00023047,MOTHER_OF,1,FR-bb825d5f3febdce0
HP-00010602,HP-00023051,MOTHER_OF,1,FR-6d322bf2ee13b93e
HP-00020549,HP-00023055,MOTHER_OF,1,FR-d8a5ec62e2948826
HP-00023061,HP-00023059,MOTHER_OF,1,FR-4005e6f26c929427
HP-00023064,HP-00023062,MOTHER_OF,1,FR-80247be2ca3591c2
HP-00023068,HP-00023066,MOTHER_OF,1,FR-f0832276f851baef
HP-00023076,HP-00023074,MOTHER_OF,1,FR-848225ee41229a80
HP-00023080,HP-00023078,MOTHER_OF,1,FR-f7c922ccf3278e95
HP-00023084,HP-00023082,MOTHER_OF,1,FR-dd7ca89b460ba3e9
HP-00023087,HP-00023086,MOTHER_OF,1,FR-05946f9db7dcc4df
HP-00023091,HP-00023089,MOTHER_OF,1,FR-74352c62962ef6a6
HP-00023095,HP-00023093,MOTHER_OF,1,FR-a44c0004f6d92a1d
HP-00023099,HP-00023097,MOTHER_OF,1,FR-30384ab698d1d27a
HP-00023103,HP-00023101,MOTHER_OF,1,FR-4b43dae2c3f1ec2e
HP-00022387,HP-00023113,MOTHER_OF,1,FR-40fc38608045fbf1
HP-00023119,HP-00023117,MOTHER_OF,1,FR-b0d033105ea140aa
HP-00010721,HP-00023121,MOTHER_OF,1,FR-7209c706f059e2fa
HP-00010821,HP-00023125,MOTHER_OF,1,FR-55ce549d15d2e4db
HP-00023131,HP-00023129,MOTHER_OF,1,FR-756f7449fdd44813
HP-00023135,HP-00023133,MOTHER_OF,1,FR-40896c63c4781470
HP-00023139,HP-00023137,MOTHER_OF,1,FR-95fc0106588047e3
HP-00023143,HP-00023141,MOTHER_OF,1,FR-59da64049d62fce0
HP-00023147,HP-00023145,MOTHER_OF,1,FR-c53822d28dd46269
HP-00023151,HP-00023149,MOTHER_OF,1,FR-3f7c879459852a38
HP-00023155,HP-00023153,MOTHER_OF,1,FR-50680a556e99149b
HP-00023159,HP-00023157,MOTHER_OF,1,FR-c1e4d192be6829c1
HP-00023163,HP-00023161,MOTHER_OF,1,FR-9f364f809845bea8
HP-00023167,HP-00023165,MOTHER_OF,1,FR-3adcb5e8c781fbb0
HP-00023171,HP-00023169,MOTHER_OF,1,FR-165e54f4489c41e2
HP-00023179,HP-00023177,MOTHER_OF,1,FR-f183698023fe84e4
HP-00023183,HP-00023181,MOTHER_OF,1,FR-22b784cacb3cfa81
HP-00023187,HP-00023185,MOTHER_OF,1,FR-d5fe0c352fe7da46
HP-00023199,HP-00023197,MOTHER_OF,1,FR-70908c805f8b5d2f
HP-00023203,HP-00023201,MOTHER_OF,1,FR-2f2b2610c4dd444b
HP-00023207,HP-00023205,MOTHER_OF,1,FR-ab67438b03e5af48
HP-00023211,HP-00023209,MOTHER_OF,1,FR-71417fe4bfd32893
HP-00023215,HP-00023213,MOTHER_OF,1,FR-0b23988c096cfe10
HP-00023219,HP-00023217,MOTHER_OF,1,FR-2e4e0a4318f1ca7d
HP-00023223,HP-00023221,MOTHER_OF,1,FR-463eb64376f68f7a
HP-00023227,HP-00023225,MOTHER_OF,1,FR-37d80769d59af144
HP-00023231,HP-00023229,MOTHER_OF,1,FR-074a029ca5b3a1b7
HP-00023243,HP-00023241,MOTHER_OF,1,FR-343b8aa34fda3f28
HP-00023247,HP-00023245,MOTHER_OF,1,FR-e631f49782362e36
HP-00023251,HP-00023249,MOTHER_OF,1,FR-f3e0b72cb9c0c211
HP-00023255,HP-00023253,MOTHER_OF,1,FR-87fa2373ed791c16
HP-00023259,HP-00023257,MOTHER_OF,1,FR-369436186d68050f
HP-00023263,HP-00023261,MOTHER_OF,1,FR-7e49390def96eb6f
HP-00023271,HP-00023269,MOTHER_OF,1,FR-6e2d3a1cc7f256ca
HP-00023275,HP-00023273,MOTHER_OF,1,FR-860370bea8d8166d
HP-00023283,HP-00023281,MOTHER_OF,1,FR-2df64a564b653ac7
HP-00023263,HP-00023289,MOTHER_OF,1,FR-3965d8281681df9f
HP-00023299,HP-00023297,MOTHER_OF,1,FR-ec9d31a1ea640cbd
HP-00015088,HP-00023301,MOTHER_OF,1,FR-fe82972e174d3109
HP-00023307,HP-00023305,MOTHER_OF,1,FR-565b3bbec14dd3eb
HP-00023311,HP-00023309,MOTHER_OF,1,FR-5e390288800ec82c
HP-00023315,HP-00023313,MOTHER_OF,1,FR-9cda927e9156d10b
HP-00023319,HP-00023317,MOTHER_OF,1,FR-facccccb2978c812
HP-00023323,HP-00023321,MOTHER_OF,1,FR-9eeef32f7ec60be7
HP-00023327,HP-00023325,MOTHER_OF,1,FR-b8fc243131066576
HP-00012958,HP-00023329,MOTHER_OF,1,FR-34435a13e67403ec
HP-00013672,HP-00023333,MOTHER_OF,1,FR-108d13ea8d12ae10
HP-00023339,HP-00023337,MOTHER_OF,1,FR-9d3b4a1e37261b48
HP-00023343,HP-00023341,MOTHER_OF,1,FR-adaec13a666bb89f
HP-00023347,HP-00023345,MOTHER_OF,2,FR-9fda7183772cc931
HP-00023371,HP-00023369,MOTHER_OF,1,FR-01cf51484f6ad9bc
HP-00022609,HP-00023380,MOTHER_OF,1,FR-2480bd7b96f4489e
HP-00023386,HP-00023384,MOTHER_OF,1,FR-30c136faa9793eee
HP-00023390,HP-00023388,MOTHER_OF,1,FR-44d38c5de85e2d27
HP-00023398,HP-00023396,MOTHER_OF,1,FR-7f527df5688ae735
HP-00023402,HP-00023400,MOTHER_OF,1,FR-83de36ed38ef6a40
HP-00023410,HP-00023408,MOTHER_OF,1,FR-a044ee8ea07adb24
HP-00023422,HP-00023420,MOTHER_OF,1,FR-733102a2dfbf4863
HP-00015914,HP-00023424,MOTHER_OF,2,FR-093d5b83e29f0b1a
HP-00023430,HP-00023428,MOTHER_OF,1,FR-84cf3170555567ed
HP-00023434,HP-00023432,MOTHER_OF,1,FR-4572b98dc2762a40
HP-00023438,HP-00023436,MOTHER_OF,1,FR-3a5d67b769d843b7
HP-00016402,HP-00023452,MOTHER_OF,1,FR-41a21a1d75a90ab5
HP-00023458,HP-00023456,MOTHER_OF,1,FR-65a280a5ee3fc8f1
HP-00020661,HP-00023460,MOTHER_OF,1,FR-121163c9345b7618
HP-00023466,HP-00023464,MOTHER_OF,1,FR-b9114ce575a2155f
HP-00023470,HP-00023468,MOTHER_OF,1,FR-612a38acfedc3570
HP-00023474,HP-00023472,MOTHER_OF,1,FR-e947e82fd54ec84d
HP-00023489,HP-00023487,MOTHER_OF,1,FR-b0ecdf1a71392e2c
HP-00023497,HP-00023495,MOTHER_OF,1,FR-f3f503a2312e3487
HP-00020814,HP-00023503,MOTHER_OF,1,FR-9b448e7908e7a1ec
HP-00023509,HP-00023507,MOTHER_OF,1,FR-0827985e788c858b
HP-00023513,HP-00023511,MOTHER_OF,1,FR-5efb42623e89ac83
HP-00023517,HP-00023515,MOTHER_OF,1,FR-75b2a582c97612a9
HP-00023521,HP-00023519,MOTHER_OF,1,FR-9f886691557e17ae
HP-00023541,HP-00023539,MOTHER_OF,1,FR-d715f7cfa99d08fa
HP-00023549,HP-00023547,MOTHER_OF,1,FR-fc9f46b553059555
HP-00023557,HP-00023555,MOTHER_OF,1,FR-4f78fb58a3de9e19
HP-00023561,HP-00023559,MOTHER_OF,1,FR-0417574402753a2c
HP-00023565,HP-00023563,MOTHER_OF,1,FR-3e147f6c099e8222
HP-00023569,HP-00023567,MOTHER_OF,1,FR-64d1f29782bb3281
HP-00023573,HP-00023571,MOTHER_OF,1,FR-d0bc29cc5998ba94
HP-00023577,HP-00023575,MOTHER_OF,1,FR-c6b76e7c0f69124c
HP-00011262,HP-00023582,MOTHER_OF,1,FR-eb0b8da9cdd077b7
HP-00023588,HP-00023586,MOTHER_OF,1,FR-ec7ee34904e900e6
HP-00023591,HP-00023589,MOTHER_OF,1,FR-bd381712b4962676
HP-00023595,HP-00023593,MOTHER_OF,1,FR-10bfc5a85096b581
HP-00023599,HP-00023597,MOTHER_OF,1,FR-8a5cf03043253e65
HP-00023603,HP-00023601,MOTHER_OF,1,FR-731fec5baf023d26
HP-00023607,HP-00023605,MOTHER_OF,1,FR-1632de10a2c83a49
HP-00023611,HP-00023609,MOTHER_OF,1,FR-0556b80e1cdb0356
HP-00023615,HP-00023613,MOTHER_OF,1,FR-3f4a414f268a65b0
HP-00023622,HP-00023620,MOTHER_OF,1,FR-67daa6223cdd6072
HP-00023626,HP-00023624,MOTHER_OF,1,FR-76e5ac673fb82dbb
HP-00023630,HP-00023628,MOTHER_OF,1,FR-0d00fc690349e9d3
HP-00023636,HP-00023634,MOTHER_OF,1,FR-963a7b202112833c
HP-00023660,HP-00023658,MOTHER_OF,1,FR-14af17ef5fef8a34
HP-00023668,HP-00023666,MOTHER_OF,1,FR-da51e09cd9030519
HP-00023672,HP-00023670,MOTHER_OF,1,FR-dd05ea3db6fd7a52
HP-00023676,HP-00023674,MOTHER_OF,1,FR-f5543209ff46b66e
HP-00023680,HP-00023678,MOTHER_OF,1,FR-669629cc14c7eaf9
HP-00023690,HP-00023688,MOTHER_OF,1,FR-8d9651619e5ee46e
HP-00023694,HP-00023692,MOTHER_OF,1,FR-c7cedb8f2828ccaa
HP-00023702,HP-00023700,MOTHER_OF,1,FR-760b3ef1579b6ce8
HP-00023713,HP-00023711,MOTHER_OF,1,FR-697a499a0cb27916
HP-00023717,HP-00023715,MOTHER_OF,1,FR-70e7cc3c8e283655
HP-00023721,HP-00023719,MOTHER_OF,1,FR-b10324f7db1c8cf2
HP-00023725,HP-00023723,MOTHER_OF,1,FR-cb2172efdccbc2b0
HP-00023733,HP-00023731,MOTHER_OF,1,FR-b478f1a5a1bd6618
HP-00023741,HP-00023739,MOTHER_OF,1,FR-b2a4f403acf9686b
HP-00012568,HP-00023743,MOTHER_OF,1,FR-1d337e6b62be0d74
HP-00023749,HP-00023747,MOTHER_OF,1,FR-b189b10bedd757ab
HP-00021838,HP-00023759,MOTHER_OF,1,FR-b8f86d6d0e03b898
HP-00023765,HP-00023763,MOTHER_OF,1,FR-9cdeb882f454ae75
HP-00023769,HP-00023767,MOTHER_OF,1,FR-14296dd098b46947
HP-00023773,HP-00023771,MOTHER_OF,1,FR-521d22e5d3f971c8
HP-00023777,HP-00023775,MOTHER_OF,1,FR-f464d6267809e442
HP-00023781,HP-00023779,MOTHER_OF,1,FR-c00d581da0685594
HP-00023793,HP-00023791,MOTHER_OF,1,FR-05744ac882a15b8f
HP-00023797,HP-00023795,MOTHER_OF,1,FR-8a418e5b9daefe51
HP-00023801,HP-00023799,MOTHER_OF,1,FR-f0c0ed6ea0c94fcd
HP-00023805,HP-00023803,MOTHER_OF,1,FR-952ed637cd30d505
HP-00023809,HP-00023807,MOTHER_OF,1,FR-1f231a39c8a90eae
HP-00023813,HP-00023811,MOTHER_OF,1,FR-a704bf5c65684ab1
HP-00023821,HP-00023819,MOTHER_OF,1,FR-bdb8587e6593d185
HP-00023825,HP-00023823,MOTHER_OF,1,FR-e4bc28b2c9c31095
HP-00023829,HP-00023827,MOTHER_OF,1,FR-f1b56afda4546e99
HP-00023833,HP-00023831,MOTHER_OF,1,FR-e9f95954ade3db81
HP-00023837,HP-00023835,MOTHER_OF,1,FR-51e157ff37e651fe
HP-00023841,HP-00023839,MOTHER_OF,1,FR-fbd69a0e3298bceb
HP-00023845,HP-00023843,MOTHER_OF,1,FR-57485c658c69d0d5
HP-00023849,HP-00023847,MOTHER_OF,1,FR-a7782206b017f704
HP-00022844,HP-00023850,MOTHER_OF,1,FR-f4c06d4755d23ad2
HP-00023856,HP-00023854,MOTHER_OF,1,FR-9caa8ae0babfac9a
HP-00023860,HP-00023858,MOTHER_OF,1,FR-6737bc0e1159d28b
HP-00023864,HP-00023862,MOTHER_OF,1,FR-371796bb2776e428
HP-00023876,HP-00023874,MOTHER_OF,1,FR-b9114185e633160e
HP-00023880,HP-00023878,MOTHER_OF,1,FR-01d145a27f66c284
HP-00023884,HP-00023882,MOTHER_OF,1,FR-e1d2c1dbae96d166
HP-00012321,HP-00023890,MOTHER_OF,1,FR-2fb924e0a5e5e1c7
HP-00023896,HP-00023894,MOTHER_OF,1,FR-98d15ca472d5f080
HP-00023916,HP-00023914,MOTHER_OF,1,FR-eb03296c211875fa
HP-00023920,HP-00023918,MOTHER_OF,1,FR-53aefe04f811e709
HP-00021224,HP-00023921,MOTHER_OF,1,FR-41839fdb4a5ede82
HP-00023934,HP-00023932,MOTHER_OF,1,FR-6b92dfb9b59ee2c2
HP-00023938,HP-00023936,MOTHER_OF,1,FR-0a1d556790a622e5
HP-00023941,HP-00023939,MOTHER_OF,1,FR-e32486883ddc5b34
HP-00023945,HP-00023943,MOTHER_OF,1,FR-665b6f178f43b552
HP-00012201,HP-00023951,MOTHER_OF,1,FR-30b68eef97fd1136
HP-00023957,HP-00023955,MOTHER_OF,1,FR-0b3ce810123261de
HP-00023961,HP-00023959,MOTHER_OF,1,FR-8be285f1fe7eea8b
HP-00023969,HP-00023967,MOTHER_OF,1,FR-a4de0e9bfac24ac4
HP-00023973,HP-00023971,MOTHER_OF,1,FR-effbd19978534115
HP-00023977,HP-00023975,MOTHER_OF,1,FR-9c8633912f52b115
HP-00023981,HP-00023979,MOTHER_OF,1,FR-119990fbce255a91
HP-00012962,HP-00023995,MOTHER_OF,1,FR-6b175ac97c1a937e
HP-00024004,HP-00024003,MOTHER_OF,1,FR-c8bd011e2c0cd911
HP-00012755,HP-00024006,MOTHER_OF,1,FR-02d396938fa47da7
HP-00024012,HP-00024010,MOTHER_OF,1,FR-7d3b9dc9f710019a
HP-00024016,HP-00024014,MOTHER_OF,1,FR-c0dcb2dfb84e67cb
HP-00024020,HP-00024018,MOTHER_OF,1,FR-33a8cf6041fa7941
HP-00011262,HP-00024026,MOTHER_OF,1,FR-141ac409599a2c79
HP-00024036,HP-00024034,MOTHER_OF,1,FR-bde5f5bcceeef0dc
HP-00024040,HP-00024038,MOTHER_OF,1,FR-4696294d7ec75d1e
HP-00024044,HP-00024042,MOTHER_OF,1,FR-e03dbaa7a911dc58
HP-00024048,HP-00024046,MOTHER_OF,1,FR-85cd075f1e2dfa92
HP-00014116,HP-00024054,MOTHER_OF,1,FR-cd13163b4183643f
HP-00024060,HP-00024058,MOTHER_OF,1,FR-ab84c8aec1180c8c
HP-00024064,HP-00024062,MOTHER_OF,1,FR-366748a25385c513
HP-00024068,HP-00024066,MOTHER_OF,1,FR-51168878062c4dca
HP-00024072,HP-00024070,MOTHER_OF,1,FR-36f256f3e8b18767
HP-00024076,HP-00024074,MOTHER_OF,1,FR-1f79ebb0b1ece142
HP-00024080,HP-00024078,MOTHER_OF,1,FR-2159ae0d668a9402
HP-00024084,HP-00024082,MOTHER_OF,1,FR-4080ece180f38cf3
HP-00024088,HP-00024086,MOTHER_OF,1,FR-5cee1fd74db3da7e
HP-00023084,HP-00024098,MOTHER_OF,1,FR-1f3800ee4e6531f7
HP-00012731,HP-00024106,MOTHER_OF,1,FR-7c265bbb480c9bde
HP-00024112,HP-00024110,MOTHER_OF,1,FR-2bad09880f9f1f0d
HP-00010721,HP-00024114,MOTHER_OF,1,FR-91d95cca7e16b8b1
HP-00012715,HP-00024118,MOTHER_OF,1,FR-e84e12e2a970cc1e
HP-00024132,HP-00024130,MOTHER_OF,1,FR-051cc6729f9395c9
HP-00024136,HP-00024134,MOTHER_OF,1,FR-6ba379a4bb21be54
HP-00024140,HP-00024138,MOTHER_OF,1,FR-370dfec7d5718b58
HP-00024144,HP-00024142,MOTHER_OF,1,FR-13a726a50dcfba87
HP-00024148,HP-00024146,MOTHER_OF,1,FR-ac9698ba6031688f
HP-00024156,HP-00024154,MOTHER_OF,1,FR-99cf12cea75afb7a
HP-00024160,HP-00024158,MOTHER_OF,1,FR-60725c8010aa633c
HP-00024176,HP-00024174,MOTHER_OF,1,FR-62c45dc510149c51
HP-00024180,HP-00024178,MOTHER_OF,1,FR-ce403ddbf567d38a
HP-00024188,HP-00024186,MOTHER_OF,1,FR-4c9474f24e4074bc
HP-00024200,HP-00024198,MOTHER_OF,1,FR-aeca1327d80a65b2
HP-00012608,HP-00024206,MOTHER_OF,1,FR-226d762cf224394b
HP-00024212,HP-00024210,MOTHER_OF,1,FR-d640efac8dab558d
HP-00024220,HP-00024218,MOTHER_OF,1,FR-965ee3dd497ab035
HP-00024224,HP-00024222,MOTHER_OF,1,FR-588dd0fbf7015bb4
HP-00024228,HP-00024226,MOTHER_OF,1,FR-ae22a7cd52526d78
HP-00024240,HP-00024238,MOTHER_OF,1,FR-262624e3c5e5b36f
HP-00011398,HP-00024245,MOTHER_OF,1,FR-5af8c59dd9f64e4a
HP-00024251,HP-00024249,MOTHER_OF,1,FR-928b8592b04d99b5
HP-00024255,HP-00024253,MOTHER_OF,1,FR-fd9993ae4f7383bc
HP-00024271,HP-00024269,MOTHER_OF,1,FR-88a93d0e026cf972
HP-00012986,HP-00024281,MOTHER_OF,1,FR-289859f74ff6d9a8
HP-00024287,HP-00024285,MOTHER_OF,1,FR-c8c74ca4e7970b54
HP-00013360,HP-00024293,MOTHER_OF,1,FR-463163e5d9592467
HP-00024299,HP-00024297,MOTHER_OF,1,FR-3d9f4aaa078744f2
HP-00024307,HP-00024305,MOTHER_OF,1,FR-2f115acf8712a312
HP-00015515,HP-00024313,MOTHER_OF,1,FR-d1f3379e56cbc3fd
HP-00023231,HP-00024317,MOTHER_OF,1,FR-913f1edfde150cdf
HP-00024335,HP-00024333,MOTHER_OF,1,FR-b296bd1de6808a7d
HP-00024339,HP-00024337,MOTHER_OF,1,FR-7b8eb4b549bd5012
HP-00024346,HP-00024344,MOTHER_OF,1,FR-0cdbeb3b01cb91bc
HP-00024350,HP-00024348,MOTHER_OF,1,FR-8b5384ddf8c900ae
HP-00024354,HP-00024352,MOTHER_OF,1,FR-8c5e4f8f642bc5a3
HP-00024358,HP-00024356,MOTHER_OF,1,FR-661c5e634b66b750
HP-00024358,HP-00024360,MOTHER_OF,1,FR-61e3ceba5beff0f6
HP-00024366,HP-00024364,MOTHER_OF,1,FR-f01af993b6be6634
HP-00024370,HP-00024368,MOTHER_OF,1,FR-231388d838f7bcfd
HP-00012891,HP-00024372,MOTHER_OF,1,FR-9f14a823acd56fb1
HP-00015479,HP-00024384,MOTHER_OF,1,FR-315091bb1635d230
HP-00024394,HP-00024392,MOTHER_OF,1,FR-b2966bbec7a4c507
HP-00024402,HP-00024400,MOTHER_OF,1,FR-6a05b69a0e6dd962
HP-00023263,HP-00024412,MOTHER_OF,1,FR-749bef7e1e72de96
HP-00024418,HP-00024416,MOTHER_OF,1,FR-6a290301aeb2fd55
HP-00024422,HP-00024420,MOTHER_OF,1,FR-e5809ff4e2fbb8a3
HP-00024434,HP-00024432,MOTHER_OF,1,FR-ba95cdc0e62cc816
HP-00012643,HP-00024436,MOTHER_OF,1,FR-de102b11b981ca96
HP-00024442,HP-00024440,MOTHER_OF,1,FR-077c0cd8f0dfacd0
HP-00024450,HP-00024448,MOTHER_OF,1,FR-8eca35871c43141b
HP-00024458,HP-00024456,MOTHER_OF,1,FR-588e8bd24c0e0e0e
HP-00024462,HP-00024460,MOTHER_OF,1,FR-49a95ceaa57970e8
HP-00024470,HP-00024468,MOTHER_OF,1,FR-c8db9aac42f8167d
HP-00024473,HP-00024471,MOTHER_OF,1,FR-bd87138ba9cf672f
HP-00024492,HP-00024490,MOTHER_OF,1,FR-e95c4d02f3fb1bef
HP-00024508,HP-00024506,MOTHER_OF,1,FR-1af1c5347db8d209
HP-00024516,HP-00024514,MOTHER_OF,1,FR-2f4e4dcd8a115fad
HP-00024524,HP-00024522,MOTHER_OF,1,FR-ec69890eb40ab2f8
HP-00023049,HP-00024526,MOTHER_OF,1,FR-87f44880ffa3cd3e
HP-00024532,HP-00024530,MOTHER_OF,1,FR-24b6dd3b84dca542
HP-00024536,HP-00024534,MOTHER_OF,1,FR-c678135826591910
HP-00024540,HP-00024538,MOTHER_OF,1,FR-c05d74608609d91b
HP-00024544,HP-00024542,MOTHER_OF,1,FR-37c763df856d2cc5
HP-00024552,HP-00024550,MOTHER_OF,2,FR-f58a01189abf0e45
HP-00015029,HP-00024554,MOTHER_OF,1,FR-f52e9421054e11c8
HP-00024560,HP-00024558,MOTHER_OF,1,FR-e96122f1d05aa3dc
HP-00024572,HP-00024570,MOTHER_OF,1,FR-f34cb4de2abcb0f3
HP-00024576,HP-00024574,MOTHER_OF,2,FR-678f812f777dd53c
HP-00024580,HP-00024578,MOTHER_OF,1,FR-01defd981db85bb7
HP-00024584,HP-00024582,MOTHER_OF,1,FR-07af8dea09901932
HP-00024592,HP-00024590,MOTHER_OF,1,FR-66195b3a1e76b7f3
HP-00024600,HP-00024598,MOTHER_OF,1,FR-9d19062556581ca0
HP-00024604,HP-00024602,MOTHER_OF,1,FR-639315145fd7384b
HP-00024608,HP-00024606,MOTHER_OF,1,FR-2e2dfd416b25ef62
HP-00011262,HP-00024610,MOTHER_OF,1,FR-f8b08329b7050320
HP-00024616,HP-00024614,MOTHER_OF,1,FR-1d90cdc70b0550cd
HP-00024620,HP-00024618,MOTHER_OF,1,FR-3d5b1d03f0477070
HP-00023573,HP-00024622,MOTHER_OF,1,FR-6c4cf0776d3182e1
HP-00024628,HP-00024626,MOTHER_OF,1,FR-df6ad37d12b193cc
HP-00015707,HP-00024634,MOTHER_OF,1,FR-21c96e768e4887a9
HP-00024644,HP-00024642,MOTHER_OF,1,FR-f4622be06904380e
HP-00024652,HP-00024650,MOTHER_OF,1,FR-649127b52cb1ddf2
HP-00024656,HP-00024654,MOTHER_OF,1,FR-f9efd698074f2d25
HP-00024660,HP-00024658,MOTHER_OF,1,FR-75d134f8bd84be9b
HP-00020493,HP-00024661,MOTHER_OF,1,FR-a8f86bb48bcd49e9
HP-00024667,HP-00024665,MOTHER_OF,1,FR-a4aaa5e8413c635c
HP-00024670,HP-00024668,MOTHER_OF,1,FR-402cff25f8969b67
HP-00011366,HP-00024676,MOTHER_OF,1,FR-5e8469e6343eab47
HP-00024682,HP-00024680,MOTHER_OF,1,FR-e8521f32dab17aa1
HP-00024686,HP-00024684,MOTHER_OF,1,FR-5277a3151b262382
HP-00024690,HP-00024688,MOTHER_OF,1,FR-e56a22e070a0ccc7
HP-00024694,HP-00024692,MOTHER_OF,1,FR-b17e6612ad30c8f5
HP-00024702,HP-00024700,MOTHER_OF,1,FR-5491aec29c53f456
HP-00024706,HP-00024704,MOTHER_OF,1,FR-29ec7997bb12c1c4
HP-00024710,HP-00024708,MOTHER_OF,1,FR-8f5eee88ebac9e08
HP-00024718,HP-00024716,MOTHER_OF,1,FR-a9fd2d36b02f20d3
HP-00024726,HP-00024724,MOTHER_OF,1,FR-38830cb9879c09ae
HP-00012639,HP-00024732,MOTHER_OF,1,FR-bf17a74397374f41
HP-00024738,HP-00024736,MOTHER_OF,1,FR-7cddd435487503db
HP-00024749,HP-00024747,MOTHER_OF,1,FR-ecb9d5b6782fc973
HP-00024753,HP-00024751,MOTHER_OF,1,FR-2a2f8c6712f85335
HP-00024757,HP-00024755,MOTHER_OF,1,FR-bc325a4c9da1be2d
HP-00024761,HP-00024759,MOTHER_OF,1,FR-18ca40008fbd2988
HP-00024765,HP-00024763,MOTHER_OF,1,FR-e47bfa2d393539b5
HP-00024769,HP-00024767,MOTHER_OF,1,FR-405a935f193bb26d
HP-00016146,HP-00024771,MOTHER_OF,1,FR-af7293413a15d09d
HP-00024785,HP-00024783,MOTHER_OF,1,FR-c8ed76224bc86c6d
HP-00012962,HP-00024787,MOTHER_OF,1,FR-7569f758fca78087
HP-00024793,HP-00024791,MOTHER_OF,1,FR-5fd1058f8f4ee357
HP-00024805,HP-00024803,MOTHER_OF,1,FR-7782cee99a4b8a21
HP-00024813,HP-00024811,MOTHER_OF,1,FR-b9a22dea4c1f54b3
HP-00024817,HP-00024815,MOTHER_OF,1,FR-9de94580a175b99e
HP-00024821,HP-00024819,MOTHER_OF,1,FR-6f52981780a206d7
HP-00024825,HP-00024823,MOTHER_OF,1,FR-b6d4e577c0d9f13a
HP-00024833,HP-00024831,MOTHER_OF,1,FR-a2541dec0d05e195
HP-00024837,HP-00024835,MOTHER_OF,1,FR-dc77020a06958887
HP-00024853,HP-00024851,MOTHER_OF,1,FR-721b8695c31328e8
HP-00024861,HP-00024859,MOTHER_OF,1,FR-793eb956a5b17e23
HP-00012385,HP-00024867,MOTHER_OF,1,FR-8563c0c360f5e0d2
HP-00024881,HP-00024879,MOTHER_OF,1,FR-431eff06d259198c
HP-00024893,HP-00024891,MOTHER_OF,1,FR-2d7e0b16eb86e14f
HP-00015475,HP-00024899,MOTHER_OF,1,FR-d1a01e2fd181d92b
HP-00024909,HP-00024907,MOTHER_OF,1,FR-ab61eb00643bdbd9
HP-00024913,HP-00024911,MOTHER_OF,1,FR-0528a5b0414de256
HP-00024917,HP-00024915,MOTHER_OF,1,FR-7c1cfc71550cd8ba
HP-00024929,HP-00024927,MOTHER_OF,1,FR-103c5d0efa716de1
HP-00024933,HP-00024931,MOTHER_OF,1,FR-d498c153a422895a
HP-00024945,HP-00024943,MOTHER_OF,1,FR-76aa1d664a4135a0
HP-00024032,HP-00024951,MOTHER_OF,1,FR-e579feacbd94881d
HP-00024957,HP-00024955,MOTHER_OF,1,FR-6fc1876558c472c1
HP-00024961,HP-00024959,MOTHER_OF,1,FR-017b4fa103b4a165
HP-00024969,HP-00024967,MOTHER_OF,1,FR-0fb0414cbbff96b2
HP-00024973,HP-00024971,MOTHER_OF,1,FR-baa9628a9034e668
HP-00024977,HP-00024975,MOTHER_OF,1,FR-1b2324754ec746a6
HP-00024981,HP-00024979,MOTHER_OF,1,FR-0305e4158f4488a4
HP-00000498,HP-00024987,SPOUSE_OF,1,FR-9b1e6b68991cfe25
HP-00024998,HP-00024999,SPOUSE_OF,1,FR-9ac78cb538a672d1
HP-00025009,HP-00025010,SPOUSE_OF,1,FR-8846c757619e8451
HP-00025020,HP-00025021,SPOUSE_OF,1,FR-6ae5cf03ba3d1c4b
HP-00025030,HP-00025031,SPOUSE_OF,1,FR-4a2617e42e7978b4
HP-00025040,HP-00025041,SPOUSE_OF,1,FR-881d6ad65b4ddbb5
HP-00025051,HP-00025052,SPOUSE_OF,1,FR-fc41bcfff4569044
HP-00025062,HP-00025063,SPOUSE_OF,1,FR-e144cac82e148e02
HP-00025073,HP-00025074,SPOUSE_OF,1,FR-b7d0dcdb124b1b99
HP-00025095,HP-00025096,SPOUSE_OF,1,FR-8b7a9dda96ca818b
HP-00025106,HP-00025107,SPOUSE_OF,1,FR-16455701408f473c
HP-00025117,HP-00025118,SPOUSE_OF,1,FR-1bc90d2f356d04f1
HP-00025128,HP-00025129,SPOUSE_OF,1,FR-376d229a82600cee
HP-00025139,HP-00025140,SPOUSE_OF,1,FR-aa840fc8752a8eda
HP-00025150,HP-00025151,SPOUSE_OF,1,FR-4d32168951bf5322
HP-00001660,HP-00025161,SPOUSE_OF,1,FR-4e41d60bc87b72e6
HP-00025172,HP-00025173,SPOUSE_OF,1,FR-a0e93883f64a0aa1
HP-00025183,HP-00025184,SPOUSE_OF,1,FR-4f42eed8e3a73d8d
HP-00025194,HP-00025195,SPOUSE_OF,1,FR-f64c2545ffabfb58
HP-00025205,HP-00025206,SPOUSE_OF,1,FR-da0a361383b30507
HP-00025215,HP-00025216,SPOUSE_OF,1,FR-a162e2e373d9c50d
HP-00025226,HP-00025227,SPOUSE_OF,1,FR-94204df21b27068b
HP-00003189,HP-00025236,SPOUSE_OF,1,FR-b291d58732c08b63
HP-00025247,HP-00025248,SPOUSE_OF,1,FR-b317134bcf9d5e8c
HP-00001977,HP-00025259,SPOUSE_OF,1,FR-2c92050041504bcd
HP-00025269,HP-00025270,SPOUSE_OF,1,FR-af87e04a3e74cedb
HP-00025280,HP-00025281,SPOUSE_OF,1,FR-0f2dd4c3b2d89bef
HP-00025291,HP-00025292,SPOUSE_OF,1,FR-598f6d3edd127210
HP-00025313,HP-00025314,SPOUSE_OF,1,FR-40783baee8b46def
HP-00025324,HP-00025325,SPOUSE_OF,1,FR-323efe29f0f6b34a
HP-00025335,HP-00025336,SPOUSE_OF,1,FR-0893ab6c90002035
HP-00002195,HP-00025346,SPOUSE_OF,1,FR-03bb2ff3799068e9
HP-00025356,HP-00025357,SPOUSE_OF,1,FR-971e9727cdc723ad
HP-00025367,HP-00025368,SPOUSE_OF,1,FR-8d594632e18af92c
HP-00025375,HP-00025376,SPOUSE_OF,1,FR-7c111f64595e4041
HP-00025382,HP-00025383,SPOUSE_OF,1,FR-ed38bd9d943b8e1a
HP-00025393,HP-00025394,SPOUSE_OF,1,FR-5479f5ee4f2add8a
HP-00025403,HP-00025404,SPOUSE_OF,1,FR-a1638525586563aa
HP-00025414,HP-00025415,SPOUSE_OF,1,FR-779ebfaff242ab59
HP-00025423,HP-00025424,SPOUSE_OF,1,FR-c22d6d8594cd28c4
HP-00025432,HP-00025433,SPOUSE_OF,1,FR-a9128a5f05960252
HP-00025443,HP-00025444,SPOUSE_OF,1,FR-9fb717c450257edf
HP-00025454,HP-00025455,SPOUSE_OF,1,FR-92803dc408f6df73
HP-00002340,HP-00025475,SPOUSE_OF,1,FR-c5349d95401a8570
HP-00002415,HP-00025487,SPOUSE_OF,1,FR-777ac1202ab113b1
HP-00025497,HP-00025498,SPOUSE_OF,1,FR-532db67ca1ea23b3
HP-00025505,HP-00025506,SPOUSE_OF,1,FR-996152c5591f1016
HP-00025514,HP-00025515,SPOUSE_OF,1,FR-d75acb01f672b77b
HP-00025523,HP-00025524,SPOUSE_OF,1,FR-4263b3e39adc67a7
HP-00025534,HP-00025535,SPOUSE_OF,1,FR-b08ee1390aa29f3d
HP-00025544,HP-00025545,SPOUSE_OF,1,FR-e57480091d505931
HP-00025552,HP-00025553,SPOUSE_OF,1,FR-17b81ecfcc320291
HP-00025560,HP-00025561,SPOUSE_OF,1,FR-ca5f191405dd9678
HP-00001953,HP-00025569,SPOUSE_OF,1,FR-24c3feacd64912e8
HP-00025580,HP-00025581,SPOUSE_OF,1,FR-84a7ce2ebdc9acb7
HP-00025589,HP-00025590,SPOUSE_OF,1,FR-5abdd1b4669d487a
HP-00025596,HP-00025597,SPOUSE_OF,1,FR-d180c8a887e8e20e
HP-00001496,HP-00002028,SPOUSE_OF,1,FR-3ff81043ddcc1135
HP-00025628,HP-00025629,SPOUSE_OF,1,FR-ec8c009771cb4bee
HP-00025635,HP-00025636,SPOUSE_OF,1,FR-2f38e136b70b2f61
HP-00000542,HP-00025647,SPOUSE_OF,1,FR-48ea31d3e5d28878
HP-00025656,HP-00025657,SPOUSE_OF,1,FR-dbeb2ddfb8b9ae5a
HP-00025667,HP-00025668,SPOUSE_OF,1,FR-2194fb329edd06e5
HP-00025678,HP-00025679,SPOUSE_OF,1,FR-6e57fa939b23de0a
HP-00025686,HP-00025687,SPOUSE_OF,1,FR-129f42f563e30549
HP-00025707,HP-00025708,SPOUSE_OF,1,FR-52c372e82ab8851c
HP-00003516,HP-00025725,SPOUSE_OF,1,FR-d782823fe03cb25b
HP-00025736,HP-00025737,SPOUSE_OF,1,FR-101c8a81e91f6311
HP-00025747,HP-00025748,SPOUSE_OF,1,FR-6ecdcef42cd15fe1
HP-00025758,HP-00025759,SPOUSE_OF,1,FR-0dbf4d58361c3e4c
HP-00025767,HP-00025768,SPOUSE_OF,1,FR-4fd7cbc26b4aea9b
HP-00025788,HP-00025789,SPOUSE_OF,1,FR-b82000c8a45463ff
HP-00025799,HP-00025800,SPOUSE_OF,1,FR-1b18e3e90e5ac397
HP-00025810,HP-00025811,SPOUSE_OF,1,FR-55cf8b917e7804a9
HP-00025820,HP-00025821,SPOUSE_OF,1,FR-8acea04f732167d2
HP-00025831,HP-00025832,SPOUSE_OF,1,FR-e90adf8a496f5452
HP-00025840,HP-00025841,SPOUSE_OF,1,FR-5cd227eae649582a
HP-00025850,HP-00025851,SPOUSE_OF,1,FR-debb02d7ecebc881
HP-00025861,HP-00025862,SPOUSE_OF,1,FR-619428d7fe87c38f
HP-00025868,HP-00025869,SPOUSE_OF,1,FR-dfbed3da784cd770
HP-00025875,HP-00025876,SPOUSE_OF,1,FR-9bb44ccd7ea9664c
HP-00003488,HP-00025885,SPOUSE_OF,1,FR-526d05f00335856b
HP-00025895,HP-00025896,SPOUSE_OF,1,FR-d536dd951e7b2c71
HP-00002348,HP-00025904,SPOUSE_OF,1,FR-5349255bf555dbfc
HP-00000791,HP-00025914,SPOUSE_OF,1,FR-957a7cb24f52778f
HP-00025924,HP-00025925,SPOUSE_OF,1,FR-128309285210d21e
HP-00025933,HP-00025934,SPOUSE_OF,1,FR-4efc20d5d3755ef2
HP-00025944,HP-00025945,SPOUSE_OF,1,FR-f8290a642d0f576a
HP-00025954,HP-00025955,SPOUSE_OF,1,FR-33219bfb14dd3fec
HP-00025964,HP-00025965,SPOUSE_OF,1,FR-8b8e2d830e789c6a
HP-00025975,HP-00025976,SPOUSE_OF,1,FR-cbde008017d6eb76
HP-00025986,HP-00025987,SPOUSE_OF,1,FR-25990d758efb9956
HP-00000526,HP-00025997,SPOUSE_OF,1,FR-d435b252aa284e0b
HP-00026007,HP-00026008,SPOUSE_OF,1,FR-dfc2f9a391dd320e
HP-00026018,HP-00026019,SPOUSE_OF,1,FR-0e0c0c8a9e270db8
HP-00026038,HP-00026039,SPOUSE_OF,1,FR-cf8ad9809017bb49
HP-00026049,HP-00026050,SPOUSE_OF,1,FR-b5113729f5e54203
HP-00026059,HP-00026060,SPOUSE_OF,1,FR-2d30fc039b32716c
HP-00026069,HP-00026070,SPOUSE_OF,1,FR-afb84d98f2127a4c
HP-00026078,HP-00026079,SPOUSE_OF,1,FR-dba86d4209398eb6
HP-00026087,HP-00026088,SPOUSE_OF,1,FR-c95f7162d4341876
HP-00026098,HP-00026099,SPOUSE_OF,1,FR-b25dc643559733f2
HP-00026106,HP-00026107,SPOUSE_OF,1,FR-9894e5ea7f11cf37
HP-00026116,HP-00026117,SPOUSE_OF,1,FR-46119f38d73a0132
HP-00026127,HP-00026128,SPOUSE_OF,1,FR-0fa6b8257e76cd07
HP-00026138,HP-00026139,SPOUSE_OF,1,FR-a4387b733984fcd4
HP-00026149,HP-00026150,SPOUSE_OF,1,FR-15481801aa8e0569
HP-00026160,HP-00026161,SPOUSE_OF,1,FR-de4f2627a15ae8ab
HP-00026170,HP-00026171,SPOUSE_OF,1,FR-28c1ed66f9ed46c1
HP-00026179,HP-00026180,SPOUSE_OF,1,FR-690a11b00b8bf280
HP-00026188,HP-00026189,SPOUSE_OF,1,FR-a17bb0578ff79c8d
HP-00026195,HP-00026196,SPOUSE_OF,1,FR-19605c6723cc8c69
HP-00026206,HP-00026207,SPOUSE_OF,1,FR-230eddb228a825f0
HP-00026217,HP-00026218,SPOUSE_OF,1,FR-325e6bc070e89609
HP-00026228,HP-00026229,SPOUSE_OF,1,FR-066fdcdaa1cbfd29
HP-00026238,HP-00026239,SPOUSE_OF,1,FR-63c97006f0c7e00b
HP-00026247,HP-00026248,SPOUSE_OF,1,FR-18b3f53fbb1f4286
HP-00026255,HP-00026256,SPOUSE_OF,1,FR-c2e3a564c853d28f
HP-00026266,HP-00026267,SPOUSE_OF,1,FR-8b447e07281dc67f
HP-00026276,HP-00026277,SPOUSE_OF,1,FR-a5655bccf9ef99bc
HP-00026287,HP-00026288,SPOUSE_OF,1,FR-f22d281eb7ca6ddd
HP-00026298,HP-00026299,SPOUSE_OF,1,FR-44e189cc860ac24b
HP-00026309,HP-00026310,SPOUSE_OF,1,FR-2622ac6ee78c25e0
HP-00001348,HP-00002604,SPOUSE_OF,1,FR-abad1cc01823adb8
HP-00026328,HP-00026329,SPOUSE_OF,1,FR-e21f38979560eead
HP-00026337,HP-00026338,SPOUSE_OF,1,FR-811b07eea5c1a20d
HP-00026348,HP-00026349,SPOUSE_OF,1,FR-0995dc189816ff9b
HP-00026357,HP-00026358,SPOUSE_OF,1,FR-c2537c64031f1222
HP-00026368,HP-00026369,SPOUSE_OF,1,FR-8ca025682ce839c3
HP-00002655,HP-00026391,SPOUSE_OF,1,FR-22b8e1a82974f594
HP-00026410,HP-00026411,SPOUSE_OF,1,FR-0970aa466e63ed0a
HP-00026421,HP-00026422,SPOUSE_OF,1,FR-deba9fa3c5796b3b
HP-00026432,HP-00026433,SPOUSE_OF,1,FR-407d83fd2b7977cf
HP-00003681,HP-00026444,SPOUSE_OF,1,FR-6426f4dd9f0504d3
HP-00026454,HP-00026455,SPOUSE_OF,1,FR-c0f215ccf081ce69
HP-00026465,HP-00026466,SPOUSE_OF,1,FR-0e54a3e30b0c4a92
HP-00026476,HP-00026477,SPOUSE_OF,1,FR-6c36e63a4d1651d4
HP-00026487,HP-00026488,SPOUSE_OF,1,FR-62cb2c5987587320
HP-00026498,HP-00026499,SPOUSE_OF,1,FR-5980377031711644
HP-00026507,HP-00026508,SPOUSE_OF,1,FR-4b38a9bb91a0776f
HP-00026518,HP-00026519,SPOUSE_OF,1,FR-77e66d089a7175ec
HP-00026529,HP-00026530,SPOUSE_OF,1,FR-6923699c9e6fa02e
HP-00026539,HP-00026540,SPOUSE_OF,1,FR-2254fd9ee29b36ab
HP-00026549,HP-00026550,SPOUSE_OF,1,FR-9dd62b9c7291bc9f
HP-00026556,HP-00026557,SPOUSE_OF,1,FR-ecf5755d239e518f
HP-00026565,HP-00026566,SPOUSE_OF,1,FR-0ebb0393317c562b
HP-00026576,HP-00026577,SPOUSE_OF,1,FR-096889003e3584ec
HP-00003492,HP-00026587,SPOUSE_OF,1,FR-4b21a251155eeedc
HP-00026598,HP-00026599,SPOUSE_OF,1,FR-148498b297c68b49
HP-00026609,HP-00026610,SPOUSE_OF,1,FR-6f6ee4afd62aec71
HP-00026620,HP-00026621,SPOUSE_OF,1,FR-0a8f9c8b534a7abe
HP-00026631,HP-00026632,SPOUSE_OF,1,FR-07ff9b3ddad17557
HP-00026642,HP-00026643,SPOUSE_OF,1,FR-d686ab36274da4d4
HP-00026651,HP-00026652,SPOUSE_OF,1,FR-f399ae99d125fcd8
HP-00026662,HP-00026663,SPOUSE_OF,1,FR-d2cf6ac7d6883b8b
HP-00026684,HP-00026685,SPOUSE_OF,1,FR-ecc6560e9ecd33ef
HP-00026691,HP-00026692,SPOUSE_OF,1,FR-bbbf8d50a5970566
HP-00026700,HP-00026701,SPOUSE_OF,1,FR-ecb650dab295f6c4
HP-00026709,HP-00026710,SPOUSE_OF,1,FR-064b3f2885db85bb
HP-00026729,HP-00026730,SPOUSE_OF,1,FR-fc2f7b762ad0ea4f
HP-00026738,HP-00026739,SPOUSE_OF,1,FR-abd853dc75280dd5
HP-00026747,HP-00026748,SPOUSE_OF,1,FR-5d3c6828a0d49d9d
HP-00026767,HP-00026768,SPOUSE_OF,2,FR-ebeff02624b97d20
HP-00026778,HP-00026779,SPOUSE_OF,1,FR-30ab03995001138b
HP-00026789,HP-00026790,SPOUSE_OF,1,FR-1dd4cd0e45f2a299
HP-00026800,HP-00026801,SPOUSE_OF,1,FR-b3c862515f80daca
HP-00026811,HP-00026812,SPOUSE_OF,1,FR-42c1988e3fda1086
HP-00026820,HP-00026821,SPOUSE_OF,1,FR-b4eedca79cb90020
HP-00026831,HP-00026832,SPOUSE_OF,1,FR-ff25f9d4f46a9763
HP-00026845,HP-00026846,SPOUSE_OF,1,FR-1013ab19911ee80c
HP-00026852,HP-00026853,SPOUSE_OF,1,FR-13cb6f4afb575c58
HP-00026859,HP-00026860,SPOUSE_OF,1,FR-c33603c2a6a750c9
HP-00026866,HP-00026867,SPOUSE_OF,1,FR-b736192b826deb54
HP-00026873,HP-00026874,SPOUSE_OF,1,FR-f17581dac0db6743
HP-00026880,HP-00026881,SPOUSE_OF,1,FR-dff4c3b0ff71ceb6
HP-00008402,HP-00008403,SPOUSE_OF,1,FR-3118770642a848e2
HP-00026893,HP-00026894,SPOUSE_OF,1,FR-36ec4bb04772b6c8
HP-00026907,HP-00026908,SPOUSE_OF,1,FR-f856070ba3153c49
HP-00026914,HP-00026915,SPOUSE_OF,1,FR-de39d0acebe7d4a9
HP-00026921,HP-00026922,SPOUSE_OF,1,FR-0eef04e3c1b1350f
HP-00026928,HP-00026929,SPOUSE_OF,1,FR-43f34f6409bfe46f
HP-00026935,HP-00026936,SPOUSE_OF,1,FR-9bd5900a8c0cd50a
HP-00026949,HP-00026950,SPOUSE_OF,1,FR-1b4f4e799d4fecfb
HP-00026956,HP-00026957,SPOUSE_OF,1,FR-06828be2adbf5dd8
HP-00026963,HP-00026964,SPOUSE_OF,1,FR-8e5feddf0e238281
HP-00026970,HP-00026971,SPOUSE_OF,1,FR-3b5664b24b839dff
HP-00026976,HP-00026977,SPOUSE_OF,1,FR-ccf9b3a21e9e3de1
HP-00026983,HP-00026984,SPOUSE_OF,1,FR-7f96afc74a356256
HP-00026990,HP-00026991,SPOUSE_OF,1,FR-9b3dab62fd0d60ae
HP-00026997,HP-00026998,SPOUSE_OF,1,FR-e7df18c7b91aea3a
HP-00027011,HP-00027012,SPOUSE_OF,1,FR-33b0c1d938f56df9
HP-00027018,HP-00027019,SPOUSE_OF,1,FR-84086c19d3fe1946
HP-00027025,HP-00027026,SPOUSE_OF,1,FR-b90ce4cdc61a3b62
HP-00027032,HP-00027033,SPOUSE_OF,1,FR-77f35747d909dd9c
HP-00027037,HP-00027038,SPOUSE_OF,1,FR-2e01cfc433f79464
HP-00027044,HP-00027045,SPOUSE_OF,1,FR-c4d54c4c492bb770
HP-00027072,HP-00027073,SPOUSE_OF,1,FR-0877351481b51f92
HP-00027079,HP-00027080,SPOUSE_OF,1,FR-6ded78df4acc8cec
HP-00027086,HP-00027087,SPOUSE_OF,1,FR-212b93ce1e247c0e
HP-00027093,HP-00027094,SPOUSE_OF,1,FR-8cdbeba4e165c91b
HP-00027100,HP-00027101,SPOUSE_OF,1,FR-c4fa4e5d24ab6e32
HP-00027107,HP-00027108,SPOUSE_OF,1,FR-881dd01d504945b9
HP-00027114,HP-00027115,SPOUSE_OF,2,FR-eada31bc50860020
HP-00027121,HP-00027122,SPOUSE_OF,1,FR-3364d4d834ac80cc
HP-00027128,HP-00027129,SPOUSE_OF,1,FR-5a9b651eb3d0a5c1
HP-00027142,HP-00027143,SPOUSE_OF,1,FR-e008c1d64eb8b939
HP-00027156,HP-00027157,SPOUSE_OF,1,FR-88ee5b1174fc8296
HP-00027163,HP-00027164,SPOUSE_OF,1,FR-331117087acf3d99
HP-00027177,HP-00027178,SPOUSE_OF,1,FR-ef7c40ad8d7f9e56
HP-00027184,HP-00027185,SPOUSE_OF,1,FR-e049f908183097c6
HP-00027190,HP-00027191,SPOUSE_OF,1,FR-5536bf38841b8022
HP-00027197,HP-00027198,SPOUSE_OF,1,FR-a9ed4dd240422283
HP-00027203,HP-00027204,SPOUSE_OF,1,FR-40aef264d4f65829
HP-00027210,HP-00027211,SPOUSE_OF,1,FR-fdaa37c5b4e7ba73
HP-00027224,HP-00027225,SPOUSE_OF,1,FR-b563a0e0a1546f4b
HP-00027231,HP-00027232,SPOUSE_OF,1,FR-7d7c64b3dbaf3562
HP-00027238,HP-00027239,SPOUSE_OF,1,FR-9ae66b42e501dd42
HP-00027245,HP-00027246,SPOUSE_OF,1,FR-48831f3f46c4c389
HP-00027259,HP-00027260,SPOUSE_OF,1,FR-b884dd99721585da
HP-00027266,HP-00027267,SPOUSE_OF,1,FR-c0123eba86406045
HP-00027273,HP-00027274,SPOUSE_OF,1,FR-c9710fa8282ae0db
HP-00027280,HP-00027281,SPOUSE_OF,1,FR-a2def383eb2d59c9
HP-00027287,HP-00027288,SPOUSE_OF,1,FR-e5d6d8682dd3842f
HP-00027294,HP-00027295,SPOUSE_OF,1,FR-914041ffee1a2533
HP-00027301,HP-00027302,SPOUSE_OF,1,FR-f7bc6c7a5a210f34
HP-00027308,HP-00027309,SPOUSE_OF,1,FR-1add8102b2264624
HP-00027322,HP-00027323,SPOUSE_OF,1,FR-1df0e2937816bdf7
HP-00027329,HP-00027330,SPOUSE_OF,1,FR-f855b5c81799fa2f
HP-00027336,HP-00027337,SPOUSE_OF,1,FR-4964e4bfb47df024
HP-00027343,HP-00027344,SPOUSE_OF,1,FR-83090559028c753e
HP-00027357,HP-00027358,SPOUSE_OF,1,FR-47a951efc855ee07
HP-00027364,HP-00027365,SPOUSE_OF,1,FR-8023c7a7b5f0c67b
HP-00027371,HP-00027372,SPOUSE_OF,1,FR-119658fa310aa8cb
HP-00027378,HP-00027379,SPOUSE_OF,1,FR-da1c4d1db64c9d91
HP-00027385,HP-00027386,SPOUSE_OF,1,FR-5a06705afcaa0532
HP-00027392,HP-00027393,SPOUSE_OF,1,FR-f98198c44b66cf12
HP-00027406,HP-00027407,SPOUSE_OF,1,FR-6b5c533239724dcc
HP-00027413,HP-00027414,SPOUSE_OF,1,FR-413693cf4e26fffb
HP-00027420,HP-00027421,SPOUSE_OF,1,FR-2264d477c1d2bdd5
HP-00027427,HP-00027428,SPOUSE_OF,1,FR-e082d18fc8c2d86f
HP-00027434,HP-00027435,SPOUSE_OF,1,FR-7c3821601f8d86c8
HP-00027441,HP-00027442,SPOUSE_OF,1,FR-fe2277b77c863fae
HP-00027448,HP-00027449,SPOUSE_OF,1,FR-d90d6c31b5cd05d8
HP-00027455,HP-00027456,SPOUSE_OF,1,FR-46146e6a34326205
HP-00007877,HP-00007878,SPOUSE_OF,1,FR-8daebfc3c9ac390f
HP-00027470,HP-00027471,SPOUSE_OF,1,FR-086634eec4ee1912
HP-00027477,HP-00027478,SPOUSE_OF,1,FR-390c06a67e74e43b
HP-00027484,HP-00027485,SPOUSE_OF,1,FR-8efcdddadc0d5bc9
HP-00027491,HP-00027492,SPOUSE_OF,1,FR-a70632cf3542fa08
HP-00027498,HP-00027499,SPOUSE_OF,1,FR-33ee927408dfda43
HP-00027505,HP-00027506,SPOUSE_OF,1,FR-83e6dcb74e908794
HP-00027512,HP-00027513,SPOUSE_OF,1,FR-276f110b82d6f48a
HP-00008789,HP-00008790,SPOUSE_OF,1,FR-6faa23d1c0641bce
HP-00027526,HP-00027527,SPOUSE_OF,1,FR-16d27fa31d4e8643
HP-00027533,HP-00027534,SPOUSE_OF,1,FR-43af8447bc9c0379
HP-00027540,HP-00027541,SPOUSE_OF,1,FR-722938d8abf30d18
HP-00027547,HP-00027548,SPOUSE_OF,1,FR-305b99f53ac90254
HP-00027553,HP-00027554,SPOUSE_OF,1,FR-d3f232accaff9704
HP-00027560,HP-00027561,SPOUSE_OF,1,FR-2dc7c4682a75e94d
HP-00027567,HP-00027568,SPOUSE_OF,1,FR-3768554760e22ab8
HP-00027574,HP-00027575,SPOUSE_OF,1,FR-3e7a7bed3bd939b4
HP-00027581,HP-00027582,SPOUSE_OF,1,FR-3b6c4ad39d383587
HP-00027588,HP-00027589,SPOUSE_OF,1,FR-f8367fd98ade1b89
HP-00027595,HP-00027596,SPOUSE_OF,1,FR-c28a9b73a6da880d
HP-00027609,HP-00027610,SPOUSE_OF,1,FR-ff79354b4800e51d
HP-00027616,HP-00027617,SPOUSE_OF,1,FR-a202e64dc7adb3cd
HP-00027623,HP-00027624,SPOUSE_OF,1,FR-7bcc49488ba2fe25
HP-00027650,HP-00027651,SPOUSE_OF,1,FR-8c778b53bc606ad0
HP-00027657,HP-00027658,SPOUSE_OF,1,FR-8dc2e1173aff25ad
HP-00027671,HP-00027672,SPOUSE_OF,1,FR-3409077fc6af03e7
HP-00027685,HP-00027686,SPOUSE_OF,1,FR-2adaae49014c5596
HP-00027691,HP-00027692,SPOUSE_OF,1,FR-08c3d6b39b88e615
HP-00027700,HP-00027701,SPOUSE_OF,1,FR-88be18e2c749b847
HP-00027707,HP-00027708,SPOUSE_OF,1,FR-0f9c03d6c4090794
HP-00027717,HP-00027718,SPOUSE_OF,1,FR-8b2041dded435b11
HP-00027724,HP-00027725,SPOUSE_OF,1,FR-2fe100e4d3afaaf9
HP-00006678,HP-00027731,SPOUSE_OF,1,FR-9a52c3ea03c867e5
HP-00027738,HP-00027739,SPOUSE_OF,1,FR-6d37013058258345
HP-00027745,HP-00027746,SPOUSE_OF,1,FR-4f5555d0ea06cef3
HP-00027756,HP-00027757,SPOUSE_OF,1,FR-3cccdb87242c0787
HP-00027767,HP-00027768,SPOUSE_OF,1,FR-aaed186edc61a4fc
HP-00027777,HP-00027778,SPOUSE_OF,1,FR-8a598dfd23523a9c
HP-00027786,HP-00027787,SPOUSE_OF,1,FR-be81c6e427522a53
HP-00027797,HP-00027798,SPOUSE_OF,1,FR-0f1921985e3953e3
HP-00027808,HP-00027809,SPOUSE_OF,1,FR-5bc54e6fd31635ff
HP-00027817,HP-00027818,SPOUSE_OF,1,FR-d1e815cfe8791f34
HP-00027828,HP-00027829,SPOUSE_OF,1,FR-79ea75b0d669fff3
HP-00027839,HP-00027840,SPOUSE_OF,1,FR-9de760bf41882cd1
HP-00027849,HP-00027850,SPOUSE_OF,1,FR-82ab8c5d688d59bb
HP-00027860,HP-00027861,SPOUSE_OF,1,FR-bda12e1bd897710f
HP-00027869,HP-00027870,SPOUSE_OF,1,FR-e9c0ac249c6610af
HP-00027880,HP-00027881,SPOUSE_OF,2,FR-a209d303f8b528d7
HP-00027889,HP-00027890,SPOUSE_OF,1,FR-fdbd0d541ab0fcdf
HP-00027900,HP-00027901,SPOUSE_OF,1,FR-44eb8f7962363540
HP-00027911,HP-00027912,SPOUSE_OF,1,FR-a409d7dda53e3e65
HP-00027924,HP-00027925,SPOUSE_OF,1,FR-567d31e781b0a412
HP-00027933,HP-00027934,SPOUSE_OF,1,FR-25a741e6dce2477c
HP-00027944,HP-00027945,SPOUSE_OF,1,FR-8d9ebe29379cbe84
HP-00027953,HP-00027954,SPOUSE_OF,1,FR-038d10079600e015
HP-00027962,HP-00027963,SPOUSE_OF,1,FR-68cc66fe20bfc354
HP-00027973,HP-00027974,SPOUSE_OF,1,FR-4e078940c3c9ae2d
HP-00027984,HP-00027985,SPOUSE_OF,1,FR-95f184dedd5e44b4
HP-00016978,HP-00016979,SPOUSE_OF,2,FR-41842904ab88ca82
HP-00028006,HP-00028007,SPOUSE_OF,1,FR-e69b2293c63665b3
HP-00028017,HP-00028018,SPOUSE_OF,1,FR-85fa5382e7f12dfd
HP-00028028,HP-00028029,SPOUSE_OF,1,FR-28edb029705d067e
HP-00028039,HP-00028040,SPOUSE_OF,1,FR-658be6cdc0b3c782
HP-00028050,HP-00028051,SPOUSE_OF,1,FR-2026742212455113
HP-00028060,HP-00028061,SPOUSE_OF,1,FR-2fce8731c4032e9e
HP-00028071,HP-00028072,SPOUSE_OF,1,FR-7bd4aedaec4868a1
HP-00028082,HP-00028083,SPOUSE_OF,1,FR-3401504731bff3cd
HP-00028102,HP-00028103,SPOUSE_OF,1,FR-b08eabb8e6404934
HP-00028113,HP-00028114,SPOUSE_OF,1,FR-a76b7950d6b55ee0
HP-00028123,HP-00028124,SPOUSE_OF,1,FR-e2c3f4d5e6b6fe93
HP-00028141,HP-00028142,SPOUSE_OF,1,FR-0513c6bf2a79126f
HP-00028151,HP-00028152,SPOUSE_OF,1,FR-153a1b589ec47673
HP-00028171,HP-00028172,SPOUSE_OF,1,FR-cb669f502c0ab3d3
HP-00028182,HP-00028183,SPOUSE_OF,1,FR-04f3d0888b098175
HP-00028193,HP-00028194,SPOUSE_OF,1,FR-c2fdc255e636ef44
HP-00007054,HP-00028206,SPOUSE_OF,1,FR-0de8827dd8c17edd
HP-00028215,HP-00028216,SPOUSE_OF,1,FR-43fd2ef509f2eed4
HP-00007002,HP-00028227,SPOUSE_OF,1,FR-7cd83394ed9c838d
HP-00028248,HP-00028249,SPOUSE_OF,1,FR-d1221d67f5e5cc48
HP-00028259,HP-00028260,SPOUSE_OF,1,FR-78c2b477875678a8
HP-00028269,HP-00028270,SPOUSE_OF,1,FR-ec93a545ef12b428
HP-00028280,HP-00028281,SPOUSE_OF,1,FR-4d96ebee7b1f9477
HP-00028291,HP-00028292,SPOUSE_OF,1,FR-ddcc75c4734256e5
HP-00028302,HP-00028303,SPOUSE_OF,1,FR-90bf847a528986e7
HP-00028312,HP-00028313,SPOUSE_OF,1,FR-cc7bb2a4804c278d
HP-00028321,HP-00028322,SPOUSE_OF,1,FR-038e791a9d819012
HP-00006490,HP-00028331,SPOUSE_OF,1,FR-64604d250b7b57dd
HP-00028341,HP-00028342,SPOUSE_OF,1,FR-61baa9b08537d995
HP-00028357,HP-00028358,SPOUSE_OF,2,FR-bb1616f9946ae12e
HP-00028377,HP-00028378,SPOUSE_OF,1,FR-eb16ce5f43415500
HP-00028388,HP-00028389,SPOUSE_OF,2,FR-601a104e494de3dd
HP-00028406,HP-00028407,SPOUSE_OF,1,FR-75f3a4c0b8e28d36
HP-00005984,HP-00028418,SPOUSE_OF,1,FR-7a907e626fc674da
HP-00028428,HP-00028429,SPOUSE_OF,1,FR-f278199587398647
HP-00028439,HP-00028440,SPOUSE_OF,1,FR-46b57313ec62597a
HP-00028450,HP-00028451,SPOUSE_OF,1,FR-f36b4608137c45e1
HP-00028461,HP-00028462,SPOUSE_OF,1,FR-b1496330e82d1c66
HP-00028472,HP-00028473,SPOUSE_OF,1,FR-86587e66380432a5
HP-00028483,HP-00028484,SPOUSE_OF,1,FR-08abdc357d50275a
HP-00028503,HP-00028504,SPOUSE_OF,1,FR-ccf27972b1d2c0c4
HP-00028512,HP-00028513,SPOUSE_OF,1,FR-d002d57b30e9b3fd
HP-00028523,HP-00028524,SPOUSE_OF,1,FR-a28f2486140a6c28
HP-00028534,HP-00028535,SPOUSE_OF,1,FR-f960b8f20fb28cb9
HP-00028545,HP-00028546,SPOUSE_OF,1,FR-9fda26dbf419cead
HP-00028556,HP-00028557,SPOUSE_OF,1,FR-bb6863cdada4abc1
HP-00028567,HP-00028568,SPOUSE_OF,1,FR-011661447b00b693
HP-00028574,HP-00028575,SPOUSE_OF,1,FR-e5d3d1a0ea3d6c0f
HP-00028583,HP-00028584,SPOUSE_OF,1,FR-3aa3c789f280611d
HP-00028602,HP-00028603,SPOUSE_OF,1,FR-c953b19354a1b085
HP-00028624,HP-00028625,SPOUSE_OF,1,FR-b0ec8e73648b1889
HP-00006877,HP-00017464,SPOUSE_OF,3,FR-c50c3012bd438ec3
HP-00028642,HP-00028643,SPOUSE_OF,1,FR-644556b58614b8c0
HP-00028653,HP-00028654,SPOUSE_OF,1,FR-a42025a419d6ddda
HP-00028664,HP-00028665,SPOUSE_OF,1,FR-b75d8534b6a6afff
HP-00028675,HP-00028676,SPOUSE_OF,1,FR-c450e32d93e13de4
HP-00028686,HP-00028687,SPOUSE_OF,1,FR-54e87cfe6549aa52
HP-00028695,HP-00028696,SPOUSE_OF,1,FR-7bd07918a742a116
HP-00028706,HP-00028707,SPOUSE_OF,1,FR-e94dbcbddf068479
HP-00028717,HP-00028718,SPOUSE_OF,1,FR-594a509587b39d4c
HP-00028724,HP-00028725,SPOUSE_OF,1,FR-b8ab93667f2eb2f3
HP-00028735,HP-00028736,SPOUSE_OF,1,FR-95fd401c99fdd118
HP-00028746,HP-00028747,SPOUSE_OF,1,FR-f67bfc2ae722bc67
HP-00028753,HP-00028754,SPOUSE_OF,1,FR-ea699e391d51ab24
HP-00028762,HP-00028763,SPOUSE_OF,1,FR-c2fc651110527c0b
HP-00028773,HP-00028774,SPOUSE_OF,1,FR-e084d184a893880d
HP-00028784,HP-00028785,SPOUSE_OF,1,FR-ef298bb10689aed3
HP-00028795,HP-00028796,SPOUSE_OF,1,FR-39c43b20c3c8f53c
HP-00028806,HP-00028807,SPOUSE_OF,1,FR-9a32547252640bfd
HP-00028824,HP-00028825,SPOUSE_OF,1,FR-f5710882c89a2507
HP-00028835,HP-00028836,SPOUSE_OF,1,FR-eabd4448a6ce2ed6
HP-00028846,HP-00028847,SPOUSE_OF,1,FR-cb689d71e06643aa
HP-00028855,HP-00028856,SPOUSE_OF,1,FR-1e4e7b5f5a25619b
HP-00028866,HP-00028867,SPOUSE_OF,1,FR-03b70efd096fd379
HP-00028877,HP-00028878,SPOUSE_OF,1,FR-f98f539dfa3bd1f7
HP-00028888,HP-00028889,SPOUSE_OF,1,FR-705a6ae6ba4a6c1b
HP-00028899,HP-00028900,SPOUSE_OF,1,FR-2723393f3f633e0d
HP-00028910,HP-00028911,SPOUSE_OF,1,FR-e252330826991766
HP-00028918,HP-00028919,SPOUSE_OF,1,FR-737fa860d762975c
HP-00028926,HP-00028927,SPOUSE_OF,1,FR-5a83785c7623db68
HP-00028937,HP-00028938,SPOUSE_OF,1,FR-50201fc72c090a72
HP-00028948,HP-00028949,SPOUSE_OF,1,FR-501bca1d7d87dc89
HP-00028956,HP-00028957,SPOUSE_OF,1,FR-82a4f186bb1869ae
HP-00028967,HP-00028968,SPOUSE_OF,1,FR-fd9b042ef16f8f19
HP-00028978,HP-00028979,SPOUSE_OF,1,FR-044fc524c9bb59ac
HP-00028989,HP-00028990,SPOUSE_OF,1,FR-8b8484d7304ab81a
HP-00029009,HP-00029010,SPOUSE_OF,1,FR-583cce69d8b51290
HP-00029028,HP-00029029,SPOUSE_OF,1,FR-2a02a597c13c46ff
HP-00029037,HP-00029038,SPOUSE_OF,1,FR-aa1216229a0d3ae0
HP-00029048,HP-00029049,SPOUSE_OF,1,FR-6af4e972ebbce8fa
HP-00029070,HP-00029071,SPOUSE_OF,1,FR-0022c0b3ce404370
HP-00029081,HP-00029082,SPOUSE_OF,1,FR-d1675e0c577ef767
HP-00029092,HP-00029093,SPOUSE_OF,1,FR-c658a12dc66b6062
HP-00029103,HP-00029104,SPOUSE_OF,1,FR-86249d3e16aa2fe2
HP-00029114,HP-00029115,SPOUSE_OF,1,FR-ca5ce474c88c0461
HP-00029125,HP-00029126,SPOUSE_OF,1,FR-f0d3ac4d2a1a0070
HP-00029134,HP-00029135,SPOUSE_OF,1,FR-ff3a1c8d3e05699f
HP-00029143,HP-00029144,SPOUSE_OF,1,FR-c75ab5b897cefe9e
HP-00029151,HP-00029152,SPOUSE_OF,1,FR-811e107d0c9d46fa
HP-00029162,HP-00029163,SPOUSE_OF,1,FR-ab4fd5b015e180ab
HP-00029173,HP-00029174,SPOUSE_OF,1,FR-83e9821d1b56b8fd
HP-00029182,HP-00029183,SPOUSE_OF,1,FR-8102c81843e7e665
HP-00029193,HP-00029194,SPOUSE_OF,1,FR-8c42d538cb03d222
HP-00029202,HP-00029203,SPOUSE_OF,1,FR-8afca0f2f0cb406f
HP-00029209,HP-00029210,SPOUSE_OF,1,FR-89b465c836ad2c52
HP-00029218,HP-00029219,SPOUSE_OF,1,FR-8d339f2bab0f26d6
HP-00029229,HP-00029230,SPOUSE_OF,1,FR-873ae502dffda1a2
HP-00029240,HP-00029241,SPOUSE_OF,1,FR-4fa18bc91f995f7b
HP-00029251,HP-00029252,SPOUSE_OF,1,FR-0607df0cb186b5a5
HP-00029262,HP-00029263,SPOUSE_OF,1,FR-2bdb1f5179d57ec4
HP-00029272,HP-00029273,SPOUSE_OF,1,FR-b2488ec530543693
HP-00029282,HP-00029283,SPOUSE_OF,1,FR-09f4ec36e3c44d43
HP-00029290,HP-00029291,SPOUSE_OF,1,FR-90879bdc4ef21d52
HP-00029300,HP-00029301,SPOUSE_OF,1,FR-fc1b1f594bb5c3c8
HP-00029308,HP-00029309,SPOUSE_OF,1,FR-aff3cc1597312cdc
HP-00029318,HP-00029319,SPOUSE_OF,1,FR-48ed4a0743f9fa39
HP-00029327,HP-00029328,SPOUSE_OF,1,FR-1a5968f09b8fba70
HP-00029337,HP-00029338,SPOUSE_OF,1,FR-f3b68ecd04a31575
HP-00029347,HP-00029348,SPOUSE_OF,1,FR-89bea8dfd6bd65c6
HP-00029357,HP-00029358,SPOUSE_OF,1,FR-e3758bd6e04891a9
HP-00029367,HP-00029368,SPOUSE_OF,1,FR-6ee3fd9529e9ff42
HP-00029373,HP-00029374,SPOUSE_OF,1,FR-98c37a9a0737da7d
HP-00029383,HP-00029384,SPOUSE_OF,1,FR-620b99de6c3d9c1a
HP-00029393,HP-00029394,SPOUSE_OF,1,FR-e5f72c0482927e58
HP-00029402,HP-00029403,SPOUSE_OF,1,FR-e105c2f625ab496e
HP-00029412,HP-00029413,SPOUSE_OF,1,FR-54691365ebdbc102
HP-00029422,HP-00029423,SPOUSE_OF,1,FR-3e8694610bf59b47
HP-00029432,HP-00029433,SPOUSE_OF,1,FR-429510767a0fdde5
HP-00029443,HP-00029444,SPOUSE_OF,1,FR-1edda8c4bedcd38b
HP-00029454,HP-00029455,SPOUSE_OF,1,FR-7f3ad0ad30002040
HP-00029465,HP-00029466,SPOUSE_OF,1,FR-c24c6627514dbc24
HP-00029476,HP-00029477,SPOUSE_OF,1,FR-74772a53be01ad7e
HP-00029487,HP-00029488,SPOUSE_OF,1,FR-4e7530fcf17b05fc
HP-00029497,HP-00029498,SPOUSE_OF,1,FR-a233ab9877d416cf
HP-00029509,HP-00029510,SPOUSE_OF,1,FR-0f32e1c7a4cabbd8
HP-00029521,HP-00029522,SPOUSE_OF,1,FR-e4dbf61f97b3f949
HP-00029530,HP-00029531,SPOUSE_OF,1,FR-760715b802e77208
HP-00029541,HP-00029542,SPOUSE_OF,1,FR-05b9555e4a484127
HP-00029553,HP-00029554,SPOUSE_OF,1,FR-525e6ecfbba2d434
HP-00029563,HP-00029564,SPOUSE_OF,1,FR-677ef311d42cc9f8
HP-00029570,HP-00029571,SPOUSE_OF,1,FR-ba81f5fc37ea916c
HP-00029581,HP-00029582,SPOUSE_OF,1,FR-66091c29a7789350
HP-00029592,HP-00029593,SPOUSE_OF,1,FR-c7474bad3e3cc82c
HP-00029601,HP-00029602,SPOUSE_OF,1,FR-fff33db751dc20a3
HP-00029608,HP-00029609,SPOUSE_OF,1,FR-c181581d619d0baf
HP-00029618,HP-00029619,SPOUSE_OF,1,FR-f7d607671176cc8e
HP-00029626,HP-00029627,SPOUSE_OF,1,FR-6d85393e96dfc6b5
HP-00029636,HP-00029637,SPOUSE_OF,1,FR-77472f32e178f1b9
HP-00029645,HP-00029646,SPOUSE_OF,1,FR-5fd426c5a0817824
HP-00029654,HP-00029655,SPOUSE_OF,1,FR-39ec7e80d36a718e
HP-00029664,HP-00029665,SPOUSE_OF,1,FR-c9ff6c534c72ad08
HP-00029671,HP-00029672,SPOUSE_OF,1,FR-b086201045f89d68
HP-00029679,HP-00029680,SPOUSE_OF,1,FR-937c82df7485d798
HP-00029689,HP-00029690,SPOUSE_OF,1,FR-37decf0ff07c7d35
HP-00029694,HP-00029695,SPOUSE_OF,1,FR-bc9fdf2b7990f799
HP-00029704,HP-00029705,SPOUSE_OF,1,FR-e9ef541f9119cbf0
HP-00029712,HP-00029713,SPOUSE_OF,1,FR-bdab0bf6285603ca
HP-00029722,HP-00029723,SPOUSE_OF,1,FR-40c43b590cec860f
HP-00029744,HP-00029745,SPOUSE_OF,1,FR-618fc54da100acae
HP-00029755,HP-00029756,SPOUSE_OF,1,FR-5c28a0efc83de0fd
HP-00029766,HP-00029767,SPOUSE_OF,1,FR-6aa6f07cd395a7df
HP-00024534,HP-00029789,SPOUSE_OF,1,FR-75fb443fe9efb7a3
HP-00029799,HP-00029800,SPOUSE_OF,1,FR-9afb9a1f61aee573
HP-00029821,HP-00029822,SPOUSE_OF,1,FR-1f0be196b3588279
HP-00029832,HP-00029833,SPOUSE_OF,1,FR-30b343fb90660760
HP-00029843,HP-00029844,SPOUSE_OF,1,FR-dbbd4d0c06482c69
HP-00029865,HP-00029866,SPOUSE_OF,1,FR-a48484f140c053d6
HP-00029876,HP-00029877,SPOUSE_OF,1,FR-56700679b1fc2c72
HP-00029887,HP-00029888,SPOUSE_OF,1,FR-26f6f8ed22845221
HP-00029909,HP-00029910,SPOUSE_OF,1,FR-ec88de6693eea236
HP-00029920,HP-00029921,SPOUSE_OF,1,FR-d878760060dace5c
HP-00029931,HP-00029932,SPOUSE_OF,1,FR-4d3002090d409380
HP-00029953,HP-00029954,SPOUSE_OF,2,FR-8069f27b158abc80
HP-00029964,HP-00029965,SPOUSE_OF,1,FR-5f496ae7931291ef
HP-00029986,HP-00029987,SPOUSE_OF,1,FR-21b6047f18183046
HP-00012721,HP-00029997,SPOUSE_OF,2,FR-8a8991e205750c98
HP-00030008,HP-00030009,SPOUSE_OF,1,FR-f3ef19d3d39867d3
HP-00030030,HP-00030031,SPOUSE_OF,1,FR-1fa4273773191bfd
HP-00030052,HP-00030053,SPOUSE_OF,1,FR-8896d65db752a876
HP-00030063,HP-00030064,SPOUSE_OF,1,FR-e0c952f6c805dbbb
HP-00030085,HP-00030086,SPOUSE_OF,1,FR-bb2db82a228839c3
HP-00030096,HP-00030097,SPOUSE_OF,2,FR-6e6291653d046b62
HP-00030118,HP-00030119,SPOUSE_OF,1,FR-a6728e43c11d0ac7
HP-00030129,HP-00030130,SPOUSE_OF,2,FR-2e5a4d3950e9c7dc
HP-00014953,HP-00030140,SPOUSE_OF,1,FR-64b78dbcc8fb3aac
HP-00030173,HP-00030174,SPOUSE_OF,1,FR-24e12cf3bfaf9411
HP-00014426,HP-00030184,SPOUSE_OF,1,FR-0e400bf88e6d4d4b
HP-00030204,HP-00030205,SPOUSE_OF,1,FR-80b65d1208cbe3fa
HP-00030215,HP-00030216,SPOUSE_OF,1,FR-f34598c6d49dc244
HP-00030237,HP-00030238,SPOUSE_OF,1,FR-3aa3a0ab33ce3090
HP-00012685,HP-00030248,SPOUSE_OF,1,FR-d6f046f8a63bc291
HP-00030259,HP-00030260,SPOUSE_OF,1,FR-72fcccf3e163f0e6
HP-00030270,HP-00030271,SPOUSE_OF,1,FR-25eaf0697e7828ce
HP-00024895,HP-00030282,SPOUSE_OF,1,FR-fff7594f8aaadd07
HP-00030292,HP-00030293,SPOUSE_OF,1,FR-0e9fb2e271f2b656
HP-00030325,HP-00030326,SPOUSE_OF,1,FR-45fd15c0912f2b35
HP-00022433,HP-00030337,SPOUSE_OF,1,FR-91b47605c598092e
HP-00030358,HP-00030359,SPOUSE_OF,1,FR-0f9785b2dbb5d847
HP-00030380,HP-00030381,SPOUSE_OF,1,FR-36d7e94dca8ae549
HP-00030391,HP-00030392,SPOUSE_OF,2,FR-873158da84249d87
HP-00030402,HP-00030403,SPOUSE_OF,1,FR-6baa4a8c87093e73
HP-00030424,HP-00030425,SPOUSE_OF,1,FR-8f52ee380d780577
HP-00012435,HP-00030435,SPOUSE_OF,1,FR-aae1eefab894a0f2
HP-00030446,HP-00030447,SPOUSE_OF,1,FR-d0c81ab73dc399f5
HP-00030457,HP-00030458,SPOUSE_OF,1,FR-5ff41c262cdb090e
HP-00030468,HP-00030469,SPOUSE_OF,1,FR-2b773c8645f7ae3b
HP-00030479,HP-00030480,SPOUSE_OF,1,FR-c180e900d99dc833
HP-00030490,HP-00030491,SPOUSE_OF,1,FR-a8d6e4a8accdf070
HP-00030511,HP-00030512,SPOUSE_OF,1,FR-5cba044493d9a082
HP-00014018,HP-00030522,SPOUSE_OF,1,FR-26c3c26d97635075
HP-00030533,HP-00030534,SPOUSE_OF,1,FR-8fe833f9ab005dd8
HP-00030544,HP-00030545,SPOUSE_OF,1,FR-b67c718b2491d9d0
HP-00016524,HP-00030555,SPOUSE_OF,1,FR-5873c984030f36e6
HP-00030566,HP-00030567,SPOUSE_OF,1,FR-5c66e222384b66d1
HP-00030574,HP-00030575,SPOUSE_OF,1,FR-9f4726b7cb12a771
HP-00030584,HP-00030585,SPOUSE_OF,1,FR-556adc75b177e839
HP-00030594,HP-00030595,SPOUSE_OF,1,FR-984d03d3f5ef2423
HP-00030604,HP-00030605,SPOUSE_OF,1,FR-8c2968fcd15af053
HP-00030614,HP-00030615,SPOUSE_OF,1,FR-56faf4960bec59e2
HP-00030624,HP-00030625,SPOUSE_OF,1,FR-98851f3265646c75
HP-00030644,HP-00030645,SPOUSE_OF,1,FR-ed5d2f1a091a28ee
HP-00030654,HP-00030655,SPOUSE_OF,1,FR-3c14d78b0b93294e
HP-00030673,HP-00030674,SPOUSE_OF,1,FR-86161137040529a5
HP-00030683,HP-00030684,SPOUSE_OF,1,FR-44eff8919285163b
HP-00014678,HP-00030703,SPOUSE_OF,1,FR-fe509d5e7ee519d0
HP-00030723,HP-00030724,SPOUSE_OF,1,FR-4e1ddea22dde53b7
HP-00030733,HP-00030734,SPOUSE_OF,2,FR-7861590039cfd185
HP-00030743,HP-00030744,SPOUSE_OF,1,FR-467d5e2c6884f54a
HP-00030773,HP-00030774,SPOUSE_OF,1,FR-65018710d93cfe1f
HP-00030783,HP-00030784,SPOUSE_OF,1,FR-7a59bbff410f0770
HP-00030793,HP-00030794,SPOUSE_OF,1,FR-85c652549f87ab12
HP-00030813,HP-00030814,SPOUSE_OF,1,FR-9e11ae53f3713c3f
HP-00030823,HP-00030824,SPOUSE_OF,1,FR-7b84357b9aadb867
HP-00015669,HP-00030833,SPOUSE_OF,1,FR-2fd85d311dcc0204
HP-00030843,HP-00030844,SPOUSE_OF,1,FR-6dd67af1f73c2846
HP-00030853,HP-00030854,SPOUSE_OF,1,FR-97878c439e1ab968
HP-00030863,HP-00030864,SPOUSE_OF,1,FR-b2a183bd71a310e2
HP-00030873,HP-00030874,SPOUSE_OF,1,FR-f4db8e6e0e94f336
HP-00030893,HP-00030894,SPOUSE_OF,1,FR-e7249b75d5349994
HP-00030903,HP-00030904,SPOUSE_OF,1,FR-fdcdb110eb49a82b
HP-00030943,HP-00030944,SPOUSE_OF,1,FR-9fd0870b1f832d1e
HP-00030953,HP-00030954,SPOUSE_OF,1,FR-d52d0669ff38760e
HP-00030963,HP-00030964,SPOUSE_OF,1,FR-f56541ca05085ee8
HP-00030973,HP-00030974,SPOUSE_OF,1,FR-1bc73df13b2bcac7
HP-00030983,HP-00030984,SPOUSE_OF,1,FR-52488cf4a84df0f0
HP-00030993,HP-00030994,SPOUSE_OF,2,FR-e13be2017bfaa7e2
HP-00031003,HP-00031004,SPOUSE_OF,1,FR-a087366ecf49b5da
HP-00031013,HP-00031014,SPOUSE_OF,1,FR-e938c87002acbbe4
HP-00031021,HP-00031022,SPOUSE_OF,1,FR-94efb53620982b64
HP-00031031,HP-00031032,SPOUSE_OF,1,FR-2bbe5ab6d66ac59a
HP-00031041,HP-00031042,SPOUSE_OF,1,FR-06069b76d41b4564
HP-00031061,HP-00031062,SPOUSE_OF,1,FR-31443dae59a6431f
HP-00016020,HP-00031071,SPOUSE_OF,1,FR-ebc9d50912153722
HP-00031101,HP-00031102,SPOUSE_OF,2,FR-12c363e943576c2f
HP-00031111,HP-00031112,SPOUSE_OF,1,FR-abf748578eb21fbb
HP-00031121,HP-00031122,SPOUSE_OF,1,FR-13fbc72b0c31039a
HP-00031131,HP-00031132,SPOUSE_OF,1,FR-dfeccbbf9e293c04
HP-00031141,HP-00031142,SPOUSE_OF,1,FR-833550906afda493
HP-00016688,HP-00031152,SPOUSE_OF,1,FR-24e684cfc3bf8113
HP-00031161,HP-00031162,SPOUSE_OF,1,FR-bfbfecf200f741e2
HP-00031171,HP-00031172,SPOUSE_OF,1,FR-bb0d25ab70f23310
HP-00016368,HP-00031181,SPOUSE_OF,1,FR-198fb2e579b7591d
HP-00031191,HP-00031192,SPOUSE_OF,1,FR-f8b3ea1efd357e49
HP-00031201,HP-00031202,SPOUSE_OF,1,FR-f6be8cb592d78671
HP-00031231,HP-00031232,SPOUSE_OF,1,FR-25e1ad0d5fed6b5d
HP-00031241,HP-00031242,SPOUSE_OF,1,FR-c1f16ba29d7db61c
HP-00031251,HP-00031252,SPOUSE_OF,1,FR-107113188165df2b
HP-00031261,HP-00031262,SPOUSE_OF,1,FR-535e6219b034e188
HP-00031271,HP-00031272,SPOUSE_OF,1,FR-9d2f46f9494b3fe1
HP-00031281,HP-00031282,SPOUSE_OF,1,FR-2dcfe6a9adf98d7d
HP-00031291,HP-00031292,SPOUSE_OF,1,FR-c4d0869455ee73de
HP-00031301,HP-00031302,SPOUSE_OF,1,FR-e1d0e470e8fb1ab2
HP-00031311,HP-00031312,SPOUSE_OF,2,FR-657ff0edcb2fac75
HP-00015146,HP-00031332,SPOUSE_OF,1,FR-246b8b62dc172862
HP-00031341,HP-00031342,SPOUSE_OF,1,FR-2690a1db66737d9f
HP-00031351,HP-00031352,SPOUSE_OF,1,FR-34ce2092fbf8196d
HP-00031361,HP-00031362,SPOUSE_OF,1,FR-a9d5b52381a7c6bd
HP-00031381,HP-00031382,SPOUSE_OF,1,FR-a7ccf48d588c8788
HP-00031391,HP-00031392,SPOUSE_OF,1,FR-d72a08529e22b7d1
HP-00031411,HP-00031412,SPOUSE_OF,1,FR-e327e6bbb1cadcdf
HP-00031431,HP-00031432,SPOUSE_OF,1,FR-e75d7775bbbdac86
HP-00031439,HP-00031440,SPOUSE_OF,1,FR-a18364527bff4395
HP-00031449,HP-00031450,SPOUSE_OF,1,FR-0f0f99d1151b1135
HP-00031459,HP-00031460,SPOUSE_OF,1,FR-448c4e199d5d2690
HP-00031469,HP-00031470,SPOUSE_OF,1,FR-47364295a3094663
HP-00031479,HP-00031480,SPOUSE_OF,1,FR-c88e546fa072576f
HP-00014474,HP-00031489,SPOUSE_OF,1,FR-15ce1ee2ffdcd702
HP-00031499,HP-00031500,SPOUSE_OF,2,FR-e3afb66f3ceea608
HP-00031509,HP-00031510,SPOUSE_OF,1,FR-f5be41db94412016
HP-00031519,HP-00031520,SPOUSE_OF,1,FR-2c66a62be72e58b5
HP-00016580,HP-00031529,SPOUSE_OF,1,FR-b4cd1c61c81e8eb5
HP-00031539,HP-00031540,SPOUSE_OF,1,FR-b3d35fcd05fd0fb6
HP-00031549,HP-00031550,SPOUSE_OF,1,FR-e26972d2f22557c8
HP-00031559,HP-00031560,SPOUSE_OF,1,FR-16d02dbbef5a969b
HP-00031579,HP-00031580,SPOUSE_OF,1,FR-195f5775bfc74137
HP-00013914,HP-00031591,SPOUSE_OF,1,FR-52cd1f69eaf7b807
HP-00031600,HP-00031601,SPOUSE_OF,1,FR-36cd533ae94fc206
HP-00031610,HP-00031611,SPOUSE_OF,1,FR-abb83912c1159d55
HP-00031620,HP-00031621,SPOUSE_OF,1,FR-b9d5a073b260c02f
HP-00031640,HP-00031641,SPOUSE_OF,1,FR-e1c79f3eb318ce07
HP-00031650,HP-00031651,SPOUSE_OF,1,FR-e3e5096802f19ac6
HP-00031660,HP-00031661,SPOUSE_OF,1,FR-68ed2ed972dbab43
HP-00031670,HP-00031671,SPOUSE_OF,1,FR-d5bb8eae910ea819
HP-00031690,HP-00031691,SPOUSE_OF,1,FR-8767d5399bc55ed0
HP-00031700,HP-00031701,SPOUSE_OF,1,FR-b1f90b61f168640c
HP-00031708,HP-00031709,SPOUSE_OF,1,FR-e9bbae49309ef7e4
HP-00031728,HP-00031729,SPOUSE_OF,1,FR-28670f0229a8c0cb
HP-00031748,HP-00031749,SPOUSE_OF,1,FR-7c789cc1f2263f13
HP-00031758,HP-00031759,SPOUSE_OF,1,FR-08927721940274ce
HP-00014094,HP-00031768,SPOUSE_OF,2,FR-fd11b884a6966acb
HP-00031778,HP-00031779,SPOUSE_OF,1,FR-0732bdf737080482
HP-00031798,HP-00031799,SPOUSE_OF,1,FR-d09bd46354f58aef
HP-00031808,HP-00031809,SPOUSE_OF,1,FR-947c162e092fbb6b
HP-00013714,HP-00031819,SPOUSE_OF,1,FR-23f0bf822f281e89
HP-00010719,HP-00031828,SPOUSE_OF,1,FR-2ee63bf94423cdff
HP-00031838,HP-00031839,SPOUSE_OF,1,FR-191c0c963cb822e2
HP-00031848,HP-00031849,SPOUSE_OF,1,FR-9d045ce6b6873631
HP-00031858,HP-00031859,SPOUSE_OF,2,FR-43b0da439a3b9317
HP-00031868,HP-00031869,SPOUSE_OF,2,FR-e63f47fedf5e59d5
HP-00031878,HP-00031879,SPOUSE_OF,1,FR-60ca929dfa5c9066
HP-00031888,HP-00031889,SPOUSE_OF,1,FR-58b1ed07c0593ba7
HP-00031898,HP-00031899,SPOUSE_OF,1,FR-2e3fcf59e27fae7b
HP-00031908,HP-00031909,SPOUSE_OF,1,FR-9d2ef249e3fe2676
HP-00031918,HP-00031919,SPOUSE_OF,1,FR-84fbba2a107508a3
HP-00031928,HP-00031929,SPOUSE_OF,1,FR-5a501bebcc6c0752
HP-00024672,HP-00031939,SPOUSE_OF,1,FR-b584704df78f9124
HP-00031948,HP-00031949,SPOUSE_OF,2,FR-93d38d987d09a4f9
HP-00031968,HP-00031969,SPOUSE_OF,1,FR-9760b8c02c1c2a5e
HP-00031978,HP-00031979,SPOUSE_OF,1,FR-5f83fbf9efe5073f
HP-00031988,HP-00031989,SPOUSE_OF,1,FR-2a479b6e60fafbe6
HP-00031998,HP-00031999,SPOUSE_OF,1,FR-6c61744e6adc8e34
HP-00032018,HP-00032019,SPOUSE_OF,1,FR-57d031a10f2f8acf
HP-00032028,HP-00032029,SPOUSE_OF,1,FR-a4f1650cd0a2d780
HP-00032038,HP-00032039,SPOUSE_OF,1,FR-e9bcd5916cd58991
HP-00013478,HP-00032058,SPOUSE_OF,2,FR-84aca9642f463664
HP-00032068,HP-00032069,SPOUSE_OF,1,FR-42caa1433098b7eb
HP-00032078,HP-00032079,SPOUSE_OF,2,FR-53291062b4ae5f70
HP-00032088,HP-00032089,SPOUSE_OF,1,FR-1e3ec79b2868fb8e
HP-00032098,HP-00032099,SPOUSE_OF,1,FR-ff0c3fe78a5c1d8c
HP-00032108,HP-00032109,SPOUSE_OF,1,FR-76fe053d7fe7e67f
HP-00013254,HP-00032119,SPOUSE_OF,1,FR-c75b4e517c241acc
HP-00014262,HP-00032128,SPOUSE_OF,1,FR-b56870866ffb774f
HP-00023491,HP-00032149,SPOUSE_OF,1,FR-9dbb3fea9cd3757f
HP-00032158,HP-00032159,SPOUSE_OF,1,FR-32bc9eb5a68ed954
HP-00032168,HP-00032169,SPOUSE_OF,1,FR-bb24c85a8e4930ba
HP-00032178,HP-00032179,SPOUSE_OF,1,FR-09a9e02566c311db
HP-00032188,HP-00032189,SPOUSE_OF,1,FR-6f0b2bca6fa3a3d1
HP-00032198,HP-00032199,SPOUSE_OF,1,FR-5aa6e2d9d87c00f9
HP-00032208,HP-00032209,SPOUSE_OF,1,FR-9b8b3b463e4747de
HP-00032218,HP-00032219,SPOUSE_OF,1,FR-7ea485e6786524cc
HP-00032248,HP-00032249,SPOUSE_OF,1,FR-3e6a3e469aff6bda
HP-00032258,HP-00032259,SPOUSE_OF,1,FR-1c5756010e4eb510
HP-00032268,HP-00032269,SPOUSE_OF,1,FR-e263ca3156dcc2e8
HP-00032278,HP-00032279,SPOUSE_OF,1,FR-6134aa772219e523
HP-00014996,HP-00032288,SPOUSE_OF,1,FR-f67daa7c6cb19edc
HP-00032298,HP-00032299,SPOUSE_OF,1,FR-42ba78878ff20977
HP-00032307,HP-00032308,SPOUSE_OF,1,FR-bbd878a3413963a6
HP-00032348,HP-00032349,SPOUSE_OF,1,FR-0787835fc9c1c902
HP-00032358,HP-00032359,SPOUSE_OF,1,FR-3ea9c3910511fb00
HP-00032368,HP-00032369,SPOUSE_OF,1,FR-ecdd7451760b4722
HP-00032378,HP-00032379,SPOUSE_OF,1,FR-6e43b9c8d7012760
HP-00032388,HP-00032389,SPOUSE_OF,1,FR-2fd11d2dfa95fac4
HP-00032398,HP-00032399,SPOUSE_OF,1,FR-59e517c74fca1d90
HP-00032408,HP-00032409,SPOUSE_OF,1,FR-76a608b1e05b12c9
HP-00032418,HP-00032419,SPOUSE_OF,1,FR-9da4a784d133946a
HP-00032428,HP-00032429,SPOUSE_OF,1,FR-af75c91c73b2a82f
HP-00032438,HP-00032439,SPOUSE_OF,2,FR-54e122ee6a9d1443
HP-00032448,HP-00032449,SPOUSE_OF,1,FR-24fda9ba1c6e2931
HP-00032458,HP-00032459,SPOUSE_OF,1,FR-7d7d9921164fae89
HP-00032468,HP-00032469,SPOUSE_OF,1,FR-107177f48ebb99f1
HP-00032478,HP-00032479,SPOUSE_OF,2,FR-bca841894116bfcf
HP-00032488,HP-00032489,SPOUSE_OF,1,FR-67f888d4e9e9debb
HP-00032498,HP-00032499,SPOUSE_OF,1,FR-7432d35d012f201d
HP-00032518,HP-00032519,SPOUSE_OF,1,FR-45c62ed80defdef6
HP-00032528,HP-00032529,SPOUSE_OF,1,FR-e9959aad95b48471
HP-00032538,HP-00032539,SPOUSE_OF,1,FR-b05f819295c1d7e8
HP-00032548,HP-00032549,SPOUSE_OF,1,FR-cad9e2d11f41d6ac
HP-00032558,HP-00032559,SPOUSE_OF,1,FR-f4e174582727bb0c
HP-00032568,HP-00032569,SPOUSE_OF,1,FR-27c6ef779479a669
HP-00032578,HP-00032579,SPOUSE_OF,1,FR-562674f9a6a1ef65
HP-00032588,HP-00032589,SPOUSE_OF,1,FR-e35090127a01093b
HP-00032598,HP-00032599,SPOUSE_OF,1,FR-32de31f0f0424e11
HP-00032608,HP-00032609,SPOUSE_OF,1,FR-9dfad90b9c669596
HP-00032628,HP-00032629,SPOUSE_OF,1,FR-4f66725c85c92095
HP-00032638,HP-00032639,SPOUSE_OF,1,FR-062cd0cfd8b95c6d
HP-00032648,HP-00032649,SPOUSE_OF,1,FR-32954fbcae18f6cd
HP-00032668,HP-00032669,SPOUSE_OF,1,FR-9205d658df230bf8
HP-00032678,HP-00032679,SPOUSE_OF,1,FR-bbec080dd3a12942
HP-00032688,HP-00032689,SPOUSE_OF,1,FR-698fddc77adce2e6
HP-00032698,HP-00032699,SPOUSE_OF,2,FR-ac94fe40266128b7
HP-00032708,HP-00032709,SPOUSE_OF,1,FR-d593f868cc9c00d0
HP-00032718,HP-00032719,SPOUSE_OF,1,FR-6366bb8b09b764c7
HP-00032728,HP-00032729,SPOUSE_OF,1,FR-96a5ce3463710ed7
HP-00032738,HP-00032739,SPOUSE_OF,1,FR-a49a01daabd72d78
HP-00032748,HP-00032749,SPOUSE_OF,1,FR-c9bdbe3493b1d0a3
HP-00032758,HP-00032759,SPOUSE_OF,1,FR-0aa767aa768d992c
HP-00032768,HP-00032769,SPOUSE_OF,1,FR-09027fbbfe248859
HP-00032778,HP-00032779,SPOUSE_OF,1,FR-eb106006a764e5d1
HP-00032788,HP-00032789,SPOUSE_OF,1,FR-c8f401bcdd6ed1bc
HP-00032798,HP-00032799,SPOUSE_OF,1,FR-4036a2828c12a140
HP-00032806,HP-00032807,SPOUSE_OF,1,FR-5b77c5382471ad7f
HP-00032816,HP-00032817,SPOUSE_OF,1,FR-115bfa369c6f8e67
HP-00032826,HP-00032827,SPOUSE_OF,1,FR-b9ce41b1270cc5ff
HP-00032836,HP-00032837,SPOUSE_OF,1,FR-06bc910492260c9a
HP-00032846,HP-00032847,SPOUSE_OF,1,FR-8f12831f9a2132d5
HP-00032856,HP-00032857,SPOUSE_OF,1,FR-b96aee7b8e1517c6
HP-00032866,HP-00032867,SPOUSE_OF,1,FR-79f13bab12cc42fe
HP-00032876,HP-00032877,SPOUSE_OF,1,FR-62c750827b6c0825
HP-00032886,HP-00032887,SPOUSE_OF,1,FR-cfbe3e7b7f18cba5
HP-00032896,HP-00032897,SPOUSE_OF,1,FR-e417889e3c7491e6
HP-00032906,HP-00032907,SPOUSE_OF,1,FR-64ef86640b1017ba
HP-00011228,HP-00032916,SPOUSE_OF,1,FR-c1b2fb9f8cb3e450
HP-00032926,HP-00032927,SPOUSE_OF,1,FR-7a9db71db01466fc
HP-00032936,HP-00032937,SPOUSE_OF,1,FR-c3769aa5e714db4c
HP-00032946,HP-00032947,SPOUSE_OF,1,FR-982c3d7d775dc2a9
HP-00032956,HP-00032957,SPOUSE_OF,1,FR-0d7b979fd9d83884
HP-00032976,HP-00032977,SPOUSE_OF,1,FR-af4b99acd32ca2d6
HP-00032986,HP-00032987,SPOUSE_OF,1,FR-bb0cf3ee2e3ca26b
HP-00032996,HP-00032997,SPOUSE_OF,1,FR-210e449a576e1501
HP-00010496,HP-00033007,SPOUSE_OF,1,FR-5055219a8e9140be
HP-00033016,HP-00033017,SPOUSE_OF,1,FR-3cab219eed07b531
HP-00033026,HP-00033027,SPOUSE_OF,1,FR-d613ef995cb4b1ac
HP-00033036,HP-00033037,SPOUSE_OF,1,FR-4f5a96fc26b70384
HP-00033046,HP-00033047,SPOUSE_OF,1,FR-3e6fdcefccb44cf9
HP-00033056,HP-00033057,SPOUSE_OF,1,FR-5224ad71df23ef8f
HP-00033066,HP-00033067,SPOUSE_OF,1,FR-e8b3d6c994dd46b0
HP-00033076,HP-00033077,SPOUSE_OF,1,FR-b73945f1880eba31
HP-00033086,HP-00033087,SPOUSE_OF,1,FR-90f9fd1153215309
HP-00033096,HP-00033097,SPOUSE_OF,1,FR-3809ec8b6d195ece
HP-00020711,HP-00033107,SPOUSE_OF,1,FR-97b1553fab612e05
HP-00033116,HP-00033117,SPOUSE_OF,1,FR-cfbf420ce73e96a1
HP-00033126,HP-00033127,SPOUSE_OF,1,FR-cd6d701374a544be
HP-00033136,HP-00033137,SPOUSE_OF,1,FR-19521b157f9a0ce9
HP-00033146,HP-00033147,SPOUSE_OF,1,FR-1c9bd436548df6cc
HP-00033156,HP-00033157,SPOUSE_OF,1,FR-acfc4a8c615c52d5
HP-00014250,HP-00033166,SPOUSE_OF,1,FR-daa6391cbf72ce2e
HP-00010922,HP-00033177,SPOUSE_OF,1,FR-034bebc4ae09e412
HP-00033196,HP-00033197,SPOUSE_OF,1,FR-875efc4353183274
HP-00033206,HP-00033207,SPOUSE_OF,1,FR-35d49d5654c4cbb0
HP-00033216,HP-00033217,SPOUSE_OF,1,FR-f2d382813aa9c04b
HP-00033226,HP-00033227,SPOUSE_OF,1,FR-c84246ccc14d6a15
HP-00033236,HP-00033237,SPOUSE_OF,1,FR-9be218ac92891ba9
HP-00033256,HP-00033257,SPOUSE_OF,1,FR-e581ad13db7963f2
HP-00033266,HP-00033267,SPOUSE_OF,1,FR-0d93888919691fe2
HP-00033276,HP-00033277,SPOUSE_OF,1,FR-09f34fcc86f60b47
HP-00033286,HP-00033287,SPOUSE_OF,1,FR-dcbff950bc65bf66
HP-00033296,HP-00033297,SPOUSE_OF,1,FR-6fc9b5fe110dd699
HP-00033306,HP-00033307,SPOUSE_OF,1,FR-6ffab286a26401aa
HP-00033316,HP-00033317,SPOUSE_OF,1,FR-777ae2e65fdff758
HP-00033326,HP-00033327,SPOUSE_OF,1,FR-981d18cd4df7f2ab
HP-00033336,HP-00033337,SPOUSE_OF,1,FR-d40fa6000216e8ea
HP-00033346,HP-00033347,SPOUSE_OF,1,FR-e96da6b759eb74db
HP-00033366,HP-00033367,SPOUSE_OF,1,FR-3b9a9c9a44402ea2
HP-00033376,HP-00033377,SPOUSE_OF,1,FR-de9fd01c250209e3
HP-00033386,HP-00033387,SPOUSE_OF,1,FR-47db0fcb467e81d8
HP-00016348,HP-00033397,SPOUSE_OF,1,FR-0075e0bbf29449ac
HP-00033406,HP-00033407,SPOUSE_OF,1,FR-51cffb7ca22e2a8d
HP-00033416,HP-00033417,SPOUSE_OF,1,FR-afab3f7cb376a850
HP-00033426,HP-00033427,SPOUSE_OF,1,FR-1208d6b929316a01
HP-00033436,HP-00033437,SPOUSE_OF,1,FR-723fbdecd8e74e4b
HP-00033446,HP-00033447,SPOUSE_OF,1,FR-257e9e934601d4de
HP-00033456,HP-00033457,SPOUSE_OF,1,FR-2182f71a9cccecd3
HP-00016883,HP-00033466,SPOUSE_OF,1,FR-75975d980659fe2c
HP-00033476,HP-00033477,SPOUSE_OF,1,FR-7a8b1a10ad1e8fdd
HP-00033486,HP-00033487,SPOUSE_OF,1,FR-7097a7c5e647cfbe
HP-00033496,HP-00033497,SPOUSE_OF,1,FR-8373a1f3a746877c
HP-00033506,HP-00033507,SPOUSE_OF,1,FR-6577caa4863e224c
HP-00033516,HP-00033517,SPOUSE_OF,1,FR-5f1c911954a314c2
HP-00033526,HP-00033527,SPOUSE_OF,1,FR-95d0701ecc4c8ec2
HP-00033536,HP-00033537,SPOUSE_OF,1,FR-02cf19c2a677e40e
HP-00033546,HP-00033547,SPOUSE_OF,1,FR-bd04d02e09346116
HP-00033556,HP-00033557,SPOUSE_OF,1,FR-3232e3adf47529d7
HP-00033564,HP-00033565,SPOUSE_OF,1,FR-7612f70b01a1a254
HP-00033585,HP-00033586,SPOUSE_OF,1,FR-e8aeb951d9944c7a
HP-00033596,HP-00033597,SPOUSE_OF,1,FR-dd02ed1c337a120c
HP-00033603,HP-00033604,SPOUSE_OF,1,FR-45887a632d2ecfd1
HP-00033613,HP-00033614,SPOUSE_OF,1,FR-02ad51d1d9264b7b
HP-00033623,HP-00033624,SPOUSE_OF,1,FR-f43935395f3a86e0
HP-00033633,HP-00033634,SPOUSE_OF,1,FR-49ad87eef98eba0b
HP-00033643,HP-00033644,SPOUSE_OF,1,FR-9ae9e94df00249bf
HP-00007620,HP-00033655,SPOUSE_OF,1,FR-bf04851d64754970
HP-00009695,HP-00033674,SPOUSE_OF,1,FR-60c515929bb40284
HP-00033693,HP-00033694,SPOUSE_OF,1,FR-18a9670ef9be0b50
HP-00008973,HP-00033703,SPOUSE_OF,1,FR-a6f7a65a13b3b5ca
HP-00033714,HP-00033715,SPOUSE_OF,1,FR-21603a677d72fca4
HP-00033732,HP-00033733,SPOUSE_OF,1,FR-66e63caeea7cf37a
HP-00033742,HP-00033743,SPOUSE_OF,1,FR-d6c741ede55f25d3
HP-00033752,HP-00033753,SPOUSE_OF,1,FR-1d9699404febe35c
HP-00033763,HP-00033764,SPOUSE_OF,1,FR-6ab155031d640f2d
HP-00033773,HP-00033774,SPOUSE_OF,1,FR-53a53ef95bf99379
HP-00033779,HP-00033780,SPOUSE_OF,1,FR-8945926b86dfe515
HP-00009432,HP-00033790,SPOUSE_OF,1,FR-def95a43af080e78
HP-00033810,HP-00033811,SPOUSE_OF,1,FR-f478147c6ec1891c
HP-00007799,HP-00033819,SPOUSE_OF,1,FR-b6630fa89193501d
HP-00033829,HP-00033830,SPOUSE_OF,1,FR-c05df2b657d4fb8a
HP-00033839,HP-00033840,SPOUSE_OF,1,FR-f76bbebc0d3b7dc9
HP-00033850,HP-00033851,SPOUSE_OF,1,FR-8626415ca796d383
HP-00033860,HP-00033861,SPOUSE_OF,1,FR-6bebfc08c468be47
HP-00033868,HP-00033869,SPOUSE_OF,1,FR-eba6ca1459e09745
HP-00033878,HP-00033879,SPOUSE_OF,1,FR-d81f9e3e93c042f1
HP-00033888,HP-00033889,SPOUSE_OF,1,FR-e7f72b335d6c6830
HP-00033894,HP-00033895,SPOUSE_OF,1,FR-7c49492fa5b1d01c
HP-00019073,HP-00019074,SPOUSE_OF,2,FR-c9b96b111eaabad6
HP-00033914,HP-00033915,SPOUSE_OF,1,FR-8a3ee2777b8139c1
HP-00033925,HP-00033926,SPOUSE_OF,1,FR-b8dd46dd111e6718
HP-00033935,HP-00033936,SPOUSE_OF,1,FR-2d64941a5d6236d3
HP-00033943,HP-00033944,SPOUSE_OF,1,FR-93f45e80b184a963
HP-00033952,HP-00033953,SPOUSE_OF,1,FR-a9ca0f2218dad4d4
HP-00033962,HP-00033963,SPOUSE_OF,1,FR-34083308a77c60bd
HP-00033970,HP-00033971,SPOUSE_OF,1,FR-d8a6391ca3049a8d
HP-00033980,HP-00033981,SPOUSE_OF,1,FR-a0c21956963c1a82
HP-00033990,HP-00033991,SPOUSE_OF,1,FR-85cbb75219d2fc99
HP-00033999,HP-00034000,SPOUSE_OF,1,FR-037aed90c6632890
HP-00034008,HP-00034009,SPOUSE_OF,1,FR-d62ad25f375caa50
HP-00034019,HP-00034020,SPOUSE_OF,1,FR-ca87d09ead6c26f7
HP-00034027,HP-00034028,SPOUSE_OF,1,FR-66cdfe7a1145312c
HP-00034035,HP-00034036,SPOUSE_OF,1,FR-77d68b4f534d84ca
HP-00034041,HP-00034042,SPOUSE_OF,1,FR-00da1abbcffc1282
HP-00034051,HP-00034052,SPOUSE_OF,1,FR-9e5fd4d2d9a5439e
HP-00034061,HP-00034062,SPOUSE_OF,1,FR-01728bcab76535db
HP-00009281,HP-00034072,SPOUSE_OF,1,FR-98a0bb9c75b80f70
HP-00034080,HP-00034081,SPOUSE_OF,1,FR-3cd049462d8222cd
HP-00034091,HP-00034092,SPOUSE_OF,1,FR-f8d09972df869d36
HP-00034101,HP-00034102,SPOUSE_OF,1,FR-aca8e667d3ad2a97
HP-00034129,HP-00034130,SPOUSE_OF,1,FR-455b7ddbf5730746
HP-00034137,HP-00034138,SPOUSE_OF,1,FR-ed7acc4fcf2fa304
HP-00010160,HP-00034148,SPOUSE_OF,1,FR-9f4a3890d4ee2133
HP-00034158,HP-00034159,SPOUSE_OF,1,FR-e0bb8ae8d1f593e7
HP-00034167,HP-00034168,SPOUSE_OF,1,FR-152ef430abd15c55
HP-00019698,HP-00034176,SPOUSE_OF,1,FR-236034252273ae4a
HP-00034187,HP-00034188,SPOUSE_OF,1,FR-6b7f76b5603ec8ca
HP-00034203,HP-00034204,SPOUSE_OF,1,FR-144794f4d122968e
HP-00034211,HP-00034212,SPOUSE_OF,1,FR-f69f60707e14e067
HP-00034220,HP-00034221,SPOUSE_OF,1,FR-4003b51995c92062
HP-00034238,HP-00034239,SPOUSE_OF,1,FR-53551aa3cbacf438
HP-00034259,HP-00034260,SPOUSE_OF,1,FR-4b66d0634c2d1fd7
HP-00008910,HP-00034276,SPOUSE_OF,1,FR-6b345238cf5d6ca0
HP-00034305,HP-00034306,SPOUSE_OF,1,FR-990656b0523ec930
HP-00034313,HP-00034314,SPOUSE_OF,1,FR-97e7a841f833575e
HP-00034321,HP-00034322,SPOUSE_OF,1,FR-420ea3a685b1e440
HP-00034331,HP-00034332,SPOUSE_OF,1,FR-978afa04c424a886
HP-00034339,HP-00034340,SPOUSE_OF,1,FR-145c04dfc48e0713
HP-00034349,HP-00034350,SPOUSE_OF,2,FR-321199a22fdf194e
HP-00034359,HP-00034360,SPOUSE_OF,1,FR-6b36c236a189069d
HP-00034369,HP-00034370,SPOUSE_OF,1,FR-fbb0655fb0a104d3
HP-00034385,HP-00034386,SPOUSE_OF,1,FR-acb0ed1f0c4a61c4
HP-00008293,HP-00034403,SPOUSE_OF,1,FR-d69e33a92164d293
HP-00034413,HP-00034414,SPOUSE_OF,1,FR-84e7b31684490d48
HP-00034423,HP-00034424,SPOUSE_OF,1,FR-3ce4ea7524c6c4d8
HP-00034444,HP-00034445,SPOUSE_OF,1,FR-255b511f30f7132d
HP-00034452,HP-00034453,SPOUSE_OF,1,FR-96e60c7e7621eb8a
HP-00034464,HP-00034465,SPOUSE_OF,1,FR-fe6d43a45bac60bc
HP-00034474,HP-00034475,SPOUSE_OF,1,FR-5d15b68571dcd64b
HP-00034480,HP-00034481,SPOUSE_OF,1,FR-6ecf15b2f6237331
HP-00009500,HP-00019102,SPOUSE_OF,1,FR-eb5495c159068bea
HP-00034496,HP-00034497,SPOUSE_OF,1,FR-547bd903bf2dd7b4
HP-00034516,HP-00034517,SPOUSE_OF,1,FR-920dda8b9bc695b7
HP-00034524,HP-00034525,SPOUSE_OF,1,FR-51e266461271b4d3
HP-00034548,HP-00034549,SPOUSE_OF,1,FR-511c63eadb3525a7
HP-00034558,HP-00034559,SPOUSE_OF,1,FR-3838e5aa2632adf9
HP-00034566,HP-00034567,SPOUSE_OF,1,FR-f604e6e86c55d90c
HP-00034576,HP-00034577,SPOUSE_OF,2,FR-b3fc9d21ded07a85
HP-00034584,HP-00034585,SPOUSE_OF,1,FR-8d5b5a9b2ea8b799
HP-00034590,HP-00034591,SPOUSE_OF,1,FR-8ea3b5bdee52c3fa
HP-00020037,HP-00020038,SPOUSE_OF,2,FR-d41e6f4f7aebc82d
HP-00019233,HP-00019234,SPOUSE_OF,1,FR-2f8479c61b3a24f8
HP-00034628,HP-00034629,SPOUSE_OF,1,FR-6083970158fb3ad5
HP-00034634,HP-00034635,SPOUSE_OF,1,FR-ce58196cd12b7793
HP-00034642,HP-00034643,SPOUSE_OF,1,FR-57d351e60b4b12cd
HP-00034660,HP-00034661,SPOUSE_OF,1,FR-44fd45f37c19cc70
HP-00034678,HP-00034679,SPOUSE_OF,1,FR-f0f0bab973328c03
HP-00034688,HP-00034689,SPOUSE_OF,1,FR-f5a13d1f2642ce3e
HP-00034697,HP-00034698,SPOUSE_OF,1,FR-68ccc5bed36b533f
HP-00034707,HP-00034708,SPOUSE_OF,1,FR-f7eb42345376d2e2
HP-00034715,HP-00034716,SPOUSE_OF,1,FR-cd7d2bf5a4ec92a7
HP-00034725,HP-00034726,SPOUSE_OF,1,FR-9758638b57992320
HP-00034735,HP-00034736,SPOUSE_OF,1,FR-65232931c8af6355
HP-00034744,HP-00034745,SPOUSE_OF,1,FR-9bfe779a6f205745
HP-00034754,HP-00034755,SPOUSE_OF,1,FR-9ce5ecf75247eb5a
HP-00034765,HP-00034766,SPOUSE_OF,1,FR-81055558e5826142
HP-00034781,HP-00034782,SPOUSE_OF,1,FR-08bad20615ef2c10
HP-00034791,HP-00034792,SPOUSE_OF,1,FR-8a5a16c66c248e6e
HP-00034801,HP-00034802,SPOUSE_OF,1,FR-ebd79c8d904f9f90
HP-00034811,HP-00034812,SPOUSE_OF,1,FR-fda6b75e1d8f3459
HP-00034821,HP-00034822,SPOUSE_OF,1,FR-e8cd55fe881a5878
HP-00034834,HP-00034835,SPOUSE_OF,1,FR-60a8061447e19c0b
HP-00034844,HP-00034845,SPOUSE_OF,1,FR-53233f5140aa3163
HP-00034864,HP-00034865,SPOUSE_OF,1,FR-4bca4b09a0d5093b
HP-00034872,HP-00034873,SPOUSE_OF,1,FR-db27ed386c5c8327
HP-00034882,HP-00034883,SPOUSE_OF,1,FR-31861fc9006e4439
HP-00034892,HP-00034893,SPOUSE_OF,1,FR-fd7597da73fc64df
HP-00034922,HP-00034923,SPOUSE_OF,1,FR-c225b1c6960ea998
HP-00034928,HP-00034929,SPOUSE_OF,1,FR-f4f5af5f7ec154e6
HP-00034938,HP-00034939,SPOUSE_OF,1,FR-423cb5be661d5329
HP-00034958,HP-00034959,SPOUSE_OF,1,FR-186d1999fd475f5f
HP-00034978,HP-00034979,SPOUSE_OF,1,FR-ffc57fbf2a15b47d
HP-00034988,HP-00034989,SPOUSE_OF,1,FR-8b979f8838426914
HP-00034998,HP-00034999,SPOUSE_OF,1,FR-9748d6f6dfc3a2b0
HP-00035008,HP-00035009,SPOUSE_OF,1,FR-f9f4041c64ad516f
HP-00035016,HP-00035017,SPOUSE_OF,1,FR-5134542b2b0d2da3
HP-00035024,HP-00035025,SPOUSE_OF,1,FR-bfef95577752c13a
HP-00035034,HP-00035035,SPOUSE_OF,1,FR-b917925882e9d44b
HP-00035044,HP-00035045,SPOUSE_OF,1,FR-25d2308f2d940ed6
HP-00035052,HP-00035053,SPOUSE_OF,1,FR-abca8a1ae4d05bbc
HP-00035070,HP-00035071,SPOUSE_OF,1,FR-1b57d477904a7beb
HP-00035080,HP-00035081,SPOUSE_OF,1,FR-b4cddd272114a1eb
HP-00035104,HP-00035105,SPOUSE_OF,1,FR-418bf6ac41c90cbd
HP-00035114,HP-00035115,SPOUSE_OF,1,FR-7fae52a35f600e4f
HP-00035124,HP-00035125,SPOUSE_OF,1,FR-570f8aebb28df6b1
HP-00035134,HP-00035135,SPOUSE_OF,1,FR-2e1dc28a86620001
HP-00035144,HP-00035145,SPOUSE_OF,1,FR-21e37d941afbbf8f
HP-00035154,HP-00035155,SPOUSE_OF,3,FR-52a670f2a3c5af94
HP-00035160,HP-00035161,SPOUSE_OF,1,FR-8089bdcbc2eab471
HP-00035168,HP-00035169,SPOUSE_OF,1,FR-5ffea961c376892b
HP-00035176,HP-00035177,SPOUSE_OF,1,FR-b4e7f67b5f34d483
HP-00035202,HP-00035203,SPOUSE_OF,1,FR-35fa73e31148f768
HP-00035230,HP-00035231,SPOUSE_OF,1,FR-0fc4bca15a4ffc30
HP-00035240,HP-00035241,SPOUSE_OF,1,FR-0d6d6010981faa61
HP-00035250,HP-00035251,SPOUSE_OF,1,FR-a5259a450355a15f
HP-00035260,HP-00035261,SPOUSE_OF,1,FR-a9fcf57da5dfecbf
HP-00035288,HP-00035289,SPOUSE_OF,1,FR-65f71f52ae9ae84c
HP-00035306,HP-00035307,SPOUSE_OF,1,FR-050ec4f1bfd19d3f
HP-00035316,HP-00035317,SPOUSE_OF,1,FR-7ca6e5371cdca3a9
HP-00035326,HP-00035327,SPOUSE_OF,1,FR-61eebd51cacd2d45
HP-00035346,HP-00035347,SPOUSE_OF,1,FR-97cd9aaa1f6ae3a7
HP-00018553,HP-00035356,SPOUSE_OF,1,FR-cb5326b8370dba02
HP-00035366,HP-00035367,SPOUSE_OF,1,FR-6746e5df365a8466
HP-00035374,HP-00035375,SPOUSE_OF,1,FR-11a454aca6fa94b6
HP-00035392,HP-00035393,SPOUSE_OF,1,FR-7b6ef7ec1a699d1d
HP-00035412,HP-00035413,SPOUSE_OF,1,FR-dd25ef01009f9c85
HP-00035420,HP-00035421,SPOUSE_OF,1,FR-fecfc3691b406f2f
HP-00035430,HP-00035431,SPOUSE_OF,1,FR-8a75919edfef4ee9
HP-00035440,HP-00035441,SPOUSE_OF,1,FR-f1a6fc675d9fea23
HP-00035458,HP-00035459,SPOUSE_OF,1,FR-4ea8707a40091d6c
HP-00035466,HP-00035467,SPOUSE_OF,1,FR-d15cac46e2b5bbc6
HP-00035476,HP-00035477,SPOUSE_OF,1,FR-9a105129c536c4f4
HP-00035496,HP-00035497,SPOUSE_OF,1,FR-721dfd42b9499d24
HP-00035516,HP-00035517,SPOUSE_OF,1,FR-5266c0b75cfb53eb
HP-00035522,HP-00035523,SPOUSE_OF,1,FR-398cf80c1b73f580
HP-00018968,HP-00035533,SPOUSE_OF,1,FR-0ae934151e47c902
HP-00035542,HP-00035543,SPOUSE_OF,1,FR-9660746f11127726
HP-00035548,HP-00035549,SPOUSE_OF,1,FR-b5f27f8b2ac39d76
HP-00035554,HP-00035555,SPOUSE_OF,1,FR-4080a23a8f3c56ed
HP-00035574,HP-00035575,SPOUSE_OF,1,FR-7fb145041e49b0b8
HP-00035594,HP-00035595,SPOUSE_OF,1,FR-7431f7465ee2e283
HP-00035602,HP-00035603,SPOUSE_OF,1,FR-3dfe9b09d6d5694c
HP-00035612,HP-00035613,SPOUSE_OF,1,FR-83b470372dd0f01e
HP-00035620,HP-00035621,SPOUSE_OF,1,FR-36e46201358913c6
HP-00035640,HP-00035641,SPOUSE_OF,1,FR-475f4c2199bd7905
HP-00035656,HP-00035657,SPOUSE_OF,1,FR-b917b34238f576bb
HP-00035663,HP-00035664,SPOUSE_OF,1,FR-3e9974b2063b27b8
HP-00035673,HP-00035674,SPOUSE_OF,1,FR-19ed8eb19f4a9092
HP-00035691,HP-00035692,SPOUSE_OF,1,FR-224bb17498ec66d8
HP-00035701,HP-00035702,SPOUSE_OF,1,FR-f57e3dd9cd7c6dd5
HP-00035711,HP-00035712,SPOUSE_OF,1,FR-74e076fb0e12ea5b
HP-00035721,HP-00035722,SPOUSE_OF,1,FR-33eafd6af242dd3d
HP-00035732,HP-00035733,SPOUSE_OF,1,FR-0e0939c07d1a9870
HP-00023048,HP-00023049,SPOUSE_OF,2,FR-f13163d302f03299
HP-00035750,HP-00035751,SPOUSE_OF,1,FR-03bb00035f54f982
HP-00035760,HP-00035761,SPOUSE_OF,1,FR-ea4308b25c498afe
HP-00035770,HP-00035771,SPOUSE_OF,1,FR-adf405fdd71ac919
HP-00035779,HP-00035780,SPOUSE_OF,1,FR-46737fbee356a992
HP-00035789,HP-00035790,SPOUSE_OF,1,FR-222cf1ef26fc6fa4
HP-00035799,HP-00035800,SPOUSE_OF,1,FR-ea835dbfaa81f6f4
HP-00035809,HP-00035810,SPOUSE_OF,1,FR-f7dfdb0e06818689
HP-00035819,HP-00035820,SPOUSE_OF,1,FR-66a56be3a04fc981
HP-00035829,HP-00035830,SPOUSE_OF,1,FR-213ce8b2be7f77aa
HP-00035839,HP-00035840,SPOUSE_OF,1,FR-273d2d5ea7faed27
HP-00035849,HP-00035850,SPOUSE_OF,1,FR-61189660bde35bf9
HP-00035859,HP-00035860,SPOUSE_OF,1,FR-0061ad14a22edf0b
HP-00035869,HP-00035870,SPOUSE_OF,1,FR-aba68280b287bac9
HP-00035889,HP-00035890,SPOUSE_OF,1,FR-e2df25c0d7713d55
HP-00035909,HP-00035910,SPOUSE_OF,1,FR-9ff2896bb6c55703
HP-00035919,HP-00035920,SPOUSE_OF,1,FR-eaeed8c92debecae
HP-00035946,HP-00035947,SPOUSE_OF,1,FR-8cb95e2899f6de17
HP-00035956,HP-00035957,SPOUSE_OF,1,FR-38ebf3f3802e0dbc
HP-00035966,HP-00035967,SPOUSE_OF,1,FR-40fdc91a416cb98f
HP-00035996,HP-00035997,SPOUSE_OF,1,FR-2099cfc61eddcba1
HP-00036006,HP-00036007,SPOUSE_OF,1,FR-878c72d4bec41b9a
HP-00036016,HP-00036017,SPOUSE_OF,1,FR-f78414572ae48a5b
HP-00036036,HP-00036037,SPOUSE_OF,1,FR-94ce55087f1fde39
HP-00036046,HP-00036047,SPOUSE_OF,1,FR-8ea8bcbf2d87dd83
HP-00024579,HP-00024580,SPOUSE_OF,2,FR-28fe3e6c8fc5f3c2
HP-00036076,HP-00036077,SPOUSE_OF,1,FR-0c59e671cacc6fe9
HP-00036096,HP-00036097,SPOUSE_OF,1,FR-12c9627cdec864e2
HP-00036106,HP-00036107,SPOUSE_OF,1,FR-a14c93106a209fd3
HP-00036116,HP-00036117,SPOUSE_OF,1,FR-13faf5ce31770b76
HP-00036136,HP-00036137,SPOUSE_OF,1,FR-8182d2af5b6ff0cb
HP-00036156,HP-00036157,SPOUSE_OF,1,FR-08cfd41ba2a32779
HP-00036166,HP-00036167,SPOUSE_OF,1,FR-6de9f4694e1ba9f7
HP-00036176,HP-00036177,SPOUSE_OF,1,FR-4039860a1ecdf01c
HP-00036186,HP-00036187,SPOUSE_OF,1,FR-1f50d7dc876e914b
HP-00036196,HP-00036197,SPOUSE_OF,2,FR-c8d83394da47ff0c
HP-00036206,HP-00036207,SPOUSE_OF,1,FR-d2e07be71ee9696c
HP-00036216,HP-00036217,SPOUSE_OF,1,FR-2968d0d08973e964
HP-00036226,HP-00036227,SPOUSE_OF,1,FR-815ffa023e405170
HP-00036246,HP-00036247,SPOUSE_OF,1,FR-6d1faf83b5e698b5
HP-00036256,HP-00036257,SPOUSE_OF,1,FR-cc6311db5d7499af
HP-00036286,HP-00036287,SPOUSE_OF,1,FR-4d6e798c3d6ad2e6
HP-00036296,HP-00036297,SPOUSE_OF,1,FR-f2709466dae07288
HP-00036306,HP-00036307,SPOUSE_OF,1,FR-2d62d7f46b3e867d
HP-00036316,HP-00036317,SPOUSE_OF,1,FR-908acebfe7c0e672
HP-00019064,HP-00036328,SPOUSE_OF,1,FR-ae83dd79eeb5efd9
HP-00036337,HP-00036338,SPOUSE_OF,1,FR-bf89659d1d77fe91
HP-00036367,HP-00036368,SPOUSE_OF,1,FR-e5421ea9c5892da9
HP-00036377,HP-00036378,SPOUSE_OF,1,FR-8ae3377b8bd888ea
HP-00036387,HP-00036388,SPOUSE_OF,1,FR-6ef59e6a137d0b86
HP-00036397,HP-00036398,SPOUSE_OF,1,FR-3d58ca1beb29c7a7
HP-00036407,HP-00036408,SPOUSE_OF,1,FR-8cbd7b2199caa157
HP-00036417,HP-00036418,SPOUSE_OF,2,FR-b00a3979bd61f64e
HP-00036437,HP-00036438,SPOUSE_OF,1,FR-bf537da40c4afe7f
HP-00036445,HP-00036446,SPOUSE_OF,1,FR-c6e20f179b1db3d3
HP-00036455,HP-00036456,SPOUSE_OF,1,FR-36f61e4cfcc6fc53
HP-00036465,HP-00036466,SPOUSE_OF,1,FR-3c698d1b0d5c9f41
HP-00036471,HP-00036472,SPOUSE_OF,1,FR-cadf2f8887963bae
HP-00036481,HP-00036482,SPOUSE_OF,1,FR-1cce2c93e8b31417
HP-00036487,HP-00036488,SPOUSE_OF,1,FR-3651ac43dd85531d
HP-00036496,HP-00036497,SPOUSE_OF,1,FR-32e00193e3fd46a8
HP-00036549,HP-00036550,SPOUSE_OF,1,FR-3bfa91c3cfb82dad
HP-00036599,HP-00036600,SPOUSE_OF,1,FR-f6f32c18296745e1
HP-00036609,HP-00036610,SPOUSE_OF,1,FR-8f056fca20ca8af6
HP-00036628,HP-00036629,SPOUSE_OF,1,FR-343d6fadde212581
HP-00036638,HP-00036639,SPOUSE_OF,1,FR-c7cda0089e1922bf
HP-00036647,HP-00036648,SPOUSE_OF,1,FR-f25034a99b41de23
HP-00036666,HP-00036667,SPOUSE_OF,1,FR-df7aeb770974bdc0
HP-00036675,HP-00036676,SPOUSE_OF,1,FR-4d04fdef2c374c10
HP-00036685,HP-00036686,SPOUSE_OF,1,FR-601e509d48983386
HP-00036695,HP-00036696,SPOUSE_OF,1,FR-712061c2decd272a
HP-00036705,HP-00036706,SPOUSE_OF,1,FR-8c0a5995569e39ae
HP-00036711,HP-00036712,SPOUSE_OF,1,FR-015d3722de218b54
HP-00036728,HP-00036729,SPOUSE_OF,1,FR-33197595f981ccc5
HP-00036785,HP-00036786,SPOUSE_OF,1,FR-a3435deb1ece0380
HP-00036795,HP-00036796,SPOUSE_OF,1,FR-f9d7176fa08efb7d
HP-00036805,HP-00036806,SPOUSE_OF,1,FR-8a3bdf697f47a833
HP-00036815,HP-00036816,SPOUSE_OF,1,FR-091f2648ec3849bc
HP-00036835,HP-00036836,SPOUSE_OF,1,FR-2eba6297858ac9c9
HP-00036845,HP-00036846,SPOUSE_OF,1,FR-8dd6d8eef70b0907
HP-00036854,HP-00036855,SPOUSE_OF,1,FR-a0bf65a693a9b6de
HP-00021047,HP-00036864,SPOUSE_OF,1,FR-b7c3fa75f5d12051
HP-00036874,HP-00036875,SPOUSE_OF,1,FR-a685200bf38fbf64
HP-00036884,HP-00036885,SPOUSE_OF,1,FR-5ad370d83627c4c1
HP-00012714,HP-00012715,SPOUSE_OF,1,FR-7ce0e93f502db72e
HP-00036915,HP-00036916,SPOUSE_OF,1,FR-97eb241111c5b6da
HP-00036925,HP-00036926,SPOUSE_OF,1,FR-0736f82bfbc1c338
HP-00036957,HP-00036958,SPOUSE_OF,1,FR-f974d5a9745b2d42
HP-00036968,HP-00036969,SPOUSE_OF,1,FR-d70c6ce435479c57
HP-00036979,HP-00036980,SPOUSE_OF,1,FR-a57e0d4faf3bacd6
HP-00036990,HP-00036991,SPOUSE_OF,1,FR-fec27a7c4a50732e
HP-00037001,HP-00037002,SPOUSE_OF,1,FR-67d3f4064177d417
HP-00020231,HP-00037013,SPOUSE_OF,1,FR-82dfb1542eb1f42a
HP-00037023,HP-00037024,SPOUSE_OF,1,FR-974db8a51087375a
HP-00037044,HP-00037045,SPOUSE_OF,1,FR-2ef587eca6e11c53
HP-00037054,HP-00037055,SPOUSE_OF,1,FR-54fa2b78653ced52
HP-00037078,HP-00037079,SPOUSE_OF,1,FR-00ce46e26ff09fb6
HP-00037087,HP-00037088,SPOUSE_OF,1,FR-a3d8c28785275d9b
HP-00012627,HP-00012628,SPOUSE_OF,2,FR-c09e0cdf007e8754
HP-00020523,HP-00021079,SPOUSE_OF,1,FR-bc90b4faf77c996b
HP-00037142,HP-00037143,SPOUSE_OF,1,FR-b71d9ca6de7f4e59
HP-00037160,HP-00037161,SPOUSE_OF,1,FR-e6edd2e2e93a85c7
HP-00037171,HP-00037172,SPOUSE_OF,1,FR-293edec8c54459e5
HP-00037182,HP-00037183,SPOUSE_OF,1,FR-f3f5b7e7c2a7f30e
HP-00037215,HP-00037216,SPOUSE_OF,1,FR-8b6524d983620a9a
HP-00037237,HP-00037238,SPOUSE_OF,1,FR-4952080d85e2ef4f
HP-00037248,HP-00037249,SPOUSE_OF,1,FR-991a40e0c5e79b80
HP-00037270,HP-00037271,SPOUSE_OF,1,FR-b6d842855e2ddb62
HP-00037281,HP-00037282,SPOUSE_OF,1,FR-8f246104ef073f57
HP-00037292,HP-00037293,SPOUSE_OF,1,FR-bcb1b6f9ca211de4
HP-00037325,HP-00037326,SPOUSE_OF,1,FR-04dae038f36fdae3
HP-00037336,HP-00037337,SPOUSE_OF,1,FR-0e28bee1e7cf1360
HP-00037347,HP-00037348,SPOUSE_OF,1,FR-5d83e8a9e0ddbcbb
HP-00037358,HP-00037359,SPOUSE_OF,1,FR-2d57b8f058b036a9
HP-00037369,HP-00037370,SPOUSE_OF,1,FR-3401b0fd0ec10d9a
HP-00037390,HP-00037391,SPOUSE_OF,1,FR-686b73b40cc24226
HP-00037401,HP-00037402,SPOUSE_OF,1,FR-1b79783498c3bb2f
HP-00037412,HP-00037413,SPOUSE_OF,1,FR-41cf8c474200e3f0
HP-00037440,HP-00037441,SPOUSE_OF,1,FR-627741f29d4dc57d
HP-00037451,HP-00037452,SPOUSE_OF,1,FR-7a15fe18e7103ccf
HP-00037462,HP-00037463,SPOUSE_OF,1,FR-6a12902284717a96
HP-00021455,HP-00037470,SPOUSE_OF,1,FR-a01c51c69b4b6020
HP-00013548,HP-00037503,SPOUSE_OF,1,FR-62e662c8c23abce3
HP-00037525,HP-00037526,SPOUSE_OF,1,FR-f3a81c6c2e7fce24
HP-00037536,HP-00037537,SPOUSE_OF,1,FR-5b4520920bccb1fd
HP-00037544,HP-00037545,SPOUSE_OF,1,FR-7fbdc8b4d74c0653
HP-00037564,HP-00037565,SPOUSE_OF,1,FR-2d2220e3e325b46b
HP-00021589,HP-00037575,SPOUSE_OF,1,FR-7913638b456f4e88
HP-00037584,HP-00037585,SPOUSE_OF,1,FR-c4397ea91472764c
HP-00037594,HP-00037595,SPOUSE_OF,1,FR-18861e80d2f5d20e
HP-00037612,HP-00037613,SPOUSE_OF,1,FR-ec92c4e9ef120f8e
HP-00037622,HP-00037623,SPOUSE_OF,1,FR-6937c953ca455d1a
HP-00037640,HP-00037641,SPOUSE_OF,1,FR-0f8e9a40bef53c1d
HP-00037650,HP-00037651,SPOUSE_OF,1,FR-5ae453a029982930
HP-00037658,HP-00037659,SPOUSE_OF,1,FR-68a1935c99f070f2
HP-00037666,HP-00037667,SPOUSE_OF,1,FR-41f00b293074772e
HP-00037674,HP-00037675,SPOUSE_OF,1,FR-5c5136662cb214cd
HP-00021039,HP-00037693,SPOUSE_OF,1,FR-f5374d6d4d19c618
HP-00037702,HP-00037703,SPOUSE_OF,1,FR-08fc73595c33721e
HP-00021407,HP-00037723,SPOUSE_OF,1,FR-5c4195e46d98debb
HP-00037732,HP-00037733,SPOUSE_OF,1,FR-b26cc6c4c902fad1
HP-00037742,HP-00037743,SPOUSE_OF,1,FR-560f0325a9ddd00b
HP-00037752,HP-00037753,SPOUSE_OF,1,FR-d08ff04fa7349f91
HP-00022055,HP-00037767,SPOUSE_OF,1,FR-a664cdad92a3a53c
HP-00037776,HP-00037777,SPOUSE_OF,1,FR-fe9cbd32ed328874
HP-00037784,HP-00037785,SPOUSE_OF,1,FR-2875ce46bccdc565
HP-00037794,HP-00037795,SPOUSE_OF,1,FR-2c65de2ff54ee0a4
HP-00037805,HP-00037806,SPOUSE_OF,1,FR-cd033dc30a7ea01d
HP-00013531,HP-00013532,SPOUSE_OF,1,FR-44c77c3b7db62950
HP-00037835,HP-00037836,SPOUSE_OF,1,FR-1ae56305a84e09d8
HP-00037845,HP-00037846,SPOUSE_OF,1,FR-adcdc835c4fe9984
HP-00037865,HP-00037866,SPOUSE_OF,1,FR-135b51899c483aa9
HP-00037879,HP-00037880,SPOUSE_OF,1,FR-81262d04fdd63b56
HP-00037887,HP-00037888,SPOUSE_OF,1,FR-f5f93d36cef5c324
HP-00037897,HP-00037898,SPOUSE_OF,1,FR-f05020e81d52c5ce
HP-00037907,HP-00037908,SPOUSE_OF,1,FR-55f8357d4abde0b8
HP-00037917,HP-00037918,SPOUSE_OF,1,FR-742b28d6f410a5dc
HP-00013727,HP-00013728,SPOUSE_OF,1,FR-621afe0d9cce0c9e
HP-00020383,HP-00037943,SPOUSE_OF,1,FR-ac35c0fd19f84f01
HP-00037951,HP-00037952,SPOUSE_OF,1,FR-109ee1445ce2d8eb
HP-00021518,HP-00037961,SPOUSE_OF,1,FR-c4c683d093224972
HP-00037971,HP-00037972,SPOUSE_OF,1,FR-30d9c6e4ec8efe69
HP-00037981,HP-00037982,SPOUSE_OF,1,FR-7f8cc7a1f3418473
HP-00038012,HP-00038013,SPOUSE_OF,1,FR-1a9b9f632d535c43
HP-00038022,HP-00038023,SPOUSE_OF,1,FR-67a34955b873494f
HP-00010943,HP-00010944,SPOUSE_OF,2,FR-bef8d0b131d8656b
HP-00038048,HP-00038049,SPOUSE_OF,1,FR-dd52f2a1a629f02b
HP-00038078,HP-00038079,SPOUSE_OF,1,FR-8020a1968401d8cf
HP-00038086,HP-00038087,SPOUSE_OF,1,FR-f537d61f1e0830b4
HP-00038096,HP-00038097,SPOUSE_OF,1,FR-0e625357a7d1fc4d
HP-00038116,HP-00038117,SPOUSE_OF,1,FR-e52d8481b77ee2c6
HP-00020155,HP-00038144,SPOUSE_OF,1,FR-2bc5480d6554ff0c
HP-00038154,HP-00038155,SPOUSE_OF,1,FR-1e116eed565956aa
HP-00021130,HP-00038165,SPOUSE_OF,1,FR-d5ea4dc995a0bb2c
HP-00038174,HP-00038175,SPOUSE_OF,1,FR-ee8e4777cbf74b96
HP-00038184,HP-00038185,SPOUSE_OF,1,FR-cd9b8e38e41e8a76
HP-00038192,HP-00038193,SPOUSE_OF,1,FR-1b404125621b5bbe
HP-00038200,HP-00038201,SPOUSE_OF,1,FR-d6ba350c46676ae8
HP-00038230,HP-00038231,SPOUSE_OF,1,FR-f64c967b28d2c4f0
HP-00038240,HP-00038241,SPOUSE_OF,1,FR-82800385ca4b089c
HP-00020960,HP-00038262,SPOUSE_OF,1,FR-0418154c958869ae
HP-00038272,HP-00038273,SPOUSE_OF,1,FR-51f9709d53a4ed22
HP-00012069,HP-00012070,SPOUSE_OF,1,FR-510c65fe93053b77
HP-00038294,HP-00038295,SPOUSE_OF,1,FR-022bb7d7facfb1fb
HP-00038305,HP-00038306,SPOUSE_OF,1,FR-22a936203788f114
HP-00022247,HP-00038317,SPOUSE_OF,1,FR-9d9ebf08ab32a542
HP-00015374,HP-00015375,SPOUSE_OF,1,FR-d997afd4ce24204f
HP-00038371,HP-00038372,SPOUSE_OF,1,FR-fcc689eedd3a4833
HP-00021796,HP-00038383,SPOUSE_OF,1,FR-1f8c36faafdad6d6
HP-00022290,HP-00038416,SPOUSE_OF,1,FR-e23eb1c49d69c61d
HP-00038426,HP-00038427,SPOUSE_OF,1,FR-1d41ac7095bbf242
HP-00038437,HP-00038438,SPOUSE_OF,1,FR-b6206b8bad0d623a
HP-00038459,HP-00038460,SPOUSE_OF,1,FR-4ab7b1e042313844
HP-00038482,HP-00038483,SPOUSE_OF,1,FR-654b3c5d3b6a8607
HP-00038493,HP-00038494,SPOUSE_OF,1,FR-1816ca26dbbfb345
HP-00038515,HP-00038516,SPOUSE_OF,1,FR-90855fad188fde43
HP-00038526,HP-00038527,SPOUSE_OF,1,FR-14a04fb11bae3cb4
HP-00038535,HP-00038536,SPOUSE_OF,1,FR-4da052d4e0c7d2a2
HP-00038545,HP-00038546,SPOUSE_OF,1,FR-00736050e7e69e44
HP-00038556,HP-00038557,SPOUSE_OF,1,FR-a244c1ade2b1e9e9
HP-00038567,HP-00038568,SPOUSE_OF,1,FR-a0e1f535d14bc3a3
HP-00038600,HP-00038601,SPOUSE_OF,1,FR-43110a893b96b0fc
HP-00038611,HP-00038612,SPOUSE_OF,1,FR-c1d568f0d92e2083
HP-00038632,HP-00038633,SPOUSE_OF,1,FR-733ca04e44574cf5
HP-00038642,HP-00038643,SPOUSE_OF,1,FR-e638298def364754
HP-00038653,HP-00038654,SPOUSE_OF,1,FR-cfade3ef4cb94367
HP-00038664,HP-00038665,SPOUSE_OF,1,FR-95d2ca8b41e34f23
HP-00038675,HP-00038676,SPOUSE_OF,1,FR-8ce3167d8d2c9160
HP-00038686,HP-00038687,SPOUSE_OF,1,FR-81eb545583a7ffc6
HP-00038695,HP-00038696,SPOUSE_OF,1,FR-a19dcba086d263c2
HP-00038706,HP-00038707,SPOUSE_OF,1,FR-9d7c94244fb8136c
HP-00038717,HP-00038718,SPOUSE_OF,1,FR-f98db39323258085
HP-00038750,HP-00038751,SPOUSE_OF,1,FR-8c74fa6a143e24f7
HP-00038772,HP-00038773,SPOUSE_OF,1,FR-ae3550ad8056ba4d
HP-00038793,HP-00038794,SPOUSE_OF,1,FR-2e507f7b3071f6de
HP-00011922,HP-00011923,SPOUSE_OF,1,FR-d763b93c446e3bc9
HP-00038815,HP-00038816,SPOUSE_OF,1,FR-f6276e0396c576ec
HP-00038837,HP-00038838,SPOUSE_OF,1,FR-8c701806f12fcc4f
HP-00038846,HP-00038847,SPOUSE_OF,1,FR-0ce8f3a89fd691ab
HP-00016037,HP-00016038,SPOUSE_OF,1,FR-96855b1b41aa7b5a
HP-00038879,HP-00038880,SPOUSE_OF,1,FR-e57ed01dcdaa9f3b
HP-00038890,HP-00038891,SPOUSE_OF,1,FR-e1635dee61797c3c
HP-00038912,HP-00038913,SPOUSE_OF,1,FR-429af7924edcd7f7
HP-00038945,HP-00038946,SPOUSE_OF,1,FR-f88dc7c931bcc651
HP-00038967,HP-00038968,SPOUSE_OF,1,FR-9cbd75b72b066266
HP-00038989,HP-00038990,SPOUSE_OF,1,FR-9a4f27fa83ec5dd3
HP-00039000,HP-00039001,SPOUSE_OF,1,FR-7762d21bab6599d1
HP-00039020,HP-00039021,SPOUSE_OF,2,FR-ee6d5c5f759de89a
HP-00039031,HP-00039032,SPOUSE_OF,1,FR-115f28aec11c73aa
HP-00039053,HP-00039054,SPOUSE_OF,1,FR-52eddbc4c11e62e4
HP-00039074,HP-00039075,SPOUSE_OF,1,FR-5ab35cb9bdebb59f
HP-00039083,HP-00039084,SPOUSE_OF,1,FR-523b7e17d56e0133
HP-00039093,HP-00039094,SPOUSE_OF,1,FR-e6b44437adb59418
HP-00039100,HP-00039101,SPOUSE_OF,1,FR-55537d4ea307763c
HP-00039120,HP-00039121,SPOUSE_OF,1,FR-5aeedaba68911c8b
HP-00039131,HP-00039132,SPOUSE_OF,1,FR-b3d64600d9e62d38
HP-00039142,HP-00039143,SPOUSE_OF,1,FR-96c5b6d4231d52b1
HP-00039164,HP-00039165,SPOUSE_OF,1,FR-e7ae4a3d4dee6fa5
HP-00039193,HP-00039194,SPOUSE_OF,1,FR-b6b8e99ae1f13fd3
HP-00039204,HP-00039205,SPOUSE_OF,1,FR-a9fba4f1dc113424
HP-00039235,HP-00039236,SPOUSE_OF,1,FR-4c495e20080e9682
HP-00039246,HP-00039247,SPOUSE_OF,1,FR-d8b1cd7a34c5801d
HP-00039257,HP-00039258,SPOUSE_OF,1,FR-1fd3288e13c74b66
HP-00039275,HP-00039276,SPOUSE_OF,1,FR-8e80722cb338dbd3
HP-00039292,HP-00039293,SPOUSE_OF,1,FR-ecd4d319280f9b77
HP-00039300,HP-00039301,SPOUSE_OF,1,FR-e38bff7644ff4abf
HP-00039321,HP-00039322,SPOUSE_OF,1,FR-c381fb3c6f7dd20c
HP-00039330,HP-00039331,SPOUSE_OF,1,FR-69a2a0338c9d0a3d
HP-00039341,HP-00039342,SPOUSE_OF,1,FR-65627ead46a69316
HP-00039350,HP-00039351,SPOUSE_OF,1,FR-f848e74151dd3d6d
HP-00039372,HP-00039373,SPOUSE_OF,1,FR-58f7946b09047cf0
HP-00039383,HP-00039384,SPOUSE_OF,2,FR-eb49e8cf26db45ae
HP-00039394,HP-00039395,SPOUSE_OF,1,FR-fa05c64cec572dee
HP-00039404,HP-00039405,SPOUSE_OF,1,FR-712a4548525cdb03
HP-00039414,HP-00039415,SPOUSE_OF,1,FR-7dbced72c0dac45a
HP-00039424,HP-00039425,SPOUSE_OF,1,FR-2c3700b613b34078
HP-00039432,HP-00039433,SPOUSE_OF,1,FR-2c540a6269a2371c
HP-00039443,HP-00039444,SPOUSE_OF,1,FR-d7930407ab525a59
HP-00039452,HP-00039453,SPOUSE_OF,1,FR-198c9312011422d5
HP-00039463,HP-00039464,SPOUSE_OF,1,FR-65bf689b63ddf6f8
HP-00039473,HP-00039474,SPOUSE_OF,1,FR-0b20d489785fe58a
HP-00039481,HP-00039482,SPOUSE_OF,1,FR-651af258426e7dc5
HP-00039491,HP-00039492,SPOUSE_OF,1,FR-4f08af7281265d12
HP-00039511,HP-00039512,SPOUSE_OF,1,FR-f7f05d58fefb8d0d
HP-00039521,HP-00039522,SPOUSE_OF,1,FR-7444f06feffdadad
HP-00039541,HP-00039542,SPOUSE_OF,1,FR-c4b6ff5a872f970c
HP-00039552,HP-00039553,SPOUSE_OF,1,FR-c12de9b22cf2ea60
HP-00011425,HP-00011426,SPOUSE_OF,1,FR-d82a4ff96a08e950
HP-00039585,HP-00039586,SPOUSE_OF,1,FR-af1a5ed64df28622
HP-00039596,HP-00039597,SPOUSE_OF,1,FR-e8285d2a65c07105
HP-00039618,HP-00039619,SPOUSE_OF,1,FR-0d4e7975a78ebec2
HP-00039629,HP-00039630,SPOUSE_OF,1,FR-e61a7725549ba775
HP-00039640,HP-00039641,SPOUSE_OF,1,FR-1f5d4d9d4674f724
HP-00039662,HP-00039663,SPOUSE_OF,1,FR-c4d1e224110be9dd
HP-00039673,HP-00039674,SPOUSE_OF,1,FR-9952265e75cf57ce
HP-00039684,HP-00039685,SPOUSE_OF,1,FR-f160dfe91267e7b9
HP-00039695,HP-00039696,SPOUSE_OF,1,FR-07a3189984eec433
HP-00039728,HP-00039729,SPOUSE_OF,1,FR-0317c81893e840d6
HP-00039739,HP-00039740,SPOUSE_OF,1,FR-b46aae32e7672240
HP-00039761,HP-00039762,SPOUSE_OF,2,FR-8b62bfb911721b4b
HP-00039772,HP-00039773,SPOUSE_OF,1,FR-6b18a1088d4b3d97
HP-00039783,HP-00039784,SPOUSE_OF,1,FR-4f586efd9c0b028f
HP-00039803,HP-00039804,SPOUSE_OF,1,FR-dc319e9fc67c6ecc
HP-00039814,HP-00039815,SPOUSE_OF,1,FR-a9797dba7d31ea62
HP-00039825,HP-00039826,SPOUSE_OF,1,FR-cbd4d3c6cd464d5e
HP-00039835,HP-00039836,SPOUSE_OF,1,FR-b90f50455e5f97c6
HP-00039846,HP-00039847,SPOUSE_OF,1,FR-7c9028ef5e05b429
HP-00039857,HP-00039858,SPOUSE_OF,1,FR-a2580180efc3b235
HP-00039879,HP-00039880,SPOUSE_OF,1,FR-61238e4ec1861904
HP-00039890,HP-00039891,SPOUSE_OF,1,FR-72c03c1a1ea02157
HP-00039901,HP-00039902,SPOUSE_OF,1,FR-13edfd52fe96f487
HP-00039912,HP-00039913,SPOUSE_OF,1,FR-f7ba30aa1d0be9c0
HP-00039923,HP-00039924,SPOUSE_OF,1,FR-1b839233bc2ca030
HP-00039945,HP-00039946,SPOUSE_OF,1,FR-8366f6dd213c003a
HP-00039967,HP-00039968,SPOUSE_OF,1,FR-23af285c331d51d0
HP-00039978,HP-00039979,SPOUSE_OF,1,FR-4902fb94266b5959
HP-00011047,HP-00011048,SPOUSE_OF,1,FR-5df9c2c2b56ae674
HP-00039999,HP-00040000,SPOUSE_OF,1,FR-10445efae354076e
HP-00040021,HP-00040022,SPOUSE_OF,2,FR-9d297233f875acae
HP-00040032,HP-00040033,SPOUSE_OF,1,FR-b22f75242252d1d1
HP-00040051,HP-00040052,SPOUSE_OF,1,FR-877091c6336a99f6
HP-00040062,HP-00040063,SPOUSE_OF,1,FR-705988cfe0246e36
HP-00040084,HP-00040085,SPOUSE_OF,1,FR-c94d0961b2bbc82d
HP-00040093,HP-00040094,SPOUSE_OF,1,FR-9bf109d46094fa14
HP-00040104,HP-00040105,SPOUSE_OF,1,FR-148b08811049597d
HP-00040113,HP-00040114,SPOUSE_OF,1,FR-583b054c0b69a333
HP-00040130,HP-00040131,SPOUSE_OF,1,FR-26332e02f243aafb
HP-00040141,HP-00040142,SPOUSE_OF,1,FR-2328791318863f45
HP-00040152,HP-00040153,SPOUSE_OF,1,FR-b0a06dd321ac5c46
HP-00040163,HP-00040164,SPOUSE_OF,1,FR-a16d7a399e3b8f65
HP-00040174,HP-00040175,SPOUSE_OF,1,FR-f364fa2b7a1b0868
HP-00040184,HP-00040185,SPOUSE_OF,1,FR-0982ad624de7047a
HP-00023424,HP-00040190,SPOUSE_OF,1,FR-cc638c01d6eef8db
HP-00040200,HP-00040201,SPOUSE_OF,1,FR-9881a4d2c082e109
HP-00040211,HP-00040212,SPOUSE_OF,1,FR-5377cb76a2fffc7c
HP-00040222,HP-00040223,SPOUSE_OF,1,FR-24f2e005fefb8ead
HP-00040233,HP-00040234,SPOUSE_OF,1,FR-b6d1a8e9fffd60d3
HP-00040244,HP-00040245,SPOUSE_OF,1,FR-36851ac520e88e27
HP-00040254,HP-00040255,SPOUSE_OF,1,FR-566f4bff520d3ac7
HP-00040264,HP-00040265,SPOUSE_OF,1,FR-446673e70621e148
HP-00040273,HP-00040274,SPOUSE_OF,1,FR-a47b8554199d3d70
HP-00040282,HP-00040283,SPOUSE_OF,1,FR-8a2d42f16c6d0621
HP-00040291,HP-00040292,SPOUSE_OF,1,FR-882fd5fc284d035f
HP-00024574,HP-00040301,SPOUSE_OF,1,FR-91703fd079a69a3f
HP-00020399,HP-00040310,SPOUSE_OF,1,FR-70cc0621b0e766e7
HP-00040317,HP-00040318,SPOUSE_OF,1,FR-03ebd363973c7b47
HP-00012363,HP-00040327,SPOUSE_OF,1,FR-5cd1e1284bdeabcb
HP-00040335,HP-00040336,SPOUSE_OF,1,FR-19ecf3ab499b2141
HP-00040339,HP-00040340,SPOUSE_OF,1,FR-ca894065e13e44a2
HP-00040347,HP-00040348,SPOUSE_OF,1,FR-2b968bb42b4b4cec
HP-00040365,HP-00040366,SPOUSE_OF,1,FR-71cc9dc54137c782
HP-00040373,HP-00040374,SPOUSE_OF,1,FR-017412c1979c9836
HP-00040382,HP-00040383,SPOUSE_OF,1,FR-a085d51db98f4800
HP-00040390,HP-00040391,SPOUSE_OF,1,FR-dc684e6b8f86b785
HP-00040398,HP-00040399,SPOUSE_OF,1,FR-7e3c164876d5d4dc
HP-00040406,HP-00040407,SPOUSE_OF,1,FR-a6308b5b13a034db
HP-00040414,HP-00040415,SPOUSE_OF,1,FR-9851867b8a94d812
HP-00040420,HP-00040421,SPOUSE_OF,1,FR-5f6b5671ce452b40
HP-00040428,HP-00040429,SPOUSE_OF,1,FR-dc333d3d9ec01895
HP-00040434,HP-00040435,SPOUSE_OF,1,FR-55d421b9459ba6ec
HP-00040450,HP-00040451,SPOUSE_OF,1,FR-47c64b4a0f796c1b
HP-00040458,HP-00040459,SPOUSE_OF,1,FR-8ca797b936e75e3f
HP-00040474,HP-00040475,SPOUSE_OF,1,FR-0cabf4f936845834
HP-00040482,HP-00040483,SPOUSE_OF,2,FR-1e9d1a6b6e8d35d5
HP-00040490,HP-00040491,SPOUSE_OF,1,FR-a8c2a935acc821d8
HP-00040498,HP-00040499,SPOUSE_OF,1,FR-a3691f17ac171581
HP-00040506,HP-00040507,SPOUSE_OF,1,FR-69a875ec05222d8a
HP-00040524,HP-00040525,SPOUSE_OF,1,FR-af85e30431937ed4
HP-00040534,HP-00040535,SPOUSE_OF,1,FR-b879f1e98660fbab
HP-00040542,HP-00040543,SPOUSE_OF,1,FR-9048273d6b2dc8fb
HP-00040550,HP-00040551,SPOUSE_OF,1,FR-f97b97bd14d1841c
HP-00040558,HP-00040559,SPOUSE_OF,1,FR-b4ae9fd48d4db9ba
HP-00040566,HP-00040567,SPOUSE_OF,1,FR-a52162b7049a6ffa
HP-00040574,HP-00040575,SPOUSE_OF,1,FR-ff3a7487a5bb7e58
HP-00040582,HP-00040583,SPOUSE_OF,1,FR-27864bb16aecab94
HP-00040590,HP-00040591,SPOUSE_OF,1,FR-2fd8771486bfce58
HP-00040598,HP-00040599,SPOUSE_OF,1,FR-f48aaf0025596282
HP-00040606,HP-00040607,SPOUSE_OF,1,FR-59c1e33e4c1766e7
HP-00040614,HP-00040615,SPOUSE_OF,1,FR-5ede8cb1155ada70
HP-00040622,HP-00040623,SPOUSE_OF,1,FR-af3265e6216d2c97
HP-00040630,HP-00040631,SPOUSE_OF,1,FR-b1a20db3b9c6d937
HP-00040638,HP-00040639,SPOUSE_OF,1,FR-b81089c2b9a8ef2b
HP-00040646,HP-00040647,SPOUSE_OF,1,FR-cb554b59964bf4de
HP-00040654,HP-00040655,SPOUSE_OF,1,FR-23e3971a8332b51b
HP-00040662,HP-00040663,SPOUSE_OF,2,FR-841cd03f7053d595
HP-00040670,HP-00040671,SPOUSE_OF,1,FR-afa2f0a26302d36b
HP-00040686,HP-00040687,SPOUSE_OF,2,FR-39fec9788c3f6396
HP-00040702,HP-00040703,SPOUSE_OF,1,FR-767c90bd3c638a4a
HP-00040710,HP-00040711,SPOUSE_OF,1,FR-4c2c02ae959f4bcf
HP-00040736,HP-00040737,SPOUSE_OF,1,FR-ce9ecb299bc93fac
HP-00040746,HP-00040747,SPOUSE_OF,1,FR-cf65258f5ef3c928
HP-00040756,HP-00040757,SPOUSE_OF,1,FR-00421524dbbdcdf8
HP-00040766,HP-00040767,SPOUSE_OF,1,FR-6858d8424e9101f4
HP-00040776,HP-00040777,SPOUSE_OF,1,FR-26a987a9c996ef0e
HP-00040796,HP-00040797,SPOUSE_OF,2,FR-c2c0aae5cf1e3d87
HP-00040806,HP-00040807,SPOUSE_OF,1,FR-dd6817ef7a069bed
HP-00040814,HP-00040815,SPOUSE_OF,1,FR-26ea30462aec478b
HP-00040822,HP-00040823,SPOUSE_OF,1,FR-2338892d2a490613
HP-00040830,HP-00040831,SPOUSE_OF,1,FR-c2a11f6f51e9b33b
HP-00040854,HP-00040855,SPOUSE_OF,1,FR-4e3400ab46ceea3c
HP-00040862,HP-00040863,SPOUSE_OF,1,FR-809f6615b1cfe4ba
HP-00040870,HP-00040871,SPOUSE_OF,1,FR-a25f5f9306298db5
HP-00040878,HP-00040879,SPOUSE_OF,1,FR-b21bdf554b71742b
HP-00040901,HP-00040902,SPOUSE_OF,1,FR-ee90dbb8095b241d
HP-00040911,HP-00040912,SPOUSE_OF,1,FR-7424de034619931a
HP-00040921,HP-00040922,SPOUSE_OF,1,FR-21e7d4736146a3ee
HP-00040931,HP-00040932,SPOUSE_OF,1,FR-71d8cd218828aec3
HP-00040941,HP-00040942,SPOUSE_OF,1,FR-70eb77caef793094
HP-00040951,HP-00040952,SPOUSE_OF,1,FR-370e58b041ad285c
HP-00040961,HP-00040962,SPOUSE_OF,1,FR-d0a08123707fc05d
HP-00040971,HP-00040972,SPOUSE_OF,1,FR-3b4c72ebfff4acdb
HP-00012534,HP-00040982,SPOUSE_OF,1,FR-784f4c7e9135649d
HP-00040992,HP-00040993,SPOUSE_OF,1,FR-cb2019f049068b4a
HP-00041003,HP-00041004,SPOUSE_OF,1,FR-da27304a88d5a868
HP-00041014,HP-00041015,SPOUSE_OF,1,FR-3c12a18db56ff742
HP-00041045,HP-00041046,SPOUSE_OF,1,FR-a4c5650f9b504f1d
HP-00041077,HP-00041078,SPOUSE_OF,1,FR-45055647f7f33d7f
HP-00041088,HP-00041089,SPOUSE_OF,1,FR-f1537805e29b32c4
HP-00041099,HP-00041100,SPOUSE_OF,1,FR-9e8f6937cb079f95
HP-00041110,HP-00041111,SPOUSE_OF,1,FR-4ceaa7c46d437da3
HP-00041120,HP-00041121,SPOUSE_OF,1,FR-8875bf142cfed666
HP-00041131,HP-00041132,SPOUSE_OF,1,FR-3f36ed3de878391e
HP-00041142,HP-00041143,SPOUSE_OF,1,FR-0d68def523b437b8
HP-00041173,HP-00041174,SPOUSE_OF,1,FR-ff00a1c23c5b224f
HP-00041184,HP-00041185,SPOUSE_OF,1,FR-1118866e19645831
HP-00041228,HP-00041229,SPOUSE_OF,1,FR-28b1bf05ab8274c3
HP-00041260,HP-00041261,SPOUSE_OF,1,FR-ae5d597d8a81d92c
HP-00041271,HP-00041272,SPOUSE_OF,1,FR-3e87bf46413fc8c4
HP-00041282,HP-00041283,SPOUSE_OF,1,FR-0b2a939366b4436a
HP-00041293,HP-00041294,SPOUSE_OF,1,FR-8c92ea5ebe26cce8
HP-00041304,HP-00041305,SPOUSE_OF,1,FR-81c8aad809a382fc
HP-00041315,HP-00041316,SPOUSE_OF,1,FR-b9636fd70dd3a50f
HP-00041337,HP-00041338,SPOUSE_OF,1,FR-681b03f6fc5d12ad
HP-00041348,HP-00041349,SPOUSE_OF,1,FR-d2ebbcf549ea3018
HP-00041359,HP-00041360,SPOUSE_OF,1,FR-397e91c7f3adb896
HP-00041370,HP-00041371,SPOUSE_OF,1,FR-5b7ba791cff1ce33
HP-00041381,HP-00041382,SPOUSE_OF,1,FR-1fb42464fa19b8ef
HP-00012741,HP-00041393,SPOUSE_OF,2,FR-a842291f451a85cb
HP-00041414,HP-00041415,SPOUSE_OF,1,FR-2a6cf5271f844b0f
HP-00041425,HP-00041426,SPOUSE_OF,1,FR-6d8e6058ad82152a
HP-00041447,HP-00041448,SPOUSE_OF,1,FR-ef9522fd6c8504ba
HP-00041458,HP-00041459,SPOUSE_OF,1,FR-a4af0b99674f3a34
HP-00041469,HP-00041470,SPOUSE_OF,1,FR-143015a87f952c14
HP-00041480,HP-00041481,SPOUSE_OF,1,FR-96efe16fe650e836
HP-00041491,HP-00041492,SPOUSE_OF,1,FR-45b8dfd91c7ccef5
HP-00023016,HP-00041502,SPOUSE_OF,1,FR-26d4fe1d1349968a
HP-00041513,HP-00041514,SPOUSE_OF,2,FR-8d304a32733cc057
HP-00041524,HP-00041525,SPOUSE_OF,1,FR-12608a31dd370514
HP-00041546,HP-00041547,SPOUSE_OF,1,FR-f46a7fd1494e1e47
HP-00041557,HP-00041558,SPOUSE_OF,1,FR-ef47b3e767cbd733
HP-00041568,HP-00041569,SPOUSE_OF,1,FR-c62b07fd9c6ebb45
HP-00041579,HP-00041580,SPOUSE_OF,1,FR-36e79567ea83b271
HP-00012701,HP-00041601,SPOUSE_OF,1,FR-a890a3d0c53ce3e4
HP-00041612,HP-00041613,SPOUSE_OF,1,FR-12e3436c629f27c7
HP-00041623,HP-00041624,SPOUSE_OF,1,FR-d00ed0865679567c
HP-00041645,HP-00041646,SPOUSE_OF,1,FR-321961e6c181867c
HP-00041656,HP-00041657,SPOUSE_OF,1,FR-e115453996542b11
HP-00041667,HP-00041668,SPOUSE_OF,1,FR-ff853b1b572834ea
HP-00024994,HP-00024987,FATHER_OF,1,FR-83286852ed5875b0
HP-00025005,HP-00024998,FATHER_OF,1,FR-940ce87933f03743
HP-00025016,HP-00025009,FATHER_OF,1,FR-82d1f5c2db037cf8
HP-00025027,HP-00025020,FATHER_OF,1,FR-780ae6435ff9d9ef
HP-00025047,HP-00025040,FATHER_OF,1,FR-4b538be1982a420f
HP-00025058,HP-00025051,FATHER_OF,1,FR-e717b9f3928eaf50
HP-00025069,HP-00025062,FATHER_OF,1,FR-51aa7ee432e15be9
HP-00025080,HP-00025073,FATHER_OF,1,FR-238b4385d68267cb
HP-00025102,HP-00025095,FATHER_OF,1,FR-e619d954659363f8
HP-00025113,HP-00025106,FATHER_OF,1,FR-7921ab444f6a4ef4
HP-00025124,HP-00025117,FATHER_OF,1,FR-a3ce78f67649dde4
HP-00025135,HP-00025128,FATHER_OF,1,FR-ba1fa96836c726c2
HP-00025146,HP-00025139,FATHER_OF,1,FR-fb83896fc2a5da16
HP-00025168,HP-00025161,FATHER_OF,1,FR-a7819db7ad46b4e4
HP-00025179,HP-00025172,FATHER_OF,1,FR-aed78f0540c3f00e
HP-00025201,HP-00025194,FATHER_OF,1,FR-aa73192b70b8d90e
HP-00025211,HP-00025205,FATHER_OF,1,FR-5ff600dfa8e15c22
HP-00025222,HP-00025215,FATHER_OF,1,FR-8e68ec378a7d8704
HP-00025243,HP-00025236,FATHER_OF,1,FR-5859ff027a3939c1
HP-00025254,HP-00025247,FATHER_OF,1,FR-363f03101e8d20fc
HP-00025276,HP-00025269,FATHER_OF,1,FR-d7510598b12a1e3b
HP-00025287,HP-00025280,FATHER_OF,1,FR-2b1fb98cabaa5353
HP-00025298,HP-00025291,FATHER_OF,1,FR-42943ec47a4aadf0
HP-00025309,HP-00025302,FATHER_OF,1,FR-53e7d609a0331f3a
HP-00025320,HP-00025313,FATHER_OF,1,FR-96e5855138b80c29
HP-00025331,HP-00025324,FATHER_OF,1,FR-e1007b73f686a7ea
HP-00025342,HP-00025335,FATHER_OF,1,FR-928d7d5bbf3ca1c6
HP-00025389,HP-00025382,FATHER_OF,1,FR-9862c36c115bab0a
HP-00025410,HP-00025403,FATHER_OF,1,FR-79bbc41b64c192d6
HP-00025439,HP-00025432,FATHER_OF,1,FR-8f1830e2b8f3d234
HP-00025471,HP-00025464,FATHER_OF,1,FR-af2f475596b172e7
HP-00025482,HP-00025475,FATHER_OF,1,FR-987ecdef47c6398f
HP-00025530,HP-00025523,FATHER_OF,1,FR-eb6e24e7ccb3f5fa
HP-00025541,HP-00025534,FATHER_OF,1,FR-70b2dd5a0ade3723
HP-00025567,HP-00025560,FATHER_OF,1,FR-ad44117f60072982
HP-00025576,HP-00025569,FATHER_OF,1,FR-5e9c5a782b856c3c
HP-00025587,HP-00025580,FATHER_OF,1,FR-3850a7f78fc92341
HP-00025642,HP-00025635,FATHER_OF,1,FR-4f08cc39b3bfc84a
HP-00025674,HP-00025667,FATHER_OF,1,FR-d2aeba90e9c686be
HP-00025732,HP-00025725,FATHER_OF,1,FR-00023034f49d8b83
HP-00025743,HP-00025736,FATHER_OF,1,FR-85f5573d7ff74270
HP-00025754,HP-00025747,FATHER_OF,1,FR-1e4b64b7b51b10e7
HP-00025774,HP-00025767,FATHER_OF,1,FR-38d972be608c23cd
HP-00025795,HP-00025788,FATHER_OF,1,FR-94e6ca311d326093
HP-00025806,HP-00025799,FATHER_OF,1,FR-b359ec522b375164
HP-00025827,HP-00025820,FATHER_OF,1,FR-a9603a1c9b181bb6
HP-00025838,HP-00025831,FATHER_OF,1,FR-ed6e015287278ab5
HP-00025857,HP-00025850,FATHER_OF,1,FR-6b075e94629ba710
HP-00025891,HP-00025885,FATHER_OF,1,FR-d529369039e600ec
HP-00025940,HP-00025933,FATHER_OF,1,FR-355ec74c657bb713
HP-00025951,HP-00025944,FATHER_OF,1,FR-74ddc05810ad2813
HP-00025410,HP-00025975,FATHER_OF,1,FR-416725fbda5b19fb
HP-00025993,HP-00025986,FATHER_OF,1,FR-b4362e2a6675e97f
HP-00026014,HP-00026007,FATHER_OF,1,FR-8bd48ed8c37c4c5b
HP-00026025,HP-00026018,FATHER_OF,1,FR-7301a930b2e652a4
HP-00026045,HP-00026038,FATHER_OF,1,FR-fd34c5c451b05bd8
HP-00026056,HP-00026049,FATHER_OF,1,FR-28712b38b10dc0dc
HP-00026066,HP-00026059,FATHER_OF,1,FR-11bc47acda3eb254
HP-00026076,HP-00026069,FATHER_OF,1,FR-5a70f5f585f2a645
HP-00026094,HP-00026087,FATHER_OF,1,FR-4e191d672506921e
HP-00026123,HP-00026116,FATHER_OF,1,FR-32667d33154830d1
HP-00026134,HP-00026127,FATHER_OF,1,FR-9ab991dae2f9117c
HP-00026145,HP-00026138,FATHER_OF,1,FR-80fc728d9c97f7a8
HP-00026156,HP-00026149,FATHER_OF,1,FR-a0c6a738695d8b32
HP-00026167,HP-00026160,FATHER_OF,1,FR-b0400518ba04f8d2
HP-00026202,HP-00026195,FATHER_OF,1,FR-b676ca7c52331823
HP-00026213,HP-00026206,FATHER_OF,1,FR-240db0e89471a34a
HP-00026224,HP-00026217,FATHER_OF,1,FR-d8d9b1d5847606be
HP-00026235,HP-00026228,FATHER_OF,1,FR-34797e72f22dbab4
HP-00026262,HP-00026255,FATHER_OF,1,FR-d5a4b5c6a69d216d
HP-00026283,HP-00026276,FATHER_OF,1,FR-6462e2d710a6fe08
HP-00026294,HP-00026287,FATHER_OF,1,FR-eacc9a7f9f5b68d5
HP-00026344,HP-00026337,FATHER_OF,1,FR-5001ab19c9630837
HP-00026364,HP-00026357,FATHER_OF,1,FR-84252b00bc26efa2
HP-00026375,HP-00026368,FATHER_OF,1,FR-2bf7ea7f968b5144
HP-00026417,HP-00026410,FATHER_OF,1,FR-ff1ff8c48f724fb2
HP-00026428,HP-00026421,FATHER_OF,1,FR-0c7b44a7ec0212dc
HP-00026439,HP-00026432,FATHER_OF,1,FR-51a8a08f1a2a4dc3
HP-00026450,HP-00003681,FATHER_OF,1,FR-3a0e76ac83cdce0e
HP-00026461,HP-00026454,FATHER_OF,1,FR-93fd99884aeb2d2c
HP-00026472,HP-00026465,FATHER_OF,1,FR-e522828f12a70fe8
HP-00026483,HP-00026476,FATHER_OF,1,FR-8a3771ddea208a30
HP-00026494,HP-00026487,FATHER_OF,1,FR-9b1ec7f7a1d16397
HP-00026514,HP-00026507,FATHER_OF,1,FR-6398a99569a627a8
HP-00026563,HP-00026556,FATHER_OF,1,FR-67819ef97b663612
HP-00004668,HP-00026565,FATHER_OF,1,FR-42cf16b1d4d143c0
HP-00026583,HP-00026576,FATHER_OF,1,FR-1e888de96b7fd0d9
HP-00026594,HP-00026587,FATHER_OF,1,FR-7dd65a49afd84b51
HP-00026605,HP-00026598,FATHER_OF,1,FR-b41374b9ef256dcb
HP-00026616,HP-00026609,FATHER_OF,1,FR-9c260501c1c3afeb
HP-00026627,HP-00026620,FATHER_OF,1,FR-04af79eb1d8f133b
HP-00026638,HP-00026631,FATHER_OF,1,FR-1fb303b18bd7cb3d
HP-00026649,HP-00026642,FATHER_OF,1,FR-0ca2276ea4bbfb6f
HP-00026658,HP-00026651,FATHER_OF,1,FR-6c5242bfbc5b6abc
HP-00026669,HP-00026662,FATHER_OF,1,FR-283c05d7f5a656b2
HP-00026706,HP-00026700,FATHER_OF,1,FR-0b3c80b94f5ffb54
HP-00026715,HP-00026709,FATHER_OF,1,FR-488ce28e2201aa5b
HP-00026734,HP-00026729,FATHER_OF,1,FR-e4bf557b42bc675e
HP-00026743,HP-00026738,FATHER_OF,1,FR-70a7e8065904df83
HP-00026753,HP-00026747,FATHER_OF,1,FR-7c55f1219d315941
HP-00026774,HP-00026767,FATHER_OF,1,FR-cc28baec4128afed
HP-00026785,HP-00026778,FATHER_OF,1,FR-63b48a64dc5bb59f
HP-00026796,HP-00026789,FATHER_OF,1,FR-1549491d640f8f4e
HP-00026807,HP-00026800,FATHER_OF,1,FR-e657b9950912f8a5
HP-00026827,HP-00026820,FATHER_OF,1,FR-cbaadb4c46408daa
HP-00027689,HP-00027685,FATHER_OF,1,FR-119566310c59183a
HP-00027697,HP-00027691,FATHER_OF,1,FR-a05b2651bff07ca4
HP-00027714,HP-00027707,FATHER_OF,1,FR-979e2506f49a13da
HP-00027729,HP-00027724,FATHER_OF,1,FR-24f8afc01f1908f7
HP-00027752,HP-00027745,FATHER_OF,1,FR-2f7d56257840d7bb
HP-00027763,HP-00027756,FATHER_OF,1,FR-ecb13fffa200f9f3
HP-00027784,HP-00027777,FATHER_OF,1,FR-ffd690e5284b81ba
HP-00027793,HP-00027786,FATHER_OF,1,FR-7d6ea64fdbcdec3c
HP-00027824,HP-00027817,FATHER_OF,1,FR-eb84e5112c62241c
HP-00027835,HP-00027828,FATHER_OF,1,FR-239c15a8e2ec1164
HP-00027856,HP-00027849,FATHER_OF,1,FR-6291209999ffbf23
HP-00027867,HP-00027860,FATHER_OF,1,FR-0337ccbdeaca97ac
HP-00027876,HP-00027869,FATHER_OF,1,FR-0a5563e46dd43c4b
HP-00027896,HP-00027889,FATHER_OF,1,FR-5d4bbaf33d129ebb
HP-00027907,HP-00027900,FATHER_OF,1,FR-6240bc6d16139f78
HP-00027931,HP-00027924,FATHER_OF,1,FR-68e4e918c35c2907
HP-00027940,HP-00027933,FATHER_OF,1,FR-2a01eea26c2f89aa
HP-00027969,HP-00027962,FATHER_OF,1,FR-e5f603fb926f98e8
HP-00027980,HP-00027973,FATHER_OF,1,FR-581cbd781d9be505
HP-00027991,HP-00027984,FATHER_OF,1,FR-616dd756fc6c5618
HP-00028002,HP-00016978,FATHER_OF,1,FR-1caf82b6be2986a6
HP-00028013,HP-00028006,FATHER_OF,1,FR-1d03c41073ec6d2a
HP-00028024,HP-00028017,FATHER_OF,1,FR-fadad44a92ac515e
HP-00028035,HP-00028028,FATHER_OF,1,FR-3791d40f794671de
HP-00028046,HP-00028039,FATHER_OF,1,FR-6cbc7da12555db7e
HP-00028067,HP-00028060,FATHER_OF,1,FR-c8bf45c0c0fceec3
HP-00028078,HP-00028071,FATHER_OF,1,FR-762d4974fcfbee98
HP-00028089,HP-00028082,FATHER_OF,1,FR-242b7360be3f6165
HP-00028109,HP-00028102,FATHER_OF,1,FR-24a4b10fedfbc5dd
HP-00028130,HP-00028123,FATHER_OF,1,FR-32ac00f867a4c628
HP-00028148,HP-00028141,FATHER_OF,1,FR-35b1a74bd36d91df
HP-00028158,HP-00028151,FATHER_OF,1,FR-586c51824c646c4f
HP-00028169,HP-00028162,FATHER_OF,1,FR-e3dc640e4e25a32d
HP-00028178,HP-00028171,FATHER_OF,1,FR-d89527f564dd4e93
HP-00028189,HP-00028182,FATHER_OF,1,FR-63bef4653786a002
HP-00028201,HP-00028193,FATHER_OF,1,FR-8e7ae544eee74291
HP-00028222,HP-00028215,FATHER_OF,1,FR-728fa209a1c4b6e1
HP-00028255,HP-00028248,FATHER_OF,1,FR-290ead475ddb7bd7
HP-00028287,HP-00028280,FATHER_OF,1,FR-e400c19b3b6d1f7f
HP-00028298,HP-00028291,FATHER_OF,1,FR-7e8ad0c49c1db596
HP-00028309,HP-00028302,FATHER_OF,1,FR-682b6fbfa89984e5
HP-00028328,HP-00028321,FATHER_OF,1,FR-68b7815ae244d0e4
HP-00028364,HP-00028357,FATHER_OF,1,FR-fcb202c2f5af3dee
HP-00028413,HP-00028406,FATHER_OF,1,FR-af8e4594fdddd955
HP-00028435,HP-00028428,FATHER_OF,1,FR-f47163792c7a0bd0
HP-00028446,HP-00028439,FATHER_OF,1,FR-9e5b984c33d1978e
HP-00028457,HP-00028450,FATHER_OF,1,FR-07b6d030bd2fcdc6
HP-00028468,HP-00028461,FATHER_OF,1,FR-21b2b406d1191875
HP-00028479,HP-00028472,FATHER_OF,1,FR-9e5348b898611dca
HP-00028519,HP-00028512,FATHER_OF,1,FR-b7e12a96be3d9747
HP-00028530,HP-00028523,FATHER_OF,1,FR-9bfb0624a82bc747
HP-00028541,HP-00028534,FATHER_OF,1,FR-451e313117e8b9b5
HP-00028552,HP-00028545,FATHER_OF,1,FR-272827fb982cecbf
HP-00028563,HP-00028556,FATHER_OF,1,FR-2410a21a7d42408f
HP-00028581,HP-00028574,FATHER_OF,1,FR-992af57283a2a741
HP-00028590,HP-00028583,FATHER_OF,1,FR-5ca10f50a47862a1
HP-00028600,HP-00028594,FATHER_OF,1,FR-88235785d21f509d
HP-00028609,HP-00028602,FATHER_OF,1,FR-8e87c13e746efc12
HP-00028649,HP-00028642,FATHER_OF,1,FR-6102d2949664d0d5
HP-00028660,HP-00028653,FATHER_OF,1,FR-74a4da010ff07836
HP-00028671,HP-00028664,FATHER_OF,1,FR-da051ca708016ea4
HP-00028682,HP-00028675,FATHER_OF,1,FR-914c8d42f33cd086
HP-00028693,HP-00028686,FATHER_OF,1,FR-4a78e5bb925ac031
HP-00028702,HP-00028695,FATHER_OF,1,FR-087306cda7297b7e
HP-00028713,HP-00028706,FATHER_OF,1,FR-48bdf9615d2db09e
HP-00028742,HP-00028735,FATHER_OF,1,FR-753467a69e054896
HP-00028780,HP-00028773,FATHER_OF,1,FR-db5f0d78463eed40
HP-00028791,HP-00028784,FATHER_OF,1,FR-05f9f9fe3b3fe3c2
HP-00028802,HP-00028795,FATHER_OF,1,FR-12fca0fead40483c
HP-00028811,HP-00028806,FATHER_OF,1,FR-3540ab843f4f4515
HP-00028842,HP-00028835,FATHER_OF,1,FR-96c8ff93d0c7a231
HP-00028853,HP-00028846,FATHER_OF,1,FR-162733072425033b
HP-00028862,HP-00028855,FATHER_OF,1,FR-8366b9a5a6b034a4
HP-00028884,HP-00028877,FATHER_OF,1,FR-cc9abbe9745b726b
HP-00028906,HP-00028899,FATHER_OF,1,FR-ab86365f3a1e2c09
HP-00028916,HP-00028910,FATHER_OF,1,FR-5f48eed783b43f3b
HP-00028933,HP-00028926,FATHER_OF,1,FR-2ecd3dc484e29e61
HP-00028944,HP-00028937,FATHER_OF,1,FR-89a4bef3411f1cb4
HP-00028963,HP-00028956,FATHER_OF,1,FR-a31dd5d0c4dcf037
HP-00028974,HP-00028967,FATHER_OF,1,FR-97eb922acf82d66a
HP-00028985,HP-00028978,FATHER_OF,1,FR-99b6c194dd513092
HP-00028996,HP-00028989,FATHER_OF,1,FR-fc24409c6364f1b1
HP-00029024,HP-00029017,FATHER_OF,1,FR-63f59594bf9d8ce2
HP-00029035,HP-00029028,FATHER_OF,1,FR-eef54b180e595fdd
HP-00029044,HP-00029037,FATHER_OF,1,FR-3a827ae934d6da7f
HP-00029055,HP-00029048,FATHER_OF,1,FR-e623c65c8cea008e
HP-00029077,HP-00029070,FATHER_OF,1,FR-7e0a7047975a31ab
HP-00029088,HP-00029081,FATHER_OF,1,FR-7bf5d1185c64db38
HP-00029099,HP-00029092,FATHER_OF,1,FR-84db202928156744
HP-00029110,HP-00029103,FATHER_OF,1,FR-dedb5424ba00bc98
HP-00029121,HP-00029114,FATHER_OF,1,FR-c00f4bc78ed1292d
HP-00029158,HP-00029151,FATHER_OF,1,FR-b8232633195cebc4
HP-00029169,HP-00029162,FATHER_OF,1,FR-faf5f4d3826c944c
HP-00029180,HP-00029173,FATHER_OF,1,FR-554a5d0296e22ed5
HP-00029189,HP-00029182,FATHER_OF,1,FR-9c446d9710e3b2ae
HP-00029200,HP-00029193,FATHER_OF,1,FR-e5e105aa7ca5e1eb
HP-00029225,HP-00029218,FATHER_OF,1,FR-8bc2f106a490b67b
HP-00029236,HP-00029229,FATHER_OF,1,FR-6c6c1e09209649e3
HP-00029247,HP-00029240,FATHER_OF,1,FR-0b0e3037804c2f62
HP-00029258,HP-00029251,FATHER_OF,1,FR-ea7d2eafe2868a6d
HP-00029268,HP-00029262,FATHER_OF,1,FR-06c9676b3ba73414
HP-00029278,HP-00029272,FATHER_OF,1,FR-0b4a2a860a6e9309
HP-00029288,HP-00029282,FATHER_OF,1,FR-bfda0218d172e8df
HP-00029296,HP-00029290,FATHER_OF,1,FR-cdb0cc6663b980f0
HP-00029306,HP-00029300,FATHER_OF,1,FR-1506c4ddc479cb37
HP-00029314,HP-00029308,FATHER_OF,1,FR-433c1e014f471edc
HP-00029333,HP-00029327,FATHER_OF,1,FR-d759ffc153a93698
HP-00029343,HP-00029337,FATHER_OF,1,FR-e0862627fed86318
HP-00029353,HP-00029347,FATHER_OF,1,FR-b49d0530091303c3
HP-00029363,HP-00029357,FATHER_OF,1,FR-19b13f4d9a317c40
HP-00029379,HP-00029373,FATHER_OF,1,FR-cf75d74b4155106b
HP-00029389,HP-00029383,FATHER_OF,1,FR-66fa45ed7c2c7f71
HP-00029408,HP-00029402,FATHER_OF,1,FR-36b6dff05f5d76dc
HP-00029418,HP-00029412,FATHER_OF,1,FR-a3885bfcb3ee16cb
HP-00029428,HP-00029422,FATHER_OF,1,FR-632d5b4b0b3b8369
HP-00029439,HP-00029432,FATHER_OF,1,FR-d1a08f8683173052
HP-00029450,HP-00029443,FATHER_OF,1,FR-1a43f7fc7ff2c4ab
HP-00029461,HP-00029454,FATHER_OF,1,FR-47217f19e55533b5
HP-00029472,HP-00029465,FATHER_OF,1,FR-9bfda5cd3819d7be
HP-00029483,HP-00029476,FATHER_OF,1,FR-f87857c99acfd7b9
HP-00029495,HP-00029487,FATHER_OF,1,FR-e4d332eab28629b2
HP-00029505,HP-00029497,FATHER_OF,1,FR-b1427d1c188cd350
HP-00029517,HP-00029509,FATHER_OF,1,FR-a92a3b2be7b6d2d1
HP-00029526,HP-00029521,FATHER_OF,1,FR-fe839eddc135f25d
HP-00029537,HP-00029530,FATHER_OF,1,FR-53cbe115a740c7bd
HP-00029549,HP-00029541,FATHER_OF,1,FR-39dbc5d9721253ff
HP-00029577,HP-00029570,FATHER_OF,1,FR-e1d803fed79799bd
HP-00029588,HP-00029581,FATHER_OF,1,FR-17af0a8328685130
HP-00029597,HP-00029592,FATHER_OF,1,FR-043f7be6541bf04d
HP-00029614,HP-00029608,FATHER_OF,1,FR-19bf1cca56b77968
HP-00029632,HP-00029626,FATHER_OF,1,FR-c5c25bcddabed092
HP-00029641,HP-00029636,FATHER_OF,1,FR-d648227744369ae5
HP-00029650,HP-00029645,FATHER_OF,1,FR-240250344ad56c32
HP-00029660,HP-00029654,FATHER_OF,1,FR-f2c10a071c244262
HP-00029669,HP-00029664,FATHER_OF,1,FR-626102ad595d9be2
HP-00029685,HP-00029679,FATHER_OF,1,FR-9bed5a3a1353f8b6
HP-00029700,HP-00029694,FATHER_OF,1,FR-bc6c353d633d01cf
HP-00029710,HP-00029704,FATHER_OF,1,FR-0524a2076caf6a13
HP-00029718,HP-00029712,FATHER_OF,1,FR-08fad6ae0c7b3056
HP-00029729,HP-00029722,FATHER_OF,1,FR-d7852b1e68c9ce48
HP-00029751,HP-00029744,FATHER_OF,1,FR-a7b7edd4ea77bc20
HP-00029762,HP-00029755,FATHER_OF,1,FR-31d67caad45bf321
HP-00029773,HP-00029766,FATHER_OF,1,FR-ed27fb0baa8d3277
HP-00029784,HP-00029777,FATHER_OF,1,FR-f14574c28e513509
HP-00029806,HP-00029799,FATHER_OF,1,FR-6408d6e1f21fcbcf
HP-00029817,HP-00029810,FATHER_OF,1,FR-01fea104e7062036
HP-00029828,HP-00029821,FATHER_OF,1,FR-cc8c45f414135b20
HP-00029839,HP-00029832,FATHER_OF,1,FR-bceeb0343d13b2b8
HP-00029850,HP-00029843,FATHER_OF,1,FR-082bc286dcba0c48
HP-00029872,HP-00029865,FATHER_OF,1,FR-dda40cafefd31e5f
HP-00029883,HP-00029876,FATHER_OF,1,FR-445a7e795442f972
HP-00029894,HP-00029887,FATHER_OF,1,FR-d90956f68902371f
HP-00029927,HP-00029920,FATHER_OF,1,FR-077a4f1b7baa01c9
HP-00029971,HP-00029964,FATHER_OF,1,FR-1756e1c30ea96ea0
HP-00029982,HP-00029975,FATHER_OF,1,FR-6c9e9ba38bd903f1
HP-00011043,HP-00029986,FATHER_OF,1,FR-fd3290507a1f988b
HP-00030037,HP-00030030,FATHER_OF,1,FR-7d9b79ebe6defd0d
HP-00030059,HP-00030052,FATHER_OF,1,FR-0995907cd39fd3b9
HP-00030070,HP-00030063,FATHER_OF,1,FR-897bb4ca43ea61a4
HP-00030092,HP-00030085,FATHER_OF,1,FR-d0f0502f2d0d80e1
HP-00030125,HP-00030118,FATHER_OF,1,FR-b59ad39d54814ed1
HP-00030136,HP-00030129,FATHER_OF,2,FR-b87b959d4174c835
HP-00030147,HP-00030140,FATHER_OF,1,FR-2cc3a115e164ac92
HP-00030158,HP-00030151,FATHER_OF,1,FR-c4b255cfdd4803a8
HP-00030180,HP-00030173,FATHER_OF,1,FR-9f50ece25d59a077
HP-00030191,HP-00030184,FATHER_OF,1,FR-7f1a69b415a49b7d
HP-00030211,HP-00030204,FATHER_OF,1,FR-854d1bc7000d41f2
HP-00030244,HP-00030237,FATHER_OF,1,FR-117ea16329b19402
HP-00030266,HP-00030259,FATHER_OF,1,FR-41402eb59398a1c5
HP-00030277,HP-00030270,FATHER_OF,1,FR-c2f99ab8c98168fb
HP-00030299,HP-00030292,FATHER_OF,1,FR-731bbbbfa9ddb846
HP-00030321,HP-00030314,FATHER_OF,1,FR-6e18c9c7c3c82d3b
HP-00030332,HP-00030325,FATHER_OF,1,FR-70dd8476898c8984
HP-00030387,HP-00030380,FATHER_OF,1,FR-cf0b362a7b2f5d87
HP-00030398,HP-00030391,FATHER_OF,1,FR-c86f32769c628f30
HP-00030409,HP-00030402,FATHER_OF,1,FR-e33768b77d2aebfb
HP-00030431,HP-00030424,FATHER_OF,1,FR-b01c3c1efbd1b6bc
HP-00030442,HP-00030435,FATHER_OF,1,FR-f4310de8112850fd
HP-00030453,HP-00030446,FATHER_OF,1,FR-c1e4aef89e14c075
HP-00030464,HP-00030457,FATHER_OF,1,FR-aa68f619e5609d07
HP-00030475,HP-00030468,FATHER_OF,1,FR-ac1b0d67ec0fe251
HP-00030486,HP-00030479,FATHER_OF,1,FR-68f9a0a2832913a1
HP-00030518,HP-00030511,FATHER_OF,1,FR-e21bcc4f62f2c6b4
HP-00030529,HP-00030522,FATHER_OF,1,FR-2555921d50ceb95a
HP-00030540,HP-00030533,FATHER_OF,1,FR-158941cc9a0852ea
HP-00030551,HP-00030544,FATHER_OF,1,FR-0d438c73b91fa5ac
HP-00030562,HP-00030555,FATHER_OF,1,FR-19636a26ee83760c
HP-00030570,HP-00030566,FATHER_OF,1,FR-e7c1d4a864b437bb
HP-00030580,HP-00030574,FATHER_OF,1,FR-d9c8e025dbf94ef3
HP-00030590,HP-00030584,FATHER_OF,1,FR-bd95eab1a36603d8
HP-00030600,HP-00030594,FATHER_OF,1,FR-d9eac7543f1212fd
HP-00030610,HP-00030604,FATHER_OF,1,FR-01bfb69ad8fdda88
HP-00030620,HP-00030614,FATHER_OF,1,FR-550aa964b407bcf7
HP-00030630,HP-00030624,FATHER_OF,1,FR-40335d1b8e027f93
HP-00030650,HP-00030644,FATHER_OF,1,FR-485a19766ffa4ba7
HP-00030679,HP-00030673,FATHER_OF,1,FR-b7393ccfab39e5b7
HP-00030689,HP-00030683,FATHER_OF,1,FR-e1bcedbc590568a9
HP-00030709,HP-00030703,FATHER_OF,1,FR-e5ff8510dd99c18f
HP-00030719,HP-00030713,FATHER_OF,1,FR-b405dadb5764e0c4
HP-00030729,HP-00030723,FATHER_OF,1,FR-e67b099138c8397b
HP-00030739,HP-00030733,FATHER_OF,1,FR-48080583c1677b97
HP-00030759,HP-00030753,FATHER_OF,1,FR-38e44cf937dd216f
HP-00030779,HP-00030773,FATHER_OF,1,FR-aef937997e5f2a94
HP-00030789,HP-00030783,FATHER_OF,1,FR-e55b49413a599dce
HP-00030829,HP-00030823,FATHER_OF,1,FR-c7e160904d686f61
HP-00030839,HP-00030833,FATHER_OF,1,FR-f5908135b960eebc
HP-00030849,HP-00030843,FATHER_OF,1,FR-447146a06d4a1aaa
HP-00030859,HP-00030853,FATHER_OF,1,FR-b8e6a92492a35737
HP-00030869,HP-00030863,FATHER_OF,1,FR-c1e80c42d8f51868
HP-00030879,HP-00030873,FATHER_OF,1,FR-8f052dd9e9fe5d4e
HP-00030899,HP-00030893,FATHER_OF,1,FR-1abce3b80812ac39
HP-00030909,HP-00030903,FATHER_OF,1,FR-46b552b840c32706
HP-00030939,HP-00030933,FATHER_OF,1,FR-32baea963bf0a35c
HP-00030949,HP-00030943,FATHER_OF,1,FR-029d09da555bae96
HP-00030969,HP-00030963,FATHER_OF,1,FR-4de2e5eeee7b99ab
HP-00030979,HP-00030973,FATHER_OF,1,FR-1e2e454c68eeda5f
HP-00030989,HP-00030983,FATHER_OF,1,FR-7f8b16aa22cdb49c
HP-00031009,HP-00031003,FATHER_OF,1,FR-33697f9c30e12fa4
HP-00031037,HP-00031031,FATHER_OF,1,FR-6a8e29840a08d8de
HP-00031047,HP-00031041,FATHER_OF,1,FR-2beadf4f6c916f39
HP-00031067,HP-00031061,FATHER_OF,1,FR-1e2666b213e784a1
HP-00031077,HP-00031071,FATHER_OF,1,FR-bb2cfabfa7e0498b
HP-00031117,HP-00031111,FATHER_OF,1,FR-a2357f3e09033be0
HP-00031127,HP-00031121,FATHER_OF,1,FR-ea4733c03005ed33
HP-00031137,HP-00031131,FATHER_OF,1,FR-b8cd6f95d59f3ebc
HP-00031147,HP-00031141,FATHER_OF,1,FR-63601c4def431e5e
HP-00031167,HP-00031161,FATHER_OF,1,FR-7e38c1d3e5c9d961
HP-00031177,HP-00031171,FATHER_OF,1,FR-e48fa943f3687033
HP-00031187,HP-00031181,FATHER_OF,1,FR-5dd0e8340cc9aed9
HP-00031197,HP-00031191,FATHER_OF,1,FR-d098f3db8b724ffb
HP-00031207,HP-00031201,FATHER_OF,1,FR-026ed1c8402335ed
HP-00031237,HP-00031231,FATHER_OF,1,FR-6411335d93b0c9ed
HP-00031257,HP-00031251,FATHER_OF,1,FR-497e176e06d42b57
HP-00031267,HP-00031261,FATHER_OF,1,FR-2c7201c72e8a39db
HP-00031277,HP-00031271,FATHER_OF,1,FR-8f353a800d153d82
HP-00031287,HP-00031281,FATHER_OF,1,FR-e5fff53dcd7e73f2
HP-00031297,HP-00031291,FATHER_OF,1,FR-e293b8c7ae963603
HP-00031307,HP-00031301,FATHER_OF,1,FR-3551584a3cf94757
HP-00031327,HP-00031321,FATHER_OF,1,FR-b3ce96ea70ef8547
HP-00031347,HP-00031341,FATHER_OF,1,FR-be5137ea4da939bd
HP-00031357,HP-00031351,FATHER_OF,1,FR-036db405bd6e6bb2
HP-00030620,HP-00031361,FATHER_OF,1,FR-e35d39a1cca6ced5
HP-00031377,HP-00031371,FATHER_OF,1,FR-f27c7db9d9102478
HP-00031387,HP-00031381,FATHER_OF,1,FR-970124e0793a35b2
HP-00031397,HP-00031391,FATHER_OF,1,FR-53fd82132a0dca19
HP-00031417,HP-00031411,FATHER_OF,1,FR-89a23f4ab2b7be3a
HP-00031435,HP-00031431,FATHER_OF,1,FR-8925671f31e5556a
HP-00031445,HP-00031439,FATHER_OF,1,FR-95eed5e03ddfe3e1
HP-00031455,HP-00031449,FATHER_OF,1,FR-7cf6f9b651435045
HP-00031465,HP-00031459,FATHER_OF,1,FR-54971fcc4d49fa0f
HP-00031475,HP-00031469,FATHER_OF,1,FR-0b66ef88868b7c13
HP-00031485,HP-00031479,FATHER_OF,1,FR-2aa820298dcd2f70
HP-00031495,HP-00031489,FATHER_OF,1,FR-10d5e4189f542ae9
HP-00031505,HP-00031499,FATHER_OF,1,FR-2d547729f28268c8
HP-00031515,HP-00031509,FATHER_OF,1,FR-648ec5a619b04b18
HP-00031535,HP-00031529,FATHER_OF,1,FR-302c9d34ad283d14
HP-00031545,HP-00031539,FATHER_OF,1,FR-28168f44caf4a92a
HP-00031555,HP-00031549,FATHER_OF,1,FR-3a7e7852f869512a
HP-00031565,HP-00031559,FATHER_OF,1,FR-558277432d1e7ae7
HP-00031586,HP-00031579,FATHER_OF,1,FR-f2c221ef49c16624
HP-00031606,HP-00031600,FATHER_OF,1,FR-da42f62007c943d7
HP-00031616,HP-00031610,FATHER_OF,1,FR-d8da37deabbc2ee5
HP-00031626,HP-00031620,FATHER_OF,1,FR-96a40a6af0facfe4
HP-00031656,HP-00031650,FATHER_OF,1,FR-ddd8b248cd5492d5
HP-00031666,HP-00031660,FATHER_OF,1,FR-303d1886f7eb92aa
HP-00031676,HP-00031670,FATHER_OF,1,FR-c2d57ad2987d0cea
HP-00031704,HP-00031700,FATHER_OF,1,FR-2dd774e05ad3566f
HP-00031714,HP-00031708,FATHER_OF,1,FR-d3705cbf975b41ac
HP-00031734,HP-00031728,FATHER_OF,1,FR-ca8ad138fa7ac08e
HP-00031744,HP-00031738,FATHER_OF,1,FR-8109a28c75dc92dd
HP-00031754,HP-00031748,FATHER_OF,1,FR-2f7c16b1731e86ac
HP-00031764,HP-00031758,FATHER_OF,1,FR-dd07868b157001c7
HP-00031784,HP-00031778,FATHER_OF,1,FR-00b920ad04cc5fc6
HP-00031804,HP-00031798,FATHER_OF,1,FR-94c44608671b18d6
HP-00031814,HP-00031808,FATHER_OF,1,FR-4f3495d5b0e27c5e
HP-00031834,HP-00031828,FATHER_OF,1,FR-b882e11045a8915b
HP-00031844,HP-00031838,FATHER_OF,1,FR-ef055276906f686b
HP-00030671,HP-00031848,FATHER_OF,1,FR-1b2d6a6d42f17b60
HP-00031864,HP-00031858,FATHER_OF,1,FR-5777a68abba0b0a2
HP-00031884,HP-00031878,FATHER_OF,1,FR-9830d09f5ad8ed47
HP-00031894,HP-00031888,FATHER_OF,1,FR-4b3d61ed53b7fce9
HP-00031904,HP-00031898,FATHER_OF,1,FR-c926194e773193e1
HP-00030739,HP-00031908,FATHER_OF,1,FR-be85c51a556321d5
HP-00031924,HP-00031918,FATHER_OF,1,FR-aa1dced41cdbcdc8
HP-00031934,HP-00031928,FATHER_OF,1,FR-f7044990a70ee377
HP-00031954,HP-00031948,FATHER_OF,2,FR-3bb92284a2757f36
HP-00031974,HP-00031968,FATHER_OF,1,FR-56c431ea6aa70970
HP-00031984,HP-00031978,FATHER_OF,1,FR-d2217057f7001c00
HP-00031994,HP-00031988,FATHER_OF,1,FR-cb1e6bf9c8a3e526
HP-00032004,HP-00031998,FATHER_OF,1,FR-f20e681fddc5537b
HP-00032034,HP-00032028,FATHER_OF,1,FR-a241c47bd2404cc2
HP-00032044,HP-00032038,FATHER_OF,1,FR-0a898299895c6076
HP-00032064,HP-00032058,FATHER_OF,1,FR-5e78f9f5f80664f5
HP-00032074,HP-00032068,FATHER_OF,1,FR-f95a8516e62058ef
HP-00011181,HP-00032078,FATHER_OF,1,FR-3deb87c3a985de6f
HP-00032094,HP-00032088,FATHER_OF,1,FR-b6b3be0e157bf5eb
HP-00032104,HP-00032098,FATHER_OF,1,FR-92d0748d65658bae
HP-00032114,HP-00032108,FATHER_OF,1,FR-26b9350f29b00c92
HP-00032134,HP-00032128,FATHER_OF,1,FR-0bbc869d3e82a2c7
HP-00032144,HP-00032138,FATHER_OF,1,FR-de03f30af83f806d
HP-00032154,HP-00023491,FATHER_OF,1,FR-7e84a41183e68e7f
HP-00032164,HP-00032158,FATHER_OF,1,FR-2e00dec596ed20c9
HP-00032174,HP-00032168,FATHER_OF,1,FR-06d0e6d48b43bff0
HP-00032184,HP-00032178,FATHER_OF,1,FR-bff3c8c33662fa56
HP-00032204,HP-00032198,FATHER_OF,1,FR-dcdb29e826b02230
HP-00032214,HP-00032208,FATHER_OF,1,FR-7c762808aba96080
HP-00032224,HP-00032218,FATHER_OF,1,FR-e6db10ec6cfa74a9
HP-00032254,HP-00032248,FATHER_OF,1,FR-50263234606881a2
HP-00032264,HP-00032258,FATHER_OF,1,FR-e0c4cf20430f0604
HP-00032274,HP-00032268,FATHER_OF,1,FR-34e0b849532560b0
HP-00032284,HP-00032278,FATHER_OF,1,FR-272c914abb673543
HP-00032294,HP-00032288,FATHER_OF,1,FR-db34542cba68b2d4
HP-00032313,HP-00032307,FATHER_OF,1,FR-eb3dd7325b04c00e
HP-00032333,HP-00032327,FATHER_OF,1,FR-0d5008c48f3bc5c8
HP-00032344,HP-00032337,FATHER_OF,1,FR-d267d4d4c2e59706
HP-00032354,HP-00032348,FATHER_OF,1,FR-8b3b14f57dcbee2f
HP-00032364,HP-00032358,FATHER_OF,1,FR-5a45f649d2d4080f
HP-00032374,HP-00032368,FATHER_OF,1,FR-24c95872f956e53d
HP-00032384,HP-00032378,FATHER_OF,1,FR-3d3044ea9cbd032e
HP-00032394,HP-00032388,FATHER_OF,1,FR-b54d78aa229cd87e
HP-00032414,HP-00032408,FATHER_OF,1,FR-b5b14dda4339d122
HP-00032424,HP-00032418,FATHER_OF,1,FR-9658c5349a74dc08
HP-00032434,HP-00032428,FATHER_OF,1,FR-004a29b959bc035a
HP-00032444,HP-00032438,FATHER_OF,1,FR-223101aa1dbaa52e
HP-00032454,HP-00032448,FATHER_OF,1,FR-29c5c3c9dc757471
HP-00032464,HP-00032458,FATHER_OF,1,FR-0e5cf72adac727bb
HP-00032474,HP-00032468,FATHER_OF,1,FR-3f663649715c75f1
HP-00032484,HP-00032478,FATHER_OF,2,FR-2fedd376a8bf21d7
HP-00032494,HP-00032488,FATHER_OF,1,FR-fede5d8f65b5bd7c
HP-00032504,HP-00032498,FATHER_OF,1,FR-d20bb0fce7e7d8f0
HP-00032524,HP-00032518,FATHER_OF,1,FR-cf01335f17606f25
HP-00032534,HP-00032528,FATHER_OF,1,FR-5bda15628003fdf9
HP-00032544,HP-00032538,FATHER_OF,1,FR-c65101f111c10e1d
HP-00032554,HP-00032548,FATHER_OF,1,FR-12c54417d92fbd2f
HP-00032564,HP-00032558,FATHER_OF,1,FR-3d6c0fa6929f3d2a
HP-00032574,HP-00032568,FATHER_OF,1,FR-60df30383cf67498
HP-00032584,HP-00032578,FATHER_OF,1,FR-87743110bd3ae779
HP-00032594,HP-00032588,FATHER_OF,1,FR-d69c620c7a8100a5
HP-00032604,HP-00032598,FATHER_OF,1,FR-c47443d5c9a3a8d8
HP-00032614,HP-00032608,FATHER_OF,1,FR-d7ccf5c16c9119c1
HP-00032634,HP-00032628,FATHER_OF,1,FR-c973acd1a7a09e70
HP-00032644,HP-00032638,FATHER_OF,1,FR-3f41d0fa17ea3481
HP-00032654,HP-00032648,FATHER_OF,1,FR-dad1e5f93d97f0b4
HP-00032684,HP-00032678,FATHER_OF,1,FR-625983a9f41b7cd7
HP-00032694,HP-00032688,FATHER_OF,1,FR-27fda0d0fe062517
HP-00032714,HP-00032708,FATHER_OF,1,FR-17800b910d8ace2b
HP-00032724,HP-00032718,FATHER_OF,1,FR-ee944761df74588e
HP-00032734,HP-00032728,FATHER_OF,1,FR-76dab5b64fc9e11f
HP-00032744,HP-00032738,FATHER_OF,1,FR-58e7c5b56f863f1b
HP-00032754,HP-00032748,FATHER_OF,1,FR-e4cd22112d7330f0
HP-00029817,HP-00032758,FATHER_OF,1,FR-e913f9060a24271e
HP-00032774,HP-00032768,FATHER_OF,1,FR-6a0d09784ebd4deb
HP-00032784,HP-00032778,FATHER_OF,1,FR-2154b35e2726aa71
HP-00032794,HP-00032788,FATHER_OF,1,FR-42d5a41b92c5708f
HP-00031864,HP-00032798,FATHER_OF,1,FR-478c5097d4c5dcca
HP-00032812,HP-00032806,FATHER_OF,1,FR-388ff028efa55a8a
HP-00032832,HP-00032826,FATHER_OF,1,FR-fa3a1a23af200e26
HP-00032842,HP-00032836,FATHER_OF,1,FR-81a42eda2ec9755b
HP-00032852,HP-00032846,FATHER_OF,1,FR-05187a9766ecb1ea
HP-00032862,HP-00032856,FATHER_OF,1,FR-12c3ccca1daa9fef
HP-00032872,HP-00032866,FATHER_OF,1,FR-a9958d84a856bddb
HP-00032882,HP-00032876,FATHER_OF,1,FR-786f93e12a1542a7
HP-00032892,HP-00032886,FATHER_OF,1,FR-c23a5745fa7c555c
HP-00032902,HP-00032896,FATHER_OF,1,FR-67fa6dee0be4c146
HP-00032912,HP-00032906,FATHER_OF,1,FR-aab173fe28c32589
HP-00032922,HP-00032916,FATHER_OF,1,FR-9921848c91f56961
HP-00032932,HP-00032926,FATHER_OF,1,FR-1b45392bc040d275
HP-00032942,HP-00032936,FATHER_OF,1,FR-a28a64fe990e0554
HP-00031307,HP-00032946,FATHER_OF,1,FR-00abca64288fb699
HP-00032962,HP-00032956,FATHER_OF,1,FR-fa1db57ea98a1150
HP-00032972,HP-00032966,FATHER_OF,1,FR-16bcc75fbe73457a
HP-00032982,HP-00032976,FATHER_OF,1,FR-697010562e013fa5
HP-00032992,HP-00032986,FATHER_OF,1,FR-423922aa31dbfbdb
HP-00033002,HP-00032996,FATHER_OF,1,FR-3868587d4fbca9ce
HP-00033022,HP-00033016,FATHER_OF,1,FR-484adfb5da979a03
HP-00033032,HP-00033026,FATHER_OF,1,FR-edac9c4bbe45a2a5
HP-00033042,HP-00033036,FATHER_OF,1,FR-372c66ed25e81176
HP-00033052,HP-00033046,FATHER_OF,1,FR-95698aba0aa43f0e
HP-00033062,HP-00033056,FATHER_OF,1,FR-ad54397dd46cab78
HP-00033072,HP-00033066,FATHER_OF,1,FR-15d03653f09ffcf8
HP-00033082,HP-00033076,FATHER_OF,1,FR-b3bd718b882e7bb2
HP-00033092,HP-00033086,FATHER_OF,1,FR-8b552216baea0828
HP-00033102,HP-00033096,FATHER_OF,1,FR-465375d222c9190a
HP-00033122,HP-00033116,FATHER_OF,1,FR-3b5bac03a48ffc3c
HP-00033132,HP-00033126,FATHER_OF,1,FR-656b423898e70b36
HP-00033142,HP-00033136,FATHER_OF,1,FR-7929952687f5f519
HP-00033152,HP-00033146,FATHER_OF,1,FR-64b842f2ffd8ac46
HP-00033162,HP-00033156,FATHER_OF,1,FR-06a85a90a7586090
HP-00033202,HP-00033196,FATHER_OF,1,FR-70742487204df621
HP-00033212,HP-00033206,FATHER_OF,1,FR-a11f670d3e63287e
HP-00033222,HP-00033216,FATHER_OF,1,FR-63750a3122d63edf
HP-00033232,HP-00033226,FATHER_OF,1,FR-eff65e5bdf5ba277
HP-00033242,HP-00033236,FATHER_OF,1,FR-499e7eb98e485afb
HP-00033262,HP-00033256,FATHER_OF,1,FR-f83381389bf9271c
HP-00033272,HP-00033266,FATHER_OF,1,FR-eee4d1a684c3033f
HP-00033282,HP-00033276,FATHER_OF,1,FR-49559a79556c4bfe
HP-00033292,HP-00033286,FATHER_OF,1,FR-c5a56cd8f05bd9f8
HP-00033312,HP-00033306,FATHER_OF,1,FR-d15633f26b0564f4
HP-00033322,HP-00033316,FATHER_OF,1,FR-f457552686aff769
HP-00033332,HP-00033326,FATHER_OF,1,FR-0341273516c27b26
HP-00033342,HP-00033336,FATHER_OF,1,FR-42a8ea823c5fd7c9
HP-00033352,HP-00033346,FATHER_OF,1,FR-d3889f206e52f91f
HP-00033372,HP-00033366,FATHER_OF,1,FR-e51d17037ac577a2
HP-00033392,HP-00033386,FATHER_OF,1,FR-316c9b9e3bc852b2
HP-00033412,HP-00033406,FATHER_OF,1,FR-e418ce9df97c6b13
HP-00033422,HP-00033416,FATHER_OF,1,FR-deeb4d95fcdc5b50
HP-00033432,HP-00033426,FATHER_OF,1,FR-3a3441da971e1804
HP-00033442,HP-00033436,FATHER_OF,1,FR-d8e46dba9fb14863
HP-00033452,HP-00033446,FATHER_OF,1,FR-f80c29b6cad9ae64
HP-00033462,HP-00033456,FATHER_OF,1,FR-f607c695865c6e63
HP-00033472,HP-00033466,FATHER_OF,1,FR-adfb9888cd4333c1
HP-00033482,HP-00033476,FATHER_OF,1,FR-fc963b633d4ecf63
HP-00033492,HP-00033486,FATHER_OF,1,FR-ade3037081987fde
HP-00033502,HP-00033496,FATHER_OF,1,FR-34e1e1e6eb93f020
HP-00033512,HP-00033506,FATHER_OF,1,FR-e1201e0cda7b3b91
HP-00033532,HP-00033526,FATHER_OF,1,FR-ae61e01d7e38c5ba
HP-00033542,HP-00033536,FATHER_OF,1,FR-4b6feab362cbfffd
HP-00033552,HP-00033546,FATHER_OF,1,FR-326f074fa5c36b00
HP-00032424,HP-00033556,FATHER_OF,1,FR-1503d2bacda3230c
HP-00033570,HP-00033564,FATHER_OF,1,FR-2b3e58a8d5de5023
HP-00007929,HP-00033574,FATHER_OF,1,FR-d2062521aea9bd7f
HP-00033592,HP-00033585,FATHER_OF,1,FR-2dd884fdcd42222f
HP-00033609,HP-00033603,FATHER_OF,1,FR-19e92982bae1830b
HP-00033619,HP-00033613,FATHER_OF,1,FR-0fc627573cbe8126
HP-00033629,HP-00033623,FATHER_OF,1,FR-4868e2704ed1ecc9
HP-00033639,HP-00033633,FATHER_OF,1,FR-36a370d412685632
HP-00033650,HP-00033643,FATHER_OF,1,FR-04f250095b3143b1
HP-00033669,HP-00033663,FATHER_OF,1,FR-ac7472f377b1c4d7
HP-00033699,HP-00033693,FATHER_OF,1,FR-e6becc9294f8681e
HP-00033710,HP-00033703,FATHER_OF,1,FR-37bcbfccc341a312
HP-00033720,HP-00033714,FATHER_OF,1,FR-0d6dae407b1f119c
HP-00033738,HP-00033732,FATHER_OF,1,FR-1475d62eab636a05
HP-00033748,HP-00033742,FATHER_OF,1,FR-265cc85275e46541
HP-00033759,HP-00033752,FATHER_OF,1,FR-a892f7b72aaaf55f
HP-00033769,HP-00033763,FATHER_OF,1,FR-2fc82b778ac3a689
HP-00033786,HP-00033779,FATHER_OF,1,FR-6f5e5aa070d46063
HP-00033825,HP-00033819,FATHER_OF,1,FR-82070398a0db3e6f
HP-00033835,HP-00033829,FATHER_OF,1,FR-f8f66942576e7777
HP-00033846,HP-00033839,FATHER_OF,1,FR-3ed99a81b173dd69
HP-00033856,HP-00033850,FATHER_OF,1,FR-d7bcd12f97222995
HP-00033866,HP-00033860,FATHER_OF,1,FR-ed2fea6461cd1876
HP-00033884,HP-00033878,FATHER_OF,1,FR-aa0d14f723aac9eb
HP-00033900,HP-00033894,FATHER_OF,1,FR-bdd129ced2f3958a
HP-00033910,HP-00019073,FATHER_OF,1,FR-e561a06220695289
HP-00033921,HP-00033914,FATHER_OF,1,FR-46d7a82794964b49
HP-00033931,HP-00033925,FATHER_OF,1,FR-8a0ae2f5566558d9
HP-00033948,HP-00033943,FATHER_OF,1,FR-c7145136a95446f5
HP-00033958,HP-00033952,FATHER_OF,1,FR-a8de62922c066b7b
HP-00033976,HP-00033970,FATHER_OF,1,FR-b81dcb61bcbdcc02
HP-00033986,HP-00033980,FATHER_OF,1,FR-58eba422a121824a
HP-00034005,HP-00033999,FATHER_OF,1,FR-c0a8fa334f49f8f7
HP-00034015,HP-00034008,FATHER_OF,1,FR-9157e5a8b0f1c4da
HP-00034047,HP-00034041,FATHER_OF,1,FR-5aacea37accffccf
HP-00034057,HP-00034051,FATHER_OF,1,FR-0e25b0c9bb4862cf
HP-00009692,HP-00034061,FATHER_OF,1,FR-f365e4e48b914df1
HP-00034097,HP-00034091,FATHER_OF,1,FR-ee1f0eaa3f627f05
HP-00034107,HP-00034101,FATHER_OF,1,FR-d4577193c1a90523
HP-00034127,HP-00034121,FATHER_OF,1,FR-61b764eefe77bf10
HP-00034135,HP-00034129,FATHER_OF,1,FR-a78cef4dd1390c00
HP-00034143,HP-00034137,FATHER_OF,1,FR-8340dbe36a42d3b7
HP-00034183,HP-00034176,FATHER_OF,1,FR-67ef103c7c6abd20
HP-00034193,HP-00034187,FATHER_OF,1,FR-d3fc3d2e1ce6569b
HP-00034216,HP-00034211,FATHER_OF,1,FR-0f9b6c2704764cff
HP-00034226,HP-00034220,FATHER_OF,1,FR-bc53eb0688e861c9
HP-00034245,HP-00034238,FATHER_OF,1,FR-2c4b83caf8106a1c
HP-00034255,HP-00034249,FATHER_OF,1,FR-231e43ea523c3228
HP-00034265,HP-00034259,FATHER_OF,1,FR-fcc984ea0a85a5d1
HP-00034291,HP-00034285,FATHER_OF,1,FR-4eb7b4e95a5b81f4
HP-00034311,HP-00034305,FATHER_OF,1,FR-2bf3f5e96db2729f
HP-00034319,HP-00034313,FATHER_OF,1,FR-c52e126df90e82ea
HP-00034327,HP-00034321,FATHER_OF,1,FR-4f885537ea344580
HP-00034345,HP-00034339,FATHER_OF,1,FR-1360d1f6c6d85a58
HP-00034365,HP-00034359,FATHER_OF,1,FR-b32ffdf397430107
HP-00034419,HP-00034413,FATHER_OF,1,FR-309d4b2a9b6e8640
HP-00034429,HP-00034423,FATHER_OF,1,FR-f6aef9ac044fff16
HP-00034470,HP-00034464,FATHER_OF,1,FR-632c84d692d0a4fc
HP-00034502,HP-00034496,FATHER_OF,1,FR-16d2eb0d21ef1dc1
HP-00034522,HP-00034516,FATHER_OF,1,FR-b21ee3b8a386462d
HP-00034530,HP-00034524,FATHER_OF,1,FR-ce63fddf28065eea
HP-00034554,HP-00034548,FATHER_OF,1,FR-9d32eeb6aad7b28e
HP-00034564,HP-00034558,FATHER_OF,1,FR-16f11cfadb6fb601
HP-00034572,HP-00034566,FATHER_OF,1,FR-26152cfa98c9c9f2
HP-00034596,HP-00034590,FATHER_OF,1,FR-f25a6e75273cb180
HP-00034606,HP-00020037,FATHER_OF,1,FR-46f311918017ae16
HP-00034626,HP-00019233,FATHER_OF,1,FR-164a14625f802696
HP-00034684,HP-00034678,FATHER_OF,1,FR-f760c0fedef9cb1c
HP-00034694,HP-00034688,FATHER_OF,1,FR-bd8b2ed5d0b35e16
HP-00034703,HP-00034697,FATHER_OF,1,FR-6d16559831877033
HP-00034721,HP-00034715,FATHER_OF,1,FR-4b74c09cbf16ec03
HP-00034731,HP-00034725,FATHER_OF,1,FR-4d01410004cce968
HP-00034750,HP-00034744,FATHER_OF,1,FR-ce6a0cfb6e65c58b
HP-00034761,HP-00034754,FATHER_OF,1,FR-e4266e9cc568d0c0
HP-00034771,HP-00034765,FATHER_OF,1,FR-e12e0720539adf62
HP-00034787,HP-00034781,FATHER_OF,1,FR-39237bd80b3d878f
HP-00034797,HP-00034791,FATHER_OF,1,FR-e818563733e57842
HP-00034807,HP-00034801,FATHER_OF,1,FR-c4e51a5600043d39
HP-00034817,HP-00034811,FATHER_OF,1,FR-5ab43be027904b6a
HP-00034840,HP-00034834,FATHER_OF,1,FR-e20a09c70e859e74
HP-00034850,HP-00034844,FATHER_OF,1,FR-b064bd3069b75241
HP-00034870,HP-00034864,FATHER_OF,1,FR-1c52cf9c16d3ebe6
HP-00034878,HP-00034872,FATHER_OF,1,FR-0964bc3baa5e2fc2
HP-00034888,HP-00034882,FATHER_OF,1,FR-9e18bbf2fc0926c8
HP-00034898,HP-00034892,FATHER_OF,1,FR-0e345bfe4638f2a3
HP-00034908,HP-00034902,FATHER_OF,1,FR-7439ca5e141f7346
HP-00034918,HP-00020053,FATHER_OF,1,FR-d78553ea18981064
HP-00034934,HP-00034928,FATHER_OF,1,FR-4155ea2e35205dc0
HP-00034944,HP-00034938,FATHER_OF,1,FR-d9c792d1572823fc
HP-00034964,HP-00034958,FATHER_OF,1,FR-2adf998164fe445a
HP-00034974,HP-00034968,FATHER_OF,1,FR-27c73bc69d82c7a6
HP-00034984,HP-00034978,FATHER_OF,1,FR-c35da9ec0b1788a5
HP-00034994,HP-00034988,FATHER_OF,1,FR-7e0cc85340be08a8
HP-00035004,HP-00034998,FATHER_OF,1,FR-65023f01fd80ca62
HP-00035022,HP-00035016,FATHER_OF,1,FR-ca4a85bd0a3cc966
HP-00035030,HP-00035024,FATHER_OF,1,FR-378a7ab7eaa5c924
HP-00035040,HP-00035034,FATHER_OF,1,FR-8442644d4c4b94bf
HP-00035076,HP-00035070,FATHER_OF,1,FR-39f42f893f83cccb
HP-00035110,HP-00035104,FATHER_OF,1,FR-62b73785c00535a7
HP-00035120,HP-00035114,FATHER_OF,1,FR-e9b99938b14d6c03
HP-00035130,HP-00035124,FATHER_OF,1,FR-867ed50eae4915b0
HP-00035140,HP-00035134,FATHER_OF,1,FR-2a92b45dc7a1ec3c
HP-00035150,HP-00035144,FATHER_OF,1,FR-97bbb2d41a8d22a0
HP-00035166,HP-00035160,FATHER_OF,1,FR-171b2f3fa1ad7b64
HP-00035172,HP-00035168,FATHER_OF,1,FR-6c947a4513b43b21
HP-00035182,HP-00035176,FATHER_OF,1,FR-f194f9ad27c8c517
HP-00035208,HP-00035202,FATHER_OF,1,FR-2444be333d701b57
HP-00035236,HP-00035230,FATHER_OF,1,FR-13e981939bde34ef
HP-00035238,HP-00035240,FATHER_OF,1,FR-1009e61f193f4bb2
HP-00035256,HP-00035250,FATHER_OF,1,FR-396695fea1b4b30f
HP-00035266,HP-00035260,FATHER_OF,1,FR-b7da6f0d33a5dcf2
HP-00035276,HP-00035270,FATHER_OF,1,FR-ec3024e0582e72d5
HP-00035284,HP-00035278,FATHER_OF,1,FR-b2b5d52c2c1f2104
HP-00035312,HP-00035306,FATHER_OF,1,FR-55325df63dc999d7
HP-00035322,HP-00035316,FATHER_OF,1,FR-e8646a1481ab3726
HP-00035332,HP-00035326,FATHER_OF,1,FR-d250d0a3eccf334e
HP-00035352,HP-00035346,FATHER_OF,1,FR-42a06242db467ead
HP-00035362,HP-00035356,FATHER_OF,1,FR-fcf2c7b58a210976
HP-00035380,HP-00035374,FATHER_OF,1,FR-c679263ecd608aa1
HP-00035388,HP-00020488,FATHER_OF,1,FR-13bbd451c3835482
HP-00035398,HP-00035392,FATHER_OF,1,FR-76717813bf3c4489
HP-00035418,HP-00035412,FATHER_OF,1,FR-a2ec5390edd3d93f
HP-00035426,HP-00035420,FATHER_OF,1,FR-660ef5b8501f3761
HP-00035436,HP-00035430,FATHER_OF,1,FR-6176e558e340e70c
HP-00035472,HP-00035466,FATHER_OF,1,FR-fd80da65733d26a2
HP-00035482,HP-00035476,FATHER_OF,1,FR-a7b2d33872f80af6
HP-00035502,HP-00035496,FATHER_OF,1,FR-ef9fa8220bed091e
HP-00035528,HP-00035522,FATHER_OF,1,FR-69e2d62ac42f4552
HP-00035550,HP-00035548,FATHER_OF,1,FR-14b512f0fda502f1
HP-00035560,HP-00035554,FATHER_OF,1,FR-e8c051afdbd2cc07
HP-00035570,HP-00035564,FATHER_OF,1,FR-b6cbf1bf6774fd15
HP-00035580,HP-00035574,FATHER_OF,1,FR-cd047e352e01d094
HP-00035608,HP-00035602,FATHER_OF,1,FR-aaeda60ee8b7b43e
HP-00035626,HP-00035620,FATHER_OF,1,FR-dfe8de07fe08056f
HP-00035652,HP-00035646,FATHER_OF,1,FR-b8dd04d113f7d42a
HP-00035661,HP-00035656,FATHER_OF,1,FR-4ab4cd6c33de0a08
HP-00035669,HP-00035663,FATHER_OF,1,FR-2885bdb04d654787
HP-00035679,HP-00035673,FATHER_OF,1,FR-1b9e840af32b1981
HP-00035697,HP-00035691,FATHER_OF,1,FR-2330f4a750eec3c2
HP-00035707,HP-00035701,FATHER_OF,1,FR-a60f516b727edd42
HP-00035717,HP-00035711,FATHER_OF,1,FR-bf28c2cf5fe1e70a
HP-00035728,HP-00035721,FATHER_OF,1,FR-6693e6fb2c1e10bf
HP-00035746,HP-00023048,FATHER_OF,1,FR-4fbaeae45c69225f
HP-00035756,HP-00035750,FATHER_OF,1,FR-c0f138e3319f75a3
HP-00035766,HP-00035760,FATHER_OF,1,FR-9b8155bfc3ccc19d
HP-00035785,HP-00035779,FATHER_OF,1,FR-6a573c975e0a086a
HP-00035795,HP-00035789,FATHER_OF,1,FR-20613f16e588485e
HP-00035805,HP-00035799,FATHER_OF,1,FR-9704ef46846ddbb3
HP-00035815,HP-00035809,FATHER_OF,1,FR-ae7232b841a68640
HP-00035825,HP-00035819,FATHER_OF,1,FR-974a0fd187386939
HP-00035835,HP-00035829,FATHER_OF,1,FR-515928dc20613c82
HP-00035845,HP-00035839,FATHER_OF,1,FR-42b200d173a6d08a
HP-00035855,HP-00035849,FATHER_OF,1,FR-27930d9700004d9e
HP-00035865,HP-00035859,FATHER_OF,1,FR-649c45fbc597d2ec
HP-00035875,HP-00035869,FATHER_OF,1,FR-0d74aec317f3d93d
HP-00035895,HP-00035889,FATHER_OF,1,FR-6aec19b9df5887f5
HP-00035905,HP-00035899,FATHER_OF,1,FR-49bcd8cacb3d9e86
HP-00035915,HP-00035909,FATHER_OF,1,FR-9c8bb0f20c926085
HP-00035922,HP-00035919,FATHER_OF,1,FR-ea65b89e4185b5b4
HP-00035952,HP-00035946,FATHER_OF,1,FR-300c3edd8ca8cb07
HP-00035972,HP-00035966,FATHER_OF,1,FR-1517356be65f2e35
HP-00035982,HP-00035976,FATHER_OF,1,FR-725eb3a9314b03bf
HP-00036002,HP-00035996,FATHER_OF,1,FR-a6ce06e3c70927d4
HP-00036012,HP-00036006,FATHER_OF,1,FR-7d8c581c940dec56
HP-00036022,HP-00036016,FATHER_OF,1,FR-75faf4b440df4e85
HP-00036042,HP-00036036,FATHER_OF,1,FR-29af7546768afb81
HP-00036052,HP-00036046,FATHER_OF,1,FR-d699be86794d7468
HP-00036062,HP-00024579,FATHER_OF,1,FR-f2658bfb867fb362
HP-00036082,HP-00036076,FATHER_OF,1,FR-a55a3f1644d2f7ab
HP-00036102,HP-00036096,FATHER_OF,1,FR-37b0f5c48a6653ee
HP-00036112,HP-00036106,FATHER_OF,1,FR-c821bd3c5b6787cb
HP-00036122,HP-00036116,FATHER_OF,1,FR-e09024bb3a559b47
HP-00036142,HP-00036136,FATHER_OF,1,FR-2bd3e688f5ff8bfe
HP-00036162,HP-00036156,FATHER_OF,1,FR-773fe9c87e844022
HP-00036172,HP-00036166,FATHER_OF,1,FR-7660cd72d49e5535
HP-00036182,HP-00036176,FATHER_OF,1,FR-d14eb59b67db8551
HP-00036192,HP-00036186,FATHER_OF,1,FR-501d70cc7c00c561
HP-00036202,HP-00036196,FATHER_OF,1,FR-a3002fda69dc7df8
HP-00036212,HP-00036206,FATHER_OF,1,FR-35ae048f9ed89c1a
HP-00036222,HP-00036216,FATHER_OF,1,FR-1a38bf93765e85c9
HP-00036232,HP-00036226,FATHER_OF,1,FR-bd19aa53ca84b9a3
HP-00036242,HP-00036236,FATHER_OF,1,FR-f2637bcd4ad74b89
HP-00036252,HP-00036246,FATHER_OF,1,FR-19990bea37a4c008
HP-00036262,HP-00036256,FATHER_OF,1,FR-baae1eba004836c7
HP-00036292,HP-00036286,FATHER_OF,1,FR-1df7d6865e8c29a8
HP-00036302,HP-00036296,FATHER_OF,1,FR-965505bece10538c
HP-00036312,HP-00036306,FATHER_OF,1,FR-f9b5bd89693e73d8
HP-00036323,HP-00036316,FATHER_OF,1,FR-8ba3f8d6b3116303
HP-00036343,HP-00036337,FATHER_OF,1,FR-ad48ed61b5a6312d
HP-00036353,HP-00036347,FATHER_OF,1,FR-4d64d881aee49ff1
HP-00036363,HP-00036357,FATHER_OF,1,FR-7f4b4977819647f1
HP-00036373,HP-00036367,FATHER_OF,1,FR-946b11bb01e3e2ee
HP-00036383,HP-00036377,FATHER_OF,1,FR-e7feb3fa5533bd5d
HP-00036393,HP-00036387,FATHER_OF,1,FR-7b82f9505c0ccdb3
HP-00036403,HP-00036397,FATHER_OF,1,FR-7b3877246ece7769
HP-00036413,HP-00036407,FATHER_OF,1,FR-c9ae86c433da2598
HP-00036423,HP-00036417,FATHER_OF,2,FR-7a98eb8c81beb560
HP-00036443,HP-00036437,FATHER_OF,1,FR-51b870b93f62d6c4
HP-00036451,HP-00036445,FATHER_OF,1,FR-837fb5c0c53757a5
HP-00036461,HP-00036455,FATHER_OF,1,FR-eecf7b27ebed395a
HP-00036477,HP-00036471,FATHER_OF,1,FR-a5e9492c7cd83b9f
HP-00036493,HP-00036487,FATHER_OF,1,FR-8078695e0bcaa693
HP-00017126,HP-00036496,FATHER_OF,1,FR-25fa6f0ce44ee7b2
HP-00036518,HP-00012802,FATHER_OF,1,FR-10bda0d681779ecc
HP-00036555,HP-00036549,FATHER_OF,1,FR-d617ce5c98224539
HP-00036575,HP-00036569,FATHER_OF,1,FR-86242dfd1574fbb6
HP-00036605,HP-00036599,FATHER_OF,1,FR-fd6059993478f419
HP-00036615,HP-00036609,FATHER_OF,1,FR-10aaa43ed1d76602
HP-00036634,HP-00036628,FATHER_OF,1,FR-e62a3da6d961dc0c
HP-00036653,HP-00036647,FATHER_OF,1,FR-cddcf5a00990a522
HP-00036681,HP-00036675,FATHER_OF,1,FR-2b07a011ddeafa3d
HP-00036701,HP-00036695,FATHER_OF,1,FR-73be428a745d8691
HP-00036717,HP-00036711,FATHER_OF,1,FR-0a6c7038e6c2ee67
HP-00036725,HP-00036719,FATHER_OF,1,FR-8b754e594b2ae85a
HP-00036801,HP-00036795,FATHER_OF,1,FR-96d44b80846b96b9
HP-00036811,HP-00036805,FATHER_OF,1,FR-0f3bfe0175e3b5cd
HP-00036821,HP-00036815,FATHER_OF,1,FR-eec7628dcd89ce6c
HP-00036841,HP-00036835,FATHER_OF,1,FR-c1df6d5d3a9634de
HP-00036851,HP-00036845,FATHER_OF,1,FR-76f1a41617c85770
HP-00036860,HP-00036854,FATHER_OF,1,FR-40b7cac4f17e3843
HP-00036870,HP-00036864,FATHER_OF,1,FR-282f7764335b0eca
HP-00036880,HP-00036874,FATHER_OF,1,FR-07c98c0d1ee2382f
HP-00036890,HP-00036884,FATHER_OF,1,FR-306df07e415233b3
HP-00036911,HP-00012714,FATHER_OF,1,FR-a1ee4355d7916960
HP-00036921,HP-00036915,FATHER_OF,1,FR-b5413ac908b6d6bc
HP-00036931,HP-00036925,FATHER_OF,1,FR-ec57fc96d40e6b2a
HP-00036953,HP-00036946,FATHER_OF,1,FR-70f2016684e79bac
HP-00036964,HP-00036957,FATHER_OF,1,FR-fc65cf95bc093ccc
HP-00036975,HP-00036968,FATHER_OF,1,FR-5b196bc2b6db9da8
HP-00036986,HP-00036979,FATHER_OF,1,FR-9deaa288098da1a8
HP-00036997,HP-00036990,FATHER_OF,1,FR-1b13a75bae861684
HP-00037030,HP-00037023,FATHER_OF,1,FR-80a072c17e29621d
HP-00037050,HP-00037044,FATHER_OF,1,FR-8f514e625d5d36f7
HP-00037060,HP-00037054,FATHER_OF,1,FR-d4506e371b591df5
HP-00037094,HP-00037087,FATHER_OF,1,FR-675ebe68b91e7ac0
HP-00037105,HP-00012627,FATHER_OF,1,FR-1358a776127ca66e
HP-00037178,HP-00037171,FATHER_OF,1,FR-bc89f917f2f07930
HP-00037189,HP-00037182,FATHER_OF,1,FR-2cd8ea3828a00f76
HP-00037200,HP-00037193,FATHER_OF,1,FR-13ce1e7af1457cbc
HP-00037244,HP-00037237,FATHER_OF,1,FR-ddb42c31df24dcc3
HP-00037255,HP-00037248,FATHER_OF,1,FR-2aa3ce7cd50460fb
HP-00037266,HP-00037259,FATHER_OF,1,FR-f31b2664bbd0d2ad
HP-00037277,HP-00037270,FATHER_OF,1,FR-62489358c50ca947
HP-00037288,HP-00037281,FATHER_OF,1,FR-af2efb449620534e
HP-00037299,HP-00037292,FATHER_OF,1,FR-e1c9a4cca9c339eb
HP-00037332,HP-00037325,FATHER_OF,1,FR-8f47684db31266f5
HP-00037343,HP-00037336,FATHER_OF,1,FR-f400230d142d3889
HP-00037354,HP-00037347,FATHER_OF,1,FR-94336a2a7487d484
HP-00037365,HP-00037358,FATHER_OF,1,FR-9656f7f528d3ab2e
HP-00037376,HP-00037369,FATHER_OF,1,FR-ff059951522dada0
HP-00037397,HP-00037390,FATHER_OF,1,FR-1fe74fcd241129fc
HP-00037408,HP-00037401,FATHER_OF,1,FR-07a66f49174c0bc9
HP-00037419,HP-00037412,FATHER_OF,1,FR-2e82e0f1b948735f
HP-00037430,HP-00037423,FATHER_OF,1,FR-3f3128551dd5dcd0
HP-00037447,HP-00037440,FATHER_OF,1,FR-dc1ba76af65d9bcd
HP-00037458,HP-00037451,FATHER_OF,1,FR-0c771caa83ec2621
HP-00037469,HP-00037462,FATHER_OF,1,FR-bdb355e50f5427b9
HP-00037477,HP-00037470,FATHER_OF,1,FR-700ac26a4d61b6d0
HP-00037532,HP-00037525,FATHER_OF,1,FR-75c9b9b3647d28a6
HP-00037570,HP-00037564,FATHER_OF,1,FR-09f5bebfc57c7a32
HP-00037590,HP-00037584,FATHER_OF,1,FR-8ca918d40d3387e6
HP-00037618,HP-00037612,FATHER_OF,1,FR-94f13ee201c65d6c
HP-00037627,HP-00037622,FATHER_OF,1,FR-19ae882ddb09e867
HP-00037636,HP-00022099,FATHER_OF,1,FR-e007606cafb92f36
HP-00037646,HP-00037640,FATHER_OF,1,FR-701efd7be32b3ed2
HP-00037664,HP-00037658,FATHER_OF,1,FR-1c817c052147df9f
HP-00037672,HP-00037666,FATHER_OF,1,FR-221e10e293214b5b
HP-00037680,HP-00037674,FATHER_OF,1,FR-eb2faf815f57c5fe
HP-00037708,HP-00037702,FATHER_OF,1,FR-4b8c9e97253b05d8
HP-00037728,HP-00037723,FATHER_OF,1,FR-175d578bc5c720a4
HP-00037738,HP-00037732,FATHER_OF,1,FR-9917d803a89008df
HP-00037748,HP-00037742,FATHER_OF,1,FR-b16d4d7523649108
HP-00037772,HP-00037767,FATHER_OF,1,FR-47f7d37ac3310642
HP-00037790,HP-00037784,FATHER_OF,1,FR-656fa44352312ba5
HP-00037801,HP-00037794,FATHER_OF,1,FR-5a0d4a37acdcea18
HP-00037811,HP-00037805,FATHER_OF,1,FR-b58d0818246686a5
HP-00019621,HP-00037835,FATHER_OF,1,FR-13052043345fcce0
HP-00037851,HP-00037845,FATHER_OF,1,FR-033756d14590cf84
HP-00037871,HP-00037879,FATHER_OF,1,FR-8dc78c15c0c6173f
HP-00037893,HP-00037887,FATHER_OF,1,FR-ce1e238da4aeac8d
HP-00037903,HP-00037897,FATHER_OF,1,FR-178af74fb53deedb
HP-00037913,HP-00037907,FATHER_OF,1,FR-ac0d9508d15d632c
HP-00037929,HP-00013727,FATHER_OF,1,FR-de995de95e534ef6
HP-00037957,HP-00037951,FATHER_OF,1,FR-2d9b568142c7b24f
HP-00037967,HP-00037961,FATHER_OF,1,FR-7e1ac029f705e9f1
HP-00032014,HP-00037971,FATHER_OF,1,FR-edf0e3b73d03c32e
HP-00037987,HP-00037981,FATHER_OF,1,FR-90d4beee49e3d197
HP-00038018,HP-00038012,FATHER_OF,1,FR-10af81ea2845d926
HP-00038054,HP-00038048,FATHER_OF,1,FR-20a25a67c2b288d0
HP-00038064,HP-00010860,FATHER_OF,1,FR-a8c0d5d8b3d26199
HP-00038092,HP-00038086,FATHER_OF,1,FR-13ba291bb1738e78
HP-00038102,HP-00038096,FATHER_OF,1,FR-93a9308b0ba245f9
HP-00038150,HP-00038144,FATHER_OF,1,FR-43b8c8025fa29f18
HP-00038180,HP-00038174,FATHER_OF,1,FR-38248fd7a884097c
HP-00038206,HP-00038200,FATHER_OF,1,FR-6f9c09c52796e6fc
HP-00038216,HP-00014191,FATHER_OF,1,FR-d99337e29785a95e
HP-00038236,HP-00038230,FATHER_OF,1,FR-7319c868f352aad1
HP-00038246,HP-00038240,FATHER_OF,1,FR-9bc42f533ec6bddf
HP-00038257,HP-00038250,FATHER_OF,1,FR-99fe37d733ec0cfc
HP-00038279,HP-00038272,FATHER_OF,1,FR-ab4f6d86ec827d56
HP-00038290,HP-00012069,FATHER_OF,1,FR-5f164cf43ee478f3
HP-00038301,HP-00038294,FATHER_OF,1,FR-bbe29bc4e28fca36
HP-00038312,HP-00038305,FATHER_OF,1,FR-091f7a870c707600
HP-00038345,HP-00013299,FATHER_OF,1,FR-dbee2c9599595010
HP-00038356,HP-00038349,FATHER_OF,1,FR-8a77dc28bf3c7a5d
HP-00038367,HP-00015374,FATHER_OF,1,FR-a7295cf74995bbb1
HP-00038378,HP-00038371,FATHER_OF,1,FR-655ae74561b6d2b0
HP-00038400,HP-00038393,FATHER_OF,1,FR-4e78ae21a00127ac
HP-00038433,HP-00038426,FATHER_OF,1,FR-6eb0d3d45a2b4411
HP-00038455,HP-00015793,FATHER_OF,1,FR-d2ce95f0b61cf842
HP-00038467,HP-00038459,FATHER_OF,1,FR-6041da99158264ea
HP-00038489,HP-00038482,FATHER_OF,1,FR-85104505a7db17c4
HP-00038500,HP-00038493,FATHER_OF,1,FR-80f5c19e8d867057
HP-00038522,HP-00038515,FATHER_OF,1,FR-334699cae0a2ee78
HP-00038531,HP-00038526,FATHER_OF,1,FR-f5079cead2cd247c
HP-00038541,HP-00038535,FATHER_OF,1,FR-9d99c30489afd0f3
HP-00038552,HP-00038545,FATHER_OF,1,FR-d2a7e6d922cc436b
HP-00038563,HP-00038556,FATHER_OF,1,FR-d346bc511f31256b
HP-00038574,HP-00038567,FATHER_OF,1,FR-8a1bd02d0ae1890c
HP-00038585,HP-00038578,FATHER_OF,1,FR-64ad47f9ff6b1ef7
HP-00018601,HP-00038600,FATHER_OF,1,FR-62d862ec539ff637
HP-00038618,HP-00038611,FATHER_OF,1,FR-997cabb5b839d05c
HP-00038638,HP-00038632,FATHER_OF,1,FR-407ed7f30bba1ece
HP-00029007,HP-00038642,FATHER_OF,1,FR-f1a9230431080670
HP-00038660,HP-00038653,FATHER_OF,1,FR-f02cd729a55ca1b4
HP-00038671,HP-00038664,FATHER_OF,1,FR-cd7f657a17c6afdf
HP-00038682,HP-00038675,FATHER_OF,1,FR-d6e227a67182d096
HP-00038702,HP-00038695,FATHER_OF,1,FR-e4f339ef342e8552
HP-00038713,HP-00038706,FATHER_OF,1,FR-c16e9a6f0006757e
HP-00038724,HP-00038717,FATHER_OF,1,FR-26051208437cda73
HP-00038757,HP-00038750,FATHER_OF,1,FR-943e4d65589df8f5
HP-00038800,HP-00038793,FATHER_OF,1,FR-38369eeeca61c486
HP-00038822,HP-00038815,FATHER_OF,1,FR-bdc6928e94505110
HP-00038842,HP-00038837,FATHER_OF,1,FR-ce3edce95834cf84
HP-00038853,HP-00038846,FATHER_OF,1,FR-b0260181b0ddaff3
HP-00038875,HP-00016037,FATHER_OF,1,FR-8f50c0caf03aebf6
HP-00038886,HP-00038879,FATHER_OF,1,FR-aaa30e3bf63ef00e
HP-00038897,HP-00038890,FATHER_OF,1,FR-3583a6dbac984c31
HP-00038908,HP-00038901,FATHER_OF,1,FR-737abcbb4637c2b3
HP-00038919,HP-00038912,FATHER_OF,1,FR-7617267d2cc4acab
HP-00038952,HP-00038945,FATHER_OF,1,FR-002c9fcf2cda40c7
HP-00038974,HP-00038967,FATHER_OF,1,FR-77c5414c50722769
HP-00039006,HP-00039000,FATHER_OF,1,FR-b6301c5b614199cf
HP-00039027,HP-00039020,FATHER_OF,2,FR-0dac9eb6d481309a
HP-00039038,HP-00039031,FATHER_OF,1,FR-5996556902e387c5
HP-00039059,HP-00039053,FATHER_OF,1,FR-14d7fc3361f91a00
HP-00039089,HP-00039083,FATHER_OF,1,FR-639966781d25964d
HP-00036565,HP-00039120,FATHER_OF,1,FR-d8dfdc2f34d0788d
HP-00039138,HP-00039131,FATHER_OF,1,FR-adb4c3dac78373c0
HP-00039149,HP-00039142,FATHER_OF,1,FR-96d7a2df910b9a96
HP-00039160,HP-00015678,FATHER_OF,1,FR-feb181bd6aaa58af
HP-00039170,HP-00039164,FATHER_OF,1,FR-45d4d6f795b73f03
HP-00039189,HP-00039182,FATHER_OF,1,FR-fc2985c7885019d7
HP-00039200,HP-00039193,FATHER_OF,1,FR-b0052dc434634b32
HP-00031187,HP-00039204,FATHER_OF,1,FR-52ec6dd227b15b94
HP-00039242,HP-00039235,FATHER_OF,1,FR-91456024c45f927b
HP-00039253,HP-00039246,FATHER_OF,1,FR-24b2a1dbd0431b39
HP-00039264,HP-00039257,FATHER_OF,1,FR-580f6761b0100631
HP-00039282,HP-00039275,FATHER_OF,1,FR-7e39aac69d347cba
HP-00039296,HP-00039292,FATHER_OF,1,FR-a87c6dce14a871b5
HP-00039306,HP-00039300,FATHER_OF,1,FR-2d9f96035dacc01f
HP-00039337,HP-00039330,FATHER_OF,1,FR-7a7ac9728880b068
HP-00039357,HP-00039350,FATHER_OF,1,FR-fb307d5d91e3c89a
HP-00036222,HP-00039372,FATHER_OF,1,FR-6be75cb93169468f
HP-00039400,HP-00039394,FATHER_OF,1,FR-d3e7d6e8e0737f61
HP-00039410,HP-00039404,FATHER_OF,1,FR-7c62ef8beb475c67
HP-00039420,HP-00039414,FATHER_OF,1,FR-5f96f1255189ee8c
HP-00039430,HP-00039424,FATHER_OF,1,FR-03c87c571f00ee62
HP-00039439,HP-00039432,FATHER_OF,1,FR-25886ab69dfce7a7
HP-00039459,HP-00039452,FATHER_OF,1,FR-eed8d654a2911f5d
HP-00039469,HP-00039463,FATHER_OF,1,FR-5e9a48877ecb3260
HP-00039487,HP-00039481,FATHER_OF,1,FR-66e43666beee341d
HP-00039497,HP-00039491,FATHER_OF,1,FR-160a8f597c306b7f
HP-00039517,HP-00039511,FATHER_OF,1,FR-65f289d5db505c16
HP-00039527,HP-00039521,FATHER_OF,1,FR-e3f17c38ee8d5c36
HP-00039548,HP-00039541,FATHER_OF,1,FR-3af6f5ddc0bb6413
HP-00039559,HP-00039552,FATHER_OF,1,FR-723dea6e8b60bf82
HP-00039570,HP-00011425,FATHER_OF,1,FR-755120c47b82b83d
HP-00039592,HP-00039585,FATHER_OF,1,FR-71752cfc74d98a72
HP-00039603,HP-00039596,FATHER_OF,1,FR-5b25705395c80bd3
HP-00039614,HP-00039607,FATHER_OF,1,FR-950bdeeb16d8b6da
HP-00039625,HP-00039618,FATHER_OF,1,FR-06e49e4944bc4d07
HP-00039647,HP-00039640,FATHER_OF,1,FR-87dd508814c36fcb
HP-00039669,HP-00039662,FATHER_OF,1,FR-de7dd5eb0b98de87
HP-00039680,HP-00039673,FATHER_OF,1,FR-75c20ffb0c87fc38
HP-00039691,HP-00039684,FATHER_OF,1,FR-387b45a5811e2662
HP-00039702,HP-00039695,FATHER_OF,1,FR-a3e963cad45a1871
HP-00039713,HP-00039706,FATHER_OF,1,FR-b84ed7a962463775
HP-00039724,HP-00011773,FATHER_OF,1,FR-7b0fb95c9581a0cb
HP-00039735,HP-00039728,FATHER_OF,1,FR-9cffa72480bcdc30
HP-00039746,HP-00039739,FATHER_OF,1,FR-50cedd21141e3427
HP-00039768,HP-00039761,FATHER_OF,1,FR-4e06b4938960001c
HP-00039779,HP-00039772,FATHER_OF,1,FR-530c7f97bf608880
HP-00039790,HP-00039783,FATHER_OF,1,FR-49cd22a4eeff4f2d
HP-00039799,HP-00039794,FATHER_OF,1,FR-8ebe853e836191f5
HP-00039810,HP-00039803,FATHER_OF,1,FR-7bdabb9b16e277d4
HP-00039821,HP-00039814,FATHER_OF,1,FR-18e7da2b8fee9b94
HP-00039831,HP-00039825,FATHER_OF,1,FR-f2bdeb27f5c6dd8d
HP-00039853,HP-00039846,FATHER_OF,1,FR-200505a1c24d5e04
HP-00039864,HP-00039857,FATHER_OF,1,FR-10ef3aa372e8087a
HP-00039875,HP-00039868,FATHER_OF,1,FR-a636d8fcfee96f8e
HP-00039886,HP-00039879,FATHER_OF,1,FR-42925f2b50dcd077
HP-00039897,HP-00039890,FATHER_OF,1,FR-3f2733069c37201d
HP-00039908,HP-00039901,FATHER_OF,1,FR-fe1e564191aa8562
HP-00039930,HP-00039923,FATHER_OF,1,FR-71d13a07026dc6b8
HP-00039941,HP-00039934,FATHER_OF,1,FR-3757a05a4303c081
HP-00039952,HP-00039945,FATHER_OF,1,FR-b862238611f6e779
HP-00039974,HP-00039967,FATHER_OF,1,FR-06044a50c0e278da
HP-00039984,HP-00039978,FATHER_OF,1,FR-6d024fa8c77c0e34
HP-00038044,HP-00011047,FATHER_OF,1,FR-29537c602825d192
HP-00040006,HP-00039999,FATHER_OF,1,FR-2c89709a5d81785b
HP-00040039,HP-00040032,FATHER_OF,1,FR-e8fddbb027069a00
HP-00040058,HP-00040051,FATHER_OF,1,FR-6a3707cbe30cb959
HP-00040069,HP-00040062,FATHER_OF,1,FR-f864b62d62daa978
HP-00040100,HP-00040093,FATHER_OF,1,FR-e6d0e9aef028a351
HP-00040120,HP-00040113,FATHER_OF,1,FR-89667d4b259be2a2
HP-00040137,HP-00040130,FATHER_OF,1,FR-d43aeac03747a5d7
HP-00040148,HP-00040141,FATHER_OF,1,FR-f741342830c2563a
HP-00040159,HP-00040152,FATHER_OF,1,FR-153e02f9f467071c
HP-00040170,HP-00040163,FATHER_OF,1,FR-cc3561964afdac8c
HP-00040180,HP-00040174,FATHER_OF,1,FR-e9d3941e85c5408f
HP-00040196,HP-00040190,FATHER_OF,1,FR-3c7c06ccca1ca6af
HP-00040207,HP-00040200,FATHER_OF,1,FR-cc340e6aa03c5a35
HP-00040218,HP-00040211,FATHER_OF,1,FR-b7bab120ce8ba309
HP-00040229,HP-00040222,FATHER_OF,1,FR-6f3bc1bdc56a8a40
HP-00040240,HP-00040233,FATHER_OF,1,FR-1e21bc42e027506d
HP-00040250,HP-00040244,FATHER_OF,1,FR-a2d10c9d69076d0d
HP-00040260,HP-00040254,FATHER_OF,1,FR-3cdf110e19aa9527
HP-00040269,HP-00040264,FATHER_OF,1,FR-17864c1971612de5
HP-00040278,HP-00040273,FATHER_OF,1,FR-ed6bc323a39953f6
HP-00040287,HP-00040282,FATHER_OF,1,FR-88cf9d5188cfe22e
HP-00040297,HP-00040291,FATHER_OF,1,FR-28fb6805dc574856
HP-00040305,HP-00040301,FATHER_OF,1,FR-f6946864a7fa2b9b
HP-00040323,HP-00040317,FATHER_OF,1,FR-3e15ed1459c47088
HP-00040331,HP-00040327,FATHER_OF,1,FR-8324bef1c1927eb2
HP-00040337,HP-00040335,FATHER_OF,1,FR-865fb25d114b91e4
HP-00040343,HP-00040339,FATHER_OF,1,FR-0da7e7ed9776b9f5
HP-00040351,HP-00040347,FATHER_OF,1,FR-18734d084d73f480
HP-00040369,HP-00040365,FATHER_OF,1,FR-a37273dd441a65de
HP-00040378,HP-00040373,FATHER_OF,1,FR-dc353a1f652e3a24
HP-00040386,HP-00040382,FATHER_OF,1,FR-9f91dc1ec8d1a5ce
HP-00040394,HP-00040390,FATHER_OF,1,FR-c050a00b93645127
HP-00040402,HP-00040398,FATHER_OF,1,FR-634c730b980557af
HP-00040416,HP-00040414,FATHER_OF,1,FR-088545fc96b71f8d
HP-00040424,HP-00040420,FATHER_OF,1,FR-bd8bb6d1b3658590
HP-00040430,HP-00040428,FATHER_OF,1,FR-7c71343b1896016d
HP-00040438,HP-00040434,FATHER_OF,1,FR-11494fa2741fa241
HP-00040454,HP-00040450,FATHER_OF,1,FR-6bc9227d97aa97c7
HP-00032164,HP-00040458,FATHER_OF,1,FR-56437b68184e9ddd
HP-00040478,HP-00040474,FATHER_OF,1,FR-6ce9a41a58a9c615
HP-00040494,HP-00040490,FATHER_OF,1,FR-4ae44cf317b26fdf
HP-00040502,HP-00040498,FATHER_OF,1,FR-6ceb809144f44076
HP-00040510,HP-00040506,FATHER_OF,1,FR-a292c18645de8877
HP-00040530,HP-00040524,FATHER_OF,1,FR-bb8e045d5761f944
HP-00040538,HP-00040534,FATHER_OF,1,FR-c305ea0bc70d0f64
HP-00040546,HP-00040542,FATHER_OF,1,FR-dbc0af8f776f36ce
HP-00040562,HP-00040558,FATHER_OF,1,FR-39e6e8ec9d9e9cbf
HP-00040570,HP-00040566,FATHER_OF,1,FR-441b91bf7f74ebf1
HP-00040578,HP-00040574,FATHER_OF,1,FR-8432e13d1440a4ee
HP-00040586,HP-00040582,FATHER_OF,1,FR-a49415e236e1bd7b
HP-00040594,HP-00040590,FATHER_OF,1,FR-9d26c401c8cab8a1
HP-00040602,HP-00040598,FATHER_OF,1,FR-31cb7e7dd64553c1
HP-00039138,HP-00040606,FATHER_OF,1,FR-14d635916d92dd7a
HP-00040618,HP-00040614,FATHER_OF,1,FR-45611e7f12638b41
HP-00040634,HP-00040630,FATHER_OF,1,FR-01418edcdbc458c6
HP-00040642,HP-00040638,FATHER_OF,1,FR-bc0edc2f29c38b4a
HP-00040650,HP-00040646,FATHER_OF,1,FR-0bf40d2ebd9c78b1
HP-00040658,HP-00040654,FATHER_OF,1,FR-ee0e123686445ba0
HP-00040666,HP-00040662,FATHER_OF,1,FR-f47a3ad88ae0c52f
HP-00040674,HP-00040670,FATHER_OF,1,FR-a2fbc7572995d945
HP-00040690,HP-00040686,FATHER_OF,1,FR-78d72fb94a4f6560
HP-00040706,HP-00040702,FATHER_OF,1,FR-542aa313b6fca7eb
HP-00040714,HP-00040710,FATHER_OF,1,FR-9964505b7d72f6ca
HP-00040722,HP-00040718,FATHER_OF,1,FR-2ec51aff5bd8bd79
HP-00040752,HP-00040746,FATHER_OF,1,FR-1c4e3f775f571c3f
HP-00040762,HP-00040756,FATHER_OF,1,FR-775165b634f2a706
HP-00040772,HP-00040766,FATHER_OF,1,FR-be35bc318de03921
HP-00040782,HP-00040776,FATHER_OF,1,FR-806f29bf1411e2c3
HP-00040802,HP-00040796,FATHER_OF,1,FR-0605b9e28f3ea2ca
HP-00040810,HP-00040806,FATHER_OF,1,FR-62d9bcffa10b2f75
HP-00040826,HP-00040822,FATHER_OF,1,FR-ee3f53baa28d4ac6
HP-00040834,HP-00040830,FATHER_OF,1,FR-d583e46bbca5d549
HP-00040850,HP-00040846,FATHER_OF,1,FR-82a7273e9d28181e
HP-00040858,HP-00040854,FATHER_OF,1,FR-d3fb895737cd8439
HP-00022668,HP-00040862,FATHER_OF,1,FR-5de3edad12e9e70f
HP-00040874,HP-00040870,FATHER_OF,1,FR-52d5931c88345013
HP-00040907,HP-00040901,FATHER_OF,1,FR-35d0f721dd598c97
HP-00040917,HP-00040911,FATHER_OF,1,FR-3d4a2ad02f58bd3d
HP-00038522,HP-00040921,FATHER_OF,1,FR-aa5ab6736c43cf55
HP-00040937,HP-00040931,FATHER_OF,1,FR-9e277c4e24990858
HP-00040947,HP-00040941,FATHER_OF,1,FR-3c13c56a53e5a050
HP-00040977,HP-00040971,FATHER_OF,1,FR-6c42d1a6c9daecce
HP-00040999,HP-00040992,FATHER_OF,1,FR-ff8f78df7b38e63b
HP-00041010,HP-00041003,FATHER_OF,1,FR-fe7f562763f0eb20
HP-00041021,HP-00041014,FATHER_OF,1,FR-92b0678b4d75a940
HP-00041031,HP-00041025,FATHER_OF,1,FR-1e06a76d7cc29d62
HP-00041051,HP-00041045,FATHER_OF,1,FR-c5480451fdee3831
HP-00041084,HP-00041077,FATHER_OF,1,FR-2a8ee7b0bd0a6b65
HP-00041095,HP-00041088,FATHER_OF,1,FR-4e8f973cbf0fed63
HP-00041106,HP-00041099,FATHER_OF,1,FR-d43551e99702d367
HP-00041116,HP-00041110,FATHER_OF,1,FR-62563755c55f5047
HP-00041127,HP-00041120,FATHER_OF,1,FR-320d5c6745c24097
HP-00041138,HP-00041131,FATHER_OF,1,FR-9d7b043b5eb87357
HP-00041149,HP-00041142,FATHER_OF,1,FR-5da2f7a359b14a20
HP-00041158,HP-00041153,FATHER_OF,1,FR-a445b3f964d78315
HP-00041180,HP-00041173,FATHER_OF,1,FR-300559b8fe1d4e81
HP-00041191,HP-00041184,FATHER_OF,1,FR-3d3591d9da9b8ffa
HP-00041224,HP-00041217,FATHER_OF,1,FR-4dab96a51edd8c08
HP-00038563,HP-00041228,FATHER_OF,1,FR-dbeeaf35851baef2
HP-00041256,HP-00041249,FATHER_OF,1,FR-6a3a156ced8b17e3
HP-00041267,HP-00041260,FATHER_OF,1,FR-74721feb05b28585
HP-00041278,HP-00041271,FATHER_OF,1,FR-8961a3d9a6e51b1c
HP-00041289,HP-00041282,FATHER_OF,1,FR-550c7d906b17f9d0
HP-00041300,HP-00041293,FATHER_OF,1,FR-27f2425ee8335e73
HP-00041311,HP-00041304,FATHER_OF,1,FR-b862f2d91ed1a7a4
HP-00041322,HP-00041315,FATHER_OF,1,FR-ec2d54719f9dbba0
HP-00041344,HP-00041337,FATHER_OF,1,FR-dc0578da5df56afa
HP-00041355,HP-00041348,FATHER_OF,1,FR-75457bd7529f32d1
HP-00041366,HP-00041359,FATHER_OF,1,FR-15bf6f62c755fe69
HP-00041377,HP-00041370,FATHER_OF,1,FR-24b745502a651212
HP-00041388,HP-00041381,FATHER_OF,1,FR-35dc176164515a35
HP-00041421,HP-00041414,FATHER_OF,1,FR-2b1a41110549a925
HP-00041432,HP-00041425,FATHER_OF,1,FR-c2818ad2f1538411
HP-00041476,HP-00041469,FATHER_OF,1,FR-a80c76e3c0859169
HP-00041487,HP-00041480,FATHER_OF,1,FR-73295555cac828f1
HP-00041498,HP-00041491,FATHER_OF,1,FR-fcbed85af02b9009
HP-00041509,HP-00041502,FATHER_OF,1,FR-8971019575474c63
HP-00041531,HP-00041524,FATHER_OF,1,FR-1ab5e03b299e9316
HP-00041553,HP-00041546,FATHER_OF,1,FR-9fb5fbbcccd734a8
HP-00041564,HP-00041557,FATHER_OF,1,FR-8ff6200eeab27964
HP-00041575,HP-00041568,FATHER_OF,1,FR-4d3f580757af0de8
HP-00041608,HP-00041601,FATHER_OF,1,FR-df332af105230afa
HP-00041619,HP-00041612,FATHER_OF,1,FR-9618b8d833ca8c00
HP-00041630,HP-00041623,FATHER_OF,1,FR-092d460625b2c2c0
HP-00041652,HP-00041645,FATHER_OF,1,FR-16f51ccead2f6b1a
HP-00041663,HP-00041656,FATHER_OF,1,FR-d882b7d3aee62b99
HP-00041674,HP-00041667,FATHER_OF,1,FR-f0f9eb77663b86f5
HP-00024995,HP-00024987,MOTHER_OF,1,FR-d9448ed6d377a067
HP-00025006,HP-00024998,MOTHER_OF,1,FR-27c9597087ef5722
HP-00025017,HP-00025009,MOTHER_OF,1,FR-b0982a1bdcdf8400
HP-00025028,HP-00025020,MOTHER_OF,1,FR-e2f92891c7d4d826
HP-00025037,HP-00025030,MOTHER_OF,1,FR-500361148e0f8976
HP-00025048,HP-00025040,MOTHER_OF,1,FR-3bbfb7d9cbf1f20d
HP-00025059,HP-00025051,MOTHER_OF,1,FR-d8728b99e2220835
HP-00025070,HP-00025062,MOTHER_OF,1,FR-aab13a818e2d971d
HP-00025081,HP-00025073,MOTHER_OF,1,FR-7febe839e48252c7
HP-00025103,HP-00025095,MOTHER_OF,1,FR-a5a002c4294d9e11
HP-00025114,HP-00025106,MOTHER_OF,1,FR-424cb62cb8844d0d
HP-00025125,HP-00025117,MOTHER_OF,1,FR-9e25755242135280
HP-00025136,HP-00025128,MOTHER_OF,1,FR-edf1846b5bf21b20
HP-00025147,HP-00025139,MOTHER_OF,1,FR-043cb5273a58b892
HP-00025169,HP-00025161,MOTHER_OF,1,FR-49f46377a65e424e
HP-00025180,HP-00025172,MOTHER_OF,1,FR-2c88265de4100695
HP-00025191,HP-00025183,MOTHER_OF,1,FR-228e8cbf82c24553
HP-00025202,HP-00025194,MOTHER_OF,1,FR-657c4ed6d4e2a50b
HP-00025212,HP-00025205,MOTHER_OF,1,FR-91e36382de647cef
HP-00025223,HP-00025215,MOTHER_OF,1,FR-d5ab41349fb40778
HP-00025233,HP-00025226,MOTHER_OF,1,FR-a88c4a098122c1e7
HP-00025244,HP-00025236,MOTHER_OF,1,FR-8e824f919db2aeab
HP-00025277,HP-00025269,MOTHER_OF,1,FR-43770f59bda7889b
HP-00025288,HP-00025280,MOTHER_OF,1,FR-7c9975bbb7c8d63b
HP-00025299,HP-00025291,MOTHER_OF,1,FR-67cd3e4ce73b74e2
HP-00025310,HP-00025302,MOTHER_OF,1,FR-19b16b7e8315bfd2
HP-00025321,HP-00025313,MOTHER_OF,1,FR-dceb65e5620c1455
HP-00025332,HP-00025324,MOTHER_OF,1,FR-2a049db90ee61827
HP-00025343,HP-00025335,MOTHER_OF,1,FR-bf4806154d133a90
HP-00025364,HP-00025356,MOTHER_OF,1,FR-8f54376142aaa71f
HP-00025374,HP-00025367,MOTHER_OF,1,FR-ce43cb21715059dd
HP-00025390,HP-00025382,MOTHER_OF,1,FR-75c5f388fc0c3502
HP-00025401,HP-00025393,MOTHER_OF,1,FR-cd45fb69f3ad5d10
HP-00025411,HP-00025403,MOTHER_OF,1,FR-39c7c7328dc0d238
HP-00025451,HP-00025443,MOTHER_OF,1,FR-14e6d133b6f43de2
HP-00025461,HP-00025454,MOTHER_OF,1,FR-ad8847b593979d91
HP-00025472,HP-00025464,MOTHER_OF,1,FR-9708572949f3e3da
HP-00025483,HP-00025475,MOTHER_OF,1,FR-f568a53eec680ebc
HP-00025504,HP-00025497,MOTHER_OF,1,FR-37436b82f71ee4af
HP-00025513,HP-00025505,MOTHER_OF,1,FR-c0acf15571680e38
HP-00025531,HP-00025523,MOTHER_OF,1,FR-32655d9bb4d98d00
HP-00025542,HP-00025534,MOTHER_OF,1,FR-cfe3b561380c0ef2
HP-00025559,HP-00025552,MOTHER_OF,1,FR-69bae0317fb72234
HP-00025568,HP-00025560,MOTHER_OF,1,FR-b157717c9a6fe023
HP-00025577,HP-00025569,MOTHER_OF,1,FR-dca4c14ed964e3a8
HP-00025588,HP-00025580,MOTHER_OF,1,FR-d10b0d921896922c
HP-00025603,HP-00025596,MOTHER_OF,1,FR-98eb4943ef865191
HP-00025643,HP-00025635,MOTHER_OF,1,FR-0d245a2aa7bd3735
HP-00025664,HP-00025656,MOTHER_OF,1,FR-e4d97ed0ad452b04
HP-00025675,HP-00025667,MOTHER_OF,1,FR-28558d6d7c371a97
HP-00025685,HP-00025678,MOTHER_OF,1,FR-7ad6bcafa7d6705c
HP-00025693,HP-00025686,MOTHER_OF,1,FR-bb07ecbaa3fa5947
HP-00025704,HP-00025696,MOTHER_OF,1,FR-67354460fda80af8
HP-00025733,HP-00025725,MOTHER_OF,1,FR-f244f72b42600b1f
HP-00025744,HP-00025736,MOTHER_OF,1,FR-c1e7cf7ff988a44f
HP-00025755,HP-00025747,MOTHER_OF,1,FR-331718bd80615bd2
HP-00025775,HP-00025767,MOTHER_OF,1,FR-ab3900994268c71c
HP-00025796,HP-00025788,MOTHER_OF,1,FR-90be6e723f33ae5e
HP-00025817,HP-00025810,MOTHER_OF,1,FR-18d6aced2f747f0a
HP-00025828,HP-00025820,MOTHER_OF,1,FR-dda303d906da9fa8
HP-00025839,HP-00025831,MOTHER_OF,1,FR-b64e366862bb0049
HP-00025847,HP-00025840,MOTHER_OF,1,FR-e6a1dd9e2540ddcf
HP-00025858,HP-00025850,MOTHER_OF,1,FR-9d14c62a678633a4
HP-00025882,HP-00025875,MOTHER_OF,1,FR-7667be7f7929abb4
HP-00025892,HP-00025885,MOTHER_OF,1,FR-eaed0f48bcf2ca3c
HP-00025911,HP-00025904,MOTHER_OF,1,FR-f4e60da63585fd74
HP-00025921,HP-00025914,MOTHER_OF,1,FR-ffc78fa3dff7f6be
HP-00025941,HP-00025933,MOTHER_OF,1,FR-f19f6de3e406a2ae
HP-00025952,HP-00025944,MOTHER_OF,1,FR-51e46ad85a815993
HP-00025961,HP-00025954,MOTHER_OF,1,FR-842ed0dcc6d110ef
HP-00025972,HP-00025964,MOTHER_OF,1,FR-d851723480f991b6
HP-00025983,HP-00025975,MOTHER_OF,1,FR-44ce3418c334168b
HP-00025994,HP-00025986,MOTHER_OF,1,FR-cd36cc6455603121
HP-00026004,HP-00025997,MOTHER_OF,1,FR-379502b51a04113a
HP-00026015,HP-00026007,MOTHER_OF,1,FR-1f43cda3f5b22ea6
HP-00026026,HP-00026018,MOTHER_OF,1,FR-7202bd68fccef01c
HP-00026046,HP-00026038,MOTHER_OF,1,FR-a010444235054560
HP-00026067,HP-00026059,MOTHER_OF,1,FR-449caa1759429596
HP-00026077,HP-00026069,MOTHER_OF,1,FR-7e2cd3fd6e484344
HP-00026095,HP-00026087,MOTHER_OF,1,FR-3e962acb3ad69fba
HP-00026105,HP-00026098,MOTHER_OF,1,FR-9c03120f69967a6b
HP-00026113,HP-00026106,MOTHER_OF,1,FR-e86bcb7e73f31a91
HP-00026124,HP-00026116,MOTHER_OF,1,FR-bade052efe1ea319
HP-00026135,HP-00026127,MOTHER_OF,1,FR-8d263db354439da0
HP-00026146,HP-00026138,MOTHER_OF,1,FR-5b6486766c40ea45
HP-00026157,HP-00026149,MOTHER_OF,1,FR-d6cb5277360e5508
HP-00026168,HP-00026160,MOTHER_OF,1,FR-35cbe28fcd3b0783
HP-00026187,HP-00026179,MOTHER_OF,1,FR-34f427c5e61c593a
HP-00026214,HP-00026206,MOTHER_OF,1,FR-9df2b2015b41ef51
HP-00026225,HP-00026217,MOTHER_OF,1,FR-50f65ebe12efa490
HP-00026254,HP-00026247,MOTHER_OF,1,FR-e18e0691bcb0db14
HP-00026263,HP-00026255,MOTHER_OF,1,FR-a94385206d65514b
HP-00026273,HP-00026266,MOTHER_OF,1,FR-ae5164720113a793
HP-00026284,HP-00026276,MOTHER_OF,1,FR-6d3ed0d3354eaa05
HP-00026295,HP-00026287,MOTHER_OF,1,FR-c80255b5819b3b28
HP-00026306,HP-00026298,MOTHER_OF,1,FR-d0e3e47ab50b3ee7
HP-00026345,HP-00026337,MOTHER_OF,1,FR-fd7d2c20d7260ebe
HP-00000909,HP-00026357,MOTHER_OF,1,FR-fe1253356d54b5fd
HP-00026376,HP-00026368,MOTHER_OF,1,FR-a6fca38d224a5e98
HP-00026418,HP-00026410,MOTHER_OF,1,FR-816da508234e5360
HP-00026429,HP-00026421,MOTHER_OF,1,FR-56037701d217749e
HP-00026440,HP-00026432,MOTHER_OF,1,FR-5ea8ca9ccbec9198
HP-00026462,HP-00026454,MOTHER_OF,1,FR-e5767bc8d37ab75b
HP-00026473,HP-00026465,MOTHER_OF,1,FR-e8ec5e89bd1ac7f4
HP-00026484,HP-00026476,MOTHER_OF,1,FR-2f6306200c5152ea
HP-00026515,HP-00026507,MOTHER_OF,1,FR-07fac27bf5080e84
HP-00026526,HP-00026518,MOTHER_OF,1,FR-6d88f065c3a08cb0
HP-00026537,HP-00026529,MOTHER_OF,1,FR-2bff5a8184708d4d
HP-00026546,HP-00026539,MOTHER_OF,1,FR-970f4af047bf513b
HP-00026564,HP-00026556,MOTHER_OF,1,FR-eedeff68927cd8bd
HP-00026573,HP-00026565,MOTHER_OF,1,FR-1a2d629bff79b430
HP-00026584,HP-00026576,MOTHER_OF,1,FR-2d2481b45b8c788d
HP-00026595,HP-00026587,MOTHER_OF,1,FR-853d24340bf1e13b
HP-00026606,HP-00026598,MOTHER_OF,1,FR-3f1d437abe03b51a
HP-00026617,HP-00026609,MOTHER_OF,1,FR-ee7c18715bd7c32f
HP-00026628,HP-00026620,MOTHER_OF,1,FR-8d54bd9bc9f14777
HP-00026639,HP-00026631,MOTHER_OF,1,FR-f28bcb86bd78c753
HP-00026650,HP-00026642,MOTHER_OF,1,FR-83896a05ea2a5cae
HP-00026659,HP-00026651,MOTHER_OF,1,FR-da9f1db00b8bc9b3
HP-00026670,HP-00026662,MOTHER_OF,1,FR-e00f606584aa53da
HP-00026707,HP-00026700,MOTHER_OF,1,FR-c725ba7efb8dd9e5
HP-00026716,HP-00026709,MOTHER_OF,1,FR-12dd0f8ace6e1881
HP-00026735,HP-00026729,MOTHER_OF,1,FR-d56163fefc8fd859
HP-00026744,HP-00026738,MOTHER_OF,1,FR-46498de07b7c337c
HP-00026754,HP-00026747,MOTHER_OF,1,FR-082e5192a5ebd1aa
HP-00026786,HP-00026778,MOTHER_OF,1,FR-8d1d6a46137e1224
HP-00026797,HP-00026789,MOTHER_OF,1,FR-f43404bffad0746d
HP-00026808,HP-00026800,MOTHER_OF,1,FR-cd0217fc042b72aa
HP-00026828,HP-00026820,MOTHER_OF,1,FR-d91c14df37aab2bf
HP-00027690,HP-00027685,MOTHER_OF,1,FR-854d5fe38072462e
HP-00027698,HP-00027691,MOTHER_OF,1,FR-4bdc87ddc070cf5a
HP-00027730,HP-00027724,MOTHER_OF,1,FR-ced601b3d70c6b38
HP-00027753,HP-00027745,MOTHER_OF,1,FR-38608ab47beb9737
HP-00005970,HP-00027756,MOTHER_OF,1,FR-32d650c269a61e92
HP-00027774,HP-00027767,MOTHER_OF,1,FR-e7cfdd1780f09ce9
HP-00027785,HP-00027777,MOTHER_OF,1,FR-84f0d92eac466db2
HP-00027794,HP-00027786,MOTHER_OF,1,FR-f3064b1fc1bacf23
HP-00027805,HP-00027797,MOTHER_OF,1,FR-0c57327712387962
HP-00027825,HP-00027817,MOTHER_OF,1,FR-9b9922872d857ffa
HP-00027836,HP-00027828,MOTHER_OF,1,FR-5188fa171c2ac0a6
HP-00027846,HP-00027839,MOTHER_OF,1,FR-30eae720a59b9dc1
HP-00027857,HP-00027849,MOTHER_OF,1,FR-4c1ee7bb4d0aecf2
HP-00027868,HP-00027860,MOTHER_OF,1,FR-adfcd38aa29acc10
HP-00027877,HP-00027869,MOTHER_OF,1,FR-d9bd871f693f9625
HP-00027897,HP-00027889,MOTHER_OF,1,FR-88f8ee8143b5bf69
HP-00027908,HP-00027900,MOTHER_OF,1,FR-ffb23766310a4a9d
HP-00027932,HP-00027924,MOTHER_OF,1,FR-816c1ded63720746
HP-00027941,HP-00027933,MOTHER_OF,1,FR-5451e37198f0e4db
HP-00027970,HP-00027962,MOTHER_OF,1,FR-aed1bc2fa06e247e
HP-00027981,HP-00027973,MOTHER_OF,1,FR-ac853c85ac7b9238
HP-00027992,HP-00027984,MOTHER_OF,1,FR-29604526a8f596e9
HP-00028003,HP-00016978,MOTHER_OF,1,FR-4788d6736dc5e3ce
HP-00028014,HP-00028006,MOTHER_OF,1,FR-ededbfec3f8c8b60
HP-00028025,HP-00028017,MOTHER_OF,1,FR-602f53a431ad49b4
HP-00028036,HP-00028028,MOTHER_OF,1,FR-8db243dfbf4751c5
HP-00028047,HP-00028039,MOTHER_OF,1,FR-063c39d8fb306efd
HP-00028057,HP-00028050,MOTHER_OF,1,FR-fb63fe425d6cdb8e
HP-00028079,HP-00028071,MOTHER_OF,1,FR-17dcb35874391486
HP-00028090,HP-00028082,MOTHER_OF,1,FR-1c4364f75a6cbd2a
HP-00028110,HP-00028102,MOTHER_OF,1,FR-7f71a601ec369196
HP-00028121,HP-00028113,MOTHER_OF,1,FR-5a7880941272e944
HP-00028131,HP-00028123,MOTHER_OF,1,FR-7653ac2b2f2ef63b
HP-00028149,HP-00028141,MOTHER_OF,1,FR-ea422f6eeac1d8f2
HP-00028159,HP-00028151,MOTHER_OF,1,FR-4c0a237307d4998c
HP-00028170,HP-00028162,MOTHER_OF,1,FR-5b26fabe58b812e6
HP-00028179,HP-00028171,MOTHER_OF,1,FR-c10264f3c2cc759a
HP-00028202,HP-00028193,MOTHER_OF,1,FR-4a8876cadfecb87c
HP-00028223,HP-00028215,MOTHER_OF,1,FR-5b7f456381be4ce7
HP-00028256,HP-00028248,MOTHER_OF,1,FR-87f318aa43204b23
HP-00028288,HP-00028280,MOTHER_OF,1,FR-0fd012b78cbcf43f
HP-00028299,HP-00028291,MOTHER_OF,1,FR-fc712add9e074b35
HP-00028329,HP-00028321,MOTHER_OF,1,FR-1a9472b41e9a94e9
HP-00028365,HP-00028357,MOTHER_OF,1,FR-70b5ddf9594723f3
HP-00028385,HP-00028377,MOTHER_OF,1,FR-e82b1a2e7a5a6a27
HP-00028414,HP-00028406,MOTHER_OF,1,FR-b68d990407109f9a
HP-00028436,HP-00028428,MOTHER_OF,1,FR-66233f21049a625f
HP-00028447,HP-00028439,MOTHER_OF,1,FR-9e586ef6398d7a5c
HP-00028458,HP-00028450,MOTHER_OF,1,FR-42facade28fb4eec
HP-00028469,HP-00028461,MOTHER_OF,1,FR-7821257d7ce0d9b2
HP-00028480,HP-00028472,MOTHER_OF,1,FR-0613a5e27c2a4ab5
HP-00028520,HP-00028512,MOTHER_OF,1,FR-2d1269cb31cf8b87
HP-00028531,HP-00028523,MOTHER_OF,1,FR-b7c0fdcddbdb1dec
HP-00028542,HP-00028534,MOTHER_OF,1,FR-dc7b61583001f8b1
HP-00028553,HP-00028545,MOTHER_OF,1,FR-941e704ac0ee664a
HP-00028564,HP-00028556,MOTHER_OF,1,FR-be323bbcdb5062bc
HP-00028582,HP-00028574,MOTHER_OF,1,FR-2287e46978ed5421
HP-00028591,HP-00028583,MOTHER_OF,1,FR-197730bc504e8afd
HP-00028601,HP-00028594,MOTHER_OF,1,FR-b1577590ae40f9ae
HP-00028610,HP-00028602,MOTHER_OF,1,FR-90414e0be7977c62
HP-00028650,HP-00028642,MOTHER_OF,1,FR-f8df3c1af3ff3485
HP-00028661,HP-00028653,MOTHER_OF,1,FR-5f9b94a3eae639c0
HP-00028672,HP-00028664,MOTHER_OF,1,FR-322e5e024e86d262
HP-00028683,HP-00028675,MOTHER_OF,1,FR-86e5c264e1d9454d
HP-00028694,HP-00028686,MOTHER_OF,1,FR-30531dfbca1624bb
HP-00028703,HP-00028695,MOTHER_OF,1,FR-8f7da1aab6012862
HP-00028714,HP-00028706,MOTHER_OF,1,FR-a12096538e4c525d
HP-00028732,HP-00028724,MOTHER_OF,1,FR-8a49f78147ed2bd5
HP-00028743,HP-00028735,MOTHER_OF,1,FR-91450c17abb4ed09
HP-00028770,HP-00028762,MOTHER_OF,1,FR-92b2cbaa8b551cac
HP-00028781,HP-00028773,MOTHER_OF,1,FR-ba81e9fe3b3b7e0f
HP-00028792,HP-00028784,MOTHER_OF,1,FR-6d874ea8570d6d60
HP-00028803,HP-00028795,MOTHER_OF,1,FR-761322a7e0b6e2c4
HP-00028812,HP-00028806,MOTHER_OF,1,FR-a2d1f2a32b9c6fc6
HP-00028832,HP-00028824,MOTHER_OF,1,FR-0b7c3767f7b29d23
HP-00028843,HP-00028835,MOTHER_OF,1,FR-9b5632cc5d549713
HP-00028854,HP-00028846,MOTHER_OF,1,FR-16a9153819cbc948
HP-00028863,HP-00028855,MOTHER_OF,1,FR-f52019246a7948b4
HP-00028885,HP-00028877,MOTHER_OF,1,FR-fffa71b4d1ec2b8b
HP-00028896,HP-00028888,MOTHER_OF,1,FR-6099dcfe563bee1e
HP-00028907,HP-00028899,MOTHER_OF,1,FR-0a0511cfe373f9ab
HP-00028917,HP-00028910,MOTHER_OF,1,FR-ab010b739f791200
HP-00028934,HP-00028926,MOTHER_OF,1,FR-bd8e419c267ea63c
HP-00028945,HP-00028937,MOTHER_OF,1,FR-b4a7315eaca71ff3
HP-00028964,HP-00028956,MOTHER_OF,1,FR-e0a45eba8a07db3b
HP-00028975,HP-00028967,MOTHER_OF,1,FR-56aafe6cc7379c5a
HP-00028986,HP-00028978,MOTHER_OF,1,FR-32ec3c114cb95aec
HP-00028997,HP-00028989,MOTHER_OF,1,FR-b32ff16b89ef9c03
HP-00029025,HP-00029017,MOTHER_OF,1,FR-a4e229511c875fbe
HP-00029036,HP-00029028,MOTHER_OF,1,FR-55ae7fc8c4d92d9d
HP-00029045,HP-00029037,MOTHER_OF,1,FR-00a35f42ea4a5ac8
HP-00029056,HP-00029048,MOTHER_OF,1,FR-75ce93ca039f6b68
HP-00029078,HP-00029070,MOTHER_OF,1,FR-1048d1490c59917f
HP-00029089,HP-00029081,MOTHER_OF,1,FR-c764f0fc28181f82
HP-00029100,HP-00029092,MOTHER_OF,1,FR-1581cd7fa0a9f0d5
HP-00029111,HP-00029103,MOTHER_OF,1,FR-9b74a281f550e540
HP-00029159,HP-00029151,MOTHER_OF,1,FR-89d84f872f195397
HP-00029170,HP-00029162,MOTHER_OF,1,FR-418547c344e03f94
HP-00029181,HP-00029173,MOTHER_OF,1,FR-6f79f6fd8d2956f3
HP-00029190,HP-00029182,MOTHER_OF,1,FR-24f1a4f310b1d42d
HP-00029201,HP-00029193,MOTHER_OF,1,FR-f24e212b467279ce
HP-00029226,HP-00029218,MOTHER_OF,1,FR-af2c946be7871556
HP-00029237,HP-00029229,MOTHER_OF,1,FR-241c1639f887c9cf
HP-00029248,HP-00029240,MOTHER_OF,1,FR-8912e0fc992f8070
HP-00029259,HP-00029251,MOTHER_OF,1,FR-3487f3d378da6f2f
HP-00029269,HP-00029262,MOTHER_OF,1,FR-f866ddca7f7334ad
HP-00029279,HP-00029272,MOTHER_OF,1,FR-342f40b26e01a306
HP-00029289,HP-00029282,MOTHER_OF,1,FR-3017a8658da1f1b0
HP-00029297,HP-00029290,MOTHER_OF,1,FR-1dbf6a42b0eadee3
HP-00029307,HP-00029300,MOTHER_OF,1,FR-7c09c0147e1fd37c
HP-00029315,HP-00029308,MOTHER_OF,1,FR-e1c5a832d97c2e0b
HP-00029324,HP-00029318,MOTHER_OF,1,FR-3c2e832ea43edd85
HP-00029334,HP-00029327,MOTHER_OF,1,FR-eed8da34fba7a7ac
HP-00029344,HP-00029337,MOTHER_OF,1,FR-958d796865b694d1
HP-00029354,HP-00029347,MOTHER_OF,1,FR-3fc9184f3d521647
HP-00029364,HP-00029357,MOTHER_OF,1,FR-6b0257ca85c5c03d
HP-00029380,HP-00029373,MOTHER_OF,1,FR-2513c9d8cbef64cf
HP-00029390,HP-00029383,MOTHER_OF,1,FR-f84ff5ecb671f558
HP-00029399,HP-00029393,MOTHER_OF,1,FR-81a76e0e8be57681
HP-00029409,HP-00029402,MOTHER_OF,1,FR-c675bed58f278bd8
HP-00029419,HP-00029412,MOTHER_OF,1,FR-432265fd7da2a091
HP-00029429,HP-00029422,MOTHER_OF,1,FR-5ccbdfd100cc5855
HP-00029451,HP-00029443,MOTHER_OF,1,FR-993ca64465d9fade
HP-00029462,HP-00029454,MOTHER_OF,1,FR-9ff6045900954abf
HP-00029473,HP-00029465,MOTHER_OF,1,FR-88a920923c204a6a
HP-00029484,HP-00029476,MOTHER_OF,1,FR-8d2411fca6a9148e
HP-00029496,HP-00029487,MOTHER_OF,1,FR-a670c2a603188464
HP-00029506,HP-00029497,MOTHER_OF,1,FR-90d3ab61571f7110
HP-00029518,HP-00029509,MOTHER_OF,1,FR-60e57f843efd98df
HP-00029527,HP-00029521,MOTHER_OF,1,FR-7b6f2df5a2c28cd6
HP-00029538,HP-00029530,MOTHER_OF,1,FR-8c8dd1ab1822c52f
HP-00029550,HP-00029541,MOTHER_OF,1,FR-5612857860cfd9aa
HP-00029560,HP-00029553,MOTHER_OF,1,FR-8726c242beed13af
HP-00029578,HP-00029570,MOTHER_OF,1,FR-3b77a00b6585eef5
HP-00029589,HP-00029581,MOTHER_OF,1,FR-50f42cb2b54297ff
HP-00029598,HP-00029592,MOTHER_OF,1,FR-2465bee5bb91079d
HP-00029615,HP-00029608,MOTHER_OF,1,FR-99433bf3eec4f111
HP-00029633,HP-00029626,MOTHER_OF,1,FR-e4007b21f43004de
HP-00029642,HP-00029636,MOTHER_OF,1,FR-7054682c665a7969
HP-00029661,HP-00029654,MOTHER_OF,1,FR-5326ecb8ba6dbab1
HP-00029670,HP-00029664,MOTHER_OF,1,FR-c4978f2b1e70a72a
HP-00029676,HP-00029671,MOTHER_OF,1,FR-64c320a45d594cd2
HP-00029686,HP-00029679,MOTHER_OF,1,FR-4a8341f9f9d0ea65
HP-00029701,HP-00029694,MOTHER_OF,1,FR-97d170a53bd6dca1
HP-00029711,HP-00029704,MOTHER_OF,1,FR-a7d49f5151a56564
HP-00029719,HP-00029712,MOTHER_OF,1,FR-349d2a48016f9f84
HP-00029752,HP-00029744,MOTHER_OF,1,FR-aef5887bb7314d84
HP-00029763,HP-00029755,MOTHER_OF,1,FR-6f48d5cc64d7cfc6
HP-00029774,HP-00029766,MOTHER_OF,1,FR-4ea8af0acf640ca3
HP-00029785,HP-00029777,MOTHER_OF,1,FR-33314ab92b09a0d4
HP-00029807,HP-00029799,MOTHER_OF,1,FR-9fce72b8e51ca2a2
HP-00029818,HP-00029810,MOTHER_OF,1,FR-f9fa37a54b8296d9
HP-00029829,HP-00029821,MOTHER_OF,1,FR-aa9b58a3319ef884
HP-00029840,HP-00029832,MOTHER_OF,1,FR-1661eff4c95e68dc
HP-00029851,HP-00029843,MOTHER_OF,1,FR-664825aa9386f4d6
HP-00029873,HP-00029865,MOTHER_OF,1,FR-e347c0e05a84bf43
HP-00029884,HP-00029876,MOTHER_OF,1,FR-1b48f5df03926028
HP-00029895,HP-00029887,MOTHER_OF,1,FR-cfc344c7a870c8c0
HP-00029917,HP-00029909,MOTHER_OF,1,FR-33b90d948f785495
HP-00029928,HP-00029920,MOTHER_OF,1,FR-a7003434128c1f14
HP-00029972,HP-00029964,MOTHER_OF,1,FR-1aad1065e317d661
HP-00029983,HP-00029975,MOTHER_OF,1,FR-48d22345e4989587
HP-00029994,HP-00029986,MOTHER_OF,1,FR-1c058e096be38447
HP-00030038,HP-00030030,MOTHER_OF,1,FR-9d70283d3d339011
HP-00030060,HP-00030052,MOTHER_OF,1,FR-899a6ae8225d9d4d
HP-00030071,HP-00030063,MOTHER_OF,1,FR-c2f945bf655e35af
HP-00030093,HP-00030085,MOTHER_OF,1,FR-a47b3f2de03e10c0
HP-00030115,HP-00024779,MOTHER_OF,1,FR-3454dfa92b396903
HP-00030126,HP-00030118,MOTHER_OF,1,FR-1f9f6bbad563beac
HP-00030137,HP-00030129,MOTHER_OF,1,FR-a72fd26f9b6eca9b
HP-00030148,HP-00030140,MOTHER_OF,1,FR-3fd8e1c2d1143f65
HP-00030159,HP-00030151,MOTHER_OF,1,FR-1b34c6a70e910743
HP-00030181,HP-00030173,MOTHER_OF,1,FR-cbf4f9e153bfa56e
HP-00030192,HP-00030184,MOTHER_OF,1,FR-5399599631940580
HP-00030212,HP-00030204,MOTHER_OF,1,FR-0ce4bfb6e0056cf7
HP-00030245,HP-00030237,MOTHER_OF,1,FR-a1fd44fd799733d5
HP-00030267,HP-00030259,MOTHER_OF,1,FR-5231deb7618c20e2
HP-00030278,HP-00030270,MOTHER_OF,1,FR-534ab86e7262e6c2
HP-00030289,HP-00024895,MOTHER_OF,1,FR-26f282594c3ed3f3
HP-00030322,HP-00030314,MOTHER_OF,1,FR-1f1809d47787eb1e
HP-00030333,HP-00030325,MOTHER_OF,1,FR-607dc029b2f04b16
HP-00030388,HP-00030380,MOTHER_OF,1,FR-5a07951753e6dbc7
HP-00030399,HP-00030391,MOTHER_OF,1,FR-aca79ee10dffc6c1
HP-00030410,HP-00030402,MOTHER_OF,1,FR-b1e153c35a3111cb
HP-00030432,HP-00030424,MOTHER_OF,1,FR-f277b50eb0e4e04a
HP-00030443,HP-00030435,MOTHER_OF,1,FR-f514ff17cd56e488
HP-00030454,HP-00030446,MOTHER_OF,1,FR-f745ac017cc3adee
HP-00030465,HP-00030457,MOTHER_OF,1,FR-8ba6270158671d86
HP-00030476,HP-00030468,MOTHER_OF,1,FR-360275ea3d8d9e94
HP-00030487,HP-00030479,MOTHER_OF,1,FR-f2f354a137b368bd
HP-00030497,HP-00030490,MOTHER_OF,1,FR-155634abeaf0e1ef
HP-00030508,HP-00030500,MOTHER_OF,1,FR-ba528ae14ae60d87
HP-00030519,HP-00030511,MOTHER_OF,1,FR-85ac7a5579ab093d
HP-00030530,HP-00030522,MOTHER_OF,1,FR-93942cf7fc0abb68
HP-00030541,HP-00030533,MOTHER_OF,1,FR-fa0ce101c28cbe4e
HP-00030552,HP-00030544,MOTHER_OF,1,FR-765f19c85fdf7ab0
HP-00030563,HP-00030555,MOTHER_OF,1,FR-95eaeea0afc52c4a
HP-00030571,HP-00030566,MOTHER_OF,1,FR-f7a5cc887bbbf96b
HP-00030581,HP-00030574,MOTHER_OF,1,FR-cff81679edd62701
HP-00030591,HP-00030584,MOTHER_OF,1,FR-0295c0fce82ad9d8
HP-00030601,HP-00030594,MOTHER_OF,1,FR-bda11b5fcb1209b6
HP-00030611,HP-00030604,MOTHER_OF,1,FR-b4ebd6d504488291
HP-00030621,HP-00030614,MOTHER_OF,1,FR-91811e3e5efb447a
HP-00030631,HP-00030624,MOTHER_OF,1,FR-dfca631854bcfe69
HP-00030651,HP-00030644,MOTHER_OF,1,FR-0050d538351925fe
HP-00030660,HP-00030654,MOTHER_OF,1,FR-32c296bcf06b290c
HP-00030680,HP-00030673,MOTHER_OF,1,FR-f8ecc4354cbf9e73
HP-00030690,HP-00030683,MOTHER_OF,1,FR-512179fb18cc753b
HP-00030710,HP-00030703,MOTHER_OF,1,FR-630ef9a062ebdedd
HP-00030720,HP-00030713,MOTHER_OF,1,FR-5a88c3f850f384fd
HP-00030730,HP-00030723,MOTHER_OF,1,FR-67db930a54d02278
HP-00030740,HP-00030733,MOTHER_OF,1,FR-f0ba7bb2c9353753
HP-00030750,HP-00030743,MOTHER_OF,1,FR-ea5c10c44108bcd1
HP-00030760,HP-00030753,MOTHER_OF,1,FR-3226779e21575c7b
HP-00030780,HP-00030773,MOTHER_OF,1,FR-3f0cb9ed37f98c96
HP-00030790,HP-00030783,MOTHER_OF,1,FR-306faccd2b47768f
HP-00030800,HP-00030793,MOTHER_OF,1,FR-95ffead52920fe58
HP-00030820,HP-00030813,MOTHER_OF,1,FR-facbe292808eef3b
HP-00030830,HP-00030823,MOTHER_OF,1,FR-2f4b76d352fbc641
HP-00030840,HP-00030833,MOTHER_OF,1,FR-098df34e64f2482d
HP-00030860,HP-00030853,MOTHER_OF,1,FR-1b6e618200d53774
HP-00030870,HP-00030863,MOTHER_OF,1,FR-283f1eb0adeac681
HP-00030880,HP-00030873,MOTHER_OF,1,FR-9d10a581bfce0448
HP-00030900,HP-00030893,MOTHER_OF,1,FR-800e1077d71e650e
HP-00030910,HP-00030903,MOTHER_OF,1,FR-e44997e7fc940f04
HP-00030940,HP-00030933,MOTHER_OF,1,FR-db8c1a2399e05e66
HP-00030950,HP-00030943,MOTHER_OF,1,FR-e7137948f86a3e8b
HP-00030960,HP-00030953,MOTHER_OF,1,FR-edb1c7f7e1afe7be
HP-00030970,HP-00030963,MOTHER_OF,1,FR-80370408713932d1
HP-00030980,HP-00030973,MOTHER_OF,1,FR-4b93912bd10327cf
HP-00030990,HP-00030983,MOTHER_OF,1,FR-064747ebeef1dcb5
HP-00031010,HP-00031003,MOTHER_OF,1,FR-51a7cecc9c82dd9e
HP-00031019,HP-00031013,MOTHER_OF,1,FR-c7954f2f070fb533
HP-00031028,HP-00031021,MOTHER_OF,1,FR-05bf2e45b3782a7a
HP-00031038,HP-00031031,MOTHER_OF,1,FR-d223711fcd436308
HP-00031048,HP-00031041,MOTHER_OF,1,FR-f8fd446793ab073e
HP-00031068,HP-00031061,MOTHER_OF,1,FR-a6ca1650641ca4c8
HP-00031078,HP-00031071,MOTHER_OF,1,FR-f23f01ac1fe7d698
HP-00031128,HP-00031121,MOTHER_OF,1,FR-9783cfc5d36ce8ab
HP-00031138,HP-00031131,MOTHER_OF,1,FR-8b8102458db46a90
HP-00031148,HP-00031141,MOTHER_OF,1,FR-7e94ec952f94401a
HP-00031168,HP-00031161,MOTHER_OF,1,FR-2116ab6d2699c388
HP-00031178,HP-00031171,MOTHER_OF,1,FR-bdc881a71f419c75
HP-00031188,HP-00031181,MOTHER_OF,1,FR-f5ee007e71b64578
HP-00031198,HP-00031191,MOTHER_OF,1,FR-bf07491bee2b26e6
HP-00031208,HP-00031201,MOTHER_OF,1,FR-dc29374625e4afef
HP-00031238,HP-00031231,MOTHER_OF,1,FR-4f9aeed77fa1d6fb
HP-00031258,HP-00031251,MOTHER_OF,1,FR-00b9f245289ae2ba
HP-00031268,HP-00031261,MOTHER_OF,1,FR-b572c592d8d34c2c
HP-00031278,HP-00031271,MOTHER_OF,1,FR-bfe40573e0f88f7f
HP-00031288,HP-00031281,MOTHER_OF,1,FR-86596363e24c4ec2
HP-00031298,HP-00031291,MOTHER_OF,1,FR-2e209022afb86356
HP-00031308,HP-00031301,MOTHER_OF,1,FR-932eb8f456a569d2
HP-00031328,HP-00031321,MOTHER_OF,1,FR-d9a69cf4a6fbc78d
HP-00031348,HP-00031341,MOTHER_OF,1,FR-f1619506787987ea
HP-00030355,HP-00031351,MOTHER_OF,1,FR-4bc6bf04612901ed
HP-00031368,HP-00031361,MOTHER_OF,1,FR-0f121901ff3d884a
HP-00031378,HP-00031371,MOTHER_OF,1,FR-223453b5c26c810b
HP-00031388,HP-00031381,MOTHER_OF,1,FR-59f0761128d6fd5b
HP-00031398,HP-00031391,MOTHER_OF,1,FR-d55f8627dcd9f9e4
HP-00031418,HP-00031411,MOTHER_OF,1,FR-9c1542f783aadd25
HP-00031436,HP-00031431,MOTHER_OF,1,FR-c60af34cbdf42cab
HP-00031446,HP-00031439,MOTHER_OF,1,FR-bf4552ef1bc41923
HP-00031456,HP-00031449,MOTHER_OF,1,FR-d65d4f8757ce257c
HP-00031466,HP-00031459,MOTHER_OF,1,FR-5c732b0b7dcc2340
HP-00031476,HP-00031469,MOTHER_OF,1,FR-85fdbebdcc81d64e
HP-00031486,HP-00031479,MOTHER_OF,1,FR-63ae18c7e014876f
HP-00031496,HP-00031489,MOTHER_OF,1,FR-5745bccb0507e972
HP-00031506,HP-00031499,MOTHER_OF,1,FR-44024929e5253d22
HP-00031516,HP-00031509,MOTHER_OF,1,FR-f4ab80d8fc5d9aff
HP-00030115,HP-00031519,MOTHER_OF,1,FR-f110365fe022dead
HP-00031536,HP-00031529,MOTHER_OF,1,FR-2fb6789180d4ac4f
HP-00031546,HP-00031539,MOTHER_OF,1,FR-747ab1c49ae049c7
HP-00031556,HP-00031549,MOTHER_OF,1,FR-a2de3ed2a081736f
HP-00031566,HP-00031559,MOTHER_OF,1,FR-4db68af7e4939a27
HP-00031587,HP-00031579,MOTHER_OF,1,FR-b404a60b50ae8593
HP-00031607,HP-00031600,MOTHER_OF,1,FR-10e3a4b20619f132
HP-00031617,HP-00031610,MOTHER_OF,1,FR-9bd92bc885ce1b6f
HP-00031627,HP-00031620,MOTHER_OF,1,FR-6e7194f456ee8fda
HP-00031647,HP-00031640,MOTHER_OF,1,FR-45c221dc4925f5c5
HP-00031657,HP-00031650,MOTHER_OF,1,FR-22ae81f66ebff7cc
HP-00031667,HP-00031660,MOTHER_OF,1,FR-6972cbb8c906195a
HP-00031677,HP-00031670,MOTHER_OF,1,FR-88a1c01763d8b4b5
HP-00031697,HP-00031690,MOTHER_OF,1,FR-d1c24066975dc1d4
HP-00031705,HP-00031700,MOTHER_OF,1,FR-129aaf41749753d1
HP-00031715,HP-00031708,MOTHER_OF,1,FR-a676d6468a9dd140
HP-00031735,HP-00031728,MOTHER_OF,1,FR-d425180b7f8595e5
HP-00031745,HP-00031738,MOTHER_OF,1,FR-59d995557c0796b0
HP-00031755,HP-00031748,MOTHER_OF,1,FR-33f6e83bc56f01b3
HP-00031765,HP-00031758,MOTHER_OF,1,FR-98a995ebc51d22c4
HP-00031785,HP-00031778,MOTHER_OF,1,FR-18a1613ad710fe02
HP-00031805,HP-00031798,MOTHER_OF,1,FR-bacf19ece4926c67
HP-00031815,HP-00031808,MOTHER_OF,1,FR-c1204a07d24207fe
HP-00031825,HP-00013714,MOTHER_OF,1,FR-fb2ded64f56be727
HP-00031835,HP-00031828,MOTHER_OF,1,FR-4e5cdc8ee25fdde2
HP-00031845,HP-00031838,MOTHER_OF,1,FR-3a63a88acaae4d8d
HP-00030672,HP-00031848,MOTHER_OF,1,FR-7fed77e67a05b902
HP-00031865,HP-00031858,MOTHER_OF,1,FR-e3cba372611ecc17
HP-00031885,HP-00031878,MOTHER_OF,1,FR-cc6f53b608e73443
HP-00031895,HP-00031888,MOTHER_OF,1,FR-28232d4b8cb44b30
HP-00031905,HP-00031898,MOTHER_OF,1,FR-d81bc5adc2a4c49e
HP-00031915,HP-00031908,MOTHER_OF,1,FR-7111c8660bd8fe91
HP-00031925,HP-00031918,MOTHER_OF,1,FR-362f07edc83872a3
HP-00031935,HP-00031928,MOTHER_OF,1,FR-225431f238d1fe80
HP-00031975,HP-00031968,MOTHER_OF,1,FR-ac92d67dd5adb0f1
HP-00031985,HP-00031978,MOTHER_OF,1,FR-8177a74957787a57
HP-00031995,HP-00031988,MOTHER_OF,1,FR-cf703d18abbf60b1
HP-00032005,HP-00031998,MOTHER_OF,1,FR-ea6101c9442833bf
HP-00032035,HP-00032028,MOTHER_OF,1,FR-c04651ad560cd3c3
HP-00032045,HP-00032038,MOTHER_OF,1,FR-dd9c390dc829dd95
HP-00032065,HP-00032058,MOTHER_OF,1,FR-0536dc9537eeb60c
HP-00032075,HP-00032068,MOTHER_OF,1,FR-3b548aa32b7a7de4
HP-00032085,HP-00032078,MOTHER_OF,1,FR-1abd29ca640cab78
HP-00032095,HP-00032088,MOTHER_OF,1,FR-8ab893d90aa19c4a
HP-00032105,HP-00032098,MOTHER_OF,1,FR-12c46c01c4ed0452
HP-00032115,HP-00032108,MOTHER_OF,1,FR-6ea703b3ae977c21
HP-00032135,HP-00032128,MOTHER_OF,1,FR-28e1e7dc2a664112
HP-00032145,HP-00032138,MOTHER_OF,1,FR-786812185106d3c9
HP-00032155,HP-00023491,MOTHER_OF,1,FR-e2c09f8781e941f6
HP-00032165,HP-00032158,MOTHER_OF,1,FR-4f1a5e02b26f9748
HP-00032175,HP-00032168,MOTHER_OF,1,FR-f4a834c69b52c414
HP-00032185,HP-00032178,MOTHER_OF,1,FR-49a93b0abd79348f
HP-00032195,HP-00032188,MOTHER_OF,1,FR-07b88cf127d479c7
HP-00032205,HP-00032198,MOTHER_OF,1,FR-cb25f4b6f80b39f4
HP-00032215,HP-00032208,MOTHER_OF,1,FR-43f5601292cc7422
HP-00032225,HP-00032218,MOTHER_OF,1,FR-b9663f11661a1ec9
HP-00032255,HP-00032248,MOTHER_OF,1,FR-673add95342d8331
HP-00032265,HP-00032258,MOTHER_OF,1,FR-7dc232c09e3bcf3d
HP-00032275,HP-00032268,MOTHER_OF,1,FR-9a72ef0dc3abde5f
HP-00032285,HP-00032278,MOTHER_OF,1,FR-1f7cb384c8370d95
HP-00032295,HP-00032288,MOTHER_OF,1,FR-fb713d10c09a3876
HP-00032304,HP-00032298,MOTHER_OF,1,FR-e9d195620a98aac2
HP-00032314,HP-00032307,MOTHER_OF,1,FR-857619f148b7194b
HP-00032334,HP-00032327,MOTHER_OF,1,FR-6d932e2d7104ec16
HP-00032345,HP-00032337,MOTHER_OF,1,FR-856794123a2f30cf
HP-00032355,HP-00032348,MOTHER_OF,1,FR-10bc601bfa99c694
HP-00032365,HP-00032358,MOTHER_OF,1,FR-dbd6e80749d91902
HP-00032375,HP-00032368,MOTHER_OF,1,FR-621b107db1987074
HP-00032385,HP-00032378,MOTHER_OF,1,FR-9a0a8b22dce223ba
HP-00032395,HP-00032388,MOTHER_OF,1,FR-abca042f291778f9
HP-00032405,HP-00032398,MOTHER_OF,1,FR-06134e6d9443f496
HP-00032415,HP-00032408,MOTHER_OF,1,FR-ade950e1c57e43c7
HP-00032425,HP-00032418,MOTHER_OF,1,FR-cebf29f0c8cafd34
HP-00032435,HP-00032428,MOTHER_OF,1,FR-7fd4703edc08e28d
HP-00032445,HP-00032438,MOTHER_OF,1,FR-9eaf384072789883
HP-00032455,HP-00032448,MOTHER_OF,1,FR-feefc490dd99f241
HP-00032465,HP-00032458,MOTHER_OF,1,FR-0de962bedc96fec7
HP-00032475,HP-00032468,MOTHER_OF,1,FR-14263676d9629845
HP-00032485,HP-00032478,MOTHER_OF,2,FR-a8bb3ceadee6a5c8
HP-00032495,HP-00032488,MOTHER_OF,1,FR-7ebbc89533036e18
HP-00032505,HP-00032498,MOTHER_OF,1,FR-74e1315eeca6df31
HP-00032525,HP-00032518,MOTHER_OF,1,FR-d9f1caefd03afb55
HP-00032535,HP-00032528,MOTHER_OF,1,FR-e1d097866164446a
HP-00032545,HP-00032538,MOTHER_OF,1,FR-ace7373fa60762f6
HP-00032555,HP-00032548,MOTHER_OF,1,FR-2ec400ddcd168c52
HP-00032565,HP-00032558,MOTHER_OF,1,FR-1cb53ccb2b4988aa
HP-00032575,HP-00032568,MOTHER_OF,1,FR-b6462a08fbc9b2fa
HP-00032585,HP-00032578,MOTHER_OF,1,FR-55c1b07def7423af
HP-00032595,HP-00032588,MOTHER_OF,1,FR-857e9bad03b78234
HP-00032605,HP-00032598,MOTHER_OF,1,FR-38c7f2286ced0477
HP-00032615,HP-00032608,MOTHER_OF,1,FR-b4c0d50b8eeb9cae
HP-00032635,HP-00032628,MOTHER_OF,1,FR-50a3a899a23ff8d7
HP-00032645,HP-00032638,MOTHER_OF,1,FR-2283b92c42e8a4fc
HP-00032655,HP-00032648,MOTHER_OF,1,FR-879786f7289c622a
HP-00012373,HP-00032668,MOTHER_OF,1,FR-59737cfe67b8b1fd
HP-00032685,HP-00032678,MOTHER_OF,1,FR-ef08c4020a3bc8da
HP-00032695,HP-00032688,MOTHER_OF,1,FR-a9fa8fda99491ab5
HP-00032715,HP-00032708,MOTHER_OF,1,FR-323f4656eaee6c16
HP-00032725,HP-00032718,MOTHER_OF,1,FR-fd2889bf5bf02781
HP-00032735,HP-00032728,MOTHER_OF,1,FR-ab6c9017e6f4a93a
HP-00032745,HP-00032738,MOTHER_OF,1,FR-d1b452f6b65c54f4
HP-00032755,HP-00032748,MOTHER_OF,1,FR-886409dd2c854832
HP-00032765,HP-00032758,MOTHER_OF,1,FR-d7e8420ca8275a75
HP-00030940,HP-00032768,MOTHER_OF,1,FR-701904bbb96700b6
HP-00032785,HP-00032778,MOTHER_OF,1,FR-9a0be5c0a1e62144
HP-00032795,HP-00032788,MOTHER_OF,1,FR-0a86a4b5cb3dae7c
HP-00031865,HP-00032798,MOTHER_OF,1,FR-3b13e0a6a709f083
HP-00032813,HP-00032806,MOTHER_OF,1,FR-92a4675bb3e90b88
HP-00032833,HP-00032826,MOTHER_OF,1,FR-c74d0e4d33de20da
HP-00032843,HP-00032836,MOTHER_OF,1,FR-7758921465a53895
HP-00032853,HP-00032846,MOTHER_OF,1,FR-96d02cd863d1587d
HP-00032863,HP-00032856,MOTHER_OF,1,FR-08bab9d4ac9d7251
HP-00032873,HP-00032866,MOTHER_OF,1,FR-d37e72a19b9c7bcb
HP-00032883,HP-00032876,MOTHER_OF,1,FR-483ebfd4af6e38be
HP-00032893,HP-00032886,MOTHER_OF,1,FR-e44cb83383e96297
HP-00032903,HP-00032896,MOTHER_OF,1,FR-f99b86f5c65c3f8a
HP-00032913,HP-00032906,MOTHER_OF,1,FR-8d3f872c15728072
HP-00032923,HP-00032916,MOTHER_OF,1,FR-8a3640a20d87a377
HP-00032933,HP-00032926,MOTHER_OF,1,FR-fe364b2495701bcf
HP-00032943,HP-00032936,MOTHER_OF,1,FR-99571d19ca109dbb
HP-00031308,HP-00032946,MOTHER_OF,1,FR-1d19e88faca135a5
HP-00032963,HP-00032956,MOTHER_OF,1,FR-858bcf67b05be365
HP-00032983,HP-00032976,MOTHER_OF,1,FR-d3aaa94035a90b20
HP-00032993,HP-00032986,MOTHER_OF,1,FR-ec35e0be91d9bfcf
HP-00033003,HP-00032996,MOTHER_OF,1,FR-33523f67ce44d3a6
HP-00033023,HP-00033016,MOTHER_OF,1,FR-6b7e8d9abcab87d2
HP-00033033,HP-00033026,MOTHER_OF,1,FR-2811cf65246bb118
HP-00033043,HP-00033036,MOTHER_OF,1,FR-d2669b8359adb26b
HP-00033053,HP-00033046,MOTHER_OF,1,FR-6bb04107b0b736b6
HP-00033063,HP-00033056,MOTHER_OF,1,FR-226bc234a308a2f8
HP-00033073,HP-00033066,MOTHER_OF,1,FR-97de00ec3c8a5764
HP-00033083,HP-00033076,MOTHER_OF,1,FR-0c44b78a8b23d6c0
HP-00033093,HP-00033086,MOTHER_OF,1,FR-18903feb21b474d0
HP-00033103,HP-00033096,MOTHER_OF,1,FR-afefbf1bc443e031
HP-00033123,HP-00033116,MOTHER_OF,1,FR-bab54bc8c6979e84
HP-00033133,HP-00033126,MOTHER_OF,1,FR-3caa081a5b9bd64f
HP-00033143,HP-00033136,MOTHER_OF,1,FR-6f5e16e01a59ac57
HP-00033153,HP-00033146,MOTHER_OF,1,FR-b8d1492da88bd1d3
HP-00033163,HP-00033156,MOTHER_OF,1,FR-85ccc842449c7a8f
HP-00033173,HP-00033166,MOTHER_OF,1,FR-d9bff402a7cead7f
HP-00033203,HP-00033196,MOTHER_OF,1,FR-c50c3a58e3333a12
HP-00033213,HP-00033206,MOTHER_OF,1,FR-8d74c1c804b0f916
HP-00033223,HP-00033216,MOTHER_OF,1,FR-40bee1c2028038c4
HP-00033233,HP-00033226,MOTHER_OF,1,FR-7e66a7118f5fa68f
HP-00033243,HP-00033236,MOTHER_OF,1,FR-e289316b8dd5c441
HP-00033263,HP-00033256,MOTHER_OF,1,FR-850896e7ccbc650d
HP-00033273,HP-00033266,MOTHER_OF,1,FR-b7fe074846ae0586
HP-00033283,HP-00033276,MOTHER_OF,1,FR-7d3d3c7bb557bfd8
HP-00033293,HP-00033286,MOTHER_OF,1,FR-cdd065254cd0e065
HP-00012954,HP-00033296,MOTHER_OF,1,FR-af81bc0a33fd6c3b
HP-00033313,HP-00033306,MOTHER_OF,1,FR-0ce81dba7d44dfb9
HP-00033323,HP-00033316,MOTHER_OF,1,FR-f569beed6bceaccf
HP-00033333,HP-00033326,MOTHER_OF,1,FR-c3cc0558adfceaa7
HP-00033343,HP-00033336,MOTHER_OF,1,FR-80962cc87b25e561
HP-00033353,HP-00033346,MOTHER_OF,1,FR-6320791a13ad73a4
HP-00033373,HP-00033366,MOTHER_OF,1,FR-e4a70cfc7d1855f2
HP-00033383,HP-00033376,MOTHER_OF,1,FR-f25b0b44c1846b09
HP-00033393,HP-00033386,MOTHER_OF,1,FR-21f27f1b311a0b28
HP-00033413,HP-00033406,MOTHER_OF,1,FR-7d11beca57fa52e2
HP-00033423,HP-00033416,MOTHER_OF,1,FR-0ec11613200100cd
HP-00033433,HP-00033426,MOTHER_OF,1,FR-7626547e138a9063
HP-00033443,HP-00033436,MOTHER_OF,1,FR-cc0df787aa1c113c
HP-00033453,HP-00033446,MOTHER_OF,1,FR-2dd571faaadd5a1e
HP-00033463,HP-00033456,MOTHER_OF,1,FR-13df055b29f35ff2
HP-00033473,HP-00033466,MOTHER_OF,1,FR-d68b82b19bd12602
HP-00033483,HP-00033476,MOTHER_OF,1,FR-7a464982630ca412
HP-00033493,HP-00033486,MOTHER_OF,1,FR-5664e98bb0877d40
HP-00033503,HP-00033496,MOTHER_OF,1,FR-61dc6a16de3a51bd
HP-00033513,HP-00033506,MOTHER_OF,1,FR-6ee64be80e3a80dc
HP-00033523,HP-00033516,MOTHER_OF,1,FR-06401613712a35a4
HP-00033533,HP-00033526,MOTHER_OF,1,FR-be9441a481fbd4fd
HP-00033543,HP-00033536,MOTHER_OF,1,FR-e2f043c09e3fb635
HP-00033553,HP-00033546,MOTHER_OF,1,FR-a9391b00149f80cd
HP-00033561,HP-00033556,MOTHER_OF,1,FR-3f945daf4ee78c26
HP-00033571,HP-00033564,MOTHER_OF,1,FR-b45a6ee339e112b1
HP-00033582,HP-00033574,MOTHER_OF,1,FR-6cb6105fd98c6ccf
HP-00033593,HP-00033585,MOTHER_OF,1,FR-3994d78cbc9bf7be
HP-00033610,HP-00033603,MOTHER_OF,1,FR-a60fef83269f9fbc
HP-00033620,HP-00033613,MOTHER_OF,1,FR-145e2246550596b9
HP-00033630,HP-00033623,MOTHER_OF,1,FR-a151425642eab7b9
HP-00033640,HP-00033633,MOTHER_OF,1,FR-83bf6dc81ba130c1
HP-00033651,HP-00033643,MOTHER_OF,1,FR-cd3b5a24ebcfccbf
HP-00033670,HP-00033663,MOTHER_OF,1,FR-dddb9ee50a2f0137
HP-00033700,HP-00033693,MOTHER_OF,1,FR-87cd4b1f78c63767
HP-00033711,HP-00033703,MOTHER_OF,1,FR-af205b18824af8e9
HP-00033721,HP-00033714,MOTHER_OF,1,FR-8c709c0fc9381089
HP-00033739,HP-00033732,MOTHER_OF,1,FR-db9e5599f1ec12f1
HP-00033749,HP-00033742,MOTHER_OF,1,FR-d851d7d03c8d1007
HP-00033760,HP-00033752,MOTHER_OF,1,FR-030f23d55ddafbd1
HP-00033770,HP-00033763,MOTHER_OF,1,FR-699c410838a93946
HP-00033787,HP-00033779,MOTHER_OF,1,FR-d006b960d8ee3956
HP-00033826,HP-00033819,MOTHER_OF,1,FR-d78a05e1928a22a2
HP-00033836,HP-00033829,MOTHER_OF,1,FR-8a8a1de5dbdb459d
HP-00033847,HP-00033839,MOTHER_OF,1,FR-7e6ca26805b2d205
HP-00033857,HP-00033850,MOTHER_OF,1,FR-ece289df626a9b1a
HP-00033867,HP-00033860,MOTHER_OF,1,FR-3343ba5f355c4140
HP-00033875,HP-00033868,MOTHER_OF,1,FR-fa6a4921102f66f5
HP-00033885,HP-00033878,MOTHER_OF,1,FR-afad7d966b5ee010
HP-00033901,HP-00033894,MOTHER_OF,1,FR-4861f6b421da0ad6
HP-00033911,HP-00019073,MOTHER_OF,1,FR-9da21d657bb01e83
HP-00033922,HP-00033914,MOTHER_OF,1,FR-377d7cde2c3eb906
HP-00033932,HP-00033925,MOTHER_OF,1,FR-47bde1324a3f95dc
HP-00033949,HP-00033943,MOTHER_OF,1,FR-630ba9b9e48b5985
HP-00033959,HP-00033952,MOTHER_OF,1,FR-49fc69ab958192f2
HP-00033977,HP-00033970,MOTHER_OF,1,FR-649155d48b0df270
HP-00033987,HP-00033980,MOTHER_OF,1,FR-4d0933905aa67e32
HP-00034006,HP-00033999,MOTHER_OF,1,FR-df03c0c38891f267
HP-00034016,HP-00034008,MOTHER_OF,1,FR-1dcc93b52b0c328c
HP-00034048,HP-00034041,MOTHER_OF,1,FR-79f551a87c6a6748
HP-00034058,HP-00034051,MOTHER_OF,1,FR-8db3cf34b5cca657
HP-00034068,HP-00034061,MOTHER_OF,1,FR-da97db392fa9b62f
HP-00009219,HP-00034091,MOTHER_OF,1,FR-f130465ae48ad13c
HP-00034108,HP-00034101,MOTHER_OF,1,FR-b3fc4fb77bcb496a
HP-00034136,HP-00034129,MOTHER_OF,1,FR-c3d879c8d7ee4374
HP-00034144,HP-00034137,MOTHER_OF,1,FR-109bd5982d59e9b9
HP-00034184,HP-00034176,MOTHER_OF,1,FR-01accdbe5db217ed
HP-00034194,HP-00034187,MOTHER_OF,1,FR-67c962a0d53aca1b
HP-00034210,HP-00034203,MOTHER_OF,1,FR-99488a38aa1ae03c
HP-00034217,HP-00034211,MOTHER_OF,1,FR-3e9ea9f28302cd4a
HP-00034246,HP-00034238,MOTHER_OF,1,FR-1b6adac7d7eb2e7a
HP-00034256,HP-00034249,MOTHER_OF,1,FR-b0fe44c9b3e18ed5
HP-00034266,HP-00034259,MOTHER_OF,1,FR-2e245e60079d2d8f
HP-00034292,HP-00034285,MOTHER_OF,1,FR-410f29b594d6c2fd
HP-00034320,HP-00034313,MOTHER_OF,1,FR-3822d51727fec23e
HP-00034328,HP-00034321,MOTHER_OF,1,FR-64c88f0b733111bf
HP-00034356,HP-00034349,MOTHER_OF,1,FR-348038a62a1a18ce
HP-00034366,HP-00034359,MOTHER_OF,1,FR-6f8d36eb054b8472
HP-00034420,HP-00034413,MOTHER_OF,1,FR-52d11334efc10efb
HP-00034430,HP-00034423,MOTHER_OF,1,FR-746be3b96465f469
HP-00034471,HP-00034464,MOTHER_OF,1,FR-47a4e7334824704a
HP-00034503,HP-00034496,MOTHER_OF,1,FR-b9f451d2b53cf079
HP-00034523,HP-00034516,MOTHER_OF,1,FR-8417f3dcca07a848
HP-00034531,HP-00034524,MOTHER_OF,1,FR-2ae7a49b10b56269
HP-00034555,HP-00034548,MOTHER_OF,1,FR-65de99d617454c8e
HP-00034565,HP-00034558,MOTHER_OF,1,FR-4af1fcfe94fcfed9
HP-00034573,HP-00034566,MOTHER_OF,1,FR-85a1a3d958d0d27b
HP-00034597,HP-00034590,MOTHER_OF,1,FR-3a30bdd0146ca5c4
HP-00034607,HP-00020037,MOTHER_OF,1,FR-ff36eedb4857f712
HP-00034627,HP-00019233,MOTHER_OF,1,FR-a425a51a8afc436c
HP-00034685,HP-00034678,MOTHER_OF,1,FR-9000c5502529b7c0
HP-00034695,HP-00034688,MOTHER_OF,1,FR-4a6a6997dcaa23d6
HP-00034704,HP-00034697,MOTHER_OF,1,FR-6938b7b6b7fd9534
HP-00034722,HP-00034715,MOTHER_OF,1,FR-9bc2b4d10039c4e7
HP-00034732,HP-00034725,MOTHER_OF,1,FR-b753b3c1f3953868
HP-00034741,HP-00034735,MOTHER_OF,1,FR-f1e0da17d5fa1de3
HP-00034751,HP-00034744,MOTHER_OF,1,FR-045789d8226fde5e
HP-00034762,HP-00034754,MOTHER_OF,1,FR-03d785a7d257ce37
HP-00034772,HP-00034765,MOTHER_OF,1,FR-50ef8509f22c0923
HP-00034788,HP-00034781,MOTHER_OF,1,FR-71a71f56540847b4
HP-00034798,HP-00034791,MOTHER_OF,1,FR-3dae3e8f9417d496
HP-00034808,HP-00034801,MOTHER_OF,1,FR-70a366dd83edf5a4
HP-00034818,HP-00034811,MOTHER_OF,1,FR-ad92cdadf2f7433c
HP-00034841,HP-00034834,MOTHER_OF,1,FR-ce3b82c0627eb902
HP-00034851,HP-00034844,MOTHER_OF,1,FR-9345852796c3ca62
HP-00034871,HP-00034864,MOTHER_OF,1,FR-60577e0baf8e7e00
HP-00034879,HP-00034872,MOTHER_OF,1,FR-373be0712b2e5364
HP-00034889,HP-00034882,MOTHER_OF,1,FR-e073eaa0db4ace59
HP-00034899,HP-00034892,MOTHER_OF,1,FR-41bbb2be019bb2dd
HP-00009558,HP-00034902,MOTHER_OF,1,FR-e063b1f735bf39f5
HP-00034919,HP-00020053,MOTHER_OF,1,FR-14b5eae379cbc587
HP-00034935,HP-00034928,MOTHER_OF,1,FR-0105decd1697c580
HP-00034945,HP-00034938,MOTHER_OF,1,FR-57c2e8f4db6b6d97
HP-00034965,HP-00034958,MOTHER_OF,1,FR-265a3abbc0681fa4
HP-00034975,HP-00034968,MOTHER_OF,1,FR-3961d0a6e02a66fe
HP-00034985,HP-00034978,MOTHER_OF,1,FR-5bc150b96b13bcdf
HP-00034995,HP-00034988,MOTHER_OF,1,FR-09a5fd6e1fb2287c
HP-00035005,HP-00034998,MOTHER_OF,1,FR-815ebe872e31b948
HP-00035023,HP-00035016,MOTHER_OF,1,FR-4a6c6a90a592d8e3
HP-00035031,HP-00035024,MOTHER_OF,1,FR-a7c835d67990b74e
HP-00035041,HP-00035034,MOTHER_OF,1,FR-c897fa76743f71b1
HP-00035077,HP-00035070,MOTHER_OF,1,FR-cbde4d299f013b33
HP-00035111,HP-00035104,MOTHER_OF,1,FR-211937184f9ab643
HP-00035121,HP-00035114,MOTHER_OF,1,FR-91b65750b3338001
HP-00035131,HP-00035124,MOTHER_OF,1,FR-3b71a9c5a8c78d28
HP-00035141,HP-00035134,MOTHER_OF,1,FR-631ad6dcb26da275
HP-00035151,HP-00035144,MOTHER_OF,1,FR-852823a28bd126e8
HP-00035167,HP-00035160,MOTHER_OF,1,FR-c562c10a5b307079
HP-00035173,HP-00035168,MOTHER_OF,1,FR-6e1561ba4eaaba3c
HP-00035183,HP-00035176,MOTHER_OF,1,FR-68b8736d076f15bf
HP-00035209,HP-00035202,MOTHER_OF,1,FR-e20e1166cd33a022
HP-00035237,HP-00035230,MOTHER_OF,1,FR-0e89cd0bf1862da5
HP-00035247,HP-00035240,MOTHER_OF,1,FR-eeb5392f801d165b
HP-00035257,HP-00035250,MOTHER_OF,1,FR-0fb64064bfd9b81a
HP-00035267,HP-00035260,MOTHER_OF,1,FR-845e1ba8cefef53e
HP-00035277,HP-00035270,MOTHER_OF,1,FR-1a8e620161a03bb9
HP-00035285,HP-00035278,MOTHER_OF,1,FR-76030f6ac98ab4f7
HP-00035313,HP-00035306,MOTHER_OF,1,FR-88f1cf7e8dc8a68c
HP-00035323,HP-00035316,MOTHER_OF,1,FR-a484d68c3297f970
HP-00035333,HP-00035326,MOTHER_OF,1,FR-549b9dd192ad42b6
HP-00035353,HP-00035346,MOTHER_OF,1,FR-23c172854d9ab6b9
HP-00035363,HP-00035356,MOTHER_OF,1,FR-aedd2a07bef15b9c
HP-00035381,HP-00035374,MOTHER_OF,1,FR-326e42204d9decae
HP-00035389,HP-00020488,MOTHER_OF,1,FR-7848af7c5eec1a7e
HP-00035399,HP-00035392,MOTHER_OF,1,FR-3a4e73a866961b87
HP-00035419,HP-00035412,MOTHER_OF,1,FR-b0c416fe9f550971
HP-00035427,HP-00035420,MOTHER_OF,1,FR-2888160fa6f7e988
HP-00035437,HP-00035430,MOTHER_OF,1,FR-2fd9c69ac390578f
HP-00035473,HP-00035466,MOTHER_OF,1,FR-ac88358829a80a6a
HP-00035529,HP-00035522,MOTHER_OF,1,FR-13cecf53e293b726
HP-00035551,HP-00035548,MOTHER_OF,1,FR-882aefcaa32cfcd7
HP-00035561,HP-00035554,MOTHER_OF,1,FR-76522ec441e99ed2
HP-00035571,HP-00035564,MOTHER_OF,1,FR-2356f289815b8e4f
HP-00035581,HP-00035574,MOTHER_OF,1,FR-914cbcf9ec5fcd25
HP-00035609,HP-00035602,MOTHER_OF,1,FR-92da5ddab950b115
HP-00035653,HP-00035646,MOTHER_OF,1,FR-7384f3caed9b4bca
HP-00035662,HP-00035656,MOTHER_OF,1,FR-76cf88bbbbc0fe19
HP-00035670,HP-00035663,MOTHER_OF,1,FR-d8401debcb0e5ea4
HP-00035698,HP-00035691,MOTHER_OF,1,FR-d3e0bca2f98b6d64
HP-00035708,HP-00035701,MOTHER_OF,1,FR-57ff9ce14fe94896
HP-00035718,HP-00035711,MOTHER_OF,1,FR-384dcd7eb43a4dd6
HP-00035729,HP-00035721,MOTHER_OF,1,FR-319ecc612d96f342
HP-00035747,HP-00023048,MOTHER_OF,1,FR-e634ce2dbc02a320
HP-00035757,HP-00035750,MOTHER_OF,1,FR-2a799ebd6facd9bf
HP-00035767,HP-00035760,MOTHER_OF,1,FR-285b5426f4a6b605
HP-00035786,HP-00035779,MOTHER_OF,1,FR-308645f862773b7e
HP-00035796,HP-00035789,MOTHER_OF,1,FR-66ca3a8486d8f1b2
HP-00035806,HP-00035799,MOTHER_OF,1,FR-4b57435372c15814
HP-00035816,HP-00035809,MOTHER_OF,1,FR-ebed9ecb38d49e86
HP-00035826,HP-00035819,MOTHER_OF,1,FR-70a9d35c5235df31
HP-00035836,HP-00035829,MOTHER_OF,1,FR-0ec93e9d0a00346d
HP-00035846,HP-00035839,MOTHER_OF,1,FR-e307cf7c49eb448b
HP-00035856,HP-00035849,MOTHER_OF,1,FR-3e29a0630b716918
HP-00035866,HP-00035859,MOTHER_OF,1,FR-b12bf04df672e407
HP-00035876,HP-00035869,MOTHER_OF,1,FR-c1251a8b10c5fa3f
HP-00035896,HP-00035889,MOTHER_OF,1,FR-404e8f06c7990d3d
HP-00035381,HP-00035899,MOTHER_OF,1,FR-80e574947c990f0f
HP-00035916,HP-00035909,MOTHER_OF,1,FR-0b306514e6a837a1
HP-00035923,HP-00035919,MOTHER_OF,1,FR-a3ecc82e320b625f
HP-00035953,HP-00035946,MOTHER_OF,1,FR-cf9d90acecd32504
HP-00035963,HP-00035956,MOTHER_OF,1,FR-3f7013a1b2fd2e56
HP-00035973,HP-00035966,MOTHER_OF,1,FR-5550dd97dced9053
HP-00035983,HP-00035976,MOTHER_OF,1,FR-cb9676785c9c4b13
HP-00036003,HP-00035996,MOTHER_OF,1,FR-69e38555d4640b55
HP-00036013,HP-00036006,MOTHER_OF,1,FR-366f0b01e1120856
HP-00036023,HP-00036016,MOTHER_OF,1,FR-e3326d29de52ec99
HP-00036043,HP-00036036,MOTHER_OF,1,FR-11e65bb5a76019da
HP-00036053,HP-00036046,MOTHER_OF,1,FR-78bead8c1e81f0bc
HP-00036063,HP-00024579,MOTHER_OF,1,FR-33a7354e760eed27
HP-00036083,HP-00036076,MOTHER_OF,1,FR-1572487b6908301b
HP-00036103,HP-00036096,MOTHER_OF,1,FR-ec4d20d3fbcb9128
HP-00036113,HP-00036106,MOTHER_OF,1,FR-2840588d1319d714
HP-00036123,HP-00036116,MOTHER_OF,1,FR-1c9dd49eecd9d87c
HP-00036143,HP-00036136,MOTHER_OF,1,FR-7713d48da7e3c796
HP-00036163,HP-00036156,MOTHER_OF,1,FR-6b4e568d20df8803
HP-00036173,HP-00036166,MOTHER_OF,1,FR-550a3179f7952dff
HP-00036183,HP-00036176,MOTHER_OF,1,FR-01f7c9e07282e9ef
HP-00036193,HP-00036186,MOTHER_OF,1,FR-613b9ebb9a8416a0
HP-00036203,HP-00036196,MOTHER_OF,1,FR-e8d46caa5b6d8d57
HP-00036213,HP-00036206,MOTHER_OF,1,FR-be07444f10d9f970
HP-00036223,HP-00036216,MOTHER_OF,1,FR-f2184c17f7d37e81
HP-00036233,HP-00036226,MOTHER_OF,1,FR-5800050f12e60802
HP-00036243,HP-00036236,MOTHER_OF,1,FR-2a346f06c088766a
HP-00036253,HP-00036246,MOTHER_OF,1,FR-5e51ea71fba83ae5
HP-00036263,HP-00036256,MOTHER_OF,1,FR-2bb53138ccc3d86b
HP-00036293,HP-00036286,MOTHER_OF,1,FR-a88b2dfd1cb4f45f
HP-00036303,HP-00036296,MOTHER_OF,1,FR-f2eed0b1249a24bd
HP-00036313,HP-00036306,MOTHER_OF,1,FR-5310d68d6c0356bd
HP-00036324,HP-00036316,MOTHER_OF,1,FR-02d72c670915bb42
HP-00036334,HP-00019064,MOTHER_OF,1,FR-e3498e778dad0fa0
HP-00036344,HP-00036337,MOTHER_OF,1,FR-0c8ea7af28fcb04e
HP-00036354,HP-00036347,MOTHER_OF,1,FR-7383ac190c1971b1
HP-00036364,HP-00036357,MOTHER_OF,1,FR-ab566aabddadd47b
HP-00036374,HP-00036367,MOTHER_OF,1,FR-3cca0c61914d07a1
HP-00036384,HP-00036377,MOTHER_OF,1,FR-caa9d19b4a115d77
HP-00036394,HP-00036387,MOTHER_OF,1,FR-78f800538dd937c9
HP-00036404,HP-00036397,MOTHER_OF,1,FR-ec080110101295f7
HP-00036414,HP-00036407,MOTHER_OF,1,FR-eaf4d0cb28c5370e
HP-00036424,HP-00036417,MOTHER_OF,2,FR-aab15648b20930b8
HP-00036444,HP-00036437,MOTHER_OF,1,FR-37d5eb0686412648
HP-00036452,HP-00036445,MOTHER_OF,1,FR-558a07b5ad9f05df
HP-00036462,HP-00036455,MOTHER_OF,1,FR-a16e35c71ad849b1
HP-00036478,HP-00036471,MOTHER_OF,1,FR-0ae8bcfd1dde545b
HP-00036503,HP-00036496,MOTHER_OF,1,FR-6c86b14c5aa21003
HP-00036519,HP-00012802,MOTHER_OF,1,FR-d991ab52c47a33cb
HP-00036556,HP-00036549,MOTHER_OF,1,FR-207949b8b433a977
HP-00036576,HP-00036569,MOTHER_OF,1,FR-4de79e3cbe74cbca
HP-00036606,HP-00036599,MOTHER_OF,1,FR-1031eb092a8124ac
HP-00036616,HP-00036609,MOTHER_OF,1,FR-a0755fe2840cbe6a
HP-00036635,HP-00036628,MOTHER_OF,1,FR-7b997f3af94ba807
HP-00036644,HP-00036638,MOTHER_OF,1,FR-f8e4c56855ddd0b1
HP-00036672,HP-00036666,MOTHER_OF,1,FR-4b5d8660f99bfc30
HP-00036682,HP-00036675,MOTHER_OF,1,FR-29c4ac2b5e5c1dd8
HP-00036702,HP-00036695,MOTHER_OF,1,FR-1435defaa3ad92cf
HP-00036718,HP-00036711,MOTHER_OF,1,FR-4833384efb44e509
HP-00036726,HP-00036719,MOTHER_OF,1,FR-a5c37e161881421f
HP-00036735,HP-00036728,MOTHER_OF,1,FR-f769da3b8b01e437
HP-00036792,HP-00036785,MOTHER_OF,1,FR-90c4254a153c0849
HP-00036802,HP-00036795,MOTHER_OF,1,FR-606f14a5a4e9e79b
HP-00036812,HP-00036805,MOTHER_OF,1,FR-8911740eb369bfce
HP-00036822,HP-00036815,MOTHER_OF,1,FR-1cf215cef07fff45
HP-00036861,HP-00036854,MOTHER_OF,1,FR-8ccc026973086966
HP-00036871,HP-00036864,MOTHER_OF,1,FR-fcbf2388f1385910
HP-00036881,HP-00036874,MOTHER_OF,1,FR-17d1360423fa6353
HP-00036891,HP-00036884,MOTHER_OF,1,FR-d93d57b6ada52fae
HP-00036912,HP-00012714,MOTHER_OF,1,FR-f57e6583ee7ec35b
HP-00036922,HP-00036915,MOTHER_OF,1,FR-f0b8482e31bbc616
HP-00036932,HP-00036925,MOTHER_OF,1,FR-c7becdfab20c7180
HP-00036954,HP-00036946,MOTHER_OF,1,FR-47c698ec629d48cf
HP-00036965,HP-00036957,MOTHER_OF,1,FR-4b4adbbc3a4da6bf
HP-00036976,HP-00036968,MOTHER_OF,1,FR-d80f0513e4ee8246
HP-00036987,HP-00036979,MOTHER_OF,1,FR-c747413da1059f8b
HP-00036998,HP-00036990,MOTHER_OF,1,FR-31847014979dd03e
HP-00037031,HP-00037023,MOTHER_OF,1,FR-00e74ad57b6ef7f0
HP-00037051,HP-00037044,MOTHER_OF,1,FR-9981be24fdc21c76
HP-00037061,HP-00037054,MOTHER_OF,1,FR-37c3608c318e7396
HP-00037075,HP-00037068,MOTHER_OF,1,FR-06dcdc5af1c852cd
HP-00037095,HP-00037087,MOTHER_OF,1,FR-49a2e6f142d471c7
HP-00037106,HP-00012627,MOTHER_OF,1,FR-553c7c72f72d711a
HP-00037168,HP-00037160,MOTHER_OF,1,FR-893073e93f36d30e
HP-00037179,HP-00037171,MOTHER_OF,1,FR-245af1cbd62e419e
HP-00037190,HP-00037182,MOTHER_OF,1,FR-f9cda5c729f5bb1d
HP-00037201,HP-00037193,MOTHER_OF,1,FR-3766ac54dd77ee79
HP-00037223,HP-00037215,MOTHER_OF,1,FR-25a4e96d80007637
HP-00037245,HP-00037237,MOTHER_OF,1,FR-d2f834e9731367df
HP-00037256,HP-00037248,MOTHER_OF,1,FR-a92bc689d736e78d
HP-00037267,HP-00037259,MOTHER_OF,1,FR-337d225ede61ffb4
HP-00037278,HP-00037270,MOTHER_OF,1,FR-fe20d8d248241195
HP-00037289,HP-00037281,MOTHER_OF,1,FR-58535ad5ed7b3e90
HP-00037300,HP-00037292,MOTHER_OF,1,FR-22af4b7b00b3b427
HP-00037333,HP-00037325,MOTHER_OF,1,FR-2a75d847a0da9f08
HP-00037344,HP-00037336,MOTHER_OF,1,FR-344bca045ca964db
HP-00037355,HP-00037347,MOTHER_OF,1,FR-bf37c7e9fd141ced
HP-00037366,HP-00037358,MOTHER_OF,1,FR-83eab673adb38d40
HP-00037377,HP-00037369,MOTHER_OF,1,FR-688a80beb25c3752
HP-00037398,HP-00037390,MOTHER_OF,1,FR-1f1086b0980366fe
HP-00037409,HP-00037401,MOTHER_OF,1,FR-8df08c175a77a4db
HP-00037420,HP-00037412,MOTHER_OF,1,FR-50e4f920df3bf116
HP-00037431,HP-00037423,MOTHER_OF,1,FR-bf34dca6957bd94d
HP-00037448,HP-00037440,MOTHER_OF,1,FR-7762c3f76a1caeac
HP-00037459,HP-00037451,MOTHER_OF,1,FR-95cfd078307af200
HP-00037478,HP-00037470,MOTHER_OF,1,FR-a8cd39e91db5f4f5
HP-00037511,HP-00037503,MOTHER_OF,1,FR-ecd437e31a879ede
HP-00037533,HP-00037525,MOTHER_OF,1,FR-384965251f708573
HP-00037551,HP-00037544,MOTHER_OF,1,FR-453920fa1c8acda2
HP-00037571,HP-00037564,MOTHER_OF,1,FR-2db50bfe5d97deec
HP-00037591,HP-00037584,MOTHER_OF,1,FR-b46cfcf6b4a6232a
HP-00037619,HP-00037612,MOTHER_OF,1,FR-dc1426ce685ca9f8
HP-00037628,HP-00037622,MOTHER_OF,1,FR-9af3087f06421e04
HP-00037647,HP-00037640,MOTHER_OF,1,FR-ed98c4bd66ef78f9
HP-00037665,HP-00037658,MOTHER_OF,1,FR-66fdc4ca7eb7e3c8
HP-00037673,HP-00037666,MOTHER_OF,1,FR-a3654577c90bfdc4
HP-00037681,HP-00037674,MOTHER_OF,1,FR-f5e27813e6ffd4a1
HP-00037709,HP-00037702,MOTHER_OF,1,FR-dbe0d7b30f9df194
HP-00037720,HP-00020623,MOTHER_OF,1,FR-b8ca4cb86673bbf3
HP-00037729,HP-00037723,MOTHER_OF,1,FR-8a21ef870f16bcff
HP-00037739,HP-00037732,MOTHER_OF,1,FR-aa50bf5eb62e675c
HP-00037749,HP-00037742,MOTHER_OF,1,FR-cc0036c868372180
HP-00037791,HP-00037784,MOTHER_OF,1,FR-1c037ce5a9bb2d68
HP-00037802,HP-00037794,MOTHER_OF,1,FR-6859258ca7f2a094
HP-00037812,HP-00037805,MOTHER_OF,1,FR-8d984984d13d6434
HP-00037842,HP-00037835,MOTHER_OF,1,FR-d959e4c2a437fd88
HP-00037852,HP-00037845,MOTHER_OF,1,FR-0213a988ecf2c286
HP-00037886,HP-00037879,MOTHER_OF,1,FR-a9221bf628451689
HP-00037894,HP-00037887,MOTHER_OF,1,FR-7ec5679a08250093
HP-00037904,HP-00037897,MOTHER_OF,1,FR-38af311e5531654f
HP-00037914,HP-00037907,MOTHER_OF,1,FR-f4ecc31442d6203e
HP-00037930,HP-00013727,MOTHER_OF,1,FR-cc48226d3afb44fc
HP-00037958,HP-00037951,MOTHER_OF,1,FR-1c04b8d720da075f
HP-00037968,HP-00037961,MOTHER_OF,1,FR-6aad053511bd7ed6
HP-00037978,HP-00037971,MOTHER_OF,1,FR-d7c71e1589412160
HP-00037988,HP-00037981,MOTHER_OF,1,FR-f87cb4f27328a0c8
HP-00038055,HP-00038048,MOTHER_OF,1,FR-a0398adebdbff26a
HP-00038065,HP-00010860,MOTHER_OF,1,FR-d432f55f3d3d966e
HP-00038093,HP-00038086,MOTHER_OF,1,FR-11eff139d32574c1
HP-00038103,HP-00038096,MOTHER_OF,1,FR-446be43ff88bdae1
HP-00038123,HP-00038116,MOTHER_OF,1,FR-a48ff51900527a7b
HP-00038151,HP-00038144,MOTHER_OF,1,FR-19e8926896df7907
HP-00038181,HP-00038174,MOTHER_OF,1,FR-74278642f3555f4d
HP-00038207,HP-00038200,MOTHER_OF,1,FR-378e22054beaf339
HP-00038217,HP-00014191,MOTHER_OF,1,FR-81ce871044ff55ea
HP-00021053,HP-00038230,MOTHER_OF,1,FR-17401cf80f6d2d65
HP-00038247,HP-00038240,MOTHER_OF,1,FR-258528ee20be0f82
HP-00038258,HP-00038250,MOTHER_OF,1,FR-2e36f3a245bb33d7
HP-00038291,HP-00012069,MOTHER_OF,1,FR-6fa37640079bbff8
HP-00038302,HP-00038294,MOTHER_OF,1,FR-2fb4acf1f6c7a7f7
HP-00031428,HP-00038305,MOTHER_OF,1,FR-9d409bc8f4f58d33
HP-00038346,HP-00013299,MOTHER_OF,1,FR-90e0d594019b6c8e
HP-00038357,HP-00038349,MOTHER_OF,1,FR-c775a18221f40ba2
HP-00038368,HP-00015374,MOTHER_OF,1,FR-1dafef3caddd75ef
HP-00038379,HP-00038371,MOTHER_OF,1,FR-f180f87dfa65ae5f
HP-00038401,HP-00038393,MOTHER_OF,1,FR-88bdd2a9fcf325aa
HP-00038434,HP-00038426,MOTHER_OF,1,FR-8edaa8e465cead83
HP-00038445,HP-00038437,MOTHER_OF,1,FR-b59909b6c3686a17
HP-00038456,HP-00015793,MOTHER_OF,1,FR-d1a8eb934e8df6e1
HP-00038468,HP-00038459,MOTHER_OF,1,FR-471c651e2b255685
HP-00038490,HP-00038482,MOTHER_OF,1,FR-6bdcb6140938d77b
HP-00038501,HP-00038493,MOTHER_OF,1,FR-44585d12b3c8cf7a
HP-00038523,HP-00038515,MOTHER_OF,1,FR-063886e453750edf
HP-00038532,HP-00038526,MOTHER_OF,1,FR-d372a2d0a60e5109
HP-00038542,HP-00038535,MOTHER_OF,1,FR-68b979cee6575896
HP-00038553,HP-00038545,MOTHER_OF,1,FR-a140972fe25cb41f
HP-00038564,HP-00038556,MOTHER_OF,1,FR-dc0aaeb4aea6f037
HP-00038575,HP-00038567,MOTHER_OF,1,FR-e811ecf6df8d6297
HP-00038586,HP-00038578,MOTHER_OF,1,FR-610e3f0064d0c5a0
HP-00038619,HP-00038611,MOTHER_OF,1,FR-9674de6c812d7bc7
HP-00038639,HP-00038632,MOTHER_OF,1,FR-5574d4b11e150b92
HP-00038650,HP-00038642,MOTHER_OF,1,FR-7bbb47834529d564
HP-00038661,HP-00038653,MOTHER_OF,1,FR-4eafaa2bb0f7a5bc
HP-00038672,HP-00038664,MOTHER_OF,1,FR-4944d1da1558040c
HP-00038683,HP-00038675,MOTHER_OF,1,FR-df1538804af1445e
HP-00038703,HP-00038695,MOTHER_OF,1,FR-b10f12282845b7ae
HP-00038714,HP-00038706,MOTHER_OF,1,FR-5cb7f3c7c28f9325
HP-00038725,HP-00038717,MOTHER_OF,1,FR-dd0f01d7df57106c
HP-00038758,HP-00038750,MOTHER_OF,1,FR-87ff4096f3e8009b
HP-00038780,HP-00038772,MOTHER_OF,1,FR-3e2a6e877df8bbf9
HP-00038801,HP-00038793,MOTHER_OF,1,FR-c3ba87a1fc0e3f03
HP-00038823,HP-00038815,MOTHER_OF,1,FR-997f44c73d27029e
HP-00038843,HP-00038837,MOTHER_OF,1,FR-c56d880126a4bdbe
HP-00038854,HP-00038846,MOTHER_OF,1,FR-b925e77de7592a28
HP-00038876,HP-00016037,MOTHER_OF,1,FR-95e829271d142098
HP-00038887,HP-00038879,MOTHER_OF,1,FR-80ecf8a454140f9c
HP-00038909,HP-00038901,MOTHER_OF,1,FR-6a5901fae39d5062
HP-00038920,HP-00038912,MOTHER_OF,1,FR-a9954cf373725a8b
HP-00038953,HP-00038945,MOTHER_OF,1,FR-86e8f0e330304ee9
HP-00038975,HP-00038967,MOTHER_OF,1,FR-2bbd1e32d170471d
HP-00021599,HP-00038989,MOTHER_OF,1,FR-9bfe245ea23deaa6
HP-00039007,HP-00039000,MOTHER_OF,1,FR-871b6d2378a516b5
HP-00039028,HP-00039020,MOTHER_OF,2,FR-2d3999494ffc2b28
HP-00039039,HP-00039031,MOTHER_OF,1,FR-70877f5177e1aaa1
HP-00039090,HP-00039083,MOTHER_OF,1,FR-7a81a900efaba090
HP-00039128,HP-00039120,MOTHER_OF,1,FR-6ab2bfa66d8905f6
HP-00039150,HP-00039142,MOTHER_OF,1,FR-c25b9e2128323f65
HP-00039161,HP-00015678,MOTHER_OF,1,FR-4d972698b69e431e
HP-00039171,HP-00039164,MOTHER_OF,1,FR-5436ab840449bc81
HP-00039190,HP-00039182,MOTHER_OF,1,FR-b074f17ba8aff903
HP-00039201,HP-00039193,MOTHER_OF,1,FR-120d9b14d09420ea
HP-00031188,HP-00039204,MOTHER_OF,1,FR-f5e03c8641219926
HP-00039243,HP-00039235,MOTHER_OF,1,FR-61411027e202ef42
HP-00039254,HP-00039246,MOTHER_OF,1,FR-7d3189ccec638de8
HP-00039265,HP-00039257,MOTHER_OF,1,FR-951ac301fac44ca6
HP-00039283,HP-00039275,MOTHER_OF,1,FR-759a282fc5aa36b5
HP-00039297,HP-00039292,MOTHER_OF,1,FR-dd28c06d06cdfc43
HP-00039307,HP-00039300,MOTHER_OF,1,FR-a890f32694ac81e8
HP-00039338,HP-00039330,MOTHER_OF,1,FR-f14f9d8436e41780
HP-00039358,HP-00039350,MOTHER_OF,1,FR-f650a6b05dd8ae3d
HP-00039380,HP-00039372,MOTHER_OF,1,FR-691598ca7c05cee4
HP-00039401,HP-00039394,MOTHER_OF,1,FR-7ea0290d92df01ed
HP-00039411,HP-00039404,MOTHER_OF,1,FR-9cc7cdc69d37c2f2
HP-00039421,HP-00039414,MOTHER_OF,1,FR-5c48adf45d116837
HP-00039431,HP-00039424,MOTHER_OF,1,FR-49e9701e520b9df8
HP-00039440,HP-00039432,MOTHER_OF,1,FR-cfd4e30fab9898c8
HP-00039460,HP-00039452,MOTHER_OF,1,FR-f4fb1d32191c1bba
HP-00039470,HP-00039463,MOTHER_OF,1,FR-c6e3a57158563843
HP-00039488,HP-00039481,MOTHER_OF,1,FR-8adf4db40c0fd9dd
HP-00039498,HP-00039491,MOTHER_OF,1,FR-30876299e52b4a73
HP-00039518,HP-00039511,MOTHER_OF,1,FR-099e4739cdc1d9f7
HP-00039528,HP-00039521,MOTHER_OF,1,FR-637b325cc8f5e76b
HP-00039549,HP-00039541,MOTHER_OF,1,FR-430df27b86afb459
HP-00039560,HP-00039552,MOTHER_OF,1,FR-d03a4ad49f92a0e5
HP-00039571,HP-00011425,MOTHER_OF,1,FR-d8d29cea6b23a933
HP-00039593,HP-00039585,MOTHER_OF,1,FR-3fe19a41f2e18e6d
HP-00039604,HP-00039596,MOTHER_OF,1,FR-2f49a944f6cd30f4
HP-00039626,HP-00039618,MOTHER_OF,1,FR-3c8fcad9b482e482
HP-00039648,HP-00039640,MOTHER_OF,1,FR-94e8e07f73cd8392
HP-00039681,HP-00039673,MOTHER_OF,1,FR-f60b5b0037a5ea0b
HP-00039692,HP-00039684,MOTHER_OF,1,FR-dc42c7512b816669
HP-00039703,HP-00039695,MOTHER_OF,1,FR-f9a00e2005e5cb46
HP-00039714,HP-00039706,MOTHER_OF,1,FR-13c8d1d03b4b00a7
HP-00039725,HP-00011773,MOTHER_OF,1,FR-a11c190a0e8b0d99
HP-00039736,HP-00039728,MOTHER_OF,1,FR-c8efac54b841b4f0
HP-00039747,HP-00039739,MOTHER_OF,1,FR-a097b30ae0f552bc
HP-00039769,HP-00039761,MOTHER_OF,1,FR-0432e2d22b1c3fb7
HP-00039780,HP-00039772,MOTHER_OF,1,FR-6e830e92b43d3d6a
HP-00039791,HP-00039783,MOTHER_OF,1,FR-689d4cec25d9ad0b
HP-00039800,HP-00039794,MOTHER_OF,1,FR-b1ae754c859fb99c
HP-00039811,HP-00039803,MOTHER_OF,1,FR-59f75da3d8a1af38
HP-00039822,HP-00039814,MOTHER_OF,1,FR-5064ab8fa97cc9e9
HP-00039832,HP-00039825,MOTHER_OF,1,FR-2a30142bb76bd526
HP-00039843,HP-00039835,MOTHER_OF,1,FR-cb38edf1e8e76778
HP-00039854,HP-00039846,MOTHER_OF,1,FR-da75f169ef805e1f
HP-00039865,HP-00039857,MOTHER_OF,1,FR-e6a2544f6355a92d
HP-00039876,HP-00039868,MOTHER_OF,1,FR-31b2d0ad5c5e6fb3
HP-00039898,HP-00039890,MOTHER_OF,1,FR-36a4641973f1ce5f
HP-00039909,HP-00039901,MOTHER_OF,1,FR-d84da52c83151f4a
HP-00039920,HP-00039912,MOTHER_OF,1,FR-dd01a23c58ef52fe
HP-00039931,HP-00039923,MOTHER_OF,1,FR-680768f1c5f91f2b
HP-00039942,HP-00039934,MOTHER_OF,1,FR-8a682e575b1543d4
HP-00039953,HP-00039945,MOTHER_OF,1,FR-0c7d75357ea887a0
HP-00039975,HP-00039967,MOTHER_OF,1,FR-cc3cced7b2d9998c
HP-00039985,HP-00039978,MOTHER_OF,1,FR-cf26f7615558a455
HP-00038335,HP-00011047,MOTHER_OF,1,FR-6aa9bf4207bf52d1
HP-00040007,HP-00039999,MOTHER_OF,1,FR-348ab0ca2042bebb
HP-00040040,HP-00040032,MOTHER_OF,1,FR-57aa336ed4377a31
HP-00040059,HP-00040051,MOTHER_OF,1,FR-26281b051be19f4a
HP-00040070,HP-00040062,MOTHER_OF,1,FR-73e0e0e556f97940
HP-00040101,HP-00040093,MOTHER_OF,1,FR-31082276ac3055d9
HP-00040121,HP-00040113,MOTHER_OF,1,FR-ab7d0cd3e3995ee3
HP-00040138,HP-00040130,MOTHER_OF,1,FR-e6b3448b9083c6e2
HP-00040149,HP-00040141,MOTHER_OF,1,FR-492bb6c056903cfb
HP-00040160,HP-00040152,MOTHER_OF,1,FR-b80055b4257ac32d
HP-00040171,HP-00040163,MOTHER_OF,1,FR-db05da8a10d9f4fe
HP-00040181,HP-00040174,MOTHER_OF,1,FR-1e88422712234e0c
HP-00040197,HP-00040190,MOTHER_OF,1,FR-d1c01cf7f5255129
HP-00040208,HP-00040200,MOTHER_OF,1,FR-7f851adcd24af03d
HP-00040219,HP-00040211,MOTHER_OF,1,FR-5d682e8d26b86bf7
HP-00040230,HP-00040222,MOTHER_OF,1,FR-e97b998bb60a38dc
HP-00040241,HP-00040233,MOTHER_OF,1,FR-8b5a2d354c60f667
HP-00040251,HP-00040244,MOTHER_OF,1,FR-820a951d969614fb
HP-00040261,HP-00040254,MOTHER_OF,1,FR-01aa9c3fd6154f57
HP-00031148,HP-00040264,MOTHER_OF,1,FR-5fa1fb4faf7e20e8
HP-00040279,HP-00040273,MOTHER_OF,1,FR-0866d54c04890acd
HP-00040288,HP-00040282,MOTHER_OF,1,FR-f34fccd3e74dc9a3
HP-00040298,HP-00040291,MOTHER_OF,1,FR-835b31dfee101c1f
HP-00040306,HP-00040301,MOTHER_OF,1,FR-783202db74c6d9d5
HP-00040324,HP-00040317,MOTHER_OF,1,FR-b22cb6093745701e
HP-00040332,HP-00040327,MOTHER_OF,1,FR-1fb1de28f4178097
HP-00040338,HP-00040335,MOTHER_OF,1,FR-7df0d2de0f1f0756
HP-00040344,HP-00040339,MOTHER_OF,1,FR-117e55db467339f9
HP-00040352,HP-00040347,MOTHER_OF,1,FR-ec5d0c81cd6e56c2
HP-00040370,HP-00040365,MOTHER_OF,1,FR-ef35739a24ff0928
HP-00040379,HP-00040373,MOTHER_OF,1,FR-abdb35e46b955b7a
HP-00040387,HP-00040382,MOTHER_OF,1,FR-b2a7b48429693ef9
HP-00040395,HP-00040390,MOTHER_OF,1,FR-5f0af7b81f9e4c76
HP-00040403,HP-00040398,MOTHER_OF,1,FR-6782de31bd6dada9
HP-00040411,HP-00040406,MOTHER_OF,1,FR-fc058d6364c9ec0b
HP-00040417,HP-00040414,MOTHER_OF,1,FR-d28bdf879adb795d
HP-00040425,HP-00040420,MOTHER_OF,1,FR-ed8e0d46f6d4ccd8
HP-00040431,HP-00040428,MOTHER_OF,1,FR-fb8725f05273ea7c
HP-00040439,HP-00040434,MOTHER_OF,1,FR-ed0151455e44ee01
HP-00040455,HP-00040450,MOTHER_OF,1,FR-1752884c39cbc9b8
HP-00040463,HP-00040458,MOTHER_OF,1,FR-7d011c6761752cd8
HP-00040479,HP-00040474,MOTHER_OF,1,FR-1f647a8b87342b97
HP-00040495,HP-00040490,MOTHER_OF,1,FR-d98e6fc3033748f7
HP-00040503,HP-00040498,MOTHER_OF,1,FR-bea9f4ebfb3764a1
HP-00040511,HP-00040506,MOTHER_OF,1,FR-1e7b12862c0780e1
HP-00040531,HP-00040524,MOTHER_OF,1,FR-d2e0577f18e3efc6
HP-00040539,HP-00040534,MOTHER_OF,1,FR-64a4e7a6608e918b
HP-00040547,HP-00040542,MOTHER_OF,1,FR-2cd7e27dcadb9b04
HP-00040555,HP-00040550,MOTHER_OF,1,FR-1b1176dc20d4a111
HP-00040563,HP-00040558,MOTHER_OF,1,FR-fab7b9e80e177b31
HP-00040571,HP-00040566,MOTHER_OF,1,FR-9368f4b50ae41bf8
HP-00040579,HP-00040574,MOTHER_OF,1,FR-12075f80f2e9c6b6
HP-00040587,HP-00040582,MOTHER_OF,1,FR-5da7e38c1a583859
HP-00040595,HP-00040590,MOTHER_OF,1,FR-6c6a371bde5cd4ff
HP-00040603,HP-00040598,MOTHER_OF,1,FR-29f2fba2434f93f2
HP-00040627,HP-00040622,MOTHER_OF,1,FR-c38668c9e2845a85
HP-00040635,HP-00040630,MOTHER_OF,1,FR-f7e9e2677a0c78a6
HP-00040643,HP-00040638,MOTHER_OF,1,FR-5f6fab2e497f6344
HP-00040651,HP-00040646,MOTHER_OF,1,FR-d3e1f7738377aa89
HP-00040659,HP-00040654,MOTHER_OF,1,FR-bc62ca1fa7961b9d
HP-00040667,HP-00040662,MOTHER_OF,1,FR-300ea63cdbd85236
HP-00040675,HP-00040670,MOTHER_OF,1,FR-66be2c62d6eef0b4
HP-00040691,HP-00040686,MOTHER_OF,1,FR-56ee36c92e32ea21
HP-00040707,HP-00040702,MOTHER_OF,1,FR-cf5f8c7a472d9519
HP-00040715,HP-00040710,MOTHER_OF,1,FR-5a0ec7780db5a242
HP-00040723,HP-00040718,MOTHER_OF,1,FR-4e878a0bdf6fbccd
HP-00040743,HP-00040736,MOTHER_OF,1,FR-157745db99ca79bb
HP-00040753,HP-00040746,MOTHER_OF,1,FR-14b0162620974d79
HP-00040763,HP-00040756,MOTHER_OF,1,FR-c09466af6fdd62cd
HP-00040773,HP-00040766,MOTHER_OF,1,FR-479a5eebf910ae75
HP-00040783,HP-00040776,MOTHER_OF,1,FR-98634aeb6a1bd606
HP-00040803,HP-00040796,MOTHER_OF,1,FR-28b9d3a4e9c453bb
HP-00040811,HP-00040806,MOTHER_OF,1,FR-031b768d38538e9a
HP-00040819,HP-00040814,MOTHER_OF,1,FR-a1aa8e2bf2be457d
HP-00040827,HP-00040822,MOTHER_OF,1,FR-16ed990753f1b4cf
HP-00040835,HP-00040830,MOTHER_OF,1,FR-85ced660d7a891a0
HP-00040851,HP-00040846,MOTHER_OF,1,FR-edcb24ebb7b0c74b
HP-00040859,HP-00040854,MOTHER_OF,1,FR-63a824373f84eac6
HP-00040867,HP-00040862,MOTHER_OF,1,FR-eacbf2fc2567bdcc
HP-00040875,HP-00040870,MOTHER_OF,1,FR-c2b636bf45ec9c62
HP-00040883,HP-00040878,MOTHER_OF,1,FR-6a201a6e0edbf676
HP-00040908,HP-00040901,MOTHER_OF,1,FR-0e508cbc81d147bd
HP-00040918,HP-00040911,MOTHER_OF,1,FR-71091b9e50ee4097
HP-00040928,HP-00040921,MOTHER_OF,1,FR-eff85d389296d015
HP-00040938,HP-00040931,MOTHER_OF,1,FR-60b755f5749609d4
HP-00040948,HP-00040941,MOTHER_OF,1,FR-47133663c3d1a410
HP-00040968,HP-00040961,MOTHER_OF,1,FR-91d80d5b04c37780
HP-00040978,HP-00040971,MOTHER_OF,1,FR-aaf4b0287b4061d8
HP-00041000,HP-00040992,MOTHER_OF,1,FR-0a3c9299e2bfcd85
HP-00041011,HP-00041003,MOTHER_OF,1,FR-6f0f71525d294319
HP-00041022,HP-00041014,MOTHER_OF,1,FR-3a74db46b4ea238b
HP-00041032,HP-00041025,MOTHER_OF,1,FR-5d4d8e455f097ba5
HP-00041052,HP-00041045,MOTHER_OF,1,FR-e0c0115d4485d1f4
HP-00041085,HP-00041077,MOTHER_OF,1,FR-2e2ff519dfe73b47
HP-00041096,HP-00041088,MOTHER_OF,1,FR-3d0e0836186e167a
HP-00041107,HP-00041099,MOTHER_OF,1,FR-640a5dca91f53b94
HP-00041128,HP-00041120,MOTHER_OF,1,FR-8b17b140ece2f475
HP-00041139,HP-00041131,MOTHER_OF,1,FR-1b421718c8144e6f
HP-00041150,HP-00041142,MOTHER_OF,1,FR-5c2b9589f32a8ec3
HP-00041159,HP-00041153,MOTHER_OF,1,FR-7ccd058d3e5fe64c
HP-00041181,HP-00041173,MOTHER_OF,1,FR-04d570d185f3f0a7
HP-00041192,HP-00041184,MOTHER_OF,1,FR-aa0da8c084a711f7
HP-00041225,HP-00041217,MOTHER_OF,1,FR-224854df54afab23
HP-00038564,HP-00041228,MOTHER_OF,1,FR-36c56ea376ea4176
HP-00041257,HP-00041249,MOTHER_OF,1,FR-c667f33d8c239a72
HP-00041268,HP-00041260,MOTHER_OF,1,FR-a53be81a42dd5a7a
HP-00041279,HP-00041271,MOTHER_OF,1,FR-aed096945ba194df
HP-00041290,HP-00041282,MOTHER_OF,1,FR-8ade46233341bffc
HP-00041301,HP-00041293,MOTHER_OF,1,FR-9638791da84f692f
HP-00041312,HP-00041304,MOTHER_OF,1,FR-5196ff83dc97c78d
HP-00041323,HP-00041315,MOTHER_OF,1,FR-2a499bd925e63617
HP-00041345,HP-00041337,MOTHER_OF,1,FR-2897f4c95d2f1ca1
HP-00041356,HP-00041348,MOTHER_OF,1,FR-062a7ede39d2cffe
HP-00041367,HP-00041359,MOTHER_OF,1,FR-9663bcffa5a8b220
HP-00038291,HP-00041370,MOTHER_OF,1,FR-72f9936580eea1d0
HP-00041389,HP-00041381,MOTHER_OF,1,FR-c44ea2556faa01d8
HP-00041422,HP-00041414,MOTHER_OF,1,FR-c68aa4f163ba9e85
HP-00041433,HP-00041425,MOTHER_OF,1,FR-5e3eb980c769a8db
HP-00041455,HP-00041447,MOTHER_OF,1,FR-ff11b1a2786d25ec
HP-00041477,HP-00041469,MOTHER_OF,1,FR-895966f322ad9834
HP-00041488,HP-00041480,MOTHER_OF,1,FR-e01f1a8e9b9eb004
HP-00041499,HP-00041491,MOTHER_OF,1,FR-715e203e32505189
HP-00041510,HP-00041502,MOTHER_OF,1,FR-6e39b47d69968c75
HP-00041532,HP-00041524,MOTHER_OF,1,FR-ecda4b9282d5733d
HP-00041554,HP-00041546,MOTHER_OF,1,FR-b3071dc9f2a1a23d
HP-00041565,HP-00041557,MOTHER_OF,1,FR-2599d685da7af7c6
HP-00041576,HP-00041568,MOTHER_OF,1,FR-e2c4b1f452165da3
HP-00041587,HP-00041579,MOTHER_OF,1,FR-d65b984af782746a
HP-00041609,HP-00041601,MOTHER_OF,1,FR-4827fc1192eafdfd
HP-00041620,HP-00041612,MOTHER_OF,1,FR-4847f7b461f8a591
HP-00041631,HP-00041623,MOTHER_OF,1,FR-fb511814523114b4
HP-00041653,HP-00041645,MOTHER_OF,1,FR-0de3b4766b82fc8e
HP-00041664,HP-00041656,MOTHER_OF,1,FR-6ece4573b699fe15
HP-00041675,HP-00041667,MOTHER_OF,1,FR-9aed264d1ccaf906
HP-00025007,HP-00024999,FATHER_OF,1,FR-97c007894c23d8c0
HP-00025038,HP-00025031,FATHER_OF,1,FR-2e8c74be180c0e1b
HP-00025049,HP-00025041,FATHER_OF,1,FR-25942c1b2a3344d6
HP-00025060,HP-00025052,FATHER_OF,1,FR-f3d4f62ec0e1b972
HP-00025071,HP-00025063,FATHER_OF,1,FR-4044fabbf8ea62ba
HP-00025082,HP-00025074,FATHER_OF,1,FR-16e7118cff109570
HP-00025093,HP-00025085,FATHER_OF,1,FR-36cb68394eedeff3
HP-00025104,HP-00025096,FATHER_OF,1,FR-08a3c689d82ea0f5
HP-00025115,HP-00025107,FATHER_OF,1,FR-8d0ad9dff89b4653
HP-00025126,HP-00025118,FATHER_OF,1,FR-4bce49437c180cd4
HP-00025137,HP-00025129,FATHER_OF,1,FR-a26e30f159ffe87d
HP-00025148,HP-00025140,FATHER_OF,1,FR-2272cb7f8ae7587f
HP-00025181,HP-00025173,FATHER_OF,1,FR-eaf46a193c68e93d
HP-00025192,HP-00025184,FATHER_OF,1,FR-abe66dadcfa12c42
HP-00025203,HP-00025195,FATHER_OF,1,FR-46494a41d2b4b18f
HP-00025213,HP-00025206,FATHER_OF,1,FR-6834779496f8819b
HP-00025224,HP-00025216,FATHER_OF,1,FR-3e199d37b8659a6d
HP-00025234,HP-00025227,FATHER_OF,1,FR-40cb571ea227c7e1
HP-00025245,HP-00003189,FATHER_OF,1,FR-4bc517a69b909d3d
HP-00025256,HP-00025248,FATHER_OF,1,FR-17e19308d14b091b
HP-00025267,HP-00025259,FATHER_OF,1,FR-a5331861d02763d5
HP-00025278,HP-00025270,FATHER_OF,1,FR-3e7b21ce3bbf6fbe
HP-00025289,HP-00025281,FATHER_OF,1,FR-6b3e9155e38f2b26
HP-00025322,HP-00025314,FATHER_OF,1,FR-3acb59eea1e057e3
HP-00025333,HP-00025325,FATHER_OF,1,FR-0d52eab52e5b86cd
HP-00025354,HP-00025346,FATHER_OF,1,FR-d48b3ce61d37fd97
HP-00025365,HP-00025357,FATHER_OF,1,FR-cd6cc231b703ba57
HP-00025391,HP-00025383,FATHER_OF,1,FR-69bdaa0ce1a7cc03
HP-00025412,HP-00025404,FATHER_OF,1,FR-b2ecccc950f4fabc
HP-00025430,HP-00025424,FATHER_OF,1,FR-1650193a1769e1d7
HP-00025441,HP-00025433,FATHER_OF,1,FR-6bfe30f1b5dcf3f1
HP-00025452,HP-00025444,FATHER_OF,1,FR-5147cdd20583b90f
HP-00025462,HP-00025455,FATHER_OF,1,FR-04b60ba523f2ccb9
HP-00025495,HP-00025487,FATHER_OF,1,FR-b0b3eb543591a5c7
HP-00025521,HP-00025515,FATHER_OF,1,FR-5926b87e0827f985
HP-00025532,HP-00025524,FATHER_OF,1,FR-acf1744ed8c1f0b9
HP-00025604,HP-00025597,FATHER_OF,1,FR-4f837deb66a26043
HP-00025615,HP-00001496,FATHER_OF,1,FR-304c0937854fed55
HP-00025626,HP-00025618,FATHER_OF,1,FR-8b29edbd9276d5be
HP-00025644,HP-00025636,FATHER_OF,1,FR-90fe21f7830397eb
HP-00025665,HP-00025657,FATHER_OF,1,FR-1d84f3167eeaac46
HP-00025676,HP-00025668,FATHER_OF,1,FR-72d417a3c91a65ae
HP-00025745,HP-00025737,FATHER_OF,1,FR-d484e87329435b09
HP-00025756,HP-00025748,FATHER_OF,1,FR-f3d41ac470927e9b
HP-00025765,HP-00025759,FATHER_OF,1,FR-b9ed6271990560d7
HP-00025786,HP-00025778,FATHER_OF,1,FR-de7b27cce3a5a3d0
HP-00025797,HP-00025789,FATHER_OF,1,FR-c70e8ebc590982cc
HP-00025808,HP-00025800,FATHER_OF,1,FR-9e31bb8d8810ac38
HP-00025818,HP-00025811,FATHER_OF,1,FR-963ae66ff81ecbfb
HP-00025829,HP-00025821,FATHER_OF,1,FR-eba2f22d7ba58b7d
HP-00025848,HP-00025841,FATHER_OF,1,FR-90d7afdcbcd0de0b
HP-00025859,HP-00025851,FATHER_OF,1,FR-c87e1f7ac029d77e
HP-00025883,HP-00025876,FATHER_OF,1,FR-287c59305fd316d7
HP-00025902,HP-00025896,FATHER_OF,1,FR-f93a8f1373017761
HP-00025931,HP-00025925,FATHER_OF,1,FR-f67e6f941358849c
HP-00025942,HP-00025934,FATHER_OF,1,FR-62191e27a05086a4
HP-00025962,HP-00025955,FATHER_OF,1,FR-ec15b1e897facc60
HP-00025984,HP-00025976,FATHER_OF,1,FR-6fe012453ef21f9f
HP-00025995,HP-00025987,FATHER_OF,1,FR-c9c83ea633ead47d
HP-00026016,HP-00026008,FATHER_OF,1,FR-3526a1c8f66e8e52
HP-00026047,HP-00026039,FATHER_OF,1,FR-21e112252dcf6b75
HP-00026085,HP-00026079,FATHER_OF,1,FR-fe94202f30c534dd
HP-00026096,HP-00026088,FATHER_OF,1,FR-e1230848b824f455
HP-00026114,HP-00026107,FATHER_OF,1,FR-a04ccc6eae97ac28
HP-00026125,HP-00026117,FATHER_OF,1,FR-3c41431a6d4e24eb
HP-00026136,HP-00026128,FATHER_OF,1,FR-7a6b5e31b95b69ed
HP-00026158,HP-00026150,FATHER_OF,1,FR-d305d901f8e3881a
HP-00026177,HP-00026171,FATHER_OF,1,FR-da1349f904c29bc2
HP-00026204,HP-00026196,FATHER_OF,1,FR-bef0a50ab6e79648
HP-00000802,HP-00026207,FATHER_OF,1,FR-3b7af524d55a9909
HP-00026226,HP-00026218,FATHER_OF,1,FR-ddd140adcd71c11b
HP-00026245,HP-00026239,FATHER_OF,1,FR-a78bcf80825f5bcb
HP-00026264,HP-00026256,FATHER_OF,1,FR-c64780de9b513174
HP-00026274,HP-00026267,FATHER_OF,1,FR-eca41ec38d03a78a
HP-00026285,HP-00026277,FATHER_OF,1,FR-efa8c60a5411051b
HP-00026296,HP-00026288,FATHER_OF,1,FR-1c2236d5fae307b6
HP-00026307,HP-00026299,FATHER_OF,1,FR-d4bb68a0b56d5709
HP-00026335,HP-00026329,FATHER_OF,1,FR-38e0ffebc12d33e7
HP-00026346,HP-00026338,FATHER_OF,1,FR-5114d6d3ff20ae95
HP-00026355,HP-00026349,FATHER_OF,1,FR-24d3af6b13971df7
HP-00026366,HP-00026358,FATHER_OF,1,FR-4f7f6eb0de4ad12c
HP-00026377,HP-00026369,FATHER_OF,1,FR-1a5199d6f7d38c08
HP-00026399,HP-00026391,FATHER_OF,1,FR-a8371cfd46f86a8d
HP-00026419,HP-00026411,FATHER_OF,1,FR-56b3221c924edb3b
HP-00026430,HP-00026422,FATHER_OF,1,FR-26d05ee08dd646fc
HP-00026441,HP-00026433,FATHER_OF,1,FR-21642ab38ffe6cf3
HP-00026452,HP-00026444,FATHER_OF,1,FR-3204a660f133bea6
HP-00026463,HP-00026455,FATHER_OF,1,FR-b9875b7c24c0e325
HP-00026474,HP-00026466,FATHER_OF,1,FR-aa953c6ad84ab7ab
HP-00026485,HP-00026477,FATHER_OF,1,FR-aae97fd7efabac76
HP-00026496,HP-00026488,FATHER_OF,1,FR-726cf15815be430e
HP-00026516,HP-00026508,FATHER_OF,1,FR-ac721648e07b9eba
HP-00026527,HP-00026519,FATHER_OF,1,FR-cdf614deac521c2c
HP-00026547,HP-00026540,FATHER_OF,1,FR-03f08ea7eb63506b
HP-00026574,HP-00026566,FATHER_OF,1,FR-df441cf9dd0eb758
HP-00026585,HP-00026577,FATHER_OF,1,FR-36f517e79d565008
HP-00026607,HP-00026599,FATHER_OF,1,FR-68958704d9d1287c
HP-00026618,HP-00026610,FATHER_OF,1,FR-1fac86972e59d437
HP-00026629,HP-00026621,FATHER_OF,1,FR-78744397648fccd6
HP-00026640,HP-00026632,FATHER_OF,1,FR-5e65dc0dee725dd2
HP-00026660,HP-00026652,FATHER_OF,1,FR-97e76d60ac5cf2f5
HP-00026671,HP-00026663,FATHER_OF,1,FR-515d1be6d519883d
HP-00026682,HP-00026674,FATHER_OF,1,FR-2e9cf085b00484d1
HP-00026698,HP-00026692,FATHER_OF,1,FR-1174f514638510c1
HP-00026717,HP-00026710,FATHER_OF,1,FR-9cb809944cf7803f
HP-00026727,HP-00026720,FATHER_OF,1,FR-febb2825a9c7aa8b
HP-00026736,HP-00026730,FATHER_OF,1,FR-6633137c7ed38402
HP-00026745,HP-00026739,FATHER_OF,1,FR-abb3f19ae001dba1
HP-00026765,HP-00007843,FATHER_OF,1,FR-1932a5c8c9685a48
HP-00026776,HP-00026768,FATHER_OF,1,FR-4f93228edb63a02e
HP-00026787,HP-00026779,FATHER_OF,1,FR-6d8699578005497f
HP-00005201,HP-00026790,FATHER_OF,1,FR-2c376b111eca8477
HP-00026809,HP-00026801,FATHER_OF,1,FR-d4f2150a30baf2d9
HP-00026818,HP-00026812,FATHER_OF,1,FR-43c78d37c9ad9442
HP-00026829,HP-00026821,FATHER_OF,1,FR-0eec9654439669ea
HP-00027699,HP-00027692,FATHER_OF,1,FR-0c1c563521ce0a2b
HP-00027722,HP-00027718,FATHER_OF,1,FR-20e3f44bd1afb1c9
HP-00027736,HP-00006678,FATHER_OF,1,FR-e85ddc8d70a1fe7e
HP-00027743,HP-00027739,FATHER_OF,1,FR-90aea1a8b60b04db
HP-00027754,HP-00027746,FATHER_OF,1,FR-6536782623c10c0b
HP-00027775,HP-00027768,FATHER_OF,1,FR-bb41d0627560dcb1
HP-00027806,HP-00027798,FATHER_OF,1,FR-dc9fe099087e67f0
HP-00027815,HP-00027809,FATHER_OF,1,FR-2aa75b69933eaff2
HP-00027826,HP-00027818,FATHER_OF,1,FR-e119e0628f863b68
HP-00027847,HP-00027840,FATHER_OF,1,FR-6056d0607a2f87a8
HP-00027858,HP-00027850,FATHER_OF,1,FR-495b6d2bd3270a1b
HP-00027878,HP-00027870,FATHER_OF,1,FR-0c6336a051b6f83d
HP-00027898,HP-00027890,FATHER_OF,1,FR-5b503901308a2e58
HP-00027909,HP-00027901,FATHER_OF,1,FR-f178e81afda084fc
HP-00027942,HP-00027934,FATHER_OF,1,FR-56b670455061ed83
HP-00027951,HP-00027945,FATHER_OF,1,FR-eb5449a65959d3cd
HP-00027960,HP-00027954,FATHER_OF,1,FR-28197ad4578745d1
HP-00027971,HP-00027963,FATHER_OF,1,FR-6781ab207ae03e8e
HP-00027982,HP-00027974,FATHER_OF,1,FR-c8147ed3faa71cc5
HP-00027993,HP-00027985,FATHER_OF,1,FR-35b553412eef5f32
HP-00028004,HP-00016979,FATHER_OF,1,FR-225c896f4c1e3b4d
HP-00028015,HP-00028007,FATHER_OF,1,FR-2dc4f093896781c4
HP-00028048,HP-00028040,FATHER_OF,1,FR-e788da2f8b8b100e
HP-00028058,HP-00028051,FATHER_OF,1,FR-ff1b9c518d914b8d
HP-00028069,HP-00028061,FATHER_OF,1,FR-5586c7a3918bcfd8
HP-00028080,HP-00028072,FATHER_OF,1,FR-973ca75634f6af41
HP-00028091,HP-00028083,FATHER_OF,1,FR-b3ad09b46aa26f44
HP-00028111,HP-00028103,FATHER_OF,1,FR-dfd6f38584ea1d11
HP-00028132,HP-00028124,FATHER_OF,1,FR-130691450439b827
HP-00028160,HP-00028152,FATHER_OF,1,FR-0a86ac3f6eb0cd9c
HP-00028180,HP-00028172,FATHER_OF,1,FR-b9e8fc7ca6aa8b6c
HP-00028191,HP-00028183,FATHER_OF,1,FR-facc81ee4eccf98b
HP-00028203,HP-00028194,FATHER_OF,1,FR-9f5edded96f776cb
HP-00028224,HP-00028216,FATHER_OF,1,FR-ec580498a9382222
HP-00028235,HP-00028227,FATHER_OF,1,FR-d92cdfd6de1efe47
HP-00028257,HP-00028249,FATHER_OF,1,FR-28ba4c9ec4692947
HP-00028267,HP-00028260,FATHER_OF,1,FR-148dc101b5d6cde6
HP-00028289,HP-00028281,FATHER_OF,1,FR-cca7cf8c07f3f2fe
HP-00028300,HP-00028292,FATHER_OF,1,FR-462eac8cc3976702
HP-00028310,HP-00028303,FATHER_OF,1,FR-3a4c313576eee6e3
HP-00028319,HP-00028313,FATHER_OF,1,FR-bc0fe41a623b69b8
HP-00028339,HP-00028331,FATHER_OF,1,FR-3eef122adae0c66a
HP-00028348,HP-00028342,FATHER_OF,1,FR-f1d79da595748571
HP-00028366,HP-00028358,FATHER_OF,1,FR-392999864247575a
HP-00028397,HP-00028389,FATHER_OF,2,FR-bc5cc67dcb8beb47
HP-00028415,HP-00028407,FATHER_OF,1,FR-77a29b0516239840
HP-00028426,HP-00028418,FATHER_OF,1,FR-56d4a67777c23502
HP-00028437,HP-00028429,FATHER_OF,1,FR-e53c18b420f4e968
HP-00028448,HP-00028440,FATHER_OF,1,FR-3b676a020e589252
HP-00028459,HP-00028451,FATHER_OF,1,FR-90fa3451635ee77f
HP-00028481,HP-00028473,FATHER_OF,1,FR-4a1549fb9bb0378d
HP-00028490,HP-00028484,FATHER_OF,1,FR-653d1c975e3bcbda
HP-00028510,HP-00028504,FATHER_OF,1,FR-3632ffa4f4c8a2ba
HP-00028521,HP-00028513,FATHER_OF,1,FR-6ca969a701ca7876
HP-00028532,HP-00028524,FATHER_OF,1,FR-99da28dbe2f12f1f
HP-00028554,HP-00028546,FATHER_OF,1,FR-2d939d59b0febc83
HP-00028565,HP-00028557,FATHER_OF,1,FR-132cb42a54010bc9
HP-00028592,HP-00028584,FATHER_OF,1,FR-361556071eab4a34
HP-00028611,HP-00028603,FATHER_OF,1,FR-7b8c9c5adbae0658
HP-00028622,HP-00028614,FATHER_OF,1,FR-ce60382849be3696
HP-00028631,HP-00028625,FATHER_OF,1,FR-7fde3d6b1d446483
HP-00028651,HP-00028643,FATHER_OF,1,FR-f72b16c17733e132
HP-00028662,HP-00028654,FATHER_OF,1,FR-6ba377cf2e602035
HP-00028673,HP-00028665,FATHER_OF,1,FR-254b16b9b30257e1
HP-00028684,HP-00028676,FATHER_OF,1,FR-9f427c374fb67f5a
HP-00028704,HP-00028696,FATHER_OF,1,FR-d00e66df7a5e3a63
HP-00028715,HP-00028707,FATHER_OF,1,FR-2e877b4e1a87c2fc
HP-00028733,HP-00028725,FATHER_OF,1,FR-6bf36f16927809d6
HP-00028744,HP-00028736,FATHER_OF,1,FR-e845782ae89021e6
HP-00028760,HP-00028754,FATHER_OF,1,FR-a1a3a35d53f7df02
HP-00028771,HP-00028763,FATHER_OF,1,FR-317135ce1fc4f6e8
HP-00028782,HP-00028774,FATHER_OF,1,FR-71158b16648e9aa3
HP-00028793,HP-00028785,FATHER_OF,1,FR-3ffd243d4e935599
HP-00028804,HP-00028796,FATHER_OF,1,FR-dac37e2ef2a721b7
HP-00028822,HP-00028814,FATHER_OF,1,FR-a6009533faf6e335
HP-00028833,HP-00028825,FATHER_OF,1,FR-a79a7f8d91baf0b5
HP-00028844,HP-00028836,FATHER_OF,1,FR-40673229aebc8fe9
HP-00028864,HP-00028856,FATHER_OF,1,FR-ed5dc5558c96da00
HP-00028875,HP-00028867,FATHER_OF,1,FR-a241d783c8245e23
HP-00028886,HP-00028878,FATHER_OF,1,FR-ff27c8cda88359fc
HP-00028897,HP-00028889,FATHER_OF,1,FR-90ede95d73d02657
HP-00028908,HP-00028900,FATHER_OF,1,FR-c7f5af2bc0ad16f5
HP-00028924,HP-00028919,FATHER_OF,1,FR-9a4b978d22ee83cc
HP-00028935,HP-00028927,FATHER_OF,1,FR-f533a48f80de7567
HP-00028946,HP-00028938,FATHER_OF,1,FR-12e387766b953ad4
HP-00028965,HP-00028957,FATHER_OF,1,FR-069e66839b370f7f
HP-00028976,HP-00028968,FATHER_OF,1,FR-1ee9811e1d60c3d1
HP-00028987,HP-00028979,FATHER_OF,1,FR-d218e5e777013ed9
HP-00028998,HP-00028990,FATHER_OF,1,FR-a04c5a657cbfcc56
HP-00029046,HP-00029038,FATHER_OF,1,FR-0d8b31604998d243
HP-00029057,HP-00029049,FATHER_OF,1,FR-0fb86b16421e2353
HP-00029079,HP-00029071,FATHER_OF,1,FR-6721d398ba5ad753
HP-00029090,HP-00029082,FATHER_OF,1,FR-50733d38e4846ae3
HP-00029101,HP-00029093,FATHER_OF,1,FR-90051c0e3e761ac2
HP-00029123,HP-00029115,FATHER_OF,1,FR-b04c86d2a5db8508
HP-00029132,HP-00029126,FATHER_OF,1,FR-9fe4e04d36c6cc9c
HP-00029141,HP-00029135,FATHER_OF,1,FR-38571183286299bc
HP-00029149,HP-00029144,FATHER_OF,1,FR-6c256b0b592cf0e1
HP-00029160,HP-00029152,FATHER_OF,1,FR-b70eaa5ed25b85bb
HP-00029171,HP-00029163,FATHER_OF,1,FR-f9dc3ae04cc3174c
HP-00029191,HP-00029183,FATHER_OF,1,FR-e1050b8af91f7107
HP-00029216,HP-00029210,FATHER_OF,1,FR-27d06e23ffaaa04b
HP-00029227,HP-00029219,FATHER_OF,1,FR-6aa8cfc3a1e58b23
HP-00029238,HP-00029230,FATHER_OF,1,FR-cff9f213e606f3c7
HP-00029249,HP-00029241,FATHER_OF,1,FR-e054bab0a772493a
HP-00029270,HP-00029263,FATHER_OF,1,FR-7e90c3425871e23f
HP-00029280,HP-00029273,FATHER_OF,1,FR-ba8600875d720d61
HP-00029298,HP-00029291,FATHER_OF,1,FR-337619fddee19e5e
HP-00029325,HP-00029319,FATHER_OF,1,FR-829b517a7a595d96
HP-00029335,HP-00029328,FATHER_OF,1,FR-3e5c22a1bed897f9
HP-00029345,HP-00029338,FATHER_OF,1,FR-caafacac6b5491a6
HP-00029355,HP-00029348,FATHER_OF,1,FR-d0623f4b17f826c4
HP-00029365,HP-00029358,FATHER_OF,1,FR-a22874b43bfea28a
HP-00029381,HP-00029374,FATHER_OF,1,FR-4a69af9d6f818f8c
HP-00029391,HP-00029384,FATHER_OF,1,FR-0ad644cae2864236
HP-00029400,HP-00029394,FATHER_OF,1,FR-fe2194af66bc4a04
HP-00029410,HP-00029403,FATHER_OF,1,FR-6b2b965d0710eda5
HP-00029420,HP-00029413,FATHER_OF,1,FR-e0ad4c6720ed5d7e
HP-00029430,HP-00029423,FATHER_OF,1,FR-f8857ebdbfb5c601
HP-00029441,HP-00029433,FATHER_OF,1,FR-efc59045c6a326a6
HP-00029452,HP-00029444,FATHER_OF,1,FR-4984433b5f4c9ae4
HP-00029463,HP-00029455,FATHER_OF,1,FR-d18c1153e28caef6
HP-00029474,HP-00029466,FATHER_OF,1,FR-4308b2e4c22f5c58
HP-00029485,HP-00029477,FATHER_OF,1,FR-b0f40f3170b05ecb
HP-00029507,HP-00029498,FATHER_OF,1,FR-317d7bf78e25f1d9
HP-00029519,HP-00029510,FATHER_OF,1,FR-7973a3e34ddfa2fb
HP-00029528,HP-00029522,FATHER_OF,1,FR-0bec104622a09400
HP-00029539,HP-00029531,FATHER_OF,1,FR-e4373b701ad5a5ff
HP-00029551,HP-00029542,FATHER_OF,1,FR-a0cb9aebdd7fc21e
HP-00029561,HP-00029554,FATHER_OF,1,FR-90b142d424beeddd
HP-00029579,HP-00029571,FATHER_OF,1,FR-013d9fe6c61c66ed
HP-00029590,HP-00029582,FATHER_OF,1,FR-092836c8bcf69a40
HP-00029599,HP-00029593,FATHER_OF,1,FR-e1391e0076d08ea5
HP-00029616,HP-00029609,FATHER_OF,1,FR-8d28a4af17122f17
HP-00029624,HP-00029619,FATHER_OF,1,FR-296f7ba7a77bfa02
HP-00029634,HP-00029627,FATHER_OF,1,FR-17786228135ffab7
HP-00029643,HP-00029637,FATHER_OF,1,FR-33d1e270c611dfc8
HP-00029652,HP-00029646,FATHER_OF,1,FR-d9c96443e31c1d98
HP-00029662,HP-00029655,FATHER_OF,1,FR-a58ea5cbc8262296
HP-00029677,HP-00029672,FATHER_OF,1,FR-f0055e9dfca2828d
HP-00029687,HP-00029680,FATHER_OF,1,FR-4dbf27300a9c1c88
HP-00029702,HP-00029695,FATHER_OF,1,FR-d2fb801e8cd922df
HP-00029720,HP-00029713,FATHER_OF,1,FR-7682d1356fe15a59
HP-00029731,HP-00029723,FATHER_OF,1,FR-fc58f592c69aaa1e
HP-00029742,HP-00029734,FATHER_OF,1,FR-96c342d9e184424a
HP-00029753,HP-00029745,FATHER_OF,1,FR-9a0d93b170846596
HP-00029764,HP-00029756,FATHER_OF,1,FR-64c1cecc8ea81be4
HP-00029775,HP-00029767,FATHER_OF,1,FR-2839eff44af4b88a
HP-00029797,HP-00029789,FATHER_OF,1,FR-38fe8e54a40ad1b3
HP-00029808,HP-00029800,FATHER_OF,1,FR-36dac9a6da583f2b
HP-00029830,HP-00029822,FATHER_OF,1,FR-14729256dc423873
HP-00029841,HP-00029833,FATHER_OF,1,FR-a1b98ce00e0a9ce7
HP-00029852,HP-00029844,FATHER_OF,1,FR-306e5e2137ee2445
HP-00029874,HP-00029866,FATHER_OF,1,FR-d9345fbf90324454
HP-00029885,HP-00029877,FATHER_OF,1,FR-3ed31c5e4d2c76f5
HP-00029896,HP-00029888,FATHER_OF,1,FR-4acc79a6212bee9c
HP-00029907,HP-00029899,FATHER_OF,1,FR-990ebdfc9e4c4bdd
HP-00029918,HP-00029910,FATHER_OF,1,FR-033d822aaad4e074
HP-00029929,HP-00029921,FATHER_OF,1,FR-78fc08ff35d17229
HP-00029951,HP-00029943,FATHER_OF,1,FR-0eddfefe288407ab
HP-00029962,HP-00029954,FATHER_OF,1,FR-bedb66113b8a8980
HP-00029973,HP-00029965,FATHER_OF,1,FR-c0ef264df0ee64d8
HP-00029995,HP-00029987,FATHER_OF,1,FR-36ca0ba9c46d7f41
HP-00030017,HP-00030009,FATHER_OF,1,FR-fe5ec360b28e5496
HP-00030039,HP-00030031,FATHER_OF,1,FR-289fe997f4393cc9
HP-00030050,HP-00030042,FATHER_OF,1,FR-1f217c08d04d0c14
HP-00030061,HP-00030053,FATHER_OF,1,FR-7318297d0107398e
HP-00030072,HP-00030064,FATHER_OF,1,FR-43511a4c9d0efc1a
HP-00030083,HP-00024871,FATHER_OF,1,FR-961a6a37247fbc11
HP-00030094,HP-00030086,FATHER_OF,1,FR-3397dfcf2d3b67b7
HP-00030105,HP-00030097,FATHER_OF,1,FR-c245e93652dc7226
HP-00030127,HP-00030119,FATHER_OF,1,FR-f9266c2cdb72191a
HP-00030138,HP-00030130,FATHER_OF,1,FR-f7c0ba65b4e2d581
HP-00030149,HP-00014953,FATHER_OF,1,FR-8ec7dad191a1c9ce
HP-00030171,HP-00030163,FATHER_OF,1,FR-e1ff5fb12b080f1a
HP-00030202,HP-00030196,FATHER_OF,1,FR-4d2ab962ae000b69
HP-00030213,HP-00030205,FATHER_OF,1,FR-3a90592151fb7a8f
HP-00030224,HP-00030216,FATHER_OF,1,FR-dc7ec76beea1fdee
HP-00030235,HP-00030227,FATHER_OF,1,FR-a2a7559ea5699178
HP-00030246,HP-00030238,FATHER_OF,1,FR-5f6e1fc987cf0370
HP-00030268,HP-00030260,FATHER_OF,1,FR-5542ac2f9f147f97
HP-00030279,HP-00030271,FATHER_OF,1,FR-4de9e8a09b3fea91
HP-00030290,HP-00030282,FATHER_OF,1,FR-6336e248217573a3
HP-00030301,HP-00030293,FATHER_OF,1,FR-8ea2899be67345b5
HP-00030334,HP-00030326,FATHER_OF,1,FR-4818a7c801d6c8db
HP-00030345,HP-00030337,FATHER_OF,1,FR-1fa46d79672db4f7
HP-00030367,HP-00030359,FATHER_OF,1,FR-b8a646b0df6a05b7
HP-00030378,HP-00030370,FATHER_OF,1,FR-214a8d11851efebe
HP-00030389,HP-00030381,FATHER_OF,1,FR-2a884158d0194cf5
HP-00030400,HP-00030392,FATHER_OF,2,FR-141a7a845d08a77f
HP-00030411,HP-00030403,FATHER_OF,1,FR-e8821e02d123bbe6
HP-00030422,HP-00030414,FATHER_OF,1,FR-8510404b2fc911a8
HP-00030433,HP-00030425,FATHER_OF,1,FR-f956be155fa822ed
HP-00030466,HP-00030458,FATHER_OF,1,FR-d79498ef8f626323
HP-00030477,HP-00030469,FATHER_OF,1,FR-ffddd602e093e69b
HP-00030488,HP-00030480,FATHER_OF,1,FR-314b7cb2a09b38f3
HP-00030498,HP-00030491,FATHER_OF,1,FR-3b5cdb5cbf70c57c
HP-00030520,HP-00030512,FATHER_OF,1,FR-33da2247ac673743
HP-00030542,HP-00030534,FATHER_OF,1,FR-4b8bcef53f7a7d3c
HP-00030553,HP-00030545,FATHER_OF,1,FR-5daabbad2f7960cc
HP-00030572,HP-00030567,FATHER_OF,1,FR-f297e70459842dbf
HP-00030582,HP-00030575,FATHER_OF,1,FR-f303c493279c5d6a
HP-00030592,HP-00030585,FATHER_OF,1,FR-10e51c603304b458
HP-00030602,HP-00030595,FATHER_OF,1,FR-78aab4f416f84d6a
HP-00030612,HP-00030605,FATHER_OF,1,FR-f6b82134e37c5832
HP-00030622,HP-00030615,FATHER_OF,1,FR-7cd7afc656c0f7d4
HP-00030632,HP-00030625,FATHER_OF,1,FR-e4d61a6a08c4e57e
HP-00030652,HP-00030645,FATHER_OF,1,FR-244356a7a1ef2b16
HP-00030661,HP-00030655,FATHER_OF,1,FR-83c33099ddd45593
HP-00030671,HP-00030664,FATHER_OF,1,FR-af126f6b9ab5f053
HP-00030681,HP-00030674,FATHER_OF,1,FR-ee307950389e9a1e
HP-00030691,HP-00030684,FATHER_OF,1,FR-fbac98cb4b04ad13
HP-00030731,HP-00030724,FATHER_OF,1,FR-0e4c7417a554cec6
HP-00030741,HP-00030734,FATHER_OF,2,FR-3ea7ad1605751129
HP-00030751,HP-00030744,FATHER_OF,1,FR-caab1bfb7b5963bc
HP-00030781,HP-00030774,FATHER_OF,1,FR-d3615a0f6a8dd480
HP-00030791,HP-00030784,FATHER_OF,1,FR-d291f2c8924af930
HP-00030811,HP-00030804,FATHER_OF,1,FR-23a0c7ca20b8f543
HP-00030821,HP-00030814,FATHER_OF,1,FR-982c3a8467f6491b
HP-00030831,HP-00030824,FATHER_OF,1,FR-08d5a13d66fb9b6a
HP-00030841,HP-00015669,FATHER_OF,1,FR-b2288a3c9a2ff5f9
HP-00030851,HP-00030844,FATHER_OF,1,FR-dd31fc9e1ab75da1
HP-00030861,HP-00030854,FATHER_OF,1,FR-0b06cb1b25655192
HP-00030871,HP-00030864,FATHER_OF,1,FR-e0fd21587df26e08
HP-00030881,HP-00030874,FATHER_OF,1,FR-e54abb4462533986
HP-00030891,HP-00030884,FATHER_OF,1,FR-523428f041f618dc
HP-00030901,HP-00030894,FATHER_OF,1,FR-ad99e1cffa02ae0f
HP-00030911,HP-00030904,FATHER_OF,1,FR-8d775092bbc1f797
HP-00030951,HP-00030944,FATHER_OF,1,FR-fad7a73ce8c1c8aa
HP-00030961,HP-00030954,FATHER_OF,1,FR-587bd63bee06f5b1
HP-00030138,HP-00030964,FATHER_OF,1,FR-d3aaa8bc734b68ed
HP-00030981,HP-00030974,FATHER_OF,1,FR-0235cdcc91129130
HP-00030991,HP-00030984,FATHER_OF,1,FR-dafa3659fdc95aeb
HP-00031001,HP-00030994,FATHER_OF,1,FR-b1a6d26d125e6656
HP-00031011,HP-00031004,FATHER_OF,1,FR-a3fe8750043acf54
HP-00031029,HP-00031022,FATHER_OF,1,FR-c1b04a289dd86f5d
HP-00031039,HP-00031032,FATHER_OF,1,FR-a4963694045f8496
HP-00031049,HP-00031042,FATHER_OF,1,FR-bf19a72e1d6e89e1
HP-00031059,HP-00031052,FATHER_OF,1,FR-a3c0566f5e3980a5
HP-00031089,HP-00031082,FATHER_OF,1,FR-f9644fe77e45acd4
HP-00031099,HP-00031092,FATHER_OF,1,FR-02d310af481fbd47
HP-00031109,HP-00031102,FATHER_OF,1,FR-e707e29900551456
HP-00031119,HP-00031112,FATHER_OF,1,FR-517541ec15fbe5bc
HP-00031129,HP-00031122,FATHER_OF,1,FR-cd20340cd94a78dd
HP-00031139,HP-00031132,FATHER_OF,1,FR-aca9cf3147c46b54
HP-00031149,HP-00031142,FATHER_OF,1,FR-a982467f1fc35a03
HP-00031169,HP-00031162,FATHER_OF,1,FR-e0b29b2a66bcbd1d
HP-00031199,HP-00031192,FATHER_OF,1,FR-59d637bb31686412
HP-00031209,HP-00031202,FATHER_OF,1,FR-5c7f7964943d0369
HP-00031219,HP-00031212,FATHER_OF,1,FR-f9108a1148983ed9
HP-00031239,HP-00031232,FATHER_OF,1,FR-30c87744d1133799
HP-00031249,HP-00031242,FATHER_OF,1,FR-a886a32da85b8989
HP-00031259,HP-00031252,FATHER_OF,1,FR-5bb444d073058cc2
HP-00031269,HP-00031262,FATHER_OF,1,FR-82ad76759790942c
HP-00031279,HP-00031272,FATHER_OF,1,FR-f7a8401fdae9a6d4
HP-00031289,HP-00031282,FATHER_OF,1,FR-d73d6f7e060afb93
HP-00031299,HP-00031292,FATHER_OF,1,FR-909ae6324f1f51d3
HP-00031309,HP-00031302,FATHER_OF,1,FR-8e59a7947d27aa8e
HP-00031319,HP-00031312,FATHER_OF,1,FR-f1016ab7ae85d249
HP-00031339,HP-00031332,FATHER_OF,1,FR-0f7a7f5376166c8c
HP-00031349,HP-00031342,FATHER_OF,1,FR-b2dc9aeca8a54d94
HP-00031359,HP-00031352,FATHER_OF,1,FR-7aeb859e2a8a3321
HP-00031369,HP-00031362,FATHER_OF,1,FR-16aa2c0e40fb8628
HP-00031389,HP-00031382,FATHER_OF,1,FR-3c4aca01e4593e88
HP-00031399,HP-00031392,FATHER_OF,1,FR-7a5a0d6dc3c7e6c1
HP-00031409,HP-00031402,FATHER_OF,1,FR-d1a2c2c989b22831
HP-00031419,HP-00031412,FATHER_OF,1,FR-38510b9c54710699
HP-00031429,HP-00031422,FATHER_OF,1,FR-789764c9b3c07b5b
HP-00031437,HP-00031432,FATHER_OF,1,FR-e441e0d46fba64a3
HP-00031447,HP-00031440,FATHER_OF,1,FR-5cb23151bab60fe0
HP-00031457,HP-00031450,FATHER_OF,1,FR-ab1a78a05d974686
HP-00031467,HP-00031460,FATHER_OF,1,FR-63d974724c20fe13
HP-00031477,HP-00031470,FATHER_OF,1,FR-acf33cc90ed3f7db
HP-00031487,HP-00031480,FATHER_OF,1,FR-3c29dc9bf54c0eea
HP-00031507,HP-00031500,FATHER_OF,2,FR-31520232a9fb5ae8
HP-00031517,HP-00031510,FATHER_OF,1,FR-3cb374a6b9b45085
HP-00031527,HP-00031520,FATHER_OF,1,FR-bd01b7f5aff3e73d
HP-00031547,HP-00031540,FATHER_OF,1,FR-361fda1ab851d475
HP-00031557,HP-00031550,FATHER_OF,1,FR-902462adeaef871e
HP-00031567,HP-00031560,FATHER_OF,1,FR-14554a46e44f975c
HP-00031588,HP-00031580,FATHER_OF,1,FR-381cd68852efb836
HP-00031598,HP-00031591,FATHER_OF,1,FR-e08ba011ba444be7
HP-00031608,HP-00031601,FATHER_OF,1,FR-db5ebdfab25fda90
HP-00031618,HP-00031611,FATHER_OF,1,FR-dcadcdad2d273149
HP-00031628,HP-00031621,FATHER_OF,1,FR-f5920422f07bca7d
HP-00031648,HP-00031641,FATHER_OF,1,FR-f9e3b71467eb15f1
HP-00031658,HP-00031651,FATHER_OF,1,FR-a5805db291ba6d9b
HP-00031668,HP-00031661,FATHER_OF,1,FR-f277023265d6a7dc
HP-00031678,HP-00031671,FATHER_OF,1,FR-3a3fbdf81b0d9be8
HP-00031688,HP-00031681,FATHER_OF,1,FR-3c8f9fde1223d8d3
HP-00031698,HP-00031691,FATHER_OF,1,FR-c0da3f03dd57a34d
HP-00031706,HP-00031701,FATHER_OF,1,FR-299e6d44d4d4894c
HP-00031716,HP-00031709,FATHER_OF,1,FR-88c79c74be811b8d
HP-00031726,HP-00031719,FATHER_OF,1,FR-046a1bcc05f0f34c
HP-00031736,HP-00031729,FATHER_OF,1,FR-656a617b7127b95d
HP-00031756,HP-00031749,FATHER_OF,1,FR-1352159b9b336156
HP-00031766,HP-00031759,FATHER_OF,1,FR-db99adb8aa2bef9f
HP-00031786,HP-00031779,FATHER_OF,1,FR-1ba3d8b1bf1e88a6
HP-00031796,HP-00031789,FATHER_OF,1,FR-86a525748ecd1923
HP-00031806,HP-00031799,FATHER_OF,1,FR-e4fbfd4eb5630abe
HP-00031816,HP-00031809,FATHER_OF,1,FR-a3f00a6240cac130
HP-00031826,HP-00031819,FATHER_OF,1,FR-b7dc941d4681727d
HP-00031856,HP-00031849,FATHER_OF,1,FR-a87993726c3eab5d
HP-00031866,HP-00031859,FATHER_OF,2,FR-2df8aaa499c63bba
HP-00031876,HP-00031869,FATHER_OF,1,FR-d81775e7579ae2f0
HP-00031886,HP-00031879,FATHER_OF,1,FR-b5a9e0e2d78b5097
HP-00031896,HP-00031889,FATHER_OF,1,FR-33a89218ea76270d
HP-00031906,HP-00031899,FATHER_OF,1,FR-7d81168f9ec356b3
HP-00031916,HP-00031909,FATHER_OF,1,FR-62b589d510da48cf
HP-00031926,HP-00031919,FATHER_OF,1,FR-51edd2eec668b55a
HP-00031936,HP-00031929,FATHER_OF,1,FR-494ed0036fba7a1b
HP-00031946,HP-00031939,FATHER_OF,1,FR-e7165db7935d90e2
HP-00031956,HP-00031949,FATHER_OF,1,FR-dbc9e9b78e7b98e1
HP-00031966,HP-00031959,FATHER_OF,1,FR-bb055d2d26fdcb4f
HP-00031976,HP-00031969,FATHER_OF,1,FR-25f8cdac9dfa8f3d
HP-00031986,HP-00031979,FATHER_OF,1,FR-bcd6650b87bef539
HP-00031996,HP-00031989,FATHER_OF,1,FR-fdba66222c596acb
HP-00032026,HP-00032019,FATHER_OF,1,FR-d7ea07ae65c13973
HP-00032036,HP-00032029,FATHER_OF,1,FR-bcfbb3333c15c8f7
HP-00032046,HP-00032039,FATHER_OF,1,FR-f74b4cb5ac86f436
HP-00032076,HP-00032069,FATHER_OF,1,FR-1e307ace6a73bd8f
HP-00032086,HP-00032079,FATHER_OF,2,FR-b7240381d67d2835
HP-00032096,HP-00032089,FATHER_OF,1,FR-8d98c20448a2c84b
HP-00032106,HP-00032099,FATHER_OF,1,FR-489222fb242d436c
HP-00032116,HP-00032109,FATHER_OF,1,FR-0f326726a67ae290
HP-00032126,HP-00032119,FATHER_OF,1,FR-c3313b5f13bb5f5f
HP-00032156,HP-00032149,FATHER_OF,1,FR-236e023c9f8e46d1
HP-00032166,HP-00032159,FATHER_OF,1,FR-1505c9e769545802
HP-00032186,HP-00032179,FATHER_OF,1,FR-ee2911426245992e
HP-00032196,HP-00032189,FATHER_OF,1,FR-170275af085a6b40
HP-00032206,HP-00032199,FATHER_OF,1,FR-fbd7090ada1e3907
HP-00032216,HP-00032209,FATHER_OF,1,FR-f67d937f96a847d8
HP-00032226,HP-00032219,FATHER_OF,1,FR-19fe3d56189ff92d
HP-00032236,HP-00032229,FATHER_OF,1,FR-5d83e3d2787b9b36
HP-00032256,HP-00032249,FATHER_OF,1,FR-5dcc36382a01d030
HP-00032266,HP-00032259,FATHER_OF,1,FR-f6434022e0b10e1d
HP-00032276,HP-00032269,FATHER_OF,1,FR-6247cd02f5a35106
HP-00012722,HP-00032279,FATHER_OF,1,FR-56d8c68a91352859
HP-00032305,HP-00032299,FATHER_OF,1,FR-c1441bfbf5e45b82
HP-00032315,HP-00032308,FATHER_OF,1,FR-3abce8fa40bc17da
HP-00032325,HP-00032318,FATHER_OF,1,FR-bb052d6ed94cc4aa
HP-00032356,HP-00032349,FATHER_OF,1,FR-9d06b0ff6e6d4e43
HP-00032366,HP-00032359,FATHER_OF,1,FR-224908868b1386b2
HP-00032376,HP-00032369,FATHER_OF,1,FR-30476718f17250c2
HP-00032386,HP-00032379,FATHER_OF,1,FR-f291f5cc1cd88f8b
HP-00032406,HP-00032399,FATHER_OF,1,FR-b98b138b3d28b882
HP-00032416,HP-00032409,FATHER_OF,1,FR-af04a5a159785b25
HP-00032426,HP-00032419,FATHER_OF,1,FR-8fb47e92141815b1
HP-00032436,HP-00032429,FATHER_OF,1,FR-dd931fc1d958a450
HP-00032446,HP-00032439,FATHER_OF,2,FR-bca47b44fd4088af
HP-00032456,HP-00032449,FATHER_OF,1,FR-d57a43c09b67de5d
HP-00032466,HP-00032459,FATHER_OF,1,FR-d43b052e4ef30ce5
HP-00032476,HP-00032469,FATHER_OF,1,FR-5fbd51d207965028
HP-00032486,HP-00032479,FATHER_OF,1,FR-5bca554eb306a9ac
HP-00032496,HP-00032489,FATHER_OF,1,FR-3ea53a261a7f1bde
HP-00032506,HP-00032499,FATHER_OF,1,FR-c60c555c4221a8e4
HP-00032516,HP-00032509,FATHER_OF,1,FR-0945c4e5f46da0a6
HP-00032526,HP-00032519,FATHER_OF,1,FR-9bdb19a2262007ab
HP-00032536,HP-00032529,FATHER_OF,1,FR-fcf8ed3a7276d050
HP-00032546,HP-00032539,FATHER_OF,1,FR-7d40c7e7461141f7
HP-00032556,HP-00032549,FATHER_OF,1,FR-8c15b5f683171e0b
HP-00032566,HP-00032559,FATHER_OF,1,FR-264968f8e16313eb
HP-00032576,HP-00032569,FATHER_OF,1,FR-044607dbbfa97f72
HP-00032586,HP-00032579,FATHER_OF,1,FR-8f0e13e2191da73c
HP-00032596,HP-00032589,FATHER_OF,1,FR-f4ab4fe50e15ddb7
HP-00032606,HP-00032599,FATHER_OF,1,FR-8e41021b355d6394
HP-00032616,HP-00032609,FATHER_OF,1,FR-134502fd8e448230
HP-00032626,HP-00032619,FATHER_OF,1,FR-163dbff3ed98faf8
HP-00032636,HP-00032629,FATHER_OF,1,FR-0bd83cdcd000a58c
HP-00032646,HP-00032639,FATHER_OF,1,FR-38f2aadd0764b20c
HP-00023496,HP-00032669,FATHER_OF,1,FR-8a9a7473312df756
HP-00032686,HP-00032679,FATHER_OF,1,FR-4e16308349bc798d
HP-00032706,HP-00032699,FATHER_OF,1,FR-0b9c282d34537236
HP-00032716,HP-00032709,FATHER_OF,1,FR-a3daf5ae7663a2b4
HP-00032726,HP-00032719,FATHER_OF,1,FR-911c2d226e18c8bd
HP-00032736,HP-00032729,FATHER_OF,1,FR-857900a90a609c62
HP-00032746,HP-00032739,FATHER_OF,1,FR-67ac7ca9579a5712
HP-00032756,HP-00032749,FATHER_OF,1,FR-2eb83908e441ec1f
HP-00032766,HP-00032759,FATHER_OF,1,FR-2705e1f1c65e3d03
HP-00032776,HP-00032769,FATHER_OF,1,FR-b5499ae773feefe9
HP-00032786,HP-00032779,FATHER_OF,1,FR-30862b93087e12c1
HP-00032796,HP-00032789,FATHER_OF,1,FR-bc195322094dfd83
HP-00032804,HP-00032799,FATHER_OF,1,FR-e859a2f532039e59
HP-00032814,HP-00032807,FATHER_OF,1,FR-202ed82d3534d308
HP-00032824,HP-00032817,FATHER_OF,1,FR-6c8cd2614121ac6c
HP-00032706,HP-00032827,FATHER_OF,1,FR-59ea24f0bdb0793a
HP-00032844,HP-00032837,FATHER_OF,1,FR-c77b43da34a7a6fd
HP-00032854,HP-00032847,FATHER_OF,1,FR-c5eb98e671354093
HP-00032864,HP-00032857,FATHER_OF,1,FR-60047cdad992d8ff
HP-00032874,HP-00032867,FATHER_OF,1,FR-05af9293be279a2b
HP-00032884,HP-00032877,FATHER_OF,1,FR-5a913ea927efba87
HP-00032904,HP-00032897,FATHER_OF,1,FR-855eee33ebec9c47
HP-00032934,HP-00032927,FATHER_OF,1,FR-9cec880eba061312
HP-00032944,HP-00032937,FATHER_OF,1,FR-fabbd29ce5b001c0
HP-00032954,HP-00032947,FATHER_OF,1,FR-538f4f54b3b3fc6d
HP-00032964,HP-00032957,FATHER_OF,1,FR-3ee215ffcdab369d
HP-00032984,HP-00032977,FATHER_OF,1,FR-1c10a6cd50620efb
HP-00032994,HP-00032987,FATHER_OF,1,FR-c51a9aed21b73c5a
HP-00033004,HP-00032997,FATHER_OF,1,FR-058f1089d165d66f
HP-00033014,HP-00033007,FATHER_OF,1,FR-df1e774878be4a96
HP-00033024,HP-00033017,FATHER_OF,1,FR-d3a16725d898d70d
HP-00033034,HP-00033027,FATHER_OF,1,FR-4b5284294de187af
HP-00033044,HP-00033037,FATHER_OF,1,FR-17b14ad60ad28149
HP-00033054,HP-00033047,FATHER_OF,1,FR-045ad90a12a7541f
HP-00033064,HP-00033057,FATHER_OF,1,FR-bc869ae761fe535b
HP-00033074,HP-00033067,FATHER_OF,1,FR-44b5505fc7044a8a
HP-00033084,HP-00033077,FATHER_OF,1,FR-63d3ab1808cc93ff
HP-00033094,HP-00033087,FATHER_OF,1,FR-aada112e3fdcf6b2
HP-00033104,HP-00033097,FATHER_OF,1,FR-3037b7a71e1dca0f
HP-00031796,HP-00033107,FATHER_OF,1,FR-a97abb9a0f41e9f9
HP-00033124,HP-00033117,FATHER_OF,1,FR-59c4a4fcfb7b9533
HP-00033134,HP-00033127,FATHER_OF,1,FR-ca781d512c6841fc
HP-00033144,HP-00033137,FATHER_OF,1,FR-0502d7f04fa8ec81
HP-00033154,HP-00033147,FATHER_OF,1,FR-817ff0b42ef29dd2
HP-00033164,HP-00033157,FATHER_OF,1,FR-a19118bc88b6f217
HP-00033174,HP-00014250,FATHER_OF,1,FR-cf28e21785857dff
HP-00033184,HP-00033177,FATHER_OF,1,FR-9390ca9c851883c2
HP-00033194,HP-00033187,FATHER_OF,1,FR-d8d05aff53dd7b01
HP-00033204,HP-00033197,FATHER_OF,1,FR-dcfc3465dbfe3b5e
HP-00033214,HP-00033207,FATHER_OF,1,FR-78f54a765dc4d810
HP-00033224,HP-00033217,FATHER_OF,1,FR-bd1de99496821ad1
HP-00033234,HP-00033227,FATHER_OF,1,FR-faf17480727dc575
HP-00033244,HP-00033237,FATHER_OF,1,FR-f902d1ca905650c0
HP-00033254,HP-00033247,FATHER_OF,1,FR-11a36c8a75fac150
HP-00033264,HP-00033257,FATHER_OF,1,FR-d2b2e2530302296c
HP-00033274,HP-00033267,FATHER_OF,1,FR-a27cfb1ca62806bf
HP-00033284,HP-00033277,FATHER_OF,1,FR-a8def532721170d0
HP-00033294,HP-00033287,FATHER_OF,1,FR-a063902f091d837c
HP-00033304,HP-00033297,FATHER_OF,1,FR-1912e20163fd5c59
HP-00033314,HP-00033307,FATHER_OF,1,FR-214ada23e353f83d
HP-00033324,HP-00033317,FATHER_OF,1,FR-fd38add4b92d4297
HP-00033334,HP-00033327,FATHER_OF,1,FR-18fae36139f842f9
HP-00033344,HP-00033337,FATHER_OF,1,FR-362649ccf0c7a214
HP-00033354,HP-00033347,FATHER_OF,1,FR-9097250abc099561
HP-00033364,HP-00033357,FATHER_OF,1,FR-3b79ded4ecf909a0
HP-00033374,HP-00033367,FATHER_OF,1,FR-3fbedaa4c0b9dca4
HP-00033384,HP-00033377,FATHER_OF,1,FR-a3c01b43bed66723
HP-00033394,HP-00033387,FATHER_OF,1,FR-a09f1be2f11b7247
HP-00033404,HP-00033397,FATHER_OF,1,FR-9f06b5ad60a5479d
HP-00033414,HP-00033407,FATHER_OF,1,FR-2dcac283a7023790
HP-00033424,HP-00033417,FATHER_OF,1,FR-3133f0bf9d5fa47e
HP-00033434,HP-00033427,FATHER_OF,1,FR-cc801ea7084a5e8a
HP-00033444,HP-00033437,FATHER_OF,1,FR-805ec18034c8b59b
HP-00033454,HP-00033447,FATHER_OF,1,FR-aa783fb3282268e7
HP-00033464,HP-00033457,FATHER_OF,1,FR-cedb2fcbe1cd8630
HP-00033484,HP-00033477,FATHER_OF,1,FR-602a42949052793b
HP-00033494,HP-00033487,FATHER_OF,1,FR-c69ed642e73298d5
HP-00033504,HP-00033497,FATHER_OF,1,FR-1f4c13e6c621ec4d
HP-00033514,HP-00033507,FATHER_OF,1,FR-017d9e3564141ab6
HP-00033524,HP-00033517,FATHER_OF,1,FR-d0f86d0ef755ec9e
HP-00033534,HP-00033527,FATHER_OF,1,FR-b4d73ac61cd094fc
HP-00033544,HP-00033537,FATHER_OF,1,FR-65a40ee0bd8f6c4d
HP-00033554,HP-00033547,FATHER_OF,1,FR-3a93ef125c984886
HP-00033572,HP-00033565,FATHER_OF,1,FR-90d71c5002c2f3eb
HP-00033594,HP-00033586,FATHER_OF,1,FR-6b140e99b1a60e24
HP-00033611,HP-00033604,FATHER_OF,1,FR-ec82bed1d8c04bcb
HP-00033621,HP-00033614,FATHER_OF,1,FR-2c2e582bbf70383e
HP-00033631,HP-00033624,FATHER_OF,1,FR-d5874ba0e683986d
HP-00033641,HP-00033634,FATHER_OF,1,FR-cb585ee401169f44
HP-00033652,HP-00033644,FATHER_OF,1,FR-0fa26f8adc693719
HP-00033681,HP-00033674,FATHER_OF,1,FR-7c3921d4f27f6fdc
HP-00033691,HP-00033684,FATHER_OF,1,FR-31399596e9703ead
HP-00033701,HP-00033694,FATHER_OF,1,FR-d364ec60b569d2b3
HP-00033722,HP-00033715,FATHER_OF,1,FR-dab38f2d0b7aae1d
HP-00033730,HP-00033725,FATHER_OF,1,FR-5db9c50deea46714
HP-00033740,HP-00033733,FATHER_OF,1,FR-5d28a3e97507705a
HP-00033750,HP-00033743,FATHER_OF,1,FR-33a1571496255256
HP-00033761,HP-00033753,FATHER_OF,1,FR-c3a1a1280c1d844d
HP-00033771,HP-00033764,FATHER_OF,1,FR-ae9c3a17ebc7dc05
HP-00033788,HP-00033780,FATHER_OF,1,FR-40581a79faec085d
HP-00033808,HP-00033800,FATHER_OF,1,FR-eeddecfb4929476b
HP-00033817,HP-00033811,FATHER_OF,1,FR-913565606df07d10
HP-00033837,HP-00033830,FATHER_OF,1,FR-f4b1508f603e1e20
HP-00033858,HP-00033851,FATHER_OF,1,FR-b797f0f3cc8c25c0
HP-00033876,HP-00033869,FATHER_OF,1,FR-6b7d9cd28d69b928
HP-00033886,HP-00033879,FATHER_OF,1,FR-7cb1ab39ce89e815
HP-00033902,HP-00033895,FATHER_OF,1,FR-3c038b7cc169c712
HP-00033912,HP-00019074,FATHER_OF,1,FR-2bd936e9064c532f
HP-00033923,HP-00033915,FATHER_OF,1,FR-7a243d2adc1ad142
HP-00033933,HP-00033926,FATHER_OF,1,FR-5a29fb6e5c7439d8
HP-00033941,HP-00033936,FATHER_OF,1,FR-3a10fd692ea93061
HP-00033950,HP-00033944,FATHER_OF,1,FR-63d77c15485df8e7
HP-00033960,HP-00033953,FATHER_OF,1,FR-b8a4dd5d89dc6acb
HP-00033968,HP-00033963,FATHER_OF,1,FR-73d492173fd55415
HP-00033978,HP-00033971,FATHER_OF,1,FR-9f34011ad552b7b9
HP-00033988,HP-00033981,FATHER_OF,1,FR-cb45e6bf6d0357ef
HP-00033997,HP-00033991,FATHER_OF,1,FR-5080ea3f72d73e3a
HP-00034017,HP-00034009,FATHER_OF,1,FR-8e3c6c1e1ffb7267
HP-00034025,HP-00034020,FATHER_OF,1,FR-e90f8490998b3b57
HP-00034033,HP-00034028,FATHER_OF,1,FR-dc04373a46593a04
HP-00034049,HP-00034042,FATHER_OF,1,FR-5c6a6328b9ae214d
HP-00034069,HP-00034062,FATHER_OF,1,FR-0b0500437c630b86
HP-00034089,HP-00034081,FATHER_OF,1,FR-27b61ae064b6abbc
HP-00034099,HP-00034092,FATHER_OF,1,FR-d37dbe4e670e3952
HP-00034109,HP-00034102,FATHER_OF,1,FR-3909d9e1b176523f
HP-00034145,HP-00034138,FATHER_OF,1,FR-91df8217770825f7
HP-00034156,HP-00034148,FATHER_OF,1,FR-0a622a9a2808f32a
HP-00034165,HP-00034159,FATHER_OF,1,FR-c6456be262a050b4
HP-00034174,HP-00034168,FATHER_OF,1,FR-20c262d759e4e5e9
HP-00034218,HP-00034212,FATHER_OF,1,FR-8e9cdd5b97bd9dc0
HP-00034247,HP-00034239,FATHER_OF,1,FR-9aeba81daef046d4
HP-00034283,HP-00034276,FATHER_OF,1,FR-85d0f69dc4e2665d
HP-00034303,HP-00034296,FATHER_OF,1,FR-82237893f3295263
HP-00034329,HP-00034322,FATHER_OF,1,FR-0bf06831f1d95a2e
HP-00034337,HP-00034332,FATHER_OF,1,FR-6d32ddcf4ff0c7f5
HP-00034347,HP-00034340,FATHER_OF,1,FR-1b980f04332ba376
HP-00034367,HP-00034360,FATHER_OF,1,FR-e0075fbb3b7ec950
HP-00034400,HP-00019062,FATHER_OF,1,FR-3f3e78d4beffb033
HP-00034411,HP-00034403,FATHER_OF,1,FR-283ffea63660ef5c
HP-00034431,HP-00034424,FATHER_OF,1,FR-e9da5ef58f98a0c9
HP-00034450,HP-00034445,FATHER_OF,1,FR-cc37adf0463de2d9
HP-00034472,HP-00034465,FATHER_OF,1,FR-f2ca19c516e459f3
HP-00034504,HP-00034497,FATHER_OF,1,FR-a9a46bd5710488ce
HP-00034514,HP-00034507,FATHER_OF,1,FR-b9d676a11be4286a
HP-00034556,HP-00034549,FATHER_OF,1,FR-68fa3f24e3183c71
HP-00034574,HP-00034567,FATHER_OF,1,FR-c8fa9d0ca6f4a3d4
HP-00034598,HP-00034591,FATHER_OF,1,FR-8268ade4357ec7c3
HP-00007607,HP-00020038,FATHER_OF,1,FR-35e925de17c41112
HP-00034618,HP-00034611,FATHER_OF,1,FR-654d7c9fa3592fd3
HP-00034640,HP-00034635,FATHER_OF,1,FR-3d7172e15611ff68
HP-00034648,HP-00034643,FATHER_OF,1,FR-517a305c7ebd2f82
HP-00034666,HP-00034661,FATHER_OF,1,FR-9fae0d0be4166690
HP-00034676,HP-00034669,FATHER_OF,1,FR-bc031599c1dfc0c8
HP-00007885,HP-00034679,FATHER_OF,1,FR-b6922870c04dca5a
HP-00034696,HP-00034689,FATHER_OF,1,FR-f40e8cb3c7437d23
HP-00034705,HP-00034698,FATHER_OF,1,FR-3dfdf4522eac3f63
HP-00034713,HP-00034708,FATHER_OF,1,FR-46c3a7e0a5c99402
HP-00034723,HP-00034716,FATHER_OF,1,FR-9329b4d428481ff5
HP-00034733,HP-00034726,FATHER_OF,1,FR-19da213d4ac1bec5
HP-00034742,HP-00034736,FATHER_OF,1,FR-e615f476f0550f95
HP-00034752,HP-00034745,FATHER_OF,1,FR-61b56cc7825f6bb3
HP-00034763,HP-00034755,FATHER_OF,1,FR-948a7d1b389ca218
HP-00034779,HP-00034774,FATHER_OF,1,FR-95faed9b975679b1
HP-00034789,HP-00034782,FATHER_OF,1,FR-451453042bf5f135
HP-00034799,HP-00034792,FATHER_OF,1,FR-271fd6ee6e01b801
HP-00034809,HP-00034802,FATHER_OF,1,FR-bf8faaa7673c23cf
HP-00034819,HP-00034812,FATHER_OF,1,FR-2427d5e7411c00a3
HP-00034826,HP-00034822,FATHER_OF,1,FR-c3337a2b8ae78489
HP-00034842,HP-00034835,FATHER_OF,1,FR-0894c43e4975c836
HP-00034852,HP-00034845,FATHER_OF,1,FR-ab70add1894296fb
HP-00034862,HP-00034855,FATHER_OF,1,FR-9ac1ddc30ec33eeb
HP-00034880,HP-00034873,FATHER_OF,1,FR-c91726c51d48ef6c
HP-00034890,HP-00034883,FATHER_OF,1,FR-ee44c6d728169c8e
HP-00034900,HP-00034893,FATHER_OF,1,FR-7dbad9ee8e685a22
HP-00034936,HP-00034929,FATHER_OF,1,FR-7adfc2d354fc6035
HP-00034946,HP-00034939,FATHER_OF,1,FR-2b1a594031677897
HP-00034966,HP-00034959,FATHER_OF,1,FR-0c44dcc69f0504dc
HP-00034986,HP-00034979,FATHER_OF,1,FR-769f57aa9eef0614
HP-00034996,HP-00034989,FATHER_OF,1,FR-90fb026b6359ce37
HP-00035006,HP-00034999,FATHER_OF,1,FR-6fc9156a2c1da011
HP-00035014,HP-00035009,FATHER_OF,1,FR-49e5e5659d8ecced
HP-00035032,HP-00035025,FATHER_OF,1,FR-9c77ff0c7cfbbde8
HP-00035042,HP-00035035,FATHER_OF,1,FR-5d103807e23cdf81
HP-00035050,HP-00035045,FATHER_OF,1,FR-1a0d35f5560e4470
HP-00035058,HP-00035053,FATHER_OF,1,FR-9317c0b27d03c503
HP-00035078,HP-00035071,FATHER_OF,1,FR-58c695a07e40afdc
HP-00035086,HP-00035081,FATHER_OF,1,FR-5a7a9cc60bca2478
HP-00035112,HP-00035105,FATHER_OF,1,FR-25e56097d88695ef
HP-00035122,HP-00035115,FATHER_OF,1,FR-157b591a16e90fc2
HP-00035132,HP-00035125,FATHER_OF,1,FR-6f452d2af27942fc
HP-00035142,HP-00035135,FATHER_OF,1,FR-6fc62de3ce0081dc
HP-00035152,HP-00035145,FATHER_OF,1,FR-4bc9f25361a048b7
HP-00035142,HP-00035169,FATHER_OF,1,FR-e7ea16c28f9b4712
HP-00035184,HP-00035177,FATHER_OF,1,FR-72c399bbf0f7b0ac
HP-00035200,HP-00035195,FATHER_OF,1,FR-51c65015580b1358
HP-00035210,HP-00035203,FATHER_OF,1,FR-e8ccff18fbf8d5d7
HP-00035220,HP-00035213,FATHER_OF,1,FR-d7658ccc3ab347f3
HP-00035228,HP-00035223,FATHER_OF,1,FR-11df8edb3d29bb67
HP-00035238,HP-00035231,FATHER_OF,1,FR-b3a9fc9feaa18a8a
HP-00035248,HP-00035241,FATHER_OF,1,FR-19262c0ad94bf437
HP-00035258,HP-00035251,FATHER_OF,1,FR-e0bf860e7deaf60e
HP-00035268,HP-00035261,FATHER_OF,1,FR-294effc4509b397f
HP-00035314,HP-00035307,FATHER_OF,1,FR-3ea62ee8625f71e8
HP-00035324,HP-00035317,FATHER_OF,1,FR-d8b81b35af8b3fe6
HP-00035334,HP-00035327,FATHER_OF,1,FR-16bb466a3cfa9bc8
HP-00035344,HP-00035337,FATHER_OF,1,FR-7f9e97ab62c04370
HP-00035354,HP-00035347,FATHER_OF,1,FR-92659b17787c1bc4
HP-00035372,HP-00035367,FATHER_OF,1,FR-14f6fc289d4d9d0a
HP-00035400,HP-00035393,FATHER_OF,1,FR-8dfd5b229a5c3642
HP-00035410,HP-00022403,FATHER_OF,1,FR-c933bc95fb951d96
HP-00035428,HP-00035421,FATHER_OF,1,FR-5acdf4461f0355b8
HP-00035438,HP-00035431,FATHER_OF,1,FR-875730fea972a25c
HP-00035446,HP-00035441,FATHER_OF,1,FR-2cda94c2a4a7b48c
HP-00035464,HP-00035459,FATHER_OF,1,FR-d56424ac34496653
HP-00035474,HP-00035467,FATHER_OF,1,FR-f3c249457ca83827
HP-00035484,HP-00035477,FATHER_OF,1,FR-7501003c4af7cdd6
HP-00035504,HP-00035497,FATHER_OF,1,FR-e0c65abbe661cffe
HP-00035530,HP-00035523,FATHER_OF,1,FR-7c7ed97e0e53beb2
HP-00035540,HP-00035533,FATHER_OF,1,FR-62065ee00e9df4f5
HP-00035552,HP-00035549,FATHER_OF,1,FR-789bdf892438e0fc
HP-00035562,HP-00035555,FATHER_OF,1,FR-cd949cc3083509ef
HP-00035582,HP-00035575,FATHER_OF,1,FR-859bf4ec1beef986
HP-00035600,HP-00035595,FATHER_OF,1,FR-57d641fb540d8057
HP-00035610,HP-00035603,FATHER_OF,1,FR-3147a68f59a5dfc4
HP-00035618,HP-00035613,FATHER_OF,1,FR-e509570f85e8bf8b
HP-00035628,HP-00035621,FATHER_OF,1,FR-d2af8c04009c48bd
HP-00035671,HP-00035664,FATHER_OF,1,FR-98bad5798ba76e60
HP-00035681,HP-00035674,FATHER_OF,1,FR-96ba2be553b4f753
HP-00035689,HP-00035684,FATHER_OF,1,FR-dbffcb75cd37e144
HP-00035699,HP-00035692,FATHER_OF,1,FR-c7db44ec283d1c78
HP-00035709,HP-00035702,FATHER_OF,1,FR-bd191fd354c45749
HP-00035719,HP-00035712,FATHER_OF,1,FR-d02740f7f1dca12f
HP-00035730,HP-00035722,FATHER_OF,1,FR-aa38b2f29e4254b0
HP-00035738,HP-00035733,FATHER_OF,1,FR-6bd11545998ab415
HP-00035748,HP-00023049,FATHER_OF,1,FR-73edc06a4c88be4d
HP-00035758,HP-00035751,FATHER_OF,1,FR-431fcd7ec811a51c
HP-00035768,HP-00035761,FATHER_OF,1,FR-642e6b77befe56c7
HP-00035777,HP-00035771,FATHER_OF,1,FR-a8828d7dc324f94d
HP-00035787,HP-00035780,FATHER_OF,1,FR-89d3ef62f8cef34b
HP-00035797,HP-00035790,FATHER_OF,1,FR-a5c1738fd11200d4
HP-00035807,HP-00035800,FATHER_OF,1,FR-7a6dff8b6bf78c84
HP-00035817,HP-00035810,FATHER_OF,1,FR-d2a382b0561f5197
HP-00035837,HP-00035830,FATHER_OF,1,FR-11a53c1c470405c2
HP-00035847,HP-00035840,FATHER_OF,1,FR-d17188303fcbb9fc
HP-00035857,HP-00035850,FATHER_OF,1,FR-c6d907ec184207ec
HP-00035867,HP-00035860,FATHER_OF,1,FR-aeb961d208795508
HP-00035877,HP-00035870,FATHER_OF,1,FR-1f2c6113cf8425c1
HP-00035897,HP-00035890,FATHER_OF,1,FR-5f40bcfb14a6856c
HP-00035917,HP-00035910,FATHER_OF,1,FR-fd07056959c72031
HP-00035924,HP-00035920,FATHER_OF,1,FR-3be34e23783ef0ea
HP-00035934,HP-00035927,FATHER_OF,1,FR-1f0d6e2b7479d1fd
HP-00035944,HP-00035937,FATHER_OF,1,FR-50c7279ae3ef7a4d
HP-00035954,HP-00035947,FATHER_OF,1,FR-b0724443387ad249
HP-00035964,HP-00035957,FATHER_OF,1,FR-1e39c839f3002eac
HP-00036004,HP-00035997,FATHER_OF,1,FR-9ec793977850975f
HP-00036014,HP-00036007,FATHER_OF,1,FR-ca72e07705625c2c
HP-00036024,HP-00036017,FATHER_OF,1,FR-0f3780298eee14f7
HP-00036034,HP-00036027,FATHER_OF,1,FR-576c63bf0368c7bb
HP-00036054,HP-00036047,FATHER_OF,1,FR-c61bd18c1330385a
HP-00036064,HP-00024580,FATHER_OF,1,FR-21f764e41b1d59b6
HP-00036074,HP-00016402,FATHER_OF,1,FR-f80ee0c4aa057a35
HP-00036084,HP-00036077,FATHER_OF,1,FR-f4cd3ccc470788a2
HP-00036094,HP-00036087,FATHER_OF,1,FR-22c94ca7ddd30b1a
HP-00036104,HP-00036097,FATHER_OF,1,FR-25c53d7d7f023510
HP-00036114,HP-00036107,FATHER_OF,1,FR-4f6b33adb3131e58
HP-00036124,HP-00036117,FATHER_OF,1,FR-23eb12c60bcd3399
HP-00036144,HP-00036137,FATHER_OF,1,FR-da235217050191cb
HP-00036164,HP-00036157,FATHER_OF,1,FR-bf2b6874990dede8
HP-00036174,HP-00036167,FATHER_OF,1,FR-04197cc94d80d26d
HP-00036184,HP-00036177,FATHER_OF,1,FR-1580c1b45d6f643d
HP-00036194,HP-00036187,FATHER_OF,1,FR-402c99e7e36240ee
HP-00036204,HP-00036197,FATHER_OF,1,FR-f86281636bc36949
HP-00036214,HP-00036207,FATHER_OF,1,FR-9d7d1b17d4351232
HP-00036224,HP-00036217,FATHER_OF,1,FR-bd79262bc5ec7c47
HP-00036234,HP-00036227,FATHER_OF,1,FR-cc4151197e3f3102
HP-00036254,HP-00036247,FATHER_OF,1,FR-b606745ae5c90712
HP-00036264,HP-00036257,FATHER_OF,1,FR-580c4ba0a1570ad5
HP-00036284,HP-00036277,FATHER_OF,1,FR-fae06363dc899935
HP-00036294,HP-00036287,FATHER_OF,1,FR-2604a3dfb1e695f9
HP-00036304,HP-00036297,FATHER_OF,1,FR-5d95de9ee138c350
HP-00036314,HP-00036307,FATHER_OF,1,FR-b944c3e7ca6e9bfe
HP-00036325,HP-00036317,FATHER_OF,1,FR-40f52b4076728229
HP-00036335,HP-00036328,FATHER_OF,1,FR-5d3767c220cd5cc9
HP-00036345,HP-00036338,FATHER_OF,1,FR-0032e64c8cac364e
HP-00036375,HP-00036368,FATHER_OF,1,FR-e03c9e860799bf10
HP-00036385,HP-00036378,FATHER_OF,1,FR-127fb851ef603e79
HP-00036395,HP-00036388,FATHER_OF,1,FR-41bc513ab3c35b39
HP-00036405,HP-00036398,FATHER_OF,1,FR-6583f371a8d03d73
HP-00036415,HP-00036408,FATHER_OF,1,FR-3239051ea161d5f6
HP-00036425,HP-00036418,FATHER_OF,2,FR-458b6c41904b5cd4
HP-00036453,HP-00036446,FATHER_OF,1,FR-ed84c1fa0468df36
HP-00036463,HP-00036456,FATHER_OF,1,FR-e41a27efdf4180a1
HP-00036494,HP-00036488,FATHER_OF,1,FR-9b8f4ac3972642cb
HP-00036504,HP-00036497,FATHER_OF,1,FR-2cd84e1ea6e31e72
HP-00036514,HP-00036507,FATHER_OF,1,FR-e9ae4ddeb3b980c8
HP-00036557,HP-00036550,FATHER_OF,1,FR-153db1bae7c83a9b
HP-00036597,HP-00024036,FATHER_OF,1,FR-144753dd0bb43535
HP-00036607,HP-00036600,FATHER_OF,1,FR-faf28c6cc8a6fe0c
HP-00036626,HP-00036619,FATHER_OF,1,FR-7ddf7973d2af3414
HP-00036636,HP-00036629,FATHER_OF,1,FR-7de51cefb4150019
HP-00036645,HP-00036639,FATHER_OF,1,FR-3435b03c05d8051f
HP-00036655,HP-00036648,FATHER_OF,1,FR-577c6a058e21a5ea
HP-00036673,HP-00036667,FATHER_OF,1,FR-de7f52795b2e6fe1
HP-00036683,HP-00036676,FATHER_OF,1,FR-6bca1acd24dfb5db
HP-00036693,HP-00036686,FATHER_OF,1,FR-957f4ce076e0423d
HP-00036703,HP-00036696,FATHER_OF,1,FR-1dce7f6fe7e7fd60
HP-00033014,HP-00036745,FATHER_OF,1,FR-fb137f0528d24541
HP-00036763,HP-00015982,FATHER_OF,2,FR-726b4cb24464c046
HP-00036773,HP-00036766,FATHER_OF,1,FR-1c9823a11082da8e
HP-00036793,HP-00036786,FATHER_OF,1,FR-b32a706afb48d54a
HP-00036803,HP-00036796,FATHER_OF,1,FR-b87152a229b10aef
HP-00036813,HP-00036806,FATHER_OF,1,FR-ecc43c4ac5c32f7d
HP-00036823,HP-00036816,FATHER_OF,1,FR-a33a83375a260a98
HP-00036833,HP-00036826,FATHER_OF,1,FR-04c172aedf757106
HP-00036843,HP-00036836,FATHER_OF,1,FR-eca1f03722b6f4e8
HP-00036852,HP-00036846,FATHER_OF,1,FR-ac6cf85800df0401
HP-00036862,HP-00036855,FATHER_OF,1,FR-5a5585c06bdd41c3
HP-00036872,HP-00021047,FATHER_OF,1,FR-54ed8dc14fc6373b
HP-00036882,HP-00036875,FATHER_OF,1,FR-68c7dcc4853c12e3
HP-00036892,HP-00036885,FATHER_OF,1,FR-56558630033d5d36
HP-00036902,HP-00036895,FATHER_OF,1,FR-a7c4b8d8e8f05f58
HP-00036913,HP-00012715,FATHER_OF,1,FR-29868c1f90d6f40d
HP-00036923,HP-00036916,FATHER_OF,1,FR-99d88b90ba9515af
HP-00036933,HP-00036926,FATHER_OF,1,FR-4ba68d3b9d9a409c
HP-00036966,HP-00036958,FATHER_OF,1,FR-091161c9fe8a91f8
HP-00036977,HP-00036969,FATHER_OF,1,FR-f4112c8ccd3d70d6
HP-00036988,HP-00036980,FATHER_OF,1,FR-9d58a87edf79cc8a
HP-00036999,HP-00036991,FATHER_OF,1,FR-2c715acdcbd9f0f2
HP-00037010,HP-00037002,FATHER_OF,1,FR-af6a700ee7018780
HP-00037021,HP-00037013,FATHER_OF,1,FR-d3c5bfdcafc6339f
HP-00037032,HP-00037024,FATHER_OF,1,FR-2eaf580549dea100
HP-00037042,HP-00015515,FATHER_OF,1,FR-174f5c393bc3949d
HP-00037052,HP-00037045,FATHER_OF,1,FR-b5190ebcdadaaa40
HP-00037062,HP-00037055,FATHER_OF,1,FR-22263d401654f417
HP-00037085,HP-00037079,FATHER_OF,1,FR-d9397dd216760852
HP-00037096,HP-00037088,FATHER_OF,1,FR-693c0ee4568c5f82
HP-00037118,HP-00037110,FATHER_OF,1,FR-2cc968e2d7d5ec40
HP-00037169,HP-00037161,FATHER_OF,1,FR-28c4108267dd0c5e
HP-00037180,HP-00037172,FATHER_OF,1,FR-59402682df8a28ce
HP-00037191,HP-00037183,FATHER_OF,1,FR-9a74274ecb632142
HP-00037224,HP-00037216,FATHER_OF,1,FR-115f95f02016cf08
HP-00037246,HP-00037238,FATHER_OF,1,FR-d08a14e640654b85
HP-00037257,HP-00037249,FATHER_OF,1,FR-a280c0229dfec553
HP-00037279,HP-00037271,FATHER_OF,1,FR-bf22c659deb8f42f
HP-00037290,HP-00037282,FATHER_OF,1,FR-b3f6c85fe528cff8
HP-00037301,HP-00037293,FATHER_OF,1,FR-d44eb61414f328c1
HP-00037323,HP-00037315,FATHER_OF,1,FR-0286a3a49d4d3f09
HP-00037334,HP-00037326,FATHER_OF,1,FR-bb874bb094ec9b86
HP-00037345,HP-00037337,FATHER_OF,1,FR-88dfdb629a1c5412
HP-00037356,HP-00037348,FATHER_OF,1,FR-52bef10bb3a7c15f
HP-00037367,HP-00037359,FATHER_OF,1,FR-ebea5a20dcc091c0
HP-00037378,HP-00037370,FATHER_OF,1,FR-b9744734f8e3a89f
HP-00037399,HP-00037391,FATHER_OF,1,FR-fb0a9332e2a4e55a
HP-00037410,HP-00037402,FATHER_OF,1,FR-65492dc12d5bf1e4
HP-00037421,HP-00037413,FATHER_OF,1,FR-c73b66ec6c90c048
HP-00037449,HP-00037441,FATHER_OF,1,FR-892f86dc92b3b0ff
HP-00037460,HP-00037452,FATHER_OF,1,FR-c1ba4122edc84c99
HP-00037501,HP-00037493,FATHER_OF,1,FR-216c7df8b5504cd6
HP-00037542,HP-00037537,FATHER_OF,1,FR-4ec94b4093647d90
HP-00037562,HP-00037555,FATHER_OF,1,FR-d1ff29c1ab272aea
HP-00037572,HP-00037565,FATHER_OF,1,FR-7259d6e2912d63f7
HP-00037582,HP-00037575,FATHER_OF,1,FR-4601fead7b05bd2e
HP-00037592,HP-00037585,FATHER_OF,1,FR-1905b57b11b75ada
HP-00037600,HP-00037595,FATHER_OF,1,FR-7434e34ea69a1b23
HP-00037620,HP-00037613,FATHER_OF,1,FR-cef69d6536c62189
HP-00037629,HP-00037623,FATHER_OF,1,FR-2a123ff163c47607
HP-00037648,HP-00037641,FATHER_OF,1,FR-d5be820bea0e373e
HP-00037656,HP-00037651,FATHER_OF,1,FR-88afe1569d5857e5
HP-00037682,HP-00037675,FATHER_OF,1,FR-c2ebfafa343945ab
HP-00037690,HP-00037685,FATHER_OF,1,FR-e439a81bb936b462
HP-00037700,HP-00037693,FATHER_OF,1,FR-cc13d833dcfc8737
HP-00037710,HP-00037703,FATHER_OF,1,FR-c13b8e4dd01e23f9
HP-00037740,HP-00037733,FATHER_OF,1,FR-1fa2b4078c644ea9
HP-00037750,HP-00037743,FATHER_OF,1,FR-46419508b27f8bf9
HP-00037782,HP-00037777,FATHER_OF,1,FR-79bfacadd113824e
HP-00037792,HP-00037785,FATHER_OF,1,FR-ece5d32ac0d1aefe
HP-00037803,HP-00037795,FATHER_OF,1,FR-1644f04a50f868f3
HP-00037813,HP-00037806,FATHER_OF,1,FR-488edb4507e57c90
HP-00037823,HP-00013532,FATHER_OF,1,FR-bbc39eed98c0f656
HP-00037843,HP-00037836,FATHER_OF,1,FR-86fea58e2d02cb9a
HP-00037853,HP-00037846,FATHER_OF,1,FR-60efde8b39fbf5e4
HP-00037871,HP-00037866,FATHER_OF,1,FR-a7802fcd1be1ef38
HP-00037895,HP-00037888,FATHER_OF,1,FR-ecbb515990e55f8f
HP-00037905,HP-00037898,FATHER_OF,1,FR-ce0c0307c8e8d716
HP-00037915,HP-00037908,FATHER_OF,1,FR-e0eb7d4fdbe5cebd
HP-00037931,HP-00013728,FATHER_OF,1,FR-96f5c528fd15940a
HP-00037941,HP-00037934,FATHER_OF,1,FR-9329d4f61bf1bc2a
HP-00037959,HP-00037952,FATHER_OF,1,FR-25dedb7ed4e15364
HP-00037979,HP-00037972,FATHER_OF,1,FR-7ff5efa68f90e383
HP-00037989,HP-00037982,FATHER_OF,1,FR-287977efb45e6428
HP-00038000,HP-00037992,FATHER_OF,1,FR-aacb6cd0f5caab32
HP-00038028,HP-00038023,FATHER_OF,1,FR-a005b5b4636346e1
HP-00038056,HP-00038049,FATHER_OF,1,FR-07c04e34d187b6c9
HP-00038084,HP-00038079,FATHER_OF,1,FR-f6d292347a035474
HP-00038094,HP-00038087,FATHER_OF,1,FR-64f19efad5cd6998
HP-00038104,HP-00038097,FATHER_OF,1,FR-29417cfadc76bc9e
HP-00038124,HP-00038117,FATHER_OF,1,FR-a1da25e9f039c6d4
HP-00038162,HP-00038155,FATHER_OF,1,FR-9f14122df8be645a
HP-00038172,HP-00038165,FATHER_OF,1,FR-50f117d90bef1adc
HP-00038182,HP-00038175,FATHER_OF,1,FR-023355dbf89dab1f
HP-00038190,HP-00038185,FATHER_OF,1,FR-1d7f4d628299ed6a
HP-00038198,HP-00038193,FATHER_OF,1,FR-59256e3eb7bd2084
HP-00038208,HP-00038201,FATHER_OF,1,FR-aba0973a7d538edd
HP-00038238,HP-00038231,FATHER_OF,1,FR-c1a2b04ec87aaea7
HP-00034546,HP-00038262,FATHER_OF,1,FR-5cab503a0f6c18a7
HP-00038281,HP-00038273,FATHER_OF,1,FR-840ffb5d69d012b5
HP-00038292,HP-00012070,FATHER_OF,1,FR-8346f8602e87275f
HP-00038303,HP-00038295,FATHER_OF,1,FR-4d117261411a44a4
HP-00038314,HP-00038306,FATHER_OF,1,FR-42128a8ef6a4fec3
HP-00030821,HP-00038317,FATHER_OF,1,FR-9a4ff87e2f4ab961
HP-00038369,HP-00015375,FATHER_OF,1,FR-50599e188bc65d20
HP-00038380,HP-00038372,FATHER_OF,1,FR-de331aeb066d04d3
HP-00036034,HP-00038383,FATHER_OF,1,FR-a2ae88e44152ae8f
HP-00038413,HP-00038405,FATHER_OF,1,FR-df8e3bcce9402e52
HP-00038424,HP-00038416,FATHER_OF,1,FR-aac048670f914ce1
HP-00038435,HP-00038427,FATHER_OF,1,FR-10512d2391fe05d9
HP-00038446,HP-00038438,FATHER_OF,1,FR-eb67fc93b99ea74d
HP-00038469,HP-00038460,FATHER_OF,1,FR-5c3b7866e3517980
HP-00038502,HP-00038494,FATHER_OF,1,FR-680e11ab58e8e85d
HP-00038524,HP-00038516,FATHER_OF,1,FR-3a122fa0b403700a
HP-00038533,HP-00038527,FATHER_OF,1,FR-476fe3863f54a791
HP-00038543,HP-00038536,FATHER_OF,1,FR-f9a2aacecc36b3c8
HP-00038554,HP-00038546,FATHER_OF,1,FR-66f156b40141f38d
HP-00038565,HP-00038557,FATHER_OF,1,FR-0221fc91900ce1fd
HP-00038576,HP-00038568,FATHER_OF,1,FR-e2719de8f796636b
HP-00038598,HP-00038590,FATHER_OF,1,FR-8f3df324fee55039
HP-00038609,HP-00038601,FATHER_OF,1,FR-9d139410fdbcb148
HP-00038620,HP-00038612,FATHER_OF,1,FR-e5e37ca126bc1bb9
HP-00038630,HP-00038623,FATHER_OF,1,FR-a33ffc2d97056515
HP-00038640,HP-00038633,FATHER_OF,1,FR-c5e347a78703f8c9
HP-00038651,HP-00038643,FATHER_OF,1,FR-d1b4dec8ed4e69ff
HP-00038662,HP-00038654,FATHER_OF,1,FR-1d59a7c9b073857b
HP-00038673,HP-00038665,FATHER_OF,1,FR-7c67a329ae752bed
HP-00038684,HP-00038676,FATHER_OF,1,FR-ddf7693a3bec6a7e
HP-00038715,HP-00038707,FATHER_OF,1,FR-fbc1c491dbb813c3
HP-00038726,HP-00038718,FATHER_OF,1,FR-a29fe6d19bf88848
HP-00038737,HP-00038729,FATHER_OF,1,FR-4c1a84100b81fd6d
HP-00038759,HP-00038751,FATHER_OF,1,FR-fdd075dfdb42d563
HP-00038781,HP-00038773,FATHER_OF,1,FR-043fbb471163b1b5
HP-00038791,HP-00038784,FATHER_OF,1,FR-08466c76223f6dea
HP-00038802,HP-00038794,FATHER_OF,1,FR-bc000e5595e3daf7
HP-00038824,HP-00038816,FATHER_OF,1,FR-30247a43b2ffbec2
HP-00038835,HP-00038827,FATHER_OF,1,FR-8bf64c8dd305cc4e
HP-00038844,HP-00038838,FATHER_OF,1,FR-02778a94913b804a
HP-00038855,HP-00038847,FATHER_OF,1,FR-0b856d33d55e914c
HP-00038866,HP-00038858,FATHER_OF,1,FR-10b865fe11e7ab8b
HP-00038877,HP-00016038,FATHER_OF,1,FR-5ab6d076f83f5c91
HP-00038888,HP-00038880,FATHER_OF,1,FR-ca50c1b51695e07e
HP-00038899,HP-00038891,FATHER_OF,1,FR-cd1d89872f024d31
HP-00038921,HP-00038913,FATHER_OF,1,FR-ed715e19f1d4b4ca
HP-00038932,HP-00038924,FATHER_OF,1,FR-4e6f0b037534f841
HP-00038954,HP-00038946,FATHER_OF,1,FR-0918b4c2c6271f84
HP-00038965,HP-00038957,FATHER_OF,1,FR-64cb4946bd11e077
HP-00038976,HP-00038968,FATHER_OF,1,FR-30da47cc332a760f
HP-00038987,HP-00038979,FATHER_OF,1,FR-dfb9bb4eaba81a34
HP-00038998,HP-00038990,FATHER_OF,1,FR-fa4150fe907539eb
HP-00039008,HP-00039001,FATHER_OF,1,FR-734c73f3f346d20c
HP-00039018,HP-00039011,FATHER_OF,1,FR-86614fd2cb371325
HP-00039029,HP-00039021,FATHER_OF,1,FR-01c63ffb642e4cd1
HP-00039040,HP-00039032,FATHER_OF,1,FR-a0f688f2b2a2c837
HP-00039051,HP-00039043,FATHER_OF,1,FR-35a4de57a891a045
HP-00039061,HP-00039054,FATHER_OF,1,FR-356ba85eb27b4d66
HP-00039081,HP-00039075,FATHER_OF,1,FR-557d575c7f66d503
HP-00039091,HP-00039084,FATHER_OF,1,FR-369433f3c06e2267
HP-00039107,HP-00039101,FATHER_OF,1,FR-cc1e3f1fdb024567
HP-00030498,HP-00039121,FATHER_OF,1,FR-2a2d86b637c4925d
HP-00039140,HP-00039132,FATHER_OF,1,FR-3716152daef23c7d
HP-00039151,HP-00039143,FATHER_OF,1,FR-0404b0c5efe3f810
HP-00039180,HP-00039173,FATHER_OF,1,FR-c14eea6dc6d30caa
HP-00039202,HP-00039194,FATHER_OF,1,FR-a24535e843c87ef5
HP-00039213,HP-00039205,FATHER_OF,1,FR-cd45ce4e4d29c343
HP-00039233,HP-00014484,FATHER_OF,1,FR-202d166397b63f74
HP-00039244,HP-00039236,FATHER_OF,1,FR-273836bdf1739060
HP-00039255,HP-00039247,FATHER_OF,1,FR-265a69a4e4192e38
HP-00039266,HP-00039258,FATHER_OF,1,FR-a1430a8b35d10c5e
HP-00039284,HP-00039276,FATHER_OF,1,FR-14a34e58a9db5bd2
HP-00039298,HP-00039293,FATHER_OF,1,FR-d8b6e4da576db2dd
HP-00039308,HP-00039301,FATHER_OF,1,FR-58808542cba071c7
HP-00039319,HP-00039311,FATHER_OF,1,FR-7404be26bc23f1b2
HP-00039328,HP-00039322,FATHER_OF,1,FR-ddc33423bf7a931e
HP-00039339,HP-00039331,FATHER_OF,1,FR-c5c3261e39c9b86b
HP-00039348,HP-00039342,FATHER_OF,1,FR-42bad02e8845853f
HP-00039359,HP-00039351,FATHER_OF,1,FR-9bd6fb6473a66ac3
HP-00039381,HP-00039373,FATHER_OF,1,FR-819169f219156d8d
HP-00039392,HP-00039384,FATHER_OF,1,FR-aaf12f444951f6a2
HP-00039402,HP-00039395,FATHER_OF,1,FR-cf01b5175dd62d85
HP-00039412,HP-00039405,FATHER_OF,1,FR-eb256aa59c34fcb4
HP-00039441,HP-00039433,FATHER_OF,1,FR-5982019d99c69257
HP-00039450,HP-00039444,FATHER_OF,1,FR-3075c3a0153ef274
HP-00039461,HP-00039453,FATHER_OF,1,FR-55f13862de71041b
HP-00039471,HP-00039464,FATHER_OF,1,FR-071aba05e59034c8
HP-00037378,HP-00039474,FATHER_OF,1,FR-08dbf49f1738d77f
HP-00039489,HP-00039482,FATHER_OF,1,FR-733e034d55b0a059
HP-00032716,HP-00039492,FATHER_OF,1,FR-f767644757c8018c
HP-00039519,HP-00039512,FATHER_OF,1,FR-0b97515f990d6b36
HP-00039529,HP-00039522,FATHER_OF,1,FR-a940af69b2cf8d12
HP-00039550,HP-00039542,FATHER_OF,1,FR-1a80de0b999823c9
HP-00039561,HP-00039553,FATHER_OF,1,FR-dbe1918df41b1ca0
HP-00039572,HP-00011426,FATHER_OF,1,FR-959f19d637d772c6
HP-00039594,HP-00039586,FATHER_OF,1,FR-935aa5a86225eddf
HP-00039605,HP-00039597,FATHER_OF,1,FR-3f0b387e1ad9b24b
HP-00039627,HP-00039619,FATHER_OF,1,FR-0f9786de0d6053e0
HP-00039638,HP-00039630,FATHER_OF,1,FR-ed1b88dea8e85a26
HP-00039649,HP-00039641,FATHER_OF,1,FR-a9cc4d4ed058ad2f
HP-00039671,HP-00039663,FATHER_OF,1,FR-3b59a6f33a0937d6
HP-00039682,HP-00039674,FATHER_OF,1,FR-2e6ef2b5656472da
HP-00039693,HP-00039685,FATHER_OF,1,FR-bf79dd925321665a
HP-00039704,HP-00039696,FATHER_OF,1,FR-775dfceea3c737a0
HP-00039737,HP-00039729,FATHER_OF,1,FR-4d7cbf35ff237ca6
HP-00039748,HP-00039740,FATHER_OF,1,FR-138ec796e569a42e
HP-00039759,HP-00039751,FATHER_OF,1,FR-f549b34c9ef62b53
HP-00039770,HP-00039762,FATHER_OF,2,FR-f31f18eb9ff43aa7
HP-00039781,HP-00039773,FATHER_OF,1,FR-418633a204891041
HP-00039792,HP-00039784,FATHER_OF,1,FR-f41fa0492d21a613
HP-00039812,HP-00039804,FATHER_OF,1,FR-1e7f8103b1dfed02
HP-00039823,HP-00039815,FATHER_OF,1,FR-71b60f25998d958e
HP-00039833,HP-00039826,FATHER_OF,1,FR-d9e9f17e91c01d32
HP-00039844,HP-00039836,FATHER_OF,1,FR-0550de324af99926
HP-00039855,HP-00039847,FATHER_OF,1,FR-f0f88d1a5fdb3eb4
HP-00039866,HP-00039858,FATHER_OF,1,FR-06da89b045bd332a
HP-00039888,HP-00039880,FATHER_OF,1,FR-baed53f5bacd16e7
HP-00039899,HP-00039891,FATHER_OF,1,FR-23ce1ed05ca76dc2
HP-00039910,HP-00039902,FATHER_OF,1,FR-d88a2071f98310a6
HP-00039921,HP-00039913,FATHER_OF,1,FR-ea8cb76d92cef783
HP-00039932,HP-00039924,FATHER_OF,1,FR-e15c5e13a0987813
HP-00039954,HP-00039946,FATHER_OF,1,FR-612d4cc52f0f2e69
HP-00039965,HP-00039957,FATHER_OF,1,FR-16c31eaa6c388890
HP-00039976,HP-00039968,FATHER_OF,1,FR-ebe13ac26303ac09
HP-00039997,HP-00011048,FATHER_OF,1,FR-a204c0ce7f4e208a
HP-00040008,HP-00040000,FATHER_OF,1,FR-a4843b831d60cee3
HP-00040030,HP-00040022,FATHER_OF,1,FR-88633108869f3b4c
HP-00040041,HP-00040033,FATHER_OF,1,FR-a0748a7e3d79e0c1
HP-00040060,HP-00040052,FATHER_OF,1,FR-c60c81be736153de
HP-00040071,HP-00040063,FATHER_OF,1,FR-f193567f14d4658f
HP-00040082,HP-00040074,FATHER_OF,1,FR-65fe6bc0df3ae2d2
HP-00040091,HP-00040085,FATHER_OF,1,FR-e73aa14506e43f0d
HP-00040111,HP-00040105,FATHER_OF,1,FR-a9a88ae0d08bea71
HP-00040139,HP-00040131,FATHER_OF,1,FR-1b8ba8261c356504
HP-00040150,HP-00040142,FATHER_OF,1,FR-3dfc4d2b0ba7ee95
HP-00040161,HP-00040153,FATHER_OF,1,FR-d15bea6334f737bf
HP-00040172,HP-00040164,FATHER_OF,1,FR-e883ff9f7026142e
HP-00040182,HP-00040175,FATHER_OF,1,FR-8c0183371b33fa7e
HP-00040209,HP-00040201,FATHER_OF,1,FR-5a855a08adb93a02
HP-00040220,HP-00040212,FATHER_OF,1,FR-9761b625ae6867ee
HP-00040231,HP-00040223,FATHER_OF,1,FR-4d0b3bcef1a67443
HP-00040242,HP-00040234,FATHER_OF,1,FR-8b5c1b2a47fdea27
HP-00040252,HP-00040245,FATHER_OF,1,FR-853c2505b77162ad
HP-00040262,HP-00040255,FATHER_OF,1,FR-ab88686714bbe465
HP-00040271,HP-00040265,FATHER_OF,1,FR-d2629184687233dc
HP-00040280,HP-00040274,FATHER_OF,1,FR-5043e4eeb7d2f0c9
HP-00040289,HP-00040283,FATHER_OF,1,FR-9be4c07d4ad1d71b
HP-00040299,HP-00040292,FATHER_OF,1,FR-552822d36411cbe0
HP-00040315,HP-00040310,FATHER_OF,1,FR-3e9e86d105f432c9
HP-00040325,HP-00040318,FATHER_OF,1,FR-bb07e0424b5977fe
HP-00040345,HP-00040340,FATHER_OF,1,FR-dcfaf5b2656bf983
HP-00040353,HP-00040348,FATHER_OF,1,FR-20f6f077aadba9d6
HP-00040363,HP-00040356,FATHER_OF,1,FR-01493cd73657968b
HP-00040371,HP-00040366,FATHER_OF,1,FR-180ad5acd6fee3a4
HP-00040380,HP-00040374,FATHER_OF,1,FR-0fd41f89078a279b
HP-00040388,HP-00040383,FATHER_OF,1,FR-17528e05fd1e0abb
HP-00040396,HP-00040391,FATHER_OF,1,FR-9075971ef28cbd20
HP-00040404,HP-00040399,FATHER_OF,1,FR-6742c28376d3303e
HP-00040412,HP-00040407,FATHER_OF,1,FR-6036a688d51dbead
HP-00040418,HP-00040415,FATHER_OF,1,FR-527168155716b527
HP-00040426,HP-00040421,FATHER_OF,1,FR-332d329fb212da8a
HP-00040432,HP-00040429,FATHER_OF,1,FR-22e8bfb4e2e427fa
HP-00040440,HP-00040435,FATHER_OF,1,FR-e7aa4035a9c5c2cf
HP-00040448,HP-00040443,FATHER_OF,1,FR-f72d0e15b13ce629
HP-00040456,HP-00040451,FATHER_OF,1,FR-62c4aa4db8711894
HP-00040464,HP-00040459,FATHER_OF,1,FR-d382de71d92f4eed
HP-00040472,HP-00040467,FATHER_OF,1,FR-f6482f8fc19b4e03
HP-00040480,HP-00040475,FATHER_OF,2,FR-8e0dbd954afdb5b5
HP-00040488,HP-00040483,FATHER_OF,1,FR-dc574b447863983a
HP-00040496,HP-00040491,FATHER_OF,1,FR-3a972b0719e0b74f
HP-00040504,HP-00040499,FATHER_OF,1,FR-72bd3ed4fa4b66f3
HP-00040512,HP-00040507,FATHER_OF,1,FR-58ffb776b731a729
HP-00040532,HP-00040525,FATHER_OF,1,FR-f73ec0e09b268e30
HP-00040540,HP-00040535,FATHER_OF,1,FR-91210d9abaaa5eea
HP-00040548,HP-00040543,FATHER_OF,1,FR-673d0623caba18d7
HP-00040556,HP-00040551,FATHER_OF,1,FR-6d293cf9294e5c16
HP-00040564,HP-00040559,FATHER_OF,1,FR-3d202ce37a176739
HP-00040572,HP-00040567,FATHER_OF,1,FR-fed4c8691a1c40bf
HP-00040580,HP-00040575,FATHER_OF,1,FR-e7767dcf30e88824
HP-00040588,HP-00040583,FATHER_OF,1,FR-61f1d2bdb4627505
HP-00040596,HP-00040591,FATHER_OF,1,FR-2cf794df58685655
HP-00040604,HP-00040599,FATHER_OF,1,FR-d57546d03e0f981a
HP-00040612,HP-00040607,FATHER_OF,1,FR-a838e83a213609d6
HP-00040620,HP-00040615,FATHER_OF,1,FR-81c883e6de728ead
HP-00040628,HP-00040623,FATHER_OF,1,FR-ec033f4b49d884a3
HP-00040636,HP-00040631,FATHER_OF,1,FR-efe4d1bb6c09b1c6
HP-00040644,HP-00040639,FATHER_OF,1,FR-66f28dc07c4df418
HP-00040652,HP-00040647,FATHER_OF,1,FR-0232e39055301d28
HP-00040660,HP-00040655,FATHER_OF,1,FR-13b9f9a6eb570b8f
HP-00040668,HP-00040663,FATHER_OF,2,FR-4227f72fe1465d16
HP-00040676,HP-00040671,FATHER_OF,1,FR-39eee2070294ed43
HP-00040700,HP-00040695,FATHER_OF,1,FR-0130c3ec45799510
HP-00040708,HP-00040703,FATHER_OF,1,FR-7c8afd52a5b1cbec
HP-00040716,HP-00040711,FATHER_OF,1,FR-c791a654c8a4e4cd
HP-00040734,HP-00040727,FATHER_OF,1,FR-9cd08a3f20125ccc
HP-00039441,HP-00040737,FATHER_OF,1,FR-a10231704426a7fc
HP-00040754,HP-00040747,FATHER_OF,1,FR-0730886546e3b14c
HP-00040764,HP-00040757,FATHER_OF,1,FR-7431103942df0b7f
HP-00040774,HP-00040767,FATHER_OF,1,FR-8670df87cbc5df95
HP-00040784,HP-00040777,FATHER_OF,1,FR-f2dbea6f3f4ca1a3
HP-00040794,HP-00040787,FATHER_OF,1,FR-cf8989605c56ef3b
HP-00031487,HP-00040797,FATHER_OF,1,FR-086ebecf5d544434
HP-00040828,HP-00040823,FATHER_OF,1,FR-284843725a75ea9c
HP-00040836,HP-00040831,FATHER_OF,1,FR-16ee8cf211aad2b0
HP-00040860,HP-00040855,FATHER_OF,1,FR-ac0246a264b23256
HP-00040876,HP-00040871,FATHER_OF,1,FR-0408bb3eb110dd18
HP-00040899,HP-00040895,FATHER_OF,1,FR-8e85357024a24ad7
HP-00040909,HP-00040902,FATHER_OF,1,FR-1804f06b33301cb5
HP-00040919,HP-00040912,FATHER_OF,1,FR-a1e4b385a880ca31
HP-00040929,HP-00040922,FATHER_OF,1,FR-e97c40d32a46ca35
HP-00040939,HP-00040932,FATHER_OF,1,FR-f7da341d2c64cc4a
HP-00040949,HP-00040942,FATHER_OF,1,FR-41380a2123e351c1
HP-00040959,HP-00040952,FATHER_OF,1,FR-82c92303e7eb0d09
HP-00040969,HP-00040962,FATHER_OF,1,FR-9dc2b24197d7642e
HP-00040979,HP-00040972,FATHER_OF,1,FR-32e630115e32d021
HP-00040990,HP-00040982,FATHER_OF,1,FR-22162385f95657fa
HP-00041001,HP-00040993,FATHER_OF,1,FR-92e64897c332e083
HP-00041023,HP-00041015,FATHER_OF,1,FR-ea2faf2094fd26c0
HP-00041075,HP-00041067,FATHER_OF,1,FR-50df6248aed64940
HP-00041097,HP-00041089,FATHER_OF,1,FR-cd9e81e8c75635bf
HP-00041108,HP-00041100,FATHER_OF,1,FR-3a716ffdcec0faa0
HP-00041118,HP-00041111,FATHER_OF,1,FR-918fe2be0d19e71f
HP-00041129,HP-00041121,FATHER_OF,1,FR-de8d2368003a3357
HP-00041140,HP-00041132,FATHER_OF,1,FR-b4da881a7c367fc6
HP-00041151,HP-00041143,FATHER_OF,1,FR-074cc38d5cc6855c
HP-00041171,HP-00041163,FATHER_OF,1,FR-c75391b4a2a4c625
HP-00041182,HP-00041174,FATHER_OF,1,FR-d657872d7fa650d7
HP-00023659,HP-00041185,FATHER_OF,1,FR-56d3944657f1f4d2
HP-00041204,HP-00041196,FATHER_OF,1,FR-a8e1d1895b309202
HP-00041215,HP-00041207,FATHER_OF,1,FR-2a7835f4653d0c14
HP-00041237,HP-00041229,FATHER_OF,1,FR-d1546863fdfd285c
HP-00040652,HP-00041261,FATHER_OF,1,FR-ea3405fde2a2bed5
HP-00041280,HP-00041272,FATHER_OF,1,FR-177d31f5dbf26643
HP-00041291,HP-00041283,FATHER_OF,1,FR-f08faf340ddad30f
HP-00041313,HP-00041305,FATHER_OF,1,FR-405a8e8f1b3e157e
HP-00041324,HP-00041316,FATHER_OF,1,FR-abe9b0feb0742a39
HP-00041357,HP-00041349,FATHER_OF,1,FR-7aa613abbd45f275
HP-00041368,HP-00041360,FATHER_OF,1,FR-263ccbf27fbb1aa9
HP-00041379,HP-00041371,FATHER_OF,1,FR-68eb9b4d01003347
HP-00041390,HP-00041382,FATHER_OF,1,FR-44d99663bf336821
HP-00041401,HP-00041393,FATHER_OF,1,FR-531a6d4513b50cdf
HP-00041412,HP-00041404,FATHER_OF,1,FR-68509c966cd94f47
HP-00041423,HP-00041415,FATHER_OF,1,FR-9d8c6c947952f5a0
HP-00041434,HP-00041426,FATHER_OF,1,FR-ee56ca7d77f09ee5
HP-00041445,HP-00041437,FATHER_OF,1,FR-f93490e0cf7670a7
HP-00041456,HP-00041448,FATHER_OF,1,FR-ba245646afd86c44
HP-00041467,HP-00041459,FATHER_OF,1,FR-d5d587b28c0fc7bf
HP-00041478,HP-00041470,FATHER_OF,1,FR-eae698c48e0dba8b
HP-00041489,HP-00041481,FATHER_OF,1,FR-b0f74f555f6b5dbd
HP-00041500,HP-00041492,FATHER_OF,1,FR-5bbae727c91f57a3
HP-00032126,HP-00041514,FATHER_OF,1,FR-2afc5a1a523f56ca
HP-00041533,HP-00041525,FATHER_OF,1,FR-2b76e39cb4b3cee5
HP-00041544,HP-00041536,FATHER_OF,1,FR-d98c5e98e7ac8529
HP-00041555,HP-00041547,FATHER_OF,1,FR-fcced8af55a92f74
HP-00041566,HP-00041558,FATHER_OF,1,FR-a8046ab16c8710a0
HP-00041577,HP-00041569,FATHER_OF,1,FR-47ac97530c43fea2
HP-00041588,HP-00041580,FATHER_OF,1,FR-5b897eca5dca50c0
HP-00041621,HP-00041613,FATHER_OF,1,FR-7c50ba18b3b9c017
HP-00041632,HP-00041624,FATHER_OF,1,FR-20cbf094cc69a4fd
HP-00041654,HP-00041646,FATHER_OF,1,FR-b2edeaa5c3f8de02
HP-00041676,HP-00041668,FATHER_OF,1,FR-3360be4bc2ad7586
HP-00025008,HP-00024999,MOTHER_OF,1,FR-b2de687d2d6d798d
HP-00025019,HP-00025010,MOTHER_OF,1,FR-c5f607a128a475a8
HP-00025029,HP-00025021,MOTHER_OF,1,FR-45cdd8018750de32
HP-00025039,HP-00025031,MOTHER_OF,1,FR-1ec1f6bde2e8938c
HP-00025050,HP-00025041,MOTHER_OF,1,FR-53e37713b6d46a73
HP-00025061,HP-00025052,MOTHER_OF,1,FR-a64b336103df3b8a
HP-00025072,HP-00025063,MOTHER_OF,1,FR-60f80c57cddb1560
HP-00025083,HP-00025074,MOTHER_OF,1,FR-8ed37df202ccaee5
HP-00025094,HP-00025085,MOTHER_OF,1,FR-48d9002e984f2439
HP-00025116,HP-00025107,MOTHER_OF,1,FR-0ce995011c217e7c
HP-00025127,HP-00025118,MOTHER_OF,1,FR-83f1ac44f9bd3a98
HP-00025138,HP-00025129,MOTHER_OF,1,FR-2abe46781accbd53
HP-00025149,HP-00025140,MOTHER_OF,1,FR-0f59cb7a6647d082
HP-00025160,HP-00025151,MOTHER_OF,1,FR-ac326535cfca04e4
HP-00025182,HP-00025173,MOTHER_OF,1,FR-25b6336700e8f79b
HP-00000595,HP-00025184,MOTHER_OF,1,FR-e6eb2b1f45be5d0b
HP-00025204,HP-00025195,MOTHER_OF,1,FR-978a13aadece30b4
HP-00025214,HP-00025206,MOTHER_OF,1,FR-e5b7c3a5186a194d
HP-00025225,HP-00025216,MOTHER_OF,1,FR-a222f09ce7440a91
HP-00025235,HP-00025227,MOTHER_OF,1,FR-0e80acd4aaf1de0b
HP-00025257,HP-00025248,MOTHER_OF,1,FR-311ca8e8b24fe875
HP-00025268,HP-00025259,MOTHER_OF,1,FR-5079da7fcb8d6f9c
HP-00025279,HP-00025270,MOTHER_OF,1,FR-e70eb89bdfde59a8
HP-00025290,HP-00025281,MOTHER_OF,1,FR-4b0dac0508ad70d2
HP-00025323,HP-00025314,MOTHER_OF,1,FR-79b6427de8674ee6
HP-00025334,HP-00025325,MOTHER_OF,1,FR-5973c2368c73bb45
HP-00025344,HP-00025336,MOTHER_OF,1,FR-a9da3919e397a050
HP-00025355,HP-00025346,MOTHER_OF,1,FR-b941cfdee3f31217
HP-00025366,HP-00025357,MOTHER_OF,1,FR-2797d3c82ab32468
HP-00025392,HP-00025383,MOTHER_OF,1,FR-64852836fdfa0dd7
HP-00025402,HP-00025394,MOTHER_OF,1,FR-42158e838e6a473f
HP-00025413,HP-00025404,MOTHER_OF,1,FR-07f40a20ff36cdbb
HP-00025422,HP-00025415,MOTHER_OF,1,FR-219330012d48d816
HP-00025431,HP-00025424,MOTHER_OF,1,FR-997bdfbbe51a94cb
HP-00001479,HP-00025433,MOTHER_OF,1,FR-0b6197ecc11dfee5
HP-00025453,HP-00025444,MOTHER_OF,1,FR-1891d8b68e601693
HP-00025463,HP-00025455,MOTHER_OF,1,FR-664f800ed296dda3
HP-00025496,HP-00025487,MOTHER_OF,1,FR-34bd516d526e8078
HP-00025533,HP-00025524,MOTHER_OF,1,FR-c614c85b590e285a
HP-00025543,HP-00025535,MOTHER_OF,1,FR-6b09d903c00038b9
HP-00025551,HP-00025545,MOTHER_OF,1,FR-5866f3ae3b4a2e3a
HP-00025605,HP-00025597,MOTHER_OF,1,FR-351e657663e4dc55
HP-00025645,HP-00025636,MOTHER_OF,1,FR-e8fceecc08660694
HP-00025655,HP-00025647,MOTHER_OF,1,FR-b1b18ccb356e3a67
HP-00025666,HP-00025657,MOTHER_OF,1,FR-9ccd23035c42db4c
HP-00025677,HP-00025668,MOTHER_OF,1,FR-b45fd728d216f9c4
HP-00025695,HP-00025687,MOTHER_OF,1,FR-fe9e98a8d6553403
HP-00025746,HP-00025737,MOTHER_OF,1,FR-c96b9d7b37633415
HP-00025766,HP-00025759,MOTHER_OF,1,FR-66eeacb60de77d87
HP-00025776,HP-00025768,MOTHER_OF,1,FR-851438d3c24aa25e
HP-00025787,HP-00025778,MOTHER_OF,1,FR-f4e89206c7126847
HP-00025798,HP-00025789,MOTHER_OF,1,FR-ac2119100f35b936
HP-00025809,HP-00025800,MOTHER_OF,1,FR-017712d9d418aa3c
HP-00025819,HP-00025811,MOTHER_OF,1,FR-4e299a5a89fb3b39
HP-00025830,HP-00025821,MOTHER_OF,1,FR-76e8cfc32944542f
HP-00025849,HP-00025841,MOTHER_OF,1,FR-08580a8d8d7468b7
HP-00025860,HP-00025851,MOTHER_OF,1,FR-4781fa47c5efea20
HP-00025884,HP-00025876,MOTHER_OF,1,FR-18c3336070034836
HP-00025903,HP-00025896,MOTHER_OF,1,FR-428626df674d5949
HP-00025932,HP-00025925,MOTHER_OF,1,FR-4277f2682ce91948
HP-00025943,HP-00025934,MOTHER_OF,1,FR-68fbd2910b032ee0
HP-00025953,HP-00025945,MOTHER_OF,1,FR-0bfaf2d7a7f31caf
HP-00025963,HP-00025955,MOTHER_OF,1,FR-7137a54862f6cd94
HP-00025985,HP-00025976,MOTHER_OF,1,FR-aa59501084df3f15
HP-00025996,HP-00025987,MOTHER_OF,1,FR-6474d07e46cf5cba
HP-00026017,HP-00026008,MOTHER_OF,1,FR-bcdf1b927606c621
HP-00005186,HP-00026028,MOTHER_OF,1,FR-93d1e06bafafe51f
HP-00026048,HP-00026039,MOTHER_OF,1,FR-678448f2fa845309
HP-00026068,HP-00026060,MOTHER_OF,1,FR-14fea35c82f939c3
HP-00026086,HP-00026079,MOTHER_OF,1,FR-096c037efa2c8b81
HP-00026097,HP-00026088,MOTHER_OF,1,FR-0025ebdeb8f953b9
HP-00026126,HP-00026117,MOTHER_OF,1,FR-d4481086070d42dc
HP-00026137,HP-00026128,MOTHER_OF,1,FR-84a597213a56722b
HP-00026159,HP-00026150,MOTHER_OF,1,FR-cde4a5bd31eeeb6b
HP-00026169,HP-00026161,MOTHER_OF,1,FR-02cc91bb8c031be8
HP-00026178,HP-00026171,MOTHER_OF,1,FR-67e4369bfb7543a1
HP-00026216,HP-00026207,MOTHER_OF,1,FR-876e527d6e1b1963
HP-00026227,HP-00026218,MOTHER_OF,1,FR-15fe4c57be4d8123
HP-00026237,HP-00026229,MOTHER_OF,1,FR-3884eea4969196d7
HP-00026246,HP-00026239,MOTHER_OF,1,FR-e81c01be3a0cc903
HP-00026265,HP-00026256,MOTHER_OF,1,FR-97d49d5936bf345a
HP-00026275,HP-00026267,MOTHER_OF,1,FR-25a51a1068166ff7
HP-00026286,HP-00026277,MOTHER_OF,1,FR-675776ad101ed60f
HP-00026297,HP-00026288,MOTHER_OF,1,FR-56a4ca65cfbce03c
HP-00026308,HP-00026299,MOTHER_OF,1,FR-d5461ef08b354852
HP-00026316,HP-00026310,MOTHER_OF,1,FR-42431c88bc7d12e1
HP-00026336,HP-00026329,MOTHER_OF,1,FR-f8a22feb557f5fbb
HP-00026347,HP-00026338,MOTHER_OF,1,FR-3b706e1ecdc86f6f
HP-00026356,HP-00026349,MOTHER_OF,1,FR-f6a69720cbcbbc93
HP-00026367,HP-00026358,MOTHER_OF,1,FR-7649c36a1474ac19
HP-00026378,HP-00026369,MOTHER_OF,1,FR-b8a729e8dcff616e
HP-00026389,HP-00026380,MOTHER_OF,1,FR-d3d86e424e8610e4
HP-00026400,HP-00026391,MOTHER_OF,1,FR-4d1c676489e76948
HP-00026420,HP-00026411,MOTHER_OF,1,FR-9cad427ff856493c
HP-00026431,HP-00026422,MOTHER_OF,1,FR-e74fc08cbe5a7c16
HP-00026442,HP-00026433,MOTHER_OF,1,FR-80f0d1498d0bdc4a
HP-00026453,HP-00026444,MOTHER_OF,1,FR-dfd56e58453af391
HP-00026464,HP-00026455,MOTHER_OF,1,FR-9904dca5240ef009
HP-00026475,HP-00026466,MOTHER_OF,1,FR-d6fca838e8ee378b
HP-00026486,HP-00026477,MOTHER_OF,1,FR-e125cbc3eaa8c18f
HP-00026497,HP-00026488,MOTHER_OF,1,FR-e28c32fda847aba7
HP-00026506,HP-00026499,MOTHER_OF,1,FR-3b0406cc37949b6a
HP-00026517,HP-00026508,MOTHER_OF,1,FR-2e68031e0aa3e021
HP-00026528,HP-00026519,MOTHER_OF,1,FR-ae3ec8ca4f99dcd8
HP-00026538,HP-00026530,MOTHER_OF,1,FR-13556c0b104eeab8
HP-00026548,HP-00026540,MOTHER_OF,1,FR-d13da2373c5f0e99
HP-00026575,HP-00026566,MOTHER_OF,1,FR-0a0fa6bd366d922c
HP-00026586,HP-00026577,MOTHER_OF,1,FR-ef188983fd3c3ef2
HP-00026608,HP-00026599,MOTHER_OF,1,FR-a5d724685c42f693
HP-00026619,HP-00026610,MOTHER_OF,1,FR-9e61b9f1b5bebb49
HP-00026630,HP-00026621,MOTHER_OF,1,FR-6686f45bcc3ef4a7
HP-00026641,HP-00026632,MOTHER_OF,1,FR-52658c41b80bbf6a
HP-00026661,HP-00026652,MOTHER_OF,1,FR-aa7958c019f7d4fc
HP-00026672,HP-00026663,MOTHER_OF,1,FR-a967436dcaf9b492
HP-00026683,HP-00026674,MOTHER_OF,1,FR-6b3997e9c0316696
HP-00026699,HP-00026692,MOTHER_OF,1,FR-f7a9f0c9c74ec2e4
HP-00026708,HP-00026701,MOTHER_OF,1,FR-ebdcdc678d8e11f4
HP-00026718,HP-00026710,MOTHER_OF,1,FR-7c5ccd9c254efb7b
HP-00026728,HP-00026720,MOTHER_OF,1,FR-bedb84a4580b552e
HP-00026737,HP-00026730,MOTHER_OF,1,FR-b54e4ca863a1b732
HP-00026746,HP-00026739,MOTHER_OF,1,FR-bc0983ca3fa3ca5c
HP-00026756,HP-00026748,MOTHER_OF,1,FR-2e8fcf4ce84a12d5
HP-00026766,HP-00007843,MOTHER_OF,1,FR-62f6465357f1f534
HP-00026777,HP-00026768,MOTHER_OF,1,FR-6e46527fd01edeea
HP-00026788,HP-00026779,MOTHER_OF,1,FR-0521a86a38349deb
HP-00026799,HP-00026790,MOTHER_OF,1,FR-c3a726fbc935fb51
HP-00026810,HP-00026801,MOTHER_OF,1,FR-0721ac184cdb7012
HP-00026819,HP-00026812,MOTHER_OF,1,FR-0b504bd8ea581124
HP-00026830,HP-00026821,MOTHER_OF,1,FR-21e4fa0b9dfbdc51
HP-00027716,HP-00027708,MOTHER_OF,1,FR-4db67d82ff62a2de
HP-00027723,HP-00027718,MOTHER_OF,1,FR-d6e1686680296278
HP-00027737,HP-00006678,MOTHER_OF,1,FR-83fcce9edba3dbab
HP-00027744,HP-00027739,MOTHER_OF,1,FR-9a5b513649256aa3
HP-00027755,HP-00027746,MOTHER_OF,1,FR-0b229e86fe4d23ef
HP-00027766,HP-00027757,MOTHER_OF,1,FR-f54a98e64a967182
HP-00027776,HP-00027768,MOTHER_OF,1,FR-3bc818e98a1c7aad
HP-00027796,HP-00027787,MOTHER_OF,1,FR-51137627644d0093
HP-00027807,HP-00027798,MOTHER_OF,1,FR-f7064d090f8d6003
HP-00027816,HP-00027809,MOTHER_OF,1,FR-87da4cdf19fb98bf
HP-00027827,HP-00027818,MOTHER_OF,1,FR-bd3ebf600a2f6b07
HP-00027838,HP-00027829,MOTHER_OF,1,FR-145f3caca4b12ff7
HP-00027848,HP-00027840,MOTHER_OF,1,FR-ca8f7384c17bc08b
HP-00027859,HP-00027850,MOTHER_OF,1,FR-77a78bda6c16ed73
HP-00027879,HP-00027870,MOTHER_OF,1,FR-752ca5a14b97a331
HP-00027899,HP-00027890,MOTHER_OF,1,FR-ea553e914a3ba319
HP-00027910,HP-00027901,MOTHER_OF,1,FR-ad0bb5e3f1d795ac
HP-00027943,HP-00027934,MOTHER_OF,1,FR-a54253ab9a888ebe
HP-00027952,HP-00027945,MOTHER_OF,1,FR-b4241bcc9d6de682
HP-00027961,HP-00027954,MOTHER_OF,1,FR-3fc7e06bdafd481d
HP-00027972,HP-00027963,MOTHER_OF,1,FR-4b80b8bc3f21b968
HP-00027983,HP-00027974,MOTHER_OF,1,FR-d84694b6d4d8b46a
HP-00027994,HP-00027985,MOTHER_OF,1,FR-76a5cfd3c02b5fea
HP-00028005,HP-00016979,MOTHER_OF,1,FR-a823aaa91ac43c42
HP-00028016,HP-00028007,MOTHER_OF,1,FR-d327b63e9c0ff351
HP-00028027,HP-00028018,MOTHER_OF,1,FR-36ebd2573c499a1d
HP-00028038,HP-00028029,MOTHER_OF,1,FR-2f314b4cc03ff526
HP-00028049,HP-00028040,MOTHER_OF,1,FR-1f7d1e8569b3c2d5
HP-00028059,HP-00028051,MOTHER_OF,1,FR-964df8d23e5dca1c
HP-00028070,HP-00028061,MOTHER_OF,1,FR-f3422e96330c8858
HP-00028081,HP-00028072,MOTHER_OF,1,FR-f20f9b7eb9def364
HP-00028092,HP-00028083,MOTHER_OF,1,FR-8ee6dd20d1616895
HP-00028112,HP-00028103,MOTHER_OF,1,FR-d4bb50f313b98f97
HP-00028122,HP-00028114,MOTHER_OF,1,FR-4733eabd97977daf
HP-00028133,HP-00028124,MOTHER_OF,1,FR-df3372e0c168b02e
HP-00028150,HP-00028142,MOTHER_OF,1,FR-e829c71a22b7089a
HP-00028161,HP-00028152,MOTHER_OF,1,FR-ec8fc91dec82be72
HP-00028181,HP-00028172,MOTHER_OF,1,FR-67693197a18325f9
HP-00028192,HP-00028183,MOTHER_OF,1,FR-49f15e2578c06011
HP-00028204,HP-00028194,MOTHER_OF,1,FR-ce308932b3b5115c
HP-00028214,HP-00028206,MOTHER_OF,1,FR-869b5c507d7962d1
HP-00028225,HP-00028216,MOTHER_OF,1,FR-549d05f1f263e51b
HP-00028236,HP-00028227,MOTHER_OF,1,FR-bfd7f78054d8c9f6
HP-00028258,HP-00028249,MOTHER_OF,1,FR-4f89ecbca7821e73
HP-00028268,HP-00028260,MOTHER_OF,1,FR-8b04d72660fcc782
HP-00028279,HP-00028270,MOTHER_OF,1,FR-d3a8e6cbe9aba1d8
HP-00028290,HP-00028281,MOTHER_OF,1,FR-5ad9ddd6cd098d28
HP-00028301,HP-00028292,MOTHER_OF,1,FR-06e04f14a1de413e
HP-00028311,HP-00028303,MOTHER_OF,1,FR-b07f9590c6259094
HP-00028320,HP-00028313,MOTHER_OF,1,FR-08f83be517388bce
HP-00028340,HP-00028331,MOTHER_OF,1,FR-637694f28819145f
HP-00028349,HP-00028342,MOTHER_OF,1,FR-70deee9f959d4d6b
HP-00028367,HP-00028358,MOTHER_OF,1,FR-1d1f6c4e933db615
HP-00028416,HP-00028407,MOTHER_OF,1,FR-480b94a3e71c0aec
HP-00028427,HP-00028418,MOTHER_OF,1,FR-7d7aad6c461b3a52
HP-00028438,HP-00028429,MOTHER_OF,1,FR-edbf17cf0dcf3a93
HP-00028449,HP-00028440,MOTHER_OF,1,FR-e976e3adb07a262b
HP-00028460,HP-00028451,MOTHER_OF,1,FR-3940804d7c56f6d5
HP-00028471,HP-00028462,MOTHER_OF,1,FR-c1b4af4b9d66b50f
HP-00028482,HP-00028473,MOTHER_OF,1,FR-ba7a5ed86cb3e7dc
HP-00028491,HP-00028484,MOTHER_OF,1,FR-c3903bb6d634c5d0
HP-00028502,HP-00028389,MOTHER_OF,1,FR-e3a8c574bc38c1c2
HP-00028522,HP-00028513,MOTHER_OF,1,FR-f7b81af5566cf6fe
HP-00028533,HP-00028524,MOTHER_OF,1,FR-2dc6df55c0500a9c
HP-00028544,HP-00028535,MOTHER_OF,1,FR-f215b17930c10ba1
HP-00028555,HP-00028546,MOTHER_OF,1,FR-9669016d9f2a3a43
HP-00028566,HP-00028557,MOTHER_OF,1,FR-236102769df4920a
HP-00028593,HP-00028584,MOTHER_OF,1,FR-28a4b698309a1a45
HP-00028612,HP-00028603,MOTHER_OF,1,FR-4bee2c62173e2cf6
HP-00028623,HP-00028614,MOTHER_OF,1,FR-f55e3a35a4646842
HP-00028632,HP-00028625,MOTHER_OF,1,FR-13ac8baf3145de89
HP-00028652,HP-00028643,MOTHER_OF,1,FR-7b91278c69a73fed
HP-00028663,HP-00028654,MOTHER_OF,1,FR-cdb7b5823ef8cbd2
HP-00028674,HP-00028665,MOTHER_OF,1,FR-9f43a3b6647f589b
HP-00028685,HP-00028676,MOTHER_OF,1,FR-c694f28e391b54df
HP-00028705,HP-00028696,MOTHER_OF,1,FR-66c459f197a80294
HP-00028716,HP-00028707,MOTHER_OF,1,FR-c5d5a164b2b05944
HP-00028734,HP-00028725,MOTHER_OF,1,FR-0d7e779a229d5b69
HP-00028745,HP-00028736,MOTHER_OF,1,FR-49eecf15a881d124
HP-00028761,HP-00028754,MOTHER_OF,1,FR-5debe72e11949bd3
HP-00028772,HP-00028763,MOTHER_OF,1,FR-1042a4a8e9c8b84a
HP-00028783,HP-00028774,MOTHER_OF,1,FR-e57f23bb2ec84a18
HP-00028794,HP-00028785,MOTHER_OF,1,FR-52d946445fb0ce1d
HP-00028805,HP-00028796,MOTHER_OF,1,FR-71338302edf418cf
HP-00028823,HP-00028814,MOTHER_OF,1,FR-44611dd0b2002445
HP-00028834,HP-00028825,MOTHER_OF,1,FR-377269b28e9ae18b
HP-00028845,HP-00028836,MOTHER_OF,1,FR-f85e14a73eab371c
HP-00028865,HP-00028856,MOTHER_OF,1,FR-f36ca6dc6fe46ff1
HP-00028876,HP-00028867,MOTHER_OF,1,FR-94acb1e39f4feb33
HP-00028887,HP-00028878,MOTHER_OF,1,FR-ed97ff5a0231fc52
HP-00028898,HP-00028889,MOTHER_OF,1,FR-bf2f9e7d6bf08f64
HP-00028909,HP-00028900,MOTHER_OF,1,FR-964527da1a0e83ae
HP-00028925,HP-00028919,MOTHER_OF,1,FR-de73736c436b8c0c
HP-00028936,HP-00028927,MOTHER_OF,1,FR-d284792b97770c9c
HP-00028947,HP-00028938,MOTHER_OF,1,FR-20baf79b55cfe7e4
HP-00028955,HP-00028949,MOTHER_OF,1,FR-edfc7ec7b4ea93d7
HP-00028966,HP-00028957,MOTHER_OF,1,FR-184a79802587124a
HP-00028977,HP-00028968,MOTHER_OF,1,FR-39e55a24f9fa9b5a
HP-00028988,HP-00028979,MOTHER_OF,1,FR-b12803c10075f89a
HP-00028999,HP-00028990,MOTHER_OF,1,FR-e173b84a6772c03b
HP-00029016,HP-00029010,MOTHER_OF,1,FR-44f725e723575f3d
HP-00029047,HP-00029038,MOTHER_OF,1,FR-03940eb3a5aefd5c
HP-00029058,HP-00029049,MOTHER_OF,1,FR-29def8aaf308d4d1
HP-00029080,HP-00029071,MOTHER_OF,1,FR-5970ddb1b828cefe
HP-00029091,HP-00029082,MOTHER_OF,1,FR-15e31bf3fad61a56
HP-00029102,HP-00029093,MOTHER_OF,1,FR-ad558a0f7010a9d3
HP-00029113,HP-00029104,MOTHER_OF,1,FR-9dd4bbfb88d7aee7
HP-00029124,HP-00029115,MOTHER_OF,1,FR-66ad93c63cf3c56f
HP-00029133,HP-00029126,MOTHER_OF,1,FR-81753b13207c390e
HP-00029142,HP-00029135,MOTHER_OF,1,FR-8f346dbb408b4d10
HP-00029150,HP-00029144,MOTHER_OF,1,FR-e02c86d291f809f3
HP-00029161,HP-00029152,MOTHER_OF,1,FR-3a84c6c0edc3c6f9
HP-00029172,HP-00029163,MOTHER_OF,1,FR-ebb1e69a1ed7f2d4
HP-00029192,HP-00029183,MOTHER_OF,1,FR-cc3361ec3370f234
HP-00029217,HP-00029210,MOTHER_OF,1,FR-d2b06c8af9c1ca57
HP-00029228,HP-00029219,MOTHER_OF,1,FR-c2dc9923dc71714f
HP-00029239,HP-00029230,MOTHER_OF,1,FR-31a25bfbe78d5719
HP-00029250,HP-00029241,MOTHER_OF,1,FR-3bfc6b8389b3051a
HP-00029261,HP-00029252,MOTHER_OF,1,FR-3638d3def6627f06
HP-00029271,HP-00029263,MOTHER_OF,1,FR-1ac7b229989af4fd
HP-00029281,HP-00029273,MOTHER_OF,1,FR-5def06960b367e71
HP-00029299,HP-00029291,MOTHER_OF,1,FR-fca64b2156aca045
HP-00029317,HP-00029309,MOTHER_OF,1,FR-664ee89eeede06aa
HP-00029326,HP-00029319,MOTHER_OF,1,FR-4ae73402f652fd3d
HP-00029336,HP-00029328,MOTHER_OF,1,FR-b3665c7b05685443
HP-00029346,HP-00029338,MOTHER_OF,1,FR-5bcbba639889dd22
HP-00029356,HP-00029348,MOTHER_OF,1,FR-166c9fcf0625c8d5
HP-00029366,HP-00029358,MOTHER_OF,1,FR-f0e2c480c89525fc
HP-00029382,HP-00029374,MOTHER_OF,1,FR-de47a5ce6ee4fbd9
HP-00029401,HP-00029394,MOTHER_OF,1,FR-da344c5711674607
HP-00029411,HP-00029403,MOTHER_OF,1,FR-9b8ac9b4bfff84f5
HP-00029421,HP-00029413,MOTHER_OF,1,FR-63e9c18ed519298f
HP-00029431,HP-00029423,MOTHER_OF,1,FR-5e9a6131f81ba9b0
HP-00029442,HP-00029433,MOTHER_OF,1,FR-5250afd6cd9f72a9
HP-00029453,HP-00029444,MOTHER_OF,1,FR-1cf0889e5b6373b9
HP-00029464,HP-00029455,MOTHER_OF,1,FR-8128b2f87c2818e2
HP-00029475,HP-00029466,MOTHER_OF,1,FR-5c74b294344d10d6
HP-00029486,HP-00029477,MOTHER_OF,1,FR-7d86138ec6602007
HP-00029508,HP-00029498,MOTHER_OF,1,FR-df033e0c2a7502ce
HP-00029520,HP-00029510,MOTHER_OF,1,FR-fcc304400a2d3106
HP-00029529,HP-00029522,MOTHER_OF,1,FR-62b773b951747ad6
HP-00029540,HP-00029531,MOTHER_OF,1,FR-0621f9381a9d6d43
HP-00029552,HP-00029542,MOTHER_OF,1,FR-a4eba5110d1d8e9e
HP-00029562,HP-00029554,MOTHER_OF,1,FR-fe8a694cb5ee5010
HP-00029580,HP-00029571,MOTHER_OF,1,FR-b8b28b85c8694674
HP-00029591,HP-00029582,MOTHER_OF,1,FR-fe021107bb08747c
HP-00029600,HP-00029593,MOTHER_OF,1,FR-a764983dd5df65bf
HP-00029617,HP-00029609,MOTHER_OF,1,FR-ee9df7ba7b758c00
HP-00029625,HP-00029619,MOTHER_OF,1,FR-ec4abbe5ed9b8be8
HP-00029635,HP-00029627,MOTHER_OF,1,FR-bf65e6d70122ce3b
HP-00029644,HP-00029637,MOTHER_OF,1,FR-db345b5e6dad756a
HP-00029663,HP-00029655,MOTHER_OF,1,FR-b243a955533d05a5
HP-00029678,HP-00029672,MOTHER_OF,1,FR-3f8a05794e38ca78
HP-00029688,HP-00029680,MOTHER_OF,1,FR-cf21ff2c518efc25
HP-00029703,HP-00029695,MOTHER_OF,1,FR-400fc9d6110c0919
HP-00029721,HP-00029713,MOTHER_OF,1,FR-87868dae92321c6b
HP-00029732,HP-00029723,MOTHER_OF,1,FR-728289422ee3b1b3
HP-00029743,HP-00029734,MOTHER_OF,1,FR-e92944c7ef7e8ff8
HP-00029754,HP-00029745,MOTHER_OF,1,FR-7fcfd6d0dd217cb0
HP-00029765,HP-00029756,MOTHER_OF,1,FR-a522ad549cff5472
HP-00029776,HP-00029767,MOTHER_OF,1,FR-8a40b66aa249ef10
HP-00029798,HP-00029789,MOTHER_OF,1,FR-154f174f4ba04aed
HP-00029809,HP-00029800,MOTHER_OF,1,FR-93ce343050081903
HP-00029831,HP-00029822,MOTHER_OF,1,FR-ef841632d5e7f7d8
HP-00029842,HP-00029833,MOTHER_OF,1,FR-b87ece7ffe57e16b
HP-00029853,HP-00029844,MOTHER_OF,1,FR-d28c1be72241891a
HP-00029875,HP-00029866,MOTHER_OF,1,FR-6ab9fe3da3b9d4eb
HP-00029886,HP-00029877,MOTHER_OF,1,FR-65395efea02831fb
HP-00029897,HP-00029888,MOTHER_OF,1,FR-0f6710adf45befe1
HP-00029908,HP-00029899,MOTHER_OF,1,FR-064efb77b6db66f0
HP-00029919,HP-00029910,MOTHER_OF,1,FR-46e0861629c97667
HP-00029930,HP-00029921,MOTHER_OF,1,FR-c40cf374b9a687bd
HP-00029941,HP-00029932,MOTHER_OF,1,FR-debcfd1752c4c0c9
HP-00029952,HP-00029943,MOTHER_OF,1,FR-8556eceb3d83044c
HP-00029963,HP-00029954,MOTHER_OF,1,FR-45531e2ba935684f
HP-00029974,HP-00029965,MOTHER_OF,1,FR-0af1660444c1e9b3
HP-00029996,HP-00029987,MOTHER_OF,1,FR-adafdcb62d2f8223
HP-00030018,HP-00030009,MOTHER_OF,1,FR-ffd8f1657fbfc8a0
HP-00030040,HP-00030031,MOTHER_OF,1,FR-7b040bb6e3ec5cef
HP-00030051,HP-00030042,MOTHER_OF,1,FR-875132230b1c5e75
HP-00030062,HP-00030053,MOTHER_OF,1,FR-2babea9f8a45a29a
HP-00030073,HP-00030064,MOTHER_OF,1,FR-a754a6fe9d303452
HP-00030095,HP-00030086,MOTHER_OF,1,FR-87b27e00fc092602
HP-00030106,HP-00030097,MOTHER_OF,1,FR-dec4cb2c1412c4da
HP-00030128,HP-00030119,MOTHER_OF,1,FR-e357f6375bab603e
HP-00030139,HP-00030130,MOTHER_OF,1,FR-1471b4145f790ff8
HP-00030172,HP-00030163,MOTHER_OF,1,FR-69e9c273195da99f
HP-00030183,HP-00030174,MOTHER_OF,1,FR-37035018c9d74a01
HP-00030203,HP-00030196,MOTHER_OF,1,FR-2f45e61b956ade27
HP-00030214,HP-00030205,MOTHER_OF,1,FR-b227c17116b5cf7b
HP-00030225,HP-00030216,MOTHER_OF,1,FR-163ce3fb6e1024e5
HP-00030236,HP-00030227,MOTHER_OF,1,FR-316c1f337bfc2162
HP-00030247,HP-00030238,MOTHER_OF,1,FR-1d60ed064e308b29
HP-00030269,HP-00030260,MOTHER_OF,1,FR-51d5cd5f31afb062
HP-00030280,HP-00030271,MOTHER_OF,1,FR-ccbbbb7bd42d3b5d
HP-00030291,HP-00030282,MOTHER_OF,1,FR-0ace03e6150d8db6
HP-00030302,HP-00030293,MOTHER_OF,1,FR-70f31709a685ef36
HP-00030335,HP-00030326,MOTHER_OF,1,FR-e4af61032729f3f1
HP-00030346,HP-00030337,MOTHER_OF,1,FR-b3638c7377255fd6
HP-00030368,HP-00030359,MOTHER_OF,1,FR-5a4d6c08c12bb8da
HP-00030379,HP-00030370,MOTHER_OF,1,FR-892c5cf33dbe0a96
HP-00030390,HP-00030381,MOTHER_OF,1,FR-d311674ead39b658
HP-00030401,HP-00030392,MOTHER_OF,2,FR-89610f5031f2fa02
HP-00030412,HP-00030403,MOTHER_OF,1,FR-c48f25bd6dcc0a13
HP-00030434,HP-00030425,MOTHER_OF,1,FR-b9e72c5f694a1825
HP-00030467,HP-00030458,MOTHER_OF,1,FR-2fd833addadf2b3f
HP-00030478,HP-00030469,MOTHER_OF,1,FR-451cef01b7960219
HP-00030499,HP-00030491,MOTHER_OF,1,FR-aa35fae03d873212
HP-00030521,HP-00030512,MOTHER_OF,1,FR-ffa12248c5b4884a
HP-00030543,HP-00030534,MOTHER_OF,1,FR-d70ac662f0a307d0
HP-00030554,HP-00030545,MOTHER_OF,1,FR-ca93b870b3803294
HP-00030573,HP-00030567,MOTHER_OF,1,FR-f633d2e32c6faa60
HP-00030583,HP-00030575,MOTHER_OF,1,FR-f0baf66503f5d87b
HP-00030593,HP-00030585,MOTHER_OF,1,FR-75da7ee659367b83
HP-00030603,HP-00030595,MOTHER_OF,1,FR-9d4a87fc2223a3e2
HP-00030613,HP-00030605,MOTHER_OF,1,FR-2b43b7b581d18f86
HP-00030623,HP-00030615,MOTHER_OF,1,FR-86b4a2aefaf9bb1e
HP-00030633,HP-00030625,MOTHER_OF,1,FR-b40f8ebe78a327ab
HP-00030662,HP-00030655,MOTHER_OF,1,FR-51c9e71f6b790da1
HP-00030672,HP-00030664,MOTHER_OF,1,FR-daf881838e3e6387
HP-00030682,HP-00030674,MOTHER_OF,1,FR-85510a7edbf9739d
HP-00030692,HP-00030684,MOTHER_OF,1,FR-12b5d5e8c7e75f30
HP-00030732,HP-00030724,MOTHER_OF,1,FR-47afb6fd59eec5cd
HP-00030742,HP-00030734,MOTHER_OF,2,FR-cc9d13860934429d
HP-00030752,HP-00030744,MOTHER_OF,1,FR-85040dddd4e7c183
HP-00030782,HP-00030774,MOTHER_OF,1,FR-4d31b24b5583149a
HP-00030792,HP-00030784,MOTHER_OF,1,FR-a7345a9795d301a7
HP-00030802,HP-00030794,MOTHER_OF,1,FR-7ea8d4672391d12b
HP-00030812,HP-00030804,MOTHER_OF,1,FR-8b95fcd8836c35b3
HP-00030822,HP-00030814,MOTHER_OF,1,FR-bc49f69665c6b8b9
HP-00030832,HP-00030824,MOTHER_OF,1,FR-8cfb14d5de1f3548
HP-00030852,HP-00030844,MOTHER_OF,1,FR-cc9db515328c31e5
HP-00030862,HP-00030854,MOTHER_OF,1,FR-3c65746010fd4f9b
HP-00030872,HP-00030864,MOTHER_OF,1,FR-ced6fda17df8b570
HP-00030882,HP-00030874,MOTHER_OF,1,FR-d3724fff6264dfaa
HP-00030892,HP-00030884,MOTHER_OF,1,FR-8533a0d87cf2a4fc
HP-00030902,HP-00030894,MOTHER_OF,1,FR-6f7ad071b6e643f1
HP-00030912,HP-00030904,MOTHER_OF,1,FR-885410e60a0a8120
HP-00030922,HP-00030914,MOTHER_OF,1,FR-d7ede7ab10e4750c
HP-00030952,HP-00030944,MOTHER_OF,1,FR-619902e713c8539b
HP-00030962,HP-00030954,MOTHER_OF,1,FR-47acd2c4348cc61a
HP-00030972,HP-00030964,MOTHER_OF,1,FR-ecb6d41345655da3
HP-00030982,HP-00030974,MOTHER_OF,1,FR-8f3e1722f5f6a1cf
HP-00030992,HP-00030984,MOTHER_OF,1,FR-86f9c145c6421fe2
HP-00031002,HP-00030994,MOTHER_OF,1,FR-f60f1e7331789304
HP-00031012,HP-00031004,MOTHER_OF,1,FR-9b7b956e6b8bc2bf
HP-00031020,HP-00031014,MOTHER_OF,1,FR-1e487d5eb94c8711
HP-00031030,HP-00031022,MOTHER_OF,1,FR-75d36c3e9899a54d
HP-00031040,HP-00031032,MOTHER_OF,1,FR-ddd29c388ff0b97f
HP-00031050,HP-00031042,MOTHER_OF,1,FR-18b71262a31e79bd
HP-00031060,HP-00031052,MOTHER_OF,1,FR-781ede0681c13525
HP-00031070,HP-00031062,MOTHER_OF,1,FR-becb6c5c2e49cb88
HP-00031080,HP-00016020,MOTHER_OF,1,FR-eb1a7b5947d4609a
HP-00031090,HP-00031082,MOTHER_OF,1,FR-36e5d3e2e85670ba
HP-00031100,HP-00031092,MOTHER_OF,1,FR-8f6d7a5dca7c192c
HP-00031110,HP-00031102,MOTHER_OF,1,FR-c24d920e6754cf8c
HP-00031120,HP-00031112,MOTHER_OF,1,FR-bbc49b099c94a573
HP-00031130,HP-00031122,MOTHER_OF,1,FR-9fce637c6afb251c
HP-00031140,HP-00031132,MOTHER_OF,1,FR-ccd2fca0d4c5564c
HP-00031150,HP-00031142,MOTHER_OF,1,FR-4139b8bd19a1d542
HP-00031160,HP-00031152,MOTHER_OF,1,FR-94c96824477cc5ae
HP-00031170,HP-00031162,MOTHER_OF,1,FR-c286574e2bb4a78d
HP-00031200,HP-00031192,MOTHER_OF,1,FR-104f6f7c58994ad7
HP-00031210,HP-00031202,MOTHER_OF,1,FR-a18bb0e8a10ae453
HP-00031220,HP-00031212,MOTHER_OF,1,FR-dd0ccd19707edeb7
HP-00031230,HP-00031222,MOTHER_OF,1,FR-df6211f84d5b77f3
HP-00031240,HP-00031232,MOTHER_OF,1,FR-7ee78d55cceab888
HP-00031250,HP-00031242,MOTHER_OF,1,FR-71f3b57d898cce8d
HP-00031260,HP-00031252,MOTHER_OF,1,FR-f7651b409082cc52
HP-00031270,HP-00031262,MOTHER_OF,1,FR-bd28db62db29c66d
HP-00031280,HP-00031272,MOTHER_OF,1,FR-ec4a8ad177055e5e
HP-00031290,HP-00031282,MOTHER_OF,1,FR-c1e045a8a33e96c4
HP-00031300,HP-00031292,MOTHER_OF,1,FR-56ff018c41c7349f
HP-00031310,HP-00031302,MOTHER_OF,1,FR-7af8617a9b909504
HP-00031320,HP-00031312,MOTHER_OF,1,FR-38efc2950595e087
HP-00031340,HP-00031332,MOTHER_OF,1,FR-00b1673ba5f4b4ba
HP-00031350,HP-00031342,MOTHER_OF,1,FR-f24c3e968c25dbc1
HP-00031360,HP-00031352,MOTHER_OF,1,FR-9be866e9876c1d0d
HP-00031370,HP-00031362,MOTHER_OF,1,FR-42642019cf43afcd
HP-00031390,HP-00031382,MOTHER_OF,1,FR-6327d7e4ed946951
HP-00031400,HP-00031392,MOTHER_OF,1,FR-8126b0e5d8882211
HP-00031410,HP-00031402,MOTHER_OF,1,FR-0f2ccf2071ed0f18
HP-00031420,HP-00031412,MOTHER_OF,1,FR-7102eb41809b0d02
HP-00031430,HP-00031422,MOTHER_OF,1,FR-8dee70424a2bc4f0
HP-00031438,HP-00031432,MOTHER_OF,1,FR-933d829d9334ae10
HP-00031448,HP-00031440,MOTHER_OF,1,FR-fec6641991874e6c
HP-00031458,HP-00031450,MOTHER_OF,1,FR-ebbb0b571ad0baef
HP-00031468,HP-00031460,MOTHER_OF,1,FR-dde166a35566dca3
HP-00031478,HP-00031470,MOTHER_OF,1,FR-1a769950747b925e
HP-00031488,HP-00031480,MOTHER_OF,1,FR-e3315e939539374d
HP-00031508,HP-00031500,MOTHER_OF,2,FR-6837fdd7adf36d1f
HP-00031518,HP-00031510,MOTHER_OF,1,FR-1b2c47e057b1c86e
HP-00031528,HP-00031520,MOTHER_OF,1,FR-f3cbd631624b39d4
HP-00031538,HP-00016580,MOTHER_OF,1,FR-fb809a36a3a8015b
HP-00031548,HP-00031540,MOTHER_OF,1,FR-2d80c4ce72bff76b
HP-00031558,HP-00031550,MOTHER_OF,1,FR-77d4a134705d846c
HP-00031568,HP-00031560,MOTHER_OF,1,FR-d9a28a33dfeb649e
HP-00031589,HP-00031580,MOTHER_OF,1,FR-007a0ed153da268f
HP-00031599,HP-00031591,MOTHER_OF,1,FR-3f2ae4d5f68ba6e9
HP-00031609,HP-00031601,MOTHER_OF,1,FR-2bd2f3710619459c
HP-00031619,HP-00031611,MOTHER_OF,1,FR-7cfc2aacd726bcbf
HP-00031629,HP-00031621,MOTHER_OF,1,FR-c2ba3f4ebbcb21af
HP-00031639,HP-00031631,MOTHER_OF,1,FR-21f7535999418740
HP-00031649,HP-00031641,MOTHER_OF,1,FR-5e90242fa963342a
HP-00031659,HP-00031651,MOTHER_OF,1,FR-d6a8fe96d2fa6f47
HP-00031669,HP-00031661,MOTHER_OF,1,FR-bb3d95308394bafb
HP-00031679,HP-00031671,MOTHER_OF,1,FR-9730aab4e037543c
HP-00031689,HP-00031681,MOTHER_OF,1,FR-f16c1edf5c396978
HP-00031699,HP-00031691,MOTHER_OF,1,FR-580e9311e67e286d
HP-00031707,HP-00031701,MOTHER_OF,1,FR-4aae1fa87cef3311
HP-00031717,HP-00031709,MOTHER_OF,1,FR-5e8af0cb01f964a8
HP-00031727,HP-00031719,MOTHER_OF,1,FR-a6bf7c8b5195076c
HP-00031737,HP-00031729,MOTHER_OF,1,FR-789169561f81232a
HP-00031757,HP-00031749,MOTHER_OF,1,FR-db3aaac9f915199a
HP-00031767,HP-00031759,MOTHER_OF,1,FR-6ab602281cb64c28
HP-00031787,HP-00031779,MOTHER_OF,1,FR-378648b86deb08f1
HP-00031797,HP-00031789,MOTHER_OF,1,FR-392055910e58894c
HP-00031807,HP-00031799,MOTHER_OF,1,FR-241408a1098553dc
HP-00031817,HP-00031809,MOTHER_OF,1,FR-36a8b5a0a69c2bef
HP-00031827,HP-00031819,MOTHER_OF,1,FR-dde4a0971c6620a8
HP-00031857,HP-00031849,MOTHER_OF,1,FR-f6f2e5a3c40ba76c
HP-00031867,HP-00031859,MOTHER_OF,2,FR-7170cce01c3fa03e
HP-00031877,HP-00031869,MOTHER_OF,1,FR-3307194e074731e4
HP-00031887,HP-00031879,MOTHER_OF,1,FR-06c25b8cce9258e4
HP-00031897,HP-00031889,MOTHER_OF,1,FR-6738d60df84acf42
HP-00031907,HP-00031899,MOTHER_OF,1,FR-f8a054085a977b90
HP-00031917,HP-00031909,MOTHER_OF,1,FR-8af882603af7fec5
HP-00031927,HP-00031919,MOTHER_OF,1,FR-0ef8acc685a8de99
HP-00031937,HP-00031929,MOTHER_OF,1,FR-2f867d3681c343b2
HP-00031947,HP-00031939,MOTHER_OF,1,FR-983c4e15a720604b
HP-00031957,HP-00031949,MOTHER_OF,1,FR-947da3b0d35ad57a
HP-00031967,HP-00031959,MOTHER_OF,1,FR-f5a628608ccd8467
HP-00031977,HP-00031969,MOTHER_OF,1,FR-0cdb55e95fce3637
HP-00031987,HP-00031979,MOTHER_OF,1,FR-ac5d688c59af3471
HP-00031997,HP-00031989,MOTHER_OF,1,FR-f0856255e1a18c6f
HP-00032007,HP-00031999,MOTHER_OF,1,FR-6e79121b1fbe8f3b
HP-00032027,HP-00032019,MOTHER_OF,1,FR-85c43875bb530136
HP-00032037,HP-00032029,MOTHER_OF,1,FR-a6e54666b0167835
HP-00032047,HP-00032039,MOTHER_OF,1,FR-a0d34d8ace5497f3
HP-00032077,HP-00032069,MOTHER_OF,1,FR-329d7eb6afe7cdcb
HP-00032087,HP-00032079,MOTHER_OF,2,FR-567e8453dd7e81a6
HP-00032097,HP-00032089,MOTHER_OF,1,FR-817c9b6cf8987137
HP-00032107,HP-00032099,MOTHER_OF,1,FR-25b0b92ad71fd733
HP-00032117,HP-00032109,MOTHER_OF,1,FR-24a262d160f12b0e
HP-00032127,HP-00032119,MOTHER_OF,1,FR-882acf6447c0b6ed
HP-00032137,HP-00014262,MOTHER_OF,1,FR-7f46d4e3416e3fa0
HP-00032157,HP-00032149,MOTHER_OF,1,FR-3c37d1f237f9c806
HP-00032167,HP-00032159,MOTHER_OF,1,FR-49bf0a432f873324
HP-00032187,HP-00032179,MOTHER_OF,1,FR-5b8410adf10c0e8c
HP-00032197,HP-00032189,MOTHER_OF,1,FR-ff4316e93458b540
HP-00032207,HP-00032199,MOTHER_OF,1,FR-ae9ed5bfa2161c24
HP-00032217,HP-00032209,MOTHER_OF,1,FR-02770b741b97f1ef
HP-00032227,HP-00032219,MOTHER_OF,1,FR-d23e25df7a809073
HP-00032237,HP-00032229,MOTHER_OF,1,FR-d06c55a7bf4c2d87
HP-00032247,HP-00032239,MOTHER_OF,1,FR-ab810168e2944e37
HP-00032277,HP-00032269,MOTHER_OF,1,FR-b750b6500075ceeb
HP-00032287,HP-00032279,MOTHER_OF,1,FR-fd3550cf822caa31
HP-00032306,HP-00032299,MOTHER_OF,1,FR-0adc18acc24a7921
HP-00032316,HP-00032308,MOTHER_OF,1,FR-5e432ede649956f0
HP-00032326,HP-00032318,MOTHER_OF,1,FR-7ae295e2f9103f06
HP-00032357,HP-00032349,MOTHER_OF,1,FR-0176a33887c463b2
HP-00032367,HP-00032359,MOTHER_OF,1,FR-2cf0280ad38e1802
HP-00032377,HP-00032369,MOTHER_OF,1,FR-83edaf57c298ea7a
HP-00032387,HP-00032379,MOTHER_OF,1,FR-39a8d865e77a1711
HP-00032397,HP-00032389,MOTHER_OF,1,FR-1c2985f14e0e8f61
HP-00032407,HP-00032399,MOTHER_OF,1,FR-9f691b1f1662c73b
HP-00032417,HP-00032409,MOTHER_OF,1,FR-7cd3009ef11a308b
HP-00032427,HP-00032419,MOTHER_OF,1,FR-8ad26ee067bbdcc1
HP-00032437,HP-00032429,MOTHER_OF,1,FR-d851b15108d0a896
HP-00032447,HP-00032439,MOTHER_OF,2,FR-bc63d79b121911d0
HP-00032457,HP-00032449,MOTHER_OF,1,FR-c70d8e40d551e750
HP-00032467,HP-00032459,MOTHER_OF,1,FR-994498845a74dbee
HP-00032477,HP-00032469,MOTHER_OF,1,FR-b5f63cfec8409a29
HP-00032487,HP-00032479,MOTHER_OF,1,FR-20e4a269c3b9c0ad
HP-00032497,HP-00032489,MOTHER_OF,1,FR-ece2aba503b15c48
HP-00032507,HP-00032499,MOTHER_OF,1,FR-27d8b8e1034372da
HP-00032517,HP-00032509,MOTHER_OF,1,FR-f667682e79ca0d0d
HP-00032527,HP-00032519,MOTHER_OF,1,FR-18fff908b738e430
HP-00032537,HP-00032529,MOTHER_OF,1,FR-44fc2f774615d70f
HP-00032547,HP-00032539,MOTHER_OF,1,FR-269ab296712dc7a0
HP-00030812,HP-00032549,MOTHER_OF,1,FR-6acdf851ab6b4d1d
HP-00032567,HP-00032559,MOTHER_OF,1,FR-83c39aabb9f4f84f
HP-00032577,HP-00032569,MOTHER_OF,1,FR-ec849747f3580e23
HP-00032587,HP-00032579,MOTHER_OF,1,FR-5db79d4557226ccb
HP-00032597,HP-00032589,MOTHER_OF,1,FR-785a082752b62ad3
HP-00032607,HP-00032599,MOTHER_OF,1,FR-4b1268a4d0d7f5d3
HP-00032617,HP-00032609,MOTHER_OF,1,FR-bd51c0ec0ce7f4c0
HP-00032627,HP-00032619,MOTHER_OF,1,FR-50ae6d57b05e0dab
HP-00032637,HP-00032629,MOTHER_OF,1,FR-f90316247cae478f
HP-00032647,HP-00032639,MOTHER_OF,1,FR-a1d12f2cfc5b6b1a
HP-00032657,HP-00032649,MOTHER_OF,1,FR-970ceb02a63b1c80
HP-00032677,HP-00032669,MOTHER_OF,1,FR-0e5cf250fbe81ca6
HP-00032687,HP-00032679,MOTHER_OF,1,FR-de890ad4bd2592f3
HP-00032697,HP-00032689,MOTHER_OF,1,FR-e53d7d07c9f51a44
HP-00032707,HP-00032699,MOTHER_OF,1,FR-5c7b673c145d4e48
HP-00032717,HP-00032709,MOTHER_OF,1,FR-4fec6018fdccf23d
HP-00032727,HP-00032719,MOTHER_OF,1,FR-d9003d61c0358031
HP-00032737,HP-00032729,MOTHER_OF,1,FR-2a955ef792215d9d
HP-00032747,HP-00032739,MOTHER_OF,1,FR-88f70d75e84b982c
HP-00032757,HP-00032749,MOTHER_OF,1,FR-7c3387fc09f9aba0
HP-00032767,HP-00032759,MOTHER_OF,1,FR-b4167491dcae8105
HP-00032777,HP-00032769,MOTHER_OF,1,FR-996cea57b8459a9f
HP-00032787,HP-00032779,MOTHER_OF,1,FR-96ff8c47076975b6
HP-00032797,HP-00032789,MOTHER_OF,1,FR-53764b9683f71eb5
HP-00032805,HP-00032799,MOTHER_OF,1,FR-de17d40696bfc649
HP-00032815,HP-00032807,MOTHER_OF,1,FR-742b8665f042c8f2
HP-00032825,HP-00032817,MOTHER_OF,1,FR-abe3572ae62cf8c6
HP-00032707,HP-00032827,MOTHER_OF,1,FR-eb43724a35d8db9e
HP-00032845,HP-00032837,MOTHER_OF,1,FR-d8a42e04e4c7d257
HP-00032855,HP-00032847,MOTHER_OF,1,FR-883fcc2f6cc603ca
HP-00032865,HP-00032857,MOTHER_OF,1,FR-1cd67bcc0cb7db61
HP-00032875,HP-00032867,MOTHER_OF,1,FR-187841592368275f
HP-00032885,HP-00032877,MOTHER_OF,1,FR-0d5e325b55f34faa
HP-00032905,HP-00032897,MOTHER_OF,1,FR-43f2435f0d495583
HP-00032915,HP-00032907,MOTHER_OF,1,FR-cb8ca82533fc23d3
HP-00032935,HP-00032927,MOTHER_OF,1,FR-7deba6fd4bb82c75
HP-00032945,HP-00032937,MOTHER_OF,1,FR-ac62b2eb24c9f595
HP-00032955,HP-00032947,MOTHER_OF,1,FR-e69144112f1a83c2
HP-00032965,HP-00032957,MOTHER_OF,1,FR-ffebb976c1b8b699
HP-00032985,HP-00032977,MOTHER_OF,1,FR-20c0522b9dda0232
HP-00032995,HP-00032987,MOTHER_OF,1,FR-e9a27cbd1a429293
HP-00033005,HP-00032997,MOTHER_OF,1,FR-a3a9f5564803db85
HP-00033015,HP-00033007,MOTHER_OF,1,FR-d331c67ff87ffa0d
HP-00033025,HP-00033017,MOTHER_OF,1,FR-f0a0b6a85156aaf6
HP-00033035,HP-00033027,MOTHER_OF,1,FR-09f65768ce453d59
HP-00033045,HP-00033037,MOTHER_OF,1,FR-211ac0d892422e05
HP-00033055,HP-00033047,MOTHER_OF,1,FR-b64105245673a2cc
HP-00033065,HP-00033057,MOTHER_OF,1,FR-2f4758db52627424
HP-00033075,HP-00033067,MOTHER_OF,1,FR-3549c3359e5af66c
HP-00033085,HP-00033077,MOTHER_OF,1,FR-e24375a6a6896bb5
HP-00033105,HP-00033097,MOTHER_OF,1,FR-9111b2b9317c6833
HP-00031797,HP-00033107,MOTHER_OF,1,FR-83050f29d7de4531
HP-00033125,HP-00033117,MOTHER_OF,1,FR-a6a68247481a01c5
HP-00033135,HP-00033127,MOTHER_OF,1,FR-130944c339794b4f
HP-00033145,HP-00033137,MOTHER_OF,1,FR-79a33bb2aff1f09a
HP-00033155,HP-00033147,MOTHER_OF,1,FR-b8b6e60fbad5a3b5
HP-00033165,HP-00033157,MOTHER_OF,1,FR-4c475832fb3dee77
HP-00033175,HP-00014250,MOTHER_OF,1,FR-89ece482f55664f1
HP-00033185,HP-00033177,MOTHER_OF,1,FR-1d4ff806b49c4bfc
HP-00033195,HP-00033187,MOTHER_OF,1,FR-2394520684ca1a84
HP-00033205,HP-00033197,MOTHER_OF,1,FR-6c98863fa17e5bb5
HP-00033215,HP-00033207,MOTHER_OF,1,FR-40103486a4804cbd
HP-00033225,HP-00033217,MOTHER_OF,1,FR-545fcc819eef1b02
HP-00033235,HP-00033227,MOTHER_OF,1,FR-5e1daa4e3a956f27
HP-00033245,HP-00033237,MOTHER_OF,1,FR-f552e571f67e4cfa
HP-00033255,HP-00033247,MOTHER_OF,1,FR-89f92df812628022
HP-00033265,HP-00033257,MOTHER_OF,1,FR-695e708ce98defd0
HP-00033275,HP-00033267,MOTHER_OF,1,FR-b70053fea23c4cb6
HP-00033285,HP-00033277,MOTHER_OF,1,FR-1d2322e945aa92c4
HP-00033295,HP-00033287,MOTHER_OF,1,FR-6d4fe0cf8f3b2672
HP-00030172,HP-00033297,MOTHER_OF,1,FR-70641064469849f9
HP-00033315,HP-00033307,MOTHER_OF,1,FR-95054bfaa2bd2553
HP-00033325,HP-00033317,MOTHER_OF,1,FR-9d97c34a4aa5459e
HP-00033335,HP-00033327,MOTHER_OF,1,FR-e429ed8b47b2dd08
HP-00033345,HP-00033337,MOTHER_OF,1,FR-ca37bad7e6b8978d
HP-00033355,HP-00033347,MOTHER_OF,1,FR-0d6ef98c9868867a
HP-00033365,HP-00033357,MOTHER_OF,1,FR-b493cbba0a484db6
HP-00033375,HP-00033367,MOTHER_OF,1,FR-8100ba14c5cc9231
HP-00033385,HP-00033377,MOTHER_OF,1,FR-a721246e8fde56ba
HP-00033395,HP-00033387,MOTHER_OF,1,FR-00dd257cea295ba6
HP-00033405,HP-00033397,MOTHER_OF,1,FR-e3f14315d0c455e6
HP-00033415,HP-00033407,MOTHER_OF,1,FR-20dba6dc5e1ac431
HP-00033425,HP-00033417,MOTHER_OF,1,FR-0d87ca627a5b007e
HP-00033435,HP-00033427,MOTHER_OF,1,FR-cd79396210665d1f
HP-00033445,HP-00033437,MOTHER_OF,1,FR-1c25a7f91300582d
HP-00033455,HP-00033447,MOTHER_OF,1,FR-3a10bbf81f1cd9e6
HP-00033465,HP-00033457,MOTHER_OF,1,FR-dd0998df72d308b4
HP-00033485,HP-00033477,MOTHER_OF,1,FR-3938a644089939c2
HP-00033495,HP-00033487,MOTHER_OF,1,FR-4cc01cf9367040a8
HP-00033505,HP-00033497,MOTHER_OF,1,FR-ce35a8d450b02d15
HP-00033515,HP-00033507,MOTHER_OF,1,FR-a2724bdde7dd5ab6
HP-00033525,HP-00033517,MOTHER_OF,1,FR-f87883412b25dc65
HP-00033535,HP-00033527,MOTHER_OF,1,FR-3f7795663ec48321
HP-00033545,HP-00033537,MOTHER_OF,1,FR-a1cb4dd9ad1766b1
HP-00033555,HP-00033547,MOTHER_OF,1,FR-93ad0f5d0d00a2d9
HP-00031070,HP-00033557,MOTHER_OF,1,FR-ca426ae4fe41cd8e
HP-00033573,HP-00033565,MOTHER_OF,1,FR-c1b22c124a429571
HP-00033595,HP-00033586,MOTHER_OF,1,FR-e39c9b582a9cbe68
HP-00033612,HP-00033604,MOTHER_OF,1,FR-5e800eca95a1d9e2
HP-00033622,HP-00033614,MOTHER_OF,1,FR-274342108ab7f217
HP-00033632,HP-00033624,MOTHER_OF,1,FR-2589b404f29f45e9
HP-00033642,HP-00033634,MOTHER_OF,1,FR-e9e908eef240ac76
HP-00033653,HP-00033644,MOTHER_OF,1,FR-0abfaf7809c86ad3
HP-00033682,HP-00033674,MOTHER_OF,1,FR-38a3ce8933f8c33a
HP-00033692,HP-00033684,MOTHER_OF,1,FR-eb1eb4a007de054a
HP-00033702,HP-00033694,MOTHER_OF,1,FR-7b4d18f88d902d98
HP-00033723,HP-00033715,MOTHER_OF,1,FR-333d93766efb3c81
HP-00033731,HP-00033725,MOTHER_OF,1,FR-937bd7f2e710dad3
HP-00033741,HP-00033733,MOTHER_OF,1,FR-bdc0d452a871365d
HP-00033751,HP-00033743,MOTHER_OF,1,FR-f2c2cf2aeb675827
HP-00033762,HP-00033753,MOTHER_OF,1,FR-af598c72786070f5
HP-00033772,HP-00033764,MOTHER_OF,1,FR-479d6cab00c17d7c
HP-00033789,HP-00033780,MOTHER_OF,1,FR-c51688b63e28a4b6
HP-00033809,HP-00033800,MOTHER_OF,1,FR-8889d74f339d1a88
HP-00033818,HP-00033811,MOTHER_OF,1,FR-16198468881e71a9
HP-00033838,HP-00033830,MOTHER_OF,1,FR-fc2cbfc18ddc1099
HP-00033849,HP-00033840,MOTHER_OF,1,FR-24242b92f8a59d92
HP-00033859,HP-00033851,MOTHER_OF,1,FR-9ee8cdb637f52d2b
HP-00033877,HP-00033869,MOTHER_OF,1,FR-4ae6be7cbd4008a0
HP-00033887,HP-00033879,MOTHER_OF,1,FR-665497930d693ecd
HP-00033903,HP-00033895,MOTHER_OF,1,FR-ba737e233c90f841
HP-00033913,HP-00019074,MOTHER_OF,1,FR-6b40e783355c6a92
HP-00033924,HP-00033915,MOTHER_OF,1,FR-7c4d7bb2e249a2cd
HP-00033934,HP-00033926,MOTHER_OF,1,FR-cf1e1cb0acb779d3
HP-00033942,HP-00033936,MOTHER_OF,1,FR-5d1f6774c54cde4b
HP-00033951,HP-00033944,MOTHER_OF,1,FR-4a43880b2fd5351b
HP-00033961,HP-00033953,MOTHER_OF,1,FR-081082dfedb0eaf4
HP-00033969,HP-00033963,MOTHER_OF,1,FR-50bef5e8a741ec9a
HP-00033979,HP-00033971,MOTHER_OF,1,FR-9c28dbb3677c1c36
HP-00033989,HP-00033981,MOTHER_OF,1,FR-7519fb1edad5b4ac
HP-00033998,HP-00033991,MOTHER_OF,1,FR-202127cf5723303f
HP-00034007,HP-00034000,MOTHER_OF,1,FR-a54b41364ecfcab7
HP-00034018,HP-00034009,MOTHER_OF,1,FR-29b61163275660a5
HP-00034026,HP-00034020,MOTHER_OF,1,FR-a5ca4ece88c8fa39
HP-00034034,HP-00034028,MOTHER_OF,1,FR-e9b419eed470f0b7
HP-00034050,HP-00034042,MOTHER_OF,1,FR-4fef7c1bba5e1712
HP-00034060,HP-00034052,MOTHER_OF,1,FR-1e72af54e4e08046
HP-00034070,HP-00034062,MOTHER_OF,1,FR-91b679c07845d204
HP-00034090,HP-00034081,MOTHER_OF,1,FR-53a2ca4a4f6197ec
HP-00034100,HP-00034092,MOTHER_OF,1,FR-a1f62dd114b4fef3
HP-00034110,HP-00034102,MOTHER_OF,1,FR-fc0bb93f1937568e
HP-00034146,HP-00034138,MOTHER_OF,1,FR-ede893fa1519af36
HP-00009279,HP-00034148,MOTHER_OF,1,FR-93205c51df8a270b
HP-00034166,HP-00034159,MOTHER_OF,1,FR-065aeb39e126367b
HP-00034175,HP-00034168,MOTHER_OF,1,FR-10e3c5e7527f229e
HP-00034219,HP-00034212,MOTHER_OF,1,FR-c51ed3cf2a7bc481
HP-00034237,HP-00034229,MOTHER_OF,1,FR-3fa13c681bdba915
HP-00034248,HP-00034239,MOTHER_OF,1,FR-59c4d2afc601b9e8
HP-00034284,HP-00034276,MOTHER_OF,1,FR-957df29400a43f24
HP-00034304,HP-00034296,MOTHER_OF,1,FR-c38b715f2d9adade
HP-00034330,HP-00034322,MOTHER_OF,1,FR-ad15bc4ca570e1b3
HP-00034338,HP-00034332,MOTHER_OF,1,FR-f56de688c52582e8
HP-00034348,HP-00034340,MOTHER_OF,1,FR-e0185da6694f21d9
HP-00034358,HP-00034350,MOTHER_OF,2,FR-027b3ff598447904
HP-00034368,HP-00034360,MOTHER_OF,1,FR-36f717f050a71829
HP-00034401,HP-00019062,MOTHER_OF,1,FR-a4f14bafc4b49467
HP-00034412,HP-00034403,MOTHER_OF,1,FR-2256c8e2a8a07bab
HP-00034422,HP-00034414,MOTHER_OF,1,FR-d3c01049af59f60b
HP-00034432,HP-00034424,MOTHER_OF,1,FR-d3cb3cd20234491b
HP-00034451,HP-00034445,MOTHER_OF,1,FR-5c921ce8cb838b60
HP-00034473,HP-00034465,MOTHER_OF,1,FR-ea541738c1f12487
HP-00034487,HP-00034481,MOTHER_OF,1,FR-ba5c1d2a2e3915c6
HP-00034505,HP-00034497,MOTHER_OF,1,FR-2d61f45bd708df4d
HP-00034515,HP-00034507,MOTHER_OF,1,FR-b10d972a9d5db61b
HP-00034557,HP-00034549,MOTHER_OF,1,FR-eed0cce9d411cda8
HP-00034575,HP-00034567,MOTHER_OF,1,FR-eac9c59450dd947a
HP-00034583,HP-00034577,MOTHER_OF,1,FR-a3242ed67c4f252a
HP-00034599,HP-00034591,MOTHER_OF,1,FR-628035b0cdab7fdb
HP-00034609,HP-00020038,MOTHER_OF,1,FR-178922b531ae99ff
HP-00034619,HP-00034611,MOTHER_OF,1,FR-fc1427be9febfe26
HP-00034641,HP-00034635,MOTHER_OF,1,FR-3a8f81d3b516a9ff
HP-00034649,HP-00034643,MOTHER_OF,1,FR-a21717ec17f7ec69
HP-00034667,HP-00034661,MOTHER_OF,1,FR-d144b189ab97454c
HP-00034677,HP-00034669,MOTHER_OF,1,FR-1bee25577842ca8b
HP-00034687,HP-00034679,MOTHER_OF,1,FR-4dc2d718ed0d1216
HP-00034706,HP-00034698,MOTHER_OF,1,FR-b127151c53a13bd7
HP-00034714,HP-00034708,MOTHER_OF,1,FR-044513196abca935
HP-00034724,HP-00034716,MOTHER_OF,1,FR-060ad9aa873c7f01
HP-00034734,HP-00034726,MOTHER_OF,1,FR-f1175974be5d212e
HP-00034743,HP-00034736,MOTHER_OF,1,FR-e138e9a5b585f11e
HP-00034753,HP-00034745,MOTHER_OF,1,FR-10d691e527e990a7
HP-00034764,HP-00034755,MOTHER_OF,1,FR-e7da816299c493ed
HP-00034780,HP-00034774,MOTHER_OF,1,FR-cc24989da8566ad4
HP-00034790,HP-00034782,MOTHER_OF,1,FR-ca3e2c6aa660c31c
HP-00034800,HP-00034792,MOTHER_OF,1,FR-511af92aa8f9dfc0
HP-00034810,HP-00034802,MOTHER_OF,1,FR-51c46179c2da314b
HP-00034820,HP-00034812,MOTHER_OF,1,FR-a26a69982bcd3f08
HP-00034827,HP-00034822,MOTHER_OF,1,FR-01c0f7bc2839c89f
HP-00034843,HP-00034835,MOTHER_OF,1,FR-1fccb20c126bc7c6
HP-00034853,HP-00034845,MOTHER_OF,1,FR-9d7b9beea7051400
HP-00034863,HP-00034855,MOTHER_OF,1,FR-d2a4efb80fdd93c3
HP-00034881,HP-00034873,MOTHER_OF,1,FR-f0338aee7b6d3b9a
HP-00034891,HP-00034883,MOTHER_OF,1,FR-1f7545b672332155
HP-00034937,HP-00034929,MOTHER_OF,1,FR-620c58bbc608277d
HP-00034947,HP-00034939,MOTHER_OF,1,FR-ba7d14aa328cbf5c
HP-00034987,HP-00034979,MOTHER_OF,1,FR-39b754f11cee198d
HP-00034997,HP-00034989,MOTHER_OF,1,FR-91ebcfa8a6fe3020
HP-00035015,HP-00035009,MOTHER_OF,1,FR-11e9d850315c2b06
HP-00035033,HP-00035025,MOTHER_OF,1,FR-04d6fc0a6d51d361
HP-00035043,HP-00035035,MOTHER_OF,1,FR-cc37ccfdd391eede
HP-00035051,HP-00035045,MOTHER_OF,1,FR-f31bd584f894578b
HP-00035059,HP-00035053,MOTHER_OF,1,FR-3f2edc5c5a9b4c83
HP-00035079,HP-00035071,MOTHER_OF,1,FR-97d1d4ff0e782625
HP-00035087,HP-00035081,MOTHER_OF,1,FR-aa5c1c9d7031c286
HP-00035113,HP-00035105,MOTHER_OF,1,FR-60f08181d6cec30c
HP-00035123,HP-00035115,MOTHER_OF,1,FR-a32f026bb9710f5e
HP-00035133,HP-00035125,MOTHER_OF,1,FR-1a03d2219589ed15
HP-00035143,HP-00035135,MOTHER_OF,1,FR-c94901c10d3b5c62
HP-00035153,HP-00035145,MOTHER_OF,1,FR-db786d9a4b3768ff
HP-00035175,HP-00035169,MOTHER_OF,1,FR-23220ea85ce6cdf3
HP-00035185,HP-00035177,MOTHER_OF,1,FR-2b56884ccd9e263f
HP-00035201,HP-00035195,MOTHER_OF,1,FR-f6ccc3cf4fa2aaac
HP-00035211,HP-00035203,MOTHER_OF,1,FR-ecc6351f2e288623
HP-00035221,HP-00035213,MOTHER_OF,1,FR-550ef4db3b250d29
HP-00035229,HP-00035223,MOTHER_OF,1,FR-dc79a75a958872ac
HP-00035239,HP-00035231,MOTHER_OF,1,FR-28aa1768f80a466d
HP-00035249,HP-00035241,MOTHER_OF,1,FR-ca0431fb303e5668
HP-00035259,HP-00035251,MOTHER_OF,1,FR-5a1433d181cd3434
HP-00035269,HP-00035261,MOTHER_OF,1,FR-de4e2116731f6f19
HP-00035295,HP-00035289,MOTHER_OF,1,FR-e3a93bf81ed3cb49
HP-00035315,HP-00035307,MOTHER_OF,1,FR-d88cfe6e4494b624
HP-00035325,HP-00035317,MOTHER_OF,1,FR-372a99a922a8073b
HP-00035335,HP-00035327,MOTHER_OF,1,FR-6d9c7986ec7cd4a0
HP-00035345,HP-00035337,MOTHER_OF,1,FR-67b0586e733e57ff
HP-00035355,HP-00035347,MOTHER_OF,1,FR-0334591fc984d3ca
HP-00035373,HP-00035367,MOTHER_OF,1,FR-f6ad3179e68e316e
HP-00035401,HP-00035393,MOTHER_OF,1,FR-32d6fbe8efde59f2
HP-00035411,HP-00022403,MOTHER_OF,1,FR-0ba969844c1ba75d
HP-00035429,HP-00035421,MOTHER_OF,1,FR-691fcb9ae35a8ebc
HP-00035439,HP-00035431,MOTHER_OF,1,FR-5fe459e06e4f2989
HP-00035465,HP-00035459,MOTHER_OF,1,FR-5a61893f5be21e9b
HP-00035475,HP-00035467,MOTHER_OF,1,FR-a979890d7ab796b2
HP-00035485,HP-00035477,MOTHER_OF,1,FR-46a3a6cd8481a7b0
HP-00035505,HP-00035497,MOTHER_OF,1,FR-91a3a192a31c4434
HP-00035515,HP-00035507,MOTHER_OF,1,FR-5af6b6a27290666d
HP-00035531,HP-00035523,MOTHER_OF,1,FR-68da951c2a15b0b5
HP-00035541,HP-00035533,MOTHER_OF,1,FR-0f0ae05ec37517e9
HP-00035553,HP-00035549,MOTHER_OF,1,FR-293b4c7ad97d487f
HP-00033934,HP-00035555,MOTHER_OF,1,FR-decfd76a1e79d2cf
HP-00035583,HP-00035575,MOTHER_OF,1,FR-451bd8d9cf4958c2
HP-00035601,HP-00035595,MOTHER_OF,1,FR-9c79fa3b6b29e689
HP-00035611,HP-00035603,MOTHER_OF,1,FR-a53d8c2e807acfaf
HP-00035619,HP-00035613,MOTHER_OF,1,FR-e775bc13ffe84080
HP-00035629,HP-00035621,MOTHER_OF,1,FR-0de10887815edb00
HP-00035672,HP-00035664,MOTHER_OF,1,FR-867482e4c5da8c20
HP-00035682,HP-00035674,MOTHER_OF,1,FR-cd4adac2a9489b66
HP-00035690,HP-00035684,MOTHER_OF,1,FR-52ef7b8ff701d748
HP-00035700,HP-00035692,MOTHER_OF,1,FR-24f5a07dff90e3f9
HP-00035710,HP-00035702,MOTHER_OF,1,FR-db6c2745fb86cd88
HP-00035731,HP-00035722,MOTHER_OF,1,FR-740be99229e4ea89
HP-00035739,HP-00035733,MOTHER_OF,1,FR-0a403c3433dca4eb
HP-00035749,HP-00023049,MOTHER_OF,1,FR-9c15d4dd9999f997
HP-00035759,HP-00035751,MOTHER_OF,1,FR-84e7e51b23ef31eb
HP-00035769,HP-00035761,MOTHER_OF,1,FR-77761f2bd71ae889
HP-00035778,HP-00035771,MOTHER_OF,1,FR-a91819f03e3e66d6
HP-00035788,HP-00035780,MOTHER_OF,1,FR-ec464e286e683eca
HP-00035798,HP-00035790,MOTHER_OF,1,FR-82afae4cb2e10d50
HP-00035808,HP-00035800,MOTHER_OF,1,FR-751d034e5df254ff
HP-00035818,HP-00035810,MOTHER_OF,1,FR-1112e15ad77da486
HP-00035828,HP-00035820,MOTHER_OF,1,FR-8789c114f857120d
HP-00035838,HP-00035830,MOTHER_OF,1,FR-69708da10db6a438
HP-00035858,HP-00035850,MOTHER_OF,1,FR-ee59f7531434c61e
HP-00035868,HP-00035860,MOTHER_OF,1,FR-a6df46fd1b591635
HP-00035878,HP-00035870,MOTHER_OF,1,FR-6864c8e863085a80
HP-00035898,HP-00035890,MOTHER_OF,1,FR-00ff1b15250159ff
HP-00035918,HP-00035910,MOTHER_OF,1,FR-e045fd52404fecea
HP-00035925,HP-00035920,MOTHER_OF,1,FR-c8e97ee3f91709a8
HP-00035935,HP-00035927,MOTHER_OF,1,FR-264bbc335867e183
HP-00035945,HP-00035937,MOTHER_OF,1,FR-bda6466aacb8e52a
HP-00035955,HP-00035947,MOTHER_OF,1,FR-fef3c2e33be4e60a
HP-00035965,HP-00035957,MOTHER_OF,1,FR-6b814bab43ed8fbe
HP-00035975,HP-00035967,MOTHER_OF,1,FR-8c2e9b69dc5477b4
HP-00036005,HP-00035997,MOTHER_OF,1,FR-9fbcd5e60a347310
HP-00036015,HP-00036007,MOTHER_OF,1,FR-dbf6d5a3bbdf86f0
HP-00036025,HP-00036017,MOTHER_OF,1,FR-f951fef25c20cc62
HP-00036035,HP-00036027,MOTHER_OF,1,FR-e4cc7cbab726cd02
HP-00036045,HP-00036037,MOTHER_OF,1,FR-e28734f194f3446a
HP-00036055,HP-00036047,MOTHER_OF,1,FR-e03717d19fb8eb55
HP-00036065,HP-00024580,MOTHER_OF,1,FR-11f18532d2e8f7af
HP-00036075,HP-00016402,MOTHER_OF,1,FR-bb42b69696c0f7f1
HP-00036085,HP-00036077,MOTHER_OF,1,FR-8f82b14b6f48cb19
HP-00036095,HP-00036087,MOTHER_OF,1,FR-b4dc53b0052fa0f7
HP-00036105,HP-00036097,MOTHER_OF,1,FR-2f09cbbb7b9dce67
HP-00036115,HP-00036107,MOTHER_OF,1,FR-d920129dca2127fc
HP-00036125,HP-00036117,MOTHER_OF,1,FR-45fe4f9a6c5d51ff
HP-00036145,HP-00036137,MOTHER_OF,1,FR-7f0f39d5cd38e57b
HP-00036165,HP-00036157,MOTHER_OF,1,FR-7ac227affacecc1f
HP-00036175,HP-00036167,MOTHER_OF,1,FR-1a14e79b2f5b1ed8
HP-00036185,HP-00036177,MOTHER_OF,1,FR-4f8876ffa5c94997
HP-00036195,HP-00036187,MOTHER_OF,1,FR-97d95e3e72c09903
HP-00036205,HP-00036197,MOTHER_OF,1,FR-f076c9b91683065d
HP-00036215,HP-00036207,MOTHER_OF,1,FR-291bd7027bbff64f
HP-00036225,HP-00036217,MOTHER_OF,1,FR-ad04527c60ee1e14
HP-00036235,HP-00036227,MOTHER_OF,1,FR-866dc86a8186b7d6
HP-00036255,HP-00036247,MOTHER_OF,1,FR-5e93552da87044ab
HP-00036265,HP-00036257,MOTHER_OF,1,FR-bacb94fa35dd57d9
HP-00036285,HP-00036277,MOTHER_OF,1,FR-a1ac3614d676fcee
HP-00036295,HP-00036287,MOTHER_OF,1,FR-d8c3a8bc7a5cf052
HP-00036305,HP-00036297,MOTHER_OF,1,FR-7a2e50d1921aab6a
HP-00036315,HP-00036307,MOTHER_OF,1,FR-794f7093fc52d393
HP-00036326,HP-00036317,MOTHER_OF,1,FR-bc4eca743a5e5132
HP-00036336,HP-00036328,MOTHER_OF,1,FR-11f62dce505c7011
HP-00036346,HP-00036338,MOTHER_OF,1,FR-896ac11e2dab8211
HP-00036376,HP-00036368,MOTHER_OF,1,FR-eb36b331430d15eb
HP-00036386,HP-00036378,MOTHER_OF,1,FR-05cef22ffc0728ef
HP-00036406,HP-00036398,MOTHER_OF,1,FR-ba453455793e9e69
HP-00036416,HP-00036408,MOTHER_OF,1,FR-3b87b6299b872d12
HP-00036426,HP-00036418,MOTHER_OF,2,FR-8d0d726df36d4f19
HP-00036454,HP-00036446,MOTHER_OF,1,FR-579df860b3652a8a
HP-00036464,HP-00036456,MOTHER_OF,1,FR-fbe54c6c0a602f4d
HP-00036480,HP-00036472,MOTHER_OF,1,FR-6ff5f1ca1974d60d
HP-00036495,HP-00036488,MOTHER_OF,1,FR-c7c69f718da49cff
HP-00036505,HP-00036497,MOTHER_OF,1,FR-1189bf6e5d12a00f
HP-00036515,HP-00036507,MOTHER_OF,1,FR-1b419d795ce839a2
HP-00036558,HP-00036550,MOTHER_OF,1,FR-46713adee256e48d
HP-00036598,HP-00024036,MOTHER_OF,1,FR-91d487b743ca385b
HP-00036608,HP-00036600,MOTHER_OF,1,FR-ef05ca08e8172c7f
HP-00036617,HP-00036610,MOTHER_OF,1,FR-65cdfc3450ded62a
HP-00036627,HP-00036619,MOTHER_OF,1,FR-73dd2ff1cebd513e
HP-00036637,HP-00036629,MOTHER_OF,1,FR-780ce9b3b6f32079
HP-00036646,HP-00036639,MOTHER_OF,1,FR-9b53012dab41921e
HP-00036656,HP-00036648,MOTHER_OF,1,FR-8e84d52b269b7b36
HP-00036674,HP-00036667,MOTHER_OF,1,FR-71d3e5ed464273e9
HP-00036684,HP-00036676,MOTHER_OF,1,FR-9b30b90e05a083de
HP-00036694,HP-00036686,MOTHER_OF,1,FR-6a9da66bdd340476
HP-00036704,HP-00036696,MOTHER_OF,1,FR-6c1b1ff206440c01
HP-00033015,HP-00036745,MOTHER_OF,1,FR-6bc72f9c050fcb81
HP-00036764,HP-00015982,MOTHER_OF,2,FR-8a30dad61ea61296
HP-00036774,HP-00036766,MOTHER_OF,1,FR-296a0fcb495ac49a
HP-00036784,HP-00011298,MOTHER_OF,1,FR-028064d6dae7d3d9
HP-00036794,HP-00036786,MOTHER_OF,1,FR-d2d85733fb18298c
HP-00036804,HP-00036796,MOTHER_OF,1,FR-0276afe3f4bd827f
HP-00036814,HP-00036806,MOTHER_OF,1,FR-5c164be0505e1763
HP-00036824,HP-00036816,MOTHER_OF,1,FR-1dea86d602fd5040
HP-00036834,HP-00036826,MOTHER_OF,1,FR-96e5d627d36d4ae9
HP-00036844,HP-00036836,MOTHER_OF,1,FR-e31ac00823dec321
HP-00036853,HP-00036846,MOTHER_OF,1,FR-3909d83bb14c10cf
HP-00036863,HP-00036855,MOTHER_OF,1,FR-3511efbd2f73a1ba
HP-00036893,HP-00036885,MOTHER_OF,1,FR-a9084bb21c2f8842
HP-00036903,HP-00036895,MOTHER_OF,1,FR-8c04cb601285fc14
HP-00036914,HP-00012715,MOTHER_OF,1,FR-b5c70a683b64612f
HP-00036924,HP-00036916,MOTHER_OF,1,FR-56e637fd86fa4db2
HP-00036934,HP-00036926,MOTHER_OF,1,FR-994f10c23cac706f
HP-00018515,HP-00036958,MOTHER_OF,1,FR-12aef80f2dc340d3
HP-00036978,HP-00036969,MOTHER_OF,1,FR-9383dea43fb917a6
HP-00036989,HP-00036980,MOTHER_OF,1,FR-d3cc8d52f5ede0c7
HP-00037000,HP-00036991,MOTHER_OF,1,FR-8dbbbe0de1dcec9e
HP-00037011,HP-00037002,MOTHER_OF,1,FR-dbe09a7f948501d9
HP-00037022,HP-00037013,MOTHER_OF,1,FR-1857f385b404309c
HP-00037033,HP-00037024,MOTHER_OF,1,FR-f2163e5ab43c4904
HP-00037043,HP-00015515,MOTHER_OF,1,FR-5069aa3f444dbbee
HP-00037053,HP-00037045,MOTHER_OF,1,FR-b23e37c27633e2c0
HP-00037063,HP-00037055,MOTHER_OF,1,FR-a3079c2f393ccf85
HP-00037086,HP-00037079,MOTHER_OF,1,FR-6b05455933c31fe2
HP-00037097,HP-00037088,MOTHER_OF,1,FR-5803610f08e08336
HP-00037119,HP-00037110,MOTHER_OF,1,FR-f95a0b00d1794cef
HP-00037170,HP-00037161,MOTHER_OF,1,FR-d28df5a22cb3c61c
HP-00037181,HP-00037172,MOTHER_OF,1,FR-e96a31e33a2df4e0
HP-00037192,HP-00037183,MOTHER_OF,1,FR-0db485e1f2891d86
HP-00037225,HP-00037216,MOTHER_OF,1,FR-6d4223ccbaf33fb2
HP-00037247,HP-00037238,MOTHER_OF,1,FR-8b130568d79bfcc2
HP-00037258,HP-00037249,MOTHER_OF,1,FR-f4ab493cf9c17371
HP-00037280,HP-00037271,MOTHER_OF,1,FR-3ee5e0e3d5df8fc2
HP-00037291,HP-00037282,MOTHER_OF,1,FR-cd61a67fc2059a97
HP-00037302,HP-00037293,MOTHER_OF,1,FR-ab21e2df8ebe32d2
HP-00037324,HP-00037315,MOTHER_OF,1,FR-f722b79049303c9c
HP-00037335,HP-00037326,MOTHER_OF,1,FR-657e77225247aadd
HP-00037346,HP-00037337,MOTHER_OF,1,FR-d0cfa4d7183b7549
HP-00037368,HP-00037359,MOTHER_OF,1,FR-79887d51a78543e4
HP-00037379,HP-00037370,MOTHER_OF,1,FR-e43d5a2c5ec73272
HP-00037400,HP-00037391,MOTHER_OF,1,FR-f53230a5dfa425bb
HP-00037411,HP-00037402,MOTHER_OF,1,FR-f63b3d7e24e68795
HP-00037422,HP-00037413,MOTHER_OF,1,FR-f52a26e1753b53fc
HP-00037450,HP-00037441,MOTHER_OF,1,FR-91b4521e4f9788bb
HP-00037461,HP-00037452,MOTHER_OF,1,FR-03faac707c398361
HP-00037502,HP-00037493,MOTHER_OF,1,FR-54c31a9eba620c65
HP-00037535,HP-00037526,MOTHER_OF,1,FR-5d2def82e05feb95
HP-00037543,HP-00037537,MOTHER_OF,1,FR-969fd846efbf0f8a
HP-00037563,HP-00037555,MOTHER_OF,1,FR-d58a62febad16f8f
HP-00037573,HP-00037565,MOTHER_OF,1,FR-22557656d2ebbb6f
HP-00037583,HP-00037575,MOTHER_OF,1,FR-91e39497e3384f2b
HP-00037593,HP-00037585,MOTHER_OF,1,FR-e23e19ec5ffc9315
HP-00037601,HP-00037595,MOTHER_OF,1,FR-8b7182693a13b7fb
HP-00037621,HP-00037613,MOTHER_OF,1,FR-562666c2d05cb5a2
HP-00037630,HP-00037623,MOTHER_OF,1,FR-9fb44b115bb9348e
HP-00037649,HP-00037641,MOTHER_OF,1,FR-adb4097a44d3579c
HP-00037657,HP-00037651,MOTHER_OF,1,FR-664c91edb2e2820b
HP-00037683,HP-00037675,MOTHER_OF,1,FR-208c33669adde1b9
HP-00037691,HP-00037685,MOTHER_OF,1,FR-1b9d660c8da697ce
HP-00037701,HP-00037693,MOTHER_OF,1,FR-5e2583cec1f30e5c
HP-00037711,HP-00037703,MOTHER_OF,1,FR-5341adf1308c867f
HP-00037731,HP-00021407,MOTHER_OF,1,FR-e5e97a0a84707784
HP-00037741,HP-00037733,MOTHER_OF,1,FR-a6b2b9b47537fa71
HP-00037751,HP-00037743,MOTHER_OF,1,FR-6270dc566ecb7e37
HP-00037783,HP-00037777,MOTHER_OF,1,FR-e87d00b11f0c949f
HP-00037793,HP-00037785,MOTHER_OF,1,FR-e06bf858002a1219
HP-00037804,HP-00037795,MOTHER_OF,1,FR-4d17b08b1c13aaa1
HP-00037814,HP-00037806,MOTHER_OF,1,FR-54c79c70fb7c0675
HP-00037824,HP-00013532,MOTHER_OF,1,FR-b5c241c13fa168cc
HP-00037834,HP-00037826,MOTHER_OF,1,FR-290d6d0307079891
HP-00037844,HP-00037836,MOTHER_OF,1,FR-24e9b93a653580a3
HP-00037854,HP-00037846,MOTHER_OF,1,FR-5ad2463b23634b11
HP-00037872,HP-00037866,MOTHER_OF,1,FR-77c83b9799a780de
HP-00037896,HP-00037888,MOTHER_OF,1,FR-4318e5fad2804d0f
HP-00037906,HP-00037898,MOTHER_OF,1,FR-d47360909ebcb626
HP-00037916,HP-00037908,MOTHER_OF,1,FR-e3c309a3f1901b23
HP-00037932,HP-00013728,MOTHER_OF,1,FR-f4d647992f1f60a1
HP-00037942,HP-00037934,MOTHER_OF,1,FR-8490ca5ab37915fb
HP-00037950,HP-00020383,MOTHER_OF,1,FR-4b62056437f5e361
HP-00037960,HP-00037952,MOTHER_OF,1,FR-d01048dfdd8bf7f8
HP-00037980,HP-00037972,MOTHER_OF,1,FR-57aeb2edd6d3a78c
HP-00037990,HP-00037982,MOTHER_OF,1,FR-43ea993f7e6a5311
HP-00038001,HP-00037992,MOTHER_OF,1,FR-2624e685cd29f42d
HP-00038021,HP-00038013,MOTHER_OF,1,FR-090d908d25204e85
HP-00038029,HP-00038023,MOTHER_OF,1,FR-9c9bde6f1bc3ee44
HP-00038085,HP-00038079,MOTHER_OF,1,FR-6e986d3a6800248f
HP-00038095,HP-00038087,MOTHER_OF,1,FR-d25efd262090a5dc
HP-00038105,HP-00038097,MOTHER_OF,1,FR-1ec4c824183f9719
HP-00038163,HP-00038155,MOTHER_OF,1,FR-b4a9d1f289a7c944
HP-00038173,HP-00038165,MOTHER_OF,1,FR-5092e131cb4cc1c5
HP-00038183,HP-00038175,MOTHER_OF,1,FR-b4f55b07e9d5a6d3
HP-00038191,HP-00038185,MOTHER_OF,1,FR-b39ebd7e196cfda6
HP-00038199,HP-00038193,MOTHER_OF,1,FR-4f1433223ff3e957
HP-00038209,HP-00038201,MOTHER_OF,1,FR-4504404d1cc07cef
HP-00038239,HP-00038231,MOTHER_OF,1,FR-e095ea4f24fd1979
HP-00038282,HP-00038273,MOTHER_OF,1,FR-8141397b43008227
HP-00038293,HP-00012070,MOTHER_OF,1,FR-69c8e143019a931e
HP-00038304,HP-00038295,MOTHER_OF,1,FR-29e6df302630e4b3
HP-00038315,HP-00038306,MOTHER_OF,1,FR-1d51825b6acdb890
HP-00038326,HP-00038317,MOTHER_OF,1,FR-e4498fd6fb493780
HP-00038370,HP-00015375,MOTHER_OF,1,FR-af84247eb5d7925b
HP-00038381,HP-00038372,MOTHER_OF,1,FR-eceb6c0679541ac7
HP-00038392,HP-00038383,MOTHER_OF,1,FR-80f40581f4602ec9
HP-00038414,HP-00038405,MOTHER_OF,1,FR-8fc9c48329ed1ddd
HP-00038425,HP-00038416,MOTHER_OF,1,FR-c16b19193bfbb41a
HP-00038436,HP-00038427,MOTHER_OF,1,FR-891859ba78962e4f
HP-00038447,HP-00038438,MOTHER_OF,1,FR-c6380265230b8c05
HP-00038470,HP-00038460,MOTHER_OF,1,FR-55a386f5149c9ef8
HP-00038492,HP-00038483,MOTHER_OF,1,FR-a34ee1c7c0291382
HP-00038503,HP-00038494,MOTHER_OF,1,FR-12d435b65258e591
HP-00038525,HP-00038516,MOTHER_OF,1,FR-7e0adfa45706fb45
HP-00038534,HP-00038527,MOTHER_OF,1,FR-b2e5fffb79b66a65
HP-00038544,HP-00038536,MOTHER_OF,1,FR-ec262e32dfea0b37
HP-00038555,HP-00038546,MOTHER_OF,1,FR-2c3a1f2df1d5fb49
HP-00038566,HP-00038557,MOTHER_OF,1,FR-c92a82b691f0f86f
HP-00038599,HP-00038590,MOTHER_OF,1,FR-22c029526f6748ea
HP-00038610,HP-00038601,MOTHER_OF,1,FR-0b52a3c51cbee914
HP-00038621,HP-00038612,MOTHER_OF,1,FR-17160ed6d4fc0cb4
HP-00038631,HP-00038623,MOTHER_OF,1,FR-eef84d4404677a8b
HP-00038641,HP-00038633,MOTHER_OF,1,FR-a06cf269cc0a6b89
HP-00038652,HP-00038643,MOTHER_OF,1,FR-be13ab79ff85399e
HP-00038663,HP-00038654,MOTHER_OF,1,FR-10c410a44febd9c4
HP-00038674,HP-00038665,MOTHER_OF,1,FR-2c9a55c8c79312d9
HP-00038685,HP-00038676,MOTHER_OF,1,FR-1685b5ef7317714c
HP-00038716,HP-00038707,MOTHER_OF,1,FR-b12cbcbbd2f9b223
HP-00038727,HP-00038718,MOTHER_OF,1,FR-ef4cdf2788d4f559
HP-00038738,HP-00038729,MOTHER_OF,1,FR-5d4a376ba661e989
HP-00038760,HP-00038751,MOTHER_OF,1,FR-592d14ed11651599
HP-00038782,HP-00038773,MOTHER_OF,1,FR-afd2e0640d2ac3e9
HP-00038792,HP-00038784,MOTHER_OF,1,FR-a7e12cdc8394d99a
HP-00038803,HP-00038794,MOTHER_OF,1,FR-9e61f153057b2b55
HP-00038825,HP-00038816,MOTHER_OF,1,FR-73992bd7e51425da
HP-00038836,HP-00038827,MOTHER_OF,1,FR-527fb6cbeb725e7c
HP-00038845,HP-00038838,MOTHER_OF,1,FR-33b8c7ef8823c785
HP-00038856,HP-00038847,MOTHER_OF,1,FR-a65730590e30abf9
HP-00038867,HP-00038858,MOTHER_OF,1,FR-2e38e083c2c5dd64
HP-00038878,HP-00016038,MOTHER_OF,1,FR-d6c8625ed20098bd
HP-00038889,HP-00038880,MOTHER_OF,1,FR-c1c165b1a32090b3
HP-00038900,HP-00038891,MOTHER_OF,1,FR-e88bef6c6c57ac9b
HP-00038922,HP-00038913,MOTHER_OF,1,FR-45121854a3922db9
HP-00038933,HP-00038924,MOTHER_OF,1,FR-72920a382b725567
HP-00038955,HP-00038946,MOTHER_OF,1,FR-7f3265e7c4a57dbe
HP-00038966,HP-00038957,MOTHER_OF,1,FR-6af9ce85e947fcf6
HP-00038977,HP-00038968,MOTHER_OF,1,FR-4ae7052d87f9199e
HP-00038988,HP-00038979,MOTHER_OF,1,FR-a36d59c4cd58ef3d
HP-00038999,HP-00038990,MOTHER_OF,1,FR-4a661e3720ffbc70
HP-00039009,HP-00039001,MOTHER_OF,1,FR-9aa6e67bc4477f61
HP-00039019,HP-00039011,MOTHER_OF,1,FR-645b6f24f5d53180
HP-00039030,HP-00039021,MOTHER_OF,1,FR-899215e7a6337ed5
HP-00039041,HP-00039032,MOTHER_OF,1,FR-73b2e431950519ee
HP-00039062,HP-00039054,MOTHER_OF,1,FR-44ea7b34fb10c7dd
HP-00039082,HP-00039075,MOTHER_OF,1,FR-6d78cc042038f094
HP-00039092,HP-00039084,MOTHER_OF,1,FR-47e0f8269f4c0709
HP-00021393,HP-00039121,MOTHER_OF,1,FR-dbe684792243ff8e
HP-00039141,HP-00039132,MOTHER_OF,1,FR-1845ca3911aa5d4c
HP-00039152,HP-00039143,MOTHER_OF,1,FR-63effb145dbb1958
HP-00039181,HP-00039173,MOTHER_OF,1,FR-f0b59d82bb4dd9d3
HP-00039203,HP-00039194,MOTHER_OF,1,FR-07fe6d00cbc36107
HP-00039214,HP-00039205,MOTHER_OF,1,FR-dd3545b46926d4f1
HP-00039234,HP-00014484,MOTHER_OF,1,FR-5ab323b735e26425
HP-00039245,HP-00039236,MOTHER_OF,1,FR-e1cb09cd6fea77b0
HP-00039256,HP-00039247,MOTHER_OF,1,FR-eec27196f23399ba
HP-00031320,HP-00039258,MOTHER_OF,1,FR-41448e877369170e
HP-00039285,HP-00039276,MOTHER_OF,1,FR-9ec8b27aaeec1d13
HP-00039299,HP-00039293,MOTHER_OF,1,FR-f47d1e6492a00575
HP-00039309,HP-00039301,MOTHER_OF,1,FR-9836f31f35562681
HP-00039320,HP-00039311,MOTHER_OF,1,FR-d7297d4b17476f29
HP-00039329,HP-00039322,MOTHER_OF,1,FR-35e2763db1318fa2
HP-00039340,HP-00039331,MOTHER_OF,1,FR-56ab3760a83c1a36
HP-00039349,HP-00039342,MOTHER_OF,1,FR-f4cacad9e23ee97d
HP-00039360,HP-00039351,MOTHER_OF,1,FR-5e6bffd416613d1f
HP-00039371,HP-00039362,MOTHER_OF,1,FR-bd84498f934a9ef6
HP-00039382,HP-00039373,MOTHER_OF,1,FR-9147601029e3f911
HP-00039393,HP-00039384,MOTHER_OF,1,FR-783cbc8e776ca872
HP-00039403,HP-00039395,MOTHER_OF,1,FR-4e836e4ee9d0fafd
HP-00039413,HP-00039405,MOTHER_OF,1,FR-9c01b2e566afe7a8
HP-00039423,HP-00039415,MOTHER_OF,1,FR-67812e2446ece859
HP-00039442,HP-00039433,MOTHER_OF,1,FR-43aaba0a93b4578b
HP-00039451,HP-00039444,MOTHER_OF,1,FR-034010614e8ed5a5
HP-00039462,HP-00039453,MOTHER_OF,1,FR-dcf8d10ae5764f7e
HP-00039472,HP-00039464,MOTHER_OF,1,FR-1ab0b5be41c965a9
HP-00039480,HP-00039474,MOTHER_OF,1,FR-87404dcbdfff95e0
HP-00039490,HP-00039482,MOTHER_OF,1,FR-7744564978b0a8e7
HP-00032717,HP-00039492,MOTHER_OF,1,FR-8c35f1f4e62eca1a
HP-00039520,HP-00039512,MOTHER_OF,1,FR-cd3ef0d8aa3727e2
HP-00039530,HP-00039522,MOTHER_OF,1,FR-b9f22539157f67ab
HP-00023860,HP-00039542,MOTHER_OF,1,FR-f1a8f85eb1072562
HP-00039562,HP-00039553,MOTHER_OF,1,FR-4bfb9d52972e2bdf
HP-00039573,HP-00011426,MOTHER_OF,1,FR-33a5052f16aba840
HP-00039595,HP-00039586,MOTHER_OF,1,FR-5b8fcfcb92014b37
HP-00039606,HP-00039597,MOTHER_OF,1,FR-aecd67dfdce5c0c1
HP-00039628,HP-00039619,MOTHER_OF,1,FR-afcd716cc948e3b7
HP-00039639,HP-00039630,MOTHER_OF,1,FR-ccf769f680d1d04a
HP-00039650,HP-00039641,MOTHER_OF,1,FR-dea573a8493d2642
HP-00039672,HP-00039663,MOTHER_OF,1,FR-19a395d95771918f
HP-00039683,HP-00039674,MOTHER_OF,1,FR-3614d804ff2a36f8
HP-00039694,HP-00039685,MOTHER_OF,1,FR-ef1fe8004699142a
HP-00039738,HP-00039729,MOTHER_OF,1,FR-239535168d22a722
HP-00039749,HP-00039740,MOTHER_OF,1,FR-95d255ad3c329a09
HP-00039760,HP-00039751,MOTHER_OF,1,FR-5555f096b7436af1
HP-00039771,HP-00039762,MOTHER_OF,2,FR-52ec5b98cfb07835
HP-00039782,HP-00039773,MOTHER_OF,1,FR-4ad0e86351187205
HP-00039793,HP-00039784,MOTHER_OF,1,FR-67dfadbe4d892059
HP-00039813,HP-00039804,MOTHER_OF,1,FR-a1a4bc457a4a2095
HP-00039824,HP-00039815,MOTHER_OF,1,FR-6be306faa1bcd8cb
HP-00039834,HP-00039826,MOTHER_OF,1,FR-58fd833c801f4445
HP-00039845,HP-00039836,MOTHER_OF,1,FR-a5a246a536efa072
HP-00039856,HP-00039847,MOTHER_OF,1,FR-105f920f86a0757d
HP-00039867,HP-00039858,MOTHER_OF,1,FR-df1acd62659fda89
HP-00039889,HP-00039880,MOTHER_OF,1,FR-d1b36bb47c8fd915
HP-00039900,HP-00039891,MOTHER_OF,1,FR-51d3121081d4d6c4
HP-00039911,HP-00039902,MOTHER_OF,1,FR-b917bfcfa3dd1ee7
HP-00039922,HP-00039913,MOTHER_OF,1,FR-57894a60a86c1f8c
HP-00039933,HP-00039924,MOTHER_OF,1,FR-4bbe81df1de690da
HP-00039955,HP-00039946,MOTHER_OF,1,FR-a9553e3bccd6eb78
HP-00039966,HP-00039957,MOTHER_OF,1,FR-1c9f68ec49411c4c
HP-00039977,HP-00039968,MOTHER_OF,1,FR-a972f043f7bbc3eb
HP-00039998,HP-00011048,MOTHER_OF,1,FR-06444aabfa87ad6e
HP-00040009,HP-00040000,MOTHER_OF,1,FR-01a5a077d06e5e44
HP-00040031,HP-00040022,MOTHER_OF,1,FR-0524bf95e82fd7b2
HP-00040042,HP-00040033,MOTHER_OF,1,FR-b05533972ad49619
HP-00040061,HP-00040052,MOTHER_OF,1,FR-a2166e49cececba3
HP-00040072,HP-00040063,MOTHER_OF,1,FR-025b377efb8585c6
HP-00040083,HP-00040074,MOTHER_OF,1,FR-b8eaefe2ec8ef831
HP-00040092,HP-00040085,MOTHER_OF,1,FR-59733b3365ef46f8
HP-00040103,HP-00040094,MOTHER_OF,1,FR-16cc42c385449c8e
HP-00040112,HP-00040105,MOTHER_OF,1,FR-be9f72bede567af4
HP-00040122,HP-00040114,MOTHER_OF,1,FR-2a5c1c1f664adbdf
HP-00040140,HP-00040131,MOTHER_OF,1,FR-be5a1bf3b2fc633c
HP-00040151,HP-00040142,MOTHER_OF,1,FR-a05b1ad9ca396aae
HP-00023091,HP-00040153,MOTHER_OF,1,FR-25d1d6a0985d261e
HP-00040173,HP-00040164,MOTHER_OF,1,FR-e75d5e16128a994a
HP-00040183,HP-00040175,MOTHER_OF,1,FR-f3d20c2de6d20850
HP-00040221,HP-00040212,MOTHER_OF,1,FR-4c00af0c1e63c81b
HP-00040232,HP-00040223,MOTHER_OF,1,FR-e3c59cd34a564a9a
HP-00040243,HP-00040234,MOTHER_OF,1,FR-79748b1fb0b999e0
HP-00040253,HP-00040245,MOTHER_OF,1,FR-279347d714e1e486
HP-00040263,HP-00040255,MOTHER_OF,1,FR-0400a8cfa54f2aeb
HP-00040272,HP-00040265,MOTHER_OF,1,FR-1120de7eaaba1508
HP-00040281,HP-00040274,MOTHER_OF,1,FR-bb375a858a64839d
HP-00040290,HP-00040283,MOTHER_OF,1,FR-e8e03eb39cd60581
HP-00040300,HP-00040292,MOTHER_OF,1,FR-1c764b7abb385b0c
HP-00040316,HP-00040310,MOTHER_OF,1,FR-f1eb16fe0e7647ed
HP-00040326,HP-00040318,MOTHER_OF,1,FR-55290155a05cbb10
HP-00040334,HP-00012363,MOTHER_OF,1,FR-aa9ddd19901a9598
HP-00040346,HP-00040340,MOTHER_OF,1,FR-2e38176115184c4a
HP-00040354,HP-00040348,MOTHER_OF,1,FR-86042d37a5ef9a43
HP-00040364,HP-00040356,MOTHER_OF,1,FR-ff5a44c9d8e9b11c
HP-00040372,HP-00040366,MOTHER_OF,1,FR-f848acb6e5707a7b
HP-00040381,HP-00040374,MOTHER_OF,1,FR-126afad25adea93c
HP-00040389,HP-00040383,MOTHER_OF,1,FR-2cf839c649dc813f
HP-00040397,HP-00040391,MOTHER_OF,1,FR-a16598fca1684e18
HP-00040405,HP-00040399,MOTHER_OF,1,FR-eb7c7fda91939b66
HP-00040413,HP-00040407,MOTHER_OF,1,FR-1c10abdcb848cb2a
HP-00040419,HP-00040415,MOTHER_OF,1,FR-fd9337116dbba78a
HP-00040427,HP-00040421,MOTHER_OF,1,FR-8fdad14c8ac37d70
HP-00040433,HP-00040429,MOTHER_OF,1,FR-a3f292fd95bebb14
HP-00040441,HP-00040435,MOTHER_OF,1,FR-04320f0381eb835a
HP-00040449,HP-00040443,MOTHER_OF,1,FR-b45d1c8f72812770
HP-00040457,HP-00040451,MOTHER_OF,1,FR-597bec3416d90698
HP-00040465,HP-00040459,MOTHER_OF,1,FR-28b99615411d7976
HP-00040473,HP-00040467,MOTHER_OF,1,FR-d4f01ac3d2cf91c3
HP-00040481,HP-00040475,MOTHER_OF,2,FR-a3844e3af7d0db2e
HP-00040489,HP-00040483,MOTHER_OF,1,FR-f47f759b7a56e875
HP-00040497,HP-00040491,MOTHER_OF,1,FR-b0c7385e45b81f91
HP-00040505,HP-00040499,MOTHER_OF,1,FR-d02313eba1d4d059
HP-00040513,HP-00040507,MOTHER_OF,1,FR-8d284411ff09f0f0
HP-00040533,HP-00040525,MOTHER_OF,1,FR-a561a3e9dab70aa2
HP-00040541,HP-00040535,MOTHER_OF,1,FR-6b46799967a74b8c
HP-00040549,HP-00040543,MOTHER_OF,1,FR-015a0f16f666c04c
HP-00040557,HP-00040551,MOTHER_OF,1,FR-363393012a7c0973
HP-00040565,HP-00040559,MOTHER_OF,1,FR-f4ac65b2280dd5a1
HP-00040573,HP-00040567,MOTHER_OF,1,FR-958b9ba32b9d14c9
HP-00040581,HP-00040575,MOTHER_OF,1,FR-306807d0ec9a7b39
HP-00040589,HP-00040583,MOTHER_OF,1,FR-3575a17f485dca5e
HP-00040597,HP-00040591,MOTHER_OF,1,FR-c7bdb75d5073cb3c
HP-00040605,HP-00040599,MOTHER_OF,1,FR-da4f8ada80fedfaa
HP-00040613,HP-00040607,MOTHER_OF,1,FR-7362147f00456013
HP-00040621,HP-00040615,MOTHER_OF,1,FR-61592beb1fcd44e5
HP-00040629,HP-00040623,MOTHER_OF,1,FR-21133aaddccd93b0
HP-00040637,HP-00040631,MOTHER_OF,1,FR-39051084d01a82c8
HP-00040645,HP-00040639,MOTHER_OF,1,FR-04a26d0160d2af18
HP-00040653,HP-00040647,MOTHER_OF,1,FR-49a48e25a8fdecee
HP-00040661,HP-00040655,MOTHER_OF,1,FR-0f5cf04095de7383
HP-00040677,HP-00040671,MOTHER_OF,1,FR-dc97a75868fd892e
HP-00040701,HP-00040695,MOTHER_OF,1,FR-66b3663cbd141309
HP-00040709,HP-00040703,MOTHER_OF,1,FR-95e3993e5cba5596
HP-00040717,HP-00040711,MOTHER_OF,1,FR-703daed2353d6bba
HP-00040735,HP-00040727,MOTHER_OF,1,FR-154e7bb23aac2107
HP-00039442,HP-00040737,MOTHER_OF,1,FR-15a405914e6cb2f8
HP-00040755,HP-00040747,MOTHER_OF,1,FR-558306721d9964c3
HP-00040765,HP-00040757,MOTHER_OF,1,FR-c74d02f339836664
HP-00040775,HP-00040767,MOTHER_OF,1,FR-d43fd939849acecc
HP-00040785,HP-00040777,MOTHER_OF,1,FR-fe37c82ea224e5ff
HP-00040795,HP-00040787,MOTHER_OF,1,FR-feb8e953fac760e6
HP-00031488,HP-00040797,MOTHER_OF,1,FR-aeca047e44d0087d
HP-00040821,HP-00040815,MOTHER_OF,1,FR-f0bb5292c6e583c5
HP-00040829,HP-00040823,MOTHER_OF,1,FR-794fcfbe8ee286de
HP-00040837,HP-00040831,MOTHER_OF,1,FR-e5a5f86c639507ce
HP-00040877,HP-00040871,MOTHER_OF,1,FR-2212bd58367c53a8
HP-00040885,HP-00040879,MOTHER_OF,1,FR-36d7c86a7aaace15
HP-00040893,HP-00040887,MOTHER_OF,1,FR-2ea46f288b51c1f3
HP-00040900,HP-00040895,MOTHER_OF,1,FR-b10d2ee9df411770
HP-00040910,HP-00040902,MOTHER_OF,1,FR-957b73fed3f9d3bc
HP-00040920,HP-00040912,MOTHER_OF,1,FR-c96d21a1f8bda9bb
HP-00040930,HP-00040922,MOTHER_OF,1,FR-49788f58866329a4
HP-00040940,HP-00040932,MOTHER_OF,1,FR-280d5c713e21a614
HP-00040950,HP-00040942,MOTHER_OF,1,FR-ae4ade41755cb942
HP-00040960,HP-00040952,MOTHER_OF,1,FR-6e837c8b19edfacc
HP-00040970,HP-00040962,MOTHER_OF,1,FR-fba07abf28d9e719
HP-00040980,HP-00040972,MOTHER_OF,1,FR-95a50e91872265d0
HP-00040991,HP-00040982,MOTHER_OF,1,FR-0d35a3f07758aa04
HP-00041002,HP-00040993,MOTHER_OF,1,FR-b5ec57569aaee767
HP-00041013,HP-00041004,MOTHER_OF,1,FR-ac04195e3cb1638e
HP-00041024,HP-00041015,MOTHER_OF,1,FR-d0be1173fc543083
HP-00041054,HP-00041046,MOTHER_OF,1,FR-901cc43214f6641d
HP-00041076,HP-00041067,MOTHER_OF,1,FR-15c60a36b2066f9d
HP-00041087,HP-00041078,MOTHER_OF,1,FR-527fbd0945b7a634
HP-00041098,HP-00041089,MOTHER_OF,1,FR-08cb9811b5ba9ba6
HP-00041109,HP-00041100,MOTHER_OF,1,FR-7f832612f5cc7489
HP-00041119,HP-00041111,MOTHER_OF,1,FR-ede7849585e0b42b
HP-00041130,HP-00041121,MOTHER_OF,1,FR-1421d30ceee042ff
HP-00041141,HP-00041132,MOTHER_OF,1,FR-91d77db7c5266ea1
HP-00041152,HP-00041143,MOTHER_OF,1,FR-41b6934810905931
HP-00041172,HP-00041163,MOTHER_OF,1,FR-0276452efdf7a213
HP-00041183,HP-00041174,MOTHER_OF,1,FR-7ae21e705a972158
HP-00041194,HP-00041185,MOTHER_OF,1,FR-bb871daf02464e56
HP-00041205,HP-00041196,MOTHER_OF,1,FR-6e18c50d77bd287f
HP-00041216,HP-00041207,MOTHER_OF,1,FR-ed3a3a069e61408a
HP-00041238,HP-00041229,MOTHER_OF,1,FR-1787e1d47ee10128
HP-00041248,HP-00012243,MOTHER_OF,1,FR-6641d0bee7e92fc1
HP-00041270,HP-00041261,MOTHER_OF,1,FR-25b5d636e5c5b895
HP-00041281,HP-00041272,MOTHER_OF,1,FR-7b2670b74f002cd2
HP-00041292,HP-00041283,MOTHER_OF,1,FR-f5cc817f1517362f
HP-00041303,HP-00041294,MOTHER_OF,1,FR-80f06858dc3ef91b
HP-00041314,HP-00041305,MOTHER_OF,1,FR-481167c46779f49c
HP-00041325,HP-00041316,MOTHER_OF,1,FR-db519bbb89cbfd98
HP-00041358,HP-00041349,MOTHER_OF,1,FR-3879d4b1c63d2073
HP-00041369,HP-00041360,MOTHER_OF,1,FR-8a0473d772444e93
HP-00041380,HP-00041371,MOTHER_OF,1,FR-4a84ba0383cf395c
HP-00041391,HP-00041382,MOTHER_OF,1,FR-a23ec4f9c409f830
HP-00041402,HP-00041393,MOTHER_OF,1,FR-10838bb8b8a067f9
HP-00041413,HP-00041404,MOTHER_OF,1,FR-52af8b636590e838
HP-00041424,HP-00041415,MOTHER_OF,1,FR-58af24c3a1dc187b
HP-00041435,HP-00041426,MOTHER_OF,1,FR-e3e7b6420a14a64c
HP-00041446,HP-00041437,MOTHER_OF,1,FR-997519b3795f4ab0
HP-00041457,HP-00041448,MOTHER_OF,1,FR-838019d36ea4dd4c
HP-00041468,HP-00041459,MOTHER_OF,1,FR-c5b3a50425eba4de
HP-00041479,HP-00041470,MOTHER_OF,1,FR-eb6167d93c0718fb
HP-00041501,HP-00041492,MOTHER_OF,1,FR-2a43fb01b02362ae
HP-00041523,HP-00041514,MOTHER_OF,1,FR-fb323344a0111d07
HP-00041534,HP-00041525,MOTHER_OF,1,FR-96e8d1caba6454e2
HP-00041545,HP-00041536,MOTHER_OF,1,FR-c270ddbade0f9e8f
HP-00041556,HP-00041547,MOTHER_OF,1,FR-6b230ded3b3865ce
HP-00041567,HP-00041558,MOTHER_OF,1,FR-760d3f95996c5834
HP-00041578,HP-00041569,MOTHER_OF,1,FR-10847ffe62f283c8
HP-00041589,HP-00041580,MOTHER_OF,1,FR-e6fdf235101dce1d
HP-00041622,HP-00041613,MOTHER_OF,1,FR-3401a5a5ae134aeb
HP-00041633,HP-00041624,MOTHER_OF,1,FR-d83f6a0c5cc9cb7b
HP-00041655,HP-00041646,MOTHER_OF,1,FR-9a4b429e650852e8
HP-00041666,HP-00041657,MOTHER_OF,1,FR-ff6b7f0ad0fe17a9
HP-00041677,HP-00041668,MOTHER_OF,1,FR-3cfe779ba9357170
HP-00041696,HP-00041695,FATHER_OF,1,FR-2650f979e4054221
HP-00041713,HP-00041712,FATHER_OF,1,FR-2949e8743168bed7
HP-00041717,HP-00041716,FATHER_OF,1,FR-c564077dda74595c
HP-00041735,HP-00041734,FATHER_OF,1,FR-512b2ef1631dc619
HP-00041753,HP-00041752,FATHER_OF,1,FR-a7d6683868bed9e1
HP-00041758,HP-00041757,FATHER_OF,1,FR-1e4f01acdcf362e2
HP-00041774,HP-00041773,FATHER_OF,1,FR-f632614158dab6c7
HP-00041780,HP-00041779,FATHER_OF,1,FR-59b4839c636e2022
HP-00041785,HP-00041784,FATHER_OF,1,FR-5c1a1b8252a9937b
HP-00041788,HP-00041787,FATHER_OF,1,FR-0c1b619e5d65c439
HP-00041793,HP-00041792,FATHER_OF,1,FR-5af48743dc3e20d6
HP-00041798,HP-00041797,FATHER_OF,1,FR-6952bf420daf9db4
HP-00041808,HP-00041807,FATHER_OF,1,FR-3e74f25ba225a129
HP-00041811,HP-00041810,FATHER_OF,1,FR-c272c35e7ed084a4
HP-00041823,HP-00041822,FATHER_OF,1,FR-bfd033f25fc39492
HP-00041826,HP-00041825,FATHER_OF,1,FR-1ba4ac4f25642efc
HP-00041831,HP-00041830,FATHER_OF,1,FR-f3b862c9cc4cfe25
HP-00041834,HP-00041833,FATHER_OF,1,FR-6b9252e4e9758b9e
HP-00041839,HP-00041838,FATHER_OF,1,FR-592ff5486cefe04e
HP-00041842,HP-00041841,FATHER_OF,1,FR-59e82d600f66e8e2
HP-00041847,HP-00041846,FATHER_OF,1,FR-9aa02327990b5287
HP-00041850,HP-00041849,FATHER_OF,1,FR-179fd8eaac696f74
HP-00041858,HP-00041857,FATHER_OF,1,FR-eb481a795cfc3f36
HP-00041861,HP-00041860,FATHER_OF,1,FR-3a168d9fe4b25151
HP-00041866,HP-00041865,FATHER_OF,1,FR-5eaa04f276718de7
HP-00041871,HP-00041870,FATHER_OF,1,FR-c133c1a8cfaa5612
HP-00041874,HP-00041873,FATHER_OF,1,FR-8f88cd2d7dbec443
HP-00041877,HP-00041876,FATHER_OF,1,FR-0c7b44082475430b
HP-00041883,HP-00041882,FATHER_OF,1,FR-4df57bbe10c96ea5
HP-00041886,HP-00041885,FATHER_OF,1,FR-1d81c4d324c8db09
HP-00041892,HP-00041891,FATHER_OF,1,FR-64b8d91791179265
HP-00041895,HP-00041894,FATHER_OF,1,FR-63c43859eb5df276
HP-00041898,HP-00041897,FATHER_OF,1,FR-019a23e8b12c7f81
HP-00041901,HP-00041900,FATHER_OF,1,FR-89c0177f795e7896
HP-00041904,HP-00041903,FATHER_OF,1,FR-10d0e0388e493207
HP-00041907,HP-00041906,FATHER_OF,1,FR-18d70056b272797c
HP-00041910,HP-00041909,FATHER_OF,1,FR-ac9af93387d1d935
HP-00041913,HP-00041912,FATHER_OF,1,FR-b37cb4f75cd1ad5c
HP-00041918,HP-00041917,FATHER_OF,1,FR-cfc86f77b55658e6
HP-00041921,HP-00041920,FATHER_OF,1,FR-be620b3494b49821
HP-00041930,HP-00041929,FATHER_OF,1,FR-727eacb4fdd08940
HP-00041946,HP-00041945,FATHER_OF,1,FR-f7569631a9961978
HP-00041949,HP-00041948,FATHER_OF,1,FR-7370e556e36bb45d
HP-00041956,HP-00041955,FATHER_OF,1,FR-766d505c71412813
HP-00041959,HP-00041958,FATHER_OF,1,FR-5bf99af993034867
HP-00041962,HP-00041961,FATHER_OF,1,FR-a56142a2ffc5312a
HP-00041969,HP-00041968,FATHER_OF,1,FR-d748d590221a36f4
HP-00041972,HP-00041971,FATHER_OF,1,FR-5e53a8c688a27ad5
HP-00041982,HP-00041981,FATHER_OF,1,FR-93b0415a25d9785b
HP-00041994,HP-00041993,FATHER_OF,1,FR-fa5e1640787ab803
HP-00042003,HP-00042002,FATHER_OF,1,FR-4dbd353d2378e891
HP-00042009,HP-00042008,FATHER_OF,1,FR-0f27a86743062a38
HP-00042015,HP-00042014,FATHER_OF,1,FR-c1268b8e2ab4c0ea
HP-00042018,HP-00042017,FATHER_OF,1,FR-54b15e54759f75c7
HP-00042022,HP-00042021,FATHER_OF,1,FR-70f45226739d51eb
HP-00042025,HP-00042024,FATHER_OF,1,FR-2d296a6fe0904196
HP-00042030,HP-00042029,FATHER_OF,1,FR-1a59ea999c2522d4
HP-00042033,HP-00042032,FATHER_OF,1,FR-caa0d53f3b5c7799
HP-00042036,HP-00042035,FATHER_OF,1,FR-5035ea268ed008cb
HP-00042040,HP-00042039,FATHER_OF,1,FR-24fa9614ec6ac865
HP-00042043,HP-00042042,FATHER_OF,1,FR-1f13c7675826bae7
HP-00042055,HP-00042054,FATHER_OF,1,FR-90dad08ae5a15219
HP-00042058,HP-00042057,FATHER_OF,1,FR-780739baad050807
HP-00042061,HP-00042060,FATHER_OF,1,FR-15097e46bc38a9a5
HP-00042064,HP-00042063,FATHER_OF,1,FR-661bff88e0175055
HP-00042073,HP-00042072,FATHER_OF,1,FR-a400d1646e4cac70
HP-00042076,HP-00042075,FATHER_OF,1,FR-c84f219e8c5702c1
HP-00042079,HP-00042078,FATHER_OF,1,FR-1b07932aada62f74
HP-00042084,HP-00042083,FATHER_OF,1,FR-73b6c14a8c557b86
HP-00042092,HP-00042091,FATHER_OF,1,FR-c7d86fc9cb551b4f
HP-00042095,HP-00042094,FATHER_OF,1,FR-3dbbed2f9f8a2041
HP-00042100,HP-00042099,FATHER_OF,1,FR-ceda8b432d83b086
HP-00042103,HP-00042102,FATHER_OF,1,FR-043641c30f6d0d79
HP-00042117,HP-00042116,FATHER_OF,2,FR-5195912f32baa7eb
HP-00042122,HP-00042121,FATHER_OF,2,FR-e5da12c2f932558a
HP-00042132,HP-00042131,FATHER_OF,1,FR-b09884d8845fffa7
HP-00042135,HP-00042134,FATHER_OF,1,FR-ce8fff678e382453
HP-00042144,HP-00042143,FATHER_OF,1,FR-6445878d1b01842f
HP-00042147,HP-00042146,FATHER_OF,1,FR-74f1026460e5fad5
HP-00042152,HP-00042151,FATHER_OF,3,FR-271c0fca1ad86f2f
HP-00042155,HP-00042154,FATHER_OF,1,FR-bdd0fb273d5e2549
HP-00042161,HP-00042160,FATHER_OF,2,FR-6008867de0a2a223
HP-00042164,HP-00042163,FATHER_OF,1,FR-3f11d3b82644b0ee
HP-00042175,HP-00042174,FATHER_OF,3,FR-90af05da8a98c325
HP-00042180,HP-00042179,FATHER_OF,1,FR-42c22d40ed264e76
HP-00042183,HP-00042182,FATHER_OF,3,FR-8af8514e92614f4c
HP-00042190,HP-00042189,FATHER_OF,3,FR-4775136c23a21b8a
HP-00042197,HP-00042196,FATHER_OF,1,FR-f399b98e5df82954
HP-00042202,HP-00042201,FATHER_OF,1,FR-2588f55417bbe95f
HP-00042224,HP-00042223,FATHER_OF,1,FR-08168f0301de5164
HP-00042229,HP-00042228,FATHER_OF,1,FR-8bd611fe502bbd08
HP-00042238,HP-00042237,FATHER_OF,2,FR-5f690c15f634f10c
HP-00042258,HP-00042257,FATHER_OF,2,FR-0d960028d3aa3517
HP-00042164,HP-00042265,FATHER_OF,2,FR-a65fa4d1486646af
HP-00042288,HP-00042287,FATHER_OF,2,FR-9cdd2b6087458ec5
HP-00042297,HP-00042296,FATHER_OF,2,FR-d82425f9f6d6331e
HP-00042300,HP-00042299,FATHER_OF,1,FR-b35dd295e48b46d7
HP-00042306,HP-00042305,FATHER_OF,4,FR-1f9e9333dc3e23d6
HP-00042309,HP-00042308,FATHER_OF,2,FR-10445346023e7786
HP-00042318,HP-00042317,FATHER_OF,2,FR-f3d80fe8969e5e57
HP-00042321,HP-00042320,FATHER_OF,2,FR-619e6e92d7434a80
HP-00042329,HP-00042328,FATHER_OF,1,FR-3d3e00c4b2becb0a
HP-00042332,HP-00042331,FATHER_OF,2,FR-06947160a5e498c7
HP-00042335,HP-00042334,FATHER_OF,2,FR-e508d0b78d8541fb
HP-00042348,HP-00042347,FATHER_OF,2,FR-7e4e7d71313cabc5
HP-00042351,HP-00042350,FATHER_OF,2,FR-8df0a97dc378e459
HP-00042356,HP-00042355,FATHER_OF,2,FR-cc4953d7b6113f74
HP-00042300,HP-00042441,FATHER_OF,1,FR-9d975a92ff48ee07
HP-00042471,HP-00042470,FATHER_OF,1,FR-759dfd0dccab30ca
HP-00042508,HP-00042507,FATHER_OF,1,FR-6d6f1788ce4b730e
HP-00042511,HP-00042510,FATHER_OF,1,FR-7a1f8a4b25ad11cd
HP-00042529,HP-00042528,FATHER_OF,1,FR-4713c4d331d5f71d
HP-00042535,HP-00042534,FATHER_OF,2,FR-61bc65fc08e3ed94
HP-00042546,HP-00042545,FATHER_OF,1,FR-af6178d8758e0c1d
HP-00042552,HP-00042551,FATHER_OF,1,FR-a59763f1cb943d9f
HP-00042556,HP-00042555,FATHER_OF,1,FR-2a27cea5d3569949
HP-00042561,HP-00042560,FATHER_OF,1,FR-b9da9c890d2cd37e
HP-00042582,HP-00042581,FATHER_OF,1,FR-7f129139c48f09cc
HP-00042599,HP-00042598,FATHER_OF,1,FR-90a05bb729fb4600
HP-00042602,HP-00042601,FATHER_OF,1,FR-4f851aa6ce4c1a91
HP-00042609,HP-00042608,FATHER_OF,1,FR-05b3fa1ad7fb8747
HP-00042612,HP-00042611,FATHER_OF,1,FR-cb513f9dbfbd9c91
HP-00042617,HP-00042616,FATHER_OF,1,FR-1a0f94f8da905165
HP-00042628,HP-00042627,FATHER_OF,1,FR-d6abfd05f07e7380
HP-00042631,HP-00042630,FATHER_OF,1,FR-696e769dc2743e74
HP-00042697,HP-00042696,FATHER_OF,1,FR-5687b1a0fc7db467
HP-00042728,HP-00042727,FATHER_OF,1,FR-152332ffe9cc41af
HP-00042733,HP-00042732,FATHER_OF,1,FR-50f104262db21986
HP-00042748,HP-00042747,FATHER_OF,1,FR-63835b22df0eab1e
HP-00042752,HP-00042751,FATHER_OF,1,FR-27cb25c054fbb4f1
HP-00042768,HP-00042767,FATHER_OF,1,FR-b916d27a6743715a
HP-00042771,HP-00042770,FATHER_OF,1,FR-2be1fc5c83adf2b1
HP-00042779,HP-00042778,FATHER_OF,1,FR-9a5b12d7f9c5197d
HP-00042785,HP-00042784,FATHER_OF,1,FR-43f2469bdcf67fec
HP-00042790,HP-00042789,FATHER_OF,1,FR-cf780b6787e54cc8
HP-00042798,HP-00042797,FATHER_OF,1,FR-6a7d96939d329de0
HP-00042801,HP-00042800,FATHER_OF,1,FR-75820fba6e1cf821
HP-00042809,HP-00042808,FATHER_OF,1,FR-be5b044ab83223ea
HP-00042843,HP-00042842,FATHER_OF,1,FR-dd2a9d92f079dba8
HP-00042853,HP-00042852,FATHER_OF,1,FR-d7547c28cc0525de
HP-00042855,HP-00042854,FATHER_OF,1,FR-e0ea61901ee6c54b
HP-00042867,HP-00042866,FATHER_OF,1,FR-5da514a776a29183
HP-00042882,HP-00042881,FATHER_OF,1,FR-7201a1dbccc3e6ba
HP-00042890,HP-00042889,FATHER_OF,1,FR-c51ab3657a47347b
HP-00042897,HP-00042896,FATHER_OF,1,FR-dfe98a355b171b53
HP-00042900,HP-00042899,FATHER_OF,1,FR-2fd9304e80be3d24
HP-00042928,HP-00042927,FATHER_OF,1,FR-6b29f1a9f4cb019a
HP-00042976,HP-00042975,FATHER_OF,1,FR-4972395460423a89
HP-00042981,HP-00042980,FATHER_OF,1,FR-4e3b5e4b98256f8b
HP-00042984,HP-00042983,FATHER_OF,1,FR-8db5ee303cd98c57
HP-00042992,HP-00042991,FATHER_OF,1,FR-00914e30cef09c8d
HP-00042995,HP-00012913,FATHER_OF,1,FR-c4dca432332fc43f
HP-00043000,HP-00042999,FATHER_OF,1,FR-7dbcf4b6ae16cd0c
HP-00043003,HP-00043002,FATHER_OF,1,FR-70ed0843ba5d4df4
HP-00043009,HP-00043008,FATHER_OF,1,FR-ecdafa622d25d992
HP-00043012,HP-00043011,FATHER_OF,1,FR-a24ecae47db58ae9
HP-00043015,HP-00043014,FATHER_OF,1,FR-96c69953403c02c2
HP-00043025,HP-00043024,FATHER_OF,1,FR-f6a5967c92aa9c78
HP-00043033,HP-00043032,FATHER_OF,1,FR-946b48ec97788467
HP-00043043,HP-00043042,FATHER_OF,1,FR-8626ee84d9502d0e
HP-00043049,HP-00043048,FATHER_OF,1,FR-cfa89e71b1f36b1a
HP-00043052,HP-00043051,FATHER_OF,1,FR-64d7e2240bfb76bf
HP-00043058,HP-00043057,FATHER_OF,1,FR-0994045a3d1d2091
HP-00043064,HP-00043063,FATHER_OF,1,FR-dd075b6de6b820e5
HP-00043067,HP-00043066,FATHER_OF,1,FR-46db8330b58fb1cf
HP-00043070,HP-00043069,FATHER_OF,1,FR-03cb637fa2d98147
HP-00043075,HP-00043074,FATHER_OF,1,FR-e441118206d2630f
HP-00043078,HP-00043077,FATHER_OF,1,FR-fa2214cecf968763
HP-00043083,HP-00043082,FATHER_OF,1,FR-0585af91d800081d
HP-00043086,HP-00043085,FATHER_OF,1,FR-f66a82f175b9a70e
HP-00043100,HP-00043099,FATHER_OF,1,FR-76465491ed1d06db
HP-00043103,HP-00043102,FATHER_OF,1,FR-2c8a11bb3190c746
HP-00043116,HP-00043115,FATHER_OF,1,FR-bbc0665a53fa6c8e
HP-00043121,HP-00043120,FATHER_OF,1,FR-35f0f397be6f4028
HP-00043131,HP-00043130,FATHER_OF,1,FR-4559812d02976bc5
HP-00013827,HP-00043135,FATHER_OF,1,FR-38c7f9207a411ce6
HP-00043142,HP-00043141,FATHER_OF,1,FR-a9636dfe7c78c2a9
HP-00043145,HP-00043144,FATHER_OF,1,FR-69285b81bd9e1386
HP-00043148,HP-00043147,FATHER_OF,1,FR-a90ac7987c94f666
HP-00043153,HP-00043152,FATHER_OF,1,FR-863fa7d2d0a7275b
HP-00043160,HP-00043159,FATHER_OF,1,FR-6d87fd132561d5a0
HP-00043167,HP-00043166,FATHER_OF,1,FR-9abc5c2b43b8cd0f
HP-00043170,HP-00043169,FATHER_OF,1,FR-c60fb465ed9f7b96
HP-00043173,HP-00043172,FATHER_OF,1,FR-14c1b2238ae14bf3
HP-00043176,HP-00043175,FATHER_OF,1,FR-e52360caf70a6028
HP-00043179,HP-00043178,FATHER_OF,1,FR-236b3f743cd10ff7
HP-00043185,HP-00043184,FATHER_OF,1,FR-c89c7c9f86529947
HP-00043188,HP-00043187,FATHER_OF,1,FR-66bf845114bcd994
HP-00043191,HP-00043190,FATHER_OF,1,FR-0299b77e7d18b66e
HP-00043194,HP-00043193,FATHER_OF,1,FR-4a6c3cd7610c52ee
HP-00043197,HP-00043196,FATHER_OF,1,FR-3522c37731ee242c
HP-00043200,HP-00043199,FATHER_OF,1,FR-3734e72401d9a199
HP-00043205,HP-00043204,FATHER_OF,1,FR-fad1b617aa9f5923
HP-00043227,HP-00012905,FATHER_OF,1,FR-ef4bd51125dd5257
HP-00043234,HP-00043233,FATHER_OF,1,FR-a5685b355895c4c7
HP-00043243,HP-00043242,FATHER_OF,1,FR-ccf5aa469bdf2c6d
HP-00043246,HP-00043245,FATHER_OF,1,FR-fe7863ed6d8549b9
HP-00043253,HP-00043252,FATHER_OF,1,FR-262e4b5b663f3a92
HP-00043267,HP-00043266,FATHER_OF,1,FR-9e39492a54a25177
HP-00043276,HP-00043275,FATHER_OF,1,FR-2b20ab383f23746e
HP-00043281,HP-00043280,FATHER_OF,1,FR-47e3e5cbc61a1c72
HP-00043301,HP-00043300,FATHER_OF,1,FR-d516b81ee0ffc912
HP-00043304,HP-00043303,FATHER_OF,1,FR-2d8c2e430f2c6d96
HP-00043307,HP-00043306,FATHER_OF,1,FR-64ac8b67c04998c5
HP-00043316,HP-00043315,FATHER_OF,1,FR-49797bb8d2ba652b
HP-00043324,HP-00043323,FATHER_OF,1,FR-f456e271cad27e31
HP-00043327,HP-00043326,FATHER_OF,1,FR-eff2248f71becf2a
HP-00043333,HP-00043332,FATHER_OF,1,FR-b9dd3938bb243130
HP-00043351,HP-00014622,FATHER_OF,1,FR-b1a1f5af6bf7fd99
HP-00043359,HP-00043358,FATHER_OF,1,FR-ca23707f36179fb5
HP-00043362,HP-00043361,FATHER_OF,1,FR-9ba30fb46e755e6c
HP-00043368,HP-00043367,FATHER_OF,1,FR-c63ba0edd8c3ca47
HP-00013415,HP-00043379,FATHER_OF,1,FR-2fc22f5724f78d41
HP-00043385,HP-00043384,FATHER_OF,1,FR-0e44b77058bac102
HP-00043404,HP-00043403,FATHER_OF,1,FR-618136120d56dc6f
HP-00043408,HP-00043407,FATHER_OF,1,FR-b95af3279e5ac51c
HP-00043423,HP-00043422,FATHER_OF,1,FR-c097f6945e048187
HP-00043426,HP-00043425,FATHER_OF,1,FR-a503fb0ebab864a7
HP-00043430,HP-00043429,FATHER_OF,1,FR-74a02cea269568a3
HP-00043436,HP-00043435,FATHER_OF,1,FR-0065f52404c9c3e7
HP-00043445,HP-00043444,FATHER_OF,1,FR-894b8c1a9b28ef0c
HP-00043448,HP-00043447,FATHER_OF,1,FR-5fe36f203927e3f3
HP-00043454,HP-00043453,FATHER_OF,1,FR-e67245366b3fcea9
HP-00043457,HP-00013159,FATHER_OF,1,FR-c0785e8a560461f2
HP-00043467,HP-00043466,FATHER_OF,1,FR-d06dbbf0b6bce6c8
HP-00043470,HP-00043469,FATHER_OF,1,FR-1cff0ff4210fa3ab
HP-00043477,HP-00043476,FATHER_OF,1,FR-6ea628c1f0729e85
HP-00043480,HP-00043479,FATHER_OF,1,FR-9ca7e6bb6248a4a6
HP-00043483,HP-00043482,FATHER_OF,1,FR-510fc8a016d72316
HP-00043486,HP-00043485,FATHER_OF,1,FR-c7b3dbafdb406f4f
HP-00043490,HP-00014322,FATHER_OF,1,FR-2ee8bfd30d66cbad
HP-00043493,HP-00043492,FATHER_OF,1,FR-a7049ee57f755745
HP-00043496,HP-00043495,FATHER_OF,1,FR-b972fff05e027af5
HP-00043499,HP-00043498,FATHER_OF,1,FR-d7deaf7c3ef493b6
HP-00043502,HP-00043501,FATHER_OF,1,FR-3c60ae86f2d1590e
HP-00043505,HP-00043504,FATHER_OF,1,FR-efeaa54b50ca13ad
HP-00043510,HP-00043509,FATHER_OF,1,FR-ae798befb267e03e
HP-00043522,HP-00043521,FATHER_OF,1,FR-7e78d9ff4dfb7325
HP-00043538,HP-00043537,FATHER_OF,1,FR-3b46f23775cc3e1b
HP-00043541,HP-00043540,FATHER_OF,1,FR-afb15c2ade13c554
HP-00043544,HP-00043543,FATHER_OF,1,FR-a827718387393198
HP-00043559,HP-00043558,FATHER_OF,1,FR-06dd47ca5b23dd28
HP-00043562,HP-00043561,FATHER_OF,1,FR-e72adf29cc8fbf58
HP-00043573,HP-00043572,FATHER_OF,1,FR-976bac89afb20ce5
HP-00043576,HP-00043575,FATHER_OF,1,FR-f9e8b600b3bde794
HP-00043579,HP-00043578,FATHER_OF,1,FR-450a8b6ae8f375a2
HP-00043584,HP-00043583,FATHER_OF,1,FR-1cd3692f9d641691
HP-00043598,HP-00043597,FATHER_OF,1,FR-01f98a1e8f50224f
HP-00043605,HP-00043604,FATHER_OF,1,FR-d609b12261d09ee1
HP-00043625,HP-00043624,FATHER_OF,1,FR-7de1f79c327951af
HP-00043628,HP-00043627,FATHER_OF,1,FR-6f8d55a5ce75ba2c
HP-00043631,HP-00016000,FATHER_OF,1,FR-199f7b51e478d4e7
HP-00043639,HP-00043638,FATHER_OF,1,FR-80a7089b5aa8b0f6
HP-00043646,HP-00043645,FATHER_OF,1,FR-d42436892a0600d4
HP-00043658,HP-00043657,FATHER_OF,1,FR-18d47424c93b71f8
HP-00043661,HP-00043660,FATHER_OF,1,FR-1187aee18264ea64
HP-00043667,HP-00043666,FATHER_OF,1,FR-834ba3102c4eca19
HP-00043722,HP-00043721,FATHER_OF,1,FR-4589c1d60fee9568
HP-00043726,HP-00043725,FATHER_OF,1,FR-3bd90ad3945b72cf
HP-00043733,HP-00043732,FATHER_OF,1,FR-f6a8252617910afb
HP-00043736,HP-00043735,FATHER_OF,1,FR-10454e7513e4b4a5
HP-00043739,HP-00043738,FATHER_OF,1,FR-f68e1c3b5e5f3857
HP-00043742,HP-00043741,FATHER_OF,1,FR-2e6c8f4b5c806ad9
HP-00043745,HP-00043744,FATHER_OF,1,FR-e275e3b450c1ec62
HP-00043748,HP-00043747,FATHER_OF,1,FR-0730d9d69e846997
HP-00043751,HP-00043750,FATHER_OF,1,FR-1b667bd27251120d
HP-00043754,HP-00043753,FATHER_OF,1,FR-2f721a15a49a369c
HP-00043757,HP-00043756,FATHER_OF,1,FR-8486d2f707263510
HP-00043760,HP-00043759,FATHER_OF,1,FR-c42962fa51ccb073
HP-00043763,HP-00043762,FATHER_OF,1,FR-f35f62ff7ec826a8
HP-00043769,HP-00043768,FATHER_OF,1,FR-df170a47efbe60e5
HP-00043772,HP-00043771,FATHER_OF,1,FR-a004c7f18c47bbb5
HP-00043775,HP-00043774,FATHER_OF,1,FR-a4d275408da1135b
HP-00043778,HP-00043777,FATHER_OF,1,FR-d605ff42ed73a9d6
HP-00043781,HP-00043780,FATHER_OF,1,FR-c5c4312aa066865d
HP-00043784,HP-00043783,FATHER_OF,1,FR-5ed48289ddc5c4a9
HP-00043787,HP-00043786,FATHER_OF,1,FR-f7f86d220cb4fcc8
HP-00043790,HP-00043789,FATHER_OF,1,FR-3039d283c2439261
HP-00043793,HP-00043792,FATHER_OF,1,FR-b92ce8ebdfecfbc2
HP-00043796,HP-00043795,FATHER_OF,1,FR-58d204b312633ef8
HP-00043799,HP-00043798,FATHER_OF,1,FR-a1302a2374356afd
HP-00043802,HP-00043801,FATHER_OF,1,FR-6a31d5f85cc760fd
HP-00043805,HP-00043804,FATHER_OF,1,FR-5fc653225e16bdd4
HP-00043814,HP-00043813,FATHER_OF,1,FR-37c3dbcbcc646f94
HP-00043822,HP-00043821,FATHER_OF,1,FR-651756b17ec65a4f
HP-00020600,HP-00043824,FATHER_OF,1,FR-133ca87cf3a7c1d1
HP-00043828,HP-00043827,FATHER_OF,1,FR-bb04c8e52f80df04
HP-00043831,HP-00043830,FATHER_OF,1,FR-7428a8fde86fe0af
HP-00043834,HP-00043833,FATHER_OF,1,FR-8afabd239417bc6d
HP-00043837,HP-00043836,FATHER_OF,1,FR-b6a6528fce7a0b59
HP-00043849,HP-00043848,FATHER_OF,1,FR-496ffa0eba958589
HP-00043852,HP-00043851,FATHER_OF,1,FR-c5249c427c69cbfd
HP-00043855,HP-00043854,FATHER_OF,1,FR-387d68c15e3b023f
HP-00043872,HP-00043871,FATHER_OF,1,FR-59e01b1d1a1f9e34
HP-00043882,HP-00043881,FATHER_OF,1,FR-3e8527229369a3ec
HP-00043891,HP-00043890,FATHER_OF,1,FR-1c8523eb2d40ed21
HP-00043897,HP-00043896,FATHER_OF,1,FR-ae8f1a3a509e264a
HP-00043901,HP-00043900,FATHER_OF,1,FR-44922b080e7d9720
HP-00043907,HP-00043906,FATHER_OF,1,FR-13cab069136b2056
HP-00043913,HP-00043912,FATHER_OF,1,FR-14f7a055dac73538
HP-00043916,HP-00043915,FATHER_OF,1,FR-9aa4d00c234e09b8
HP-00043920,HP-00043919,FATHER_OF,1,FR-b9482927f805fabd
HP-00043929,HP-00043928,FATHER_OF,1,FR-c80a6ec9712e0710
HP-00043932,HP-00043931,FATHER_OF,1,FR-4213c339d89fa618
HP-00043937,HP-00043936,FATHER_OF,1,FR-91d8b465cc28ccdd
HP-00043940,HP-00043939,FATHER_OF,1,FR-bc306ba217dd2f15
HP-00043950,HP-00043949,FATHER_OF,1,FR-7d56adf8ede51eb1
HP-00043953,HP-00043952,FATHER_OF,1,FR-11742ebe96ce80ae
HP-00043960,HP-00043959,FATHER_OF,1,FR-3479356dcbb1ccd9
HP-00043968,HP-00043967,FATHER_OF,1,FR-7b323f16680acc54
HP-00043981,HP-00043980,FATHER_OF,1,FR-19039f28d28c8cb5
HP-00043989,HP-00043988,FATHER_OF,1,FR-65d0d3eb4e164465
HP-00043992,HP-00043991,FATHER_OF,1,FR-daf23f77801f2b9f
HP-00043996,HP-00043995,FATHER_OF,1,FR-02d5b80901c4527e
HP-00043999,HP-00043998,FATHER_OF,1,FR-72594f4502196565
HP-00044008,HP-00044007,FATHER_OF,1,FR-ed095bd9284fde07
HP-00044013,HP-00044012,FATHER_OF,1,FR-5483b45a85f509df
HP-00044021,HP-00044020,FATHER_OF,1,FR-5708af922aea8dca
HP-00044032,HP-00044031,FATHER_OF,1,FR-a15142b524d2ea5d
HP-00044042,HP-00044041,FATHER_OF,1,FR-70b6763ec45e8926
HP-00044046,HP-00044045,FATHER_OF,1,FR-170111927c136109
HP-00044049,HP-00044048,FATHER_OF,1,FR-69f85778e6e42ffc
HP-00044053,HP-00044052,FATHER_OF,1,FR-9844e858432b3ec5
HP-00044059,HP-00044058,FATHER_OF,1,FR-e07c08811f1f04ea
HP-00044068,HP-00044067,FATHER_OF,1,FR-f286aff582169638
HP-00044079,HP-00044078,FATHER_OF,1,FR-06f86c807c082013
HP-00044082,HP-00044081,FATHER_OF,1,FR-eea5d91ab109a6a3
HP-00044096,HP-00044095,FATHER_OF,1,FR-2864345d3f91e900
HP-00044104,HP-00044103,FATHER_OF,1,FR-3744bf6ac1980ff3
HP-00044127,HP-00044126,FATHER_OF,1,FR-c27c28102cef5d02
HP-00044135,HP-00044134,FATHER_OF,1,FR-4c033b28760fd957
HP-00044139,HP-00044138,FATHER_OF,1,FR-e75a47fa6af2fe8f
HP-00044154,HP-00044153,FATHER_OF,1,FR-1138c584a3c4fc91
HP-00044157,HP-00044156,FATHER_OF,1,FR-5c5f14c42b0643a9
HP-00044164,HP-00044163,FATHER_OF,1,FR-d0de184d9f91cc67
HP-00044172,HP-00044171,FATHER_OF,1,FR-a8014d9e56f1e99e
HP-00044175,HP-00044174,FATHER_OF,1,FR-55a25adc68bd7bf6
HP-00044178,HP-00044177,FATHER_OF,1,FR-0f7b2dbc3c647c18
HP-00044181,HP-00044180,FATHER_OF,1,FR-c1ccd5250c3e97ad
HP-00044184,HP-00044183,FATHER_OF,1,FR-499736abb7ce74ce
HP-00044189,HP-00044188,FATHER_OF,1,FR-b0c3abec7d76393a
HP-00044193,HP-00044192,FATHER_OF,1,FR-c71b9358d65f22df
HP-00044197,HP-00044196,FATHER_OF,1,FR-c9424cf7a6bfc8d3
HP-00044208,HP-00044207,FATHER_OF,1,FR-1ba1a1d76eff00a0
HP-00044216,HP-00044215,FATHER_OF,1,FR-3a2f534959202f78
HP-00044219,HP-00044218,FATHER_OF,1,FR-0a3d9b593917ee1b
HP-00044227,HP-00044226,FATHER_OF,1,FR-e0f85194621dbf1f
HP-00044232,HP-00044231,FATHER_OF,1,FR-7b3074d022d10280
HP-00044236,HP-00044235,FATHER_OF,1,FR-079a6118a6c91bdf
HP-00044239,HP-00044238,FATHER_OF,1,FR-278fe68234c315b9
HP-00044242,HP-00044241,FATHER_OF,1,FR-301e7945a91cfa20
HP-00044246,HP-00044245,FATHER_OF,1,FR-9f578727f86cc3b7
HP-00044249,HP-00044248,FATHER_OF,1,FR-07ca8742493f0610
HP-00044252,HP-00044251,FATHER_OF,1,FR-e88c8ba1021252b6
HP-00044256,HP-00044255,FATHER_OF,1,FR-83d5e30ce9c19fd2
HP-00044259,HP-00044258,FATHER_OF,1,FR-f32923eb3448e6f9
HP-00044263,HP-00044262,FATHER_OF,1,FR-b500cfe2b13c9593
HP-00044266,HP-00044265,FATHER_OF,1,FR-288908ab0fb09eb5
HP-00044269,HP-00044268,FATHER_OF,1,FR-712659896c754616
HP-00044276,HP-00044275,FATHER_OF,1,FR-d8a3273c2e3d0fb0
HP-00044280,HP-00044279,FATHER_OF,1,FR-51af80eed0f23455
HP-00044286,HP-00044285,FATHER_OF,1,FR-9ab296278e643369
HP-00044291,HP-00044290,FATHER_OF,1,FR-9232e6c29edbd16c
HP-00044295,HP-00044294,FATHER_OF,1,FR-56cedead6f313f2b
HP-00044311,HP-00044310,FATHER_OF,1,FR-a95d9dbd61e0e7f7
HP-00044318,HP-00044317,FATHER_OF,1,FR-c2690bd14e9dfb0d
HP-00044321,HP-00044320,FATHER_OF,1,FR-4a06378afe3ff05c
HP-00044324,HP-00044323,FATHER_OF,1,FR-04e7e59087e58b3f
HP-00044329,HP-00044328,FATHER_OF,1,FR-a4aa6aaca239ff26
HP-00044332,HP-00044331,FATHER_OF,1,FR-8547fbc955260b1b
HP-00044339,HP-00044338,FATHER_OF,1,FR-1b8797d779ab9229
HP-00044351,HP-00044350,FATHER_OF,1,FR-2e2e165be92725ea
HP-00044354,HP-00044353,FATHER_OF,1,FR-0970bbbfdc0c23b2
HP-00044367,HP-00044366,FATHER_OF,1,FR-59f468e186edc058
HP-00044378,HP-00044377,FATHER_OF,1,FR-7a42eeaf9cf6ff3a
HP-00044384,HP-00044383,FATHER_OF,1,FR-892e93f180160f7a
HP-00040039,HP-00044390,FATHER_OF,1,FR-546ad6f33073d9f7
HP-00044394,HP-00044393,FATHER_OF,1,FR-e12f49096a1cd74f
HP-00044411,HP-00044410,FATHER_OF,1,FR-176a86ec15912f93
HP-00044418,HP-00044417,FATHER_OF,1,FR-1d79b98abcd1ecec
HP-00044421,HP-00044420,FATHER_OF,1,FR-add84472ce99324b
HP-00044428,HP-00044427,FATHER_OF,1,FR-37ff03a0c0b802fe
HP-00044431,HP-00044430,FATHER_OF,1,FR-ddd01a85c1d14bc3
HP-00044434,HP-00044433,FATHER_OF,1,FR-a7e5356b0f6b7921
HP-00044443,HP-00044442,FATHER_OF,1,FR-e1d55fb46bdcc17c
HP-00044446,HP-00044445,FATHER_OF,1,FR-3e5065931789f930
HP-00044453,HP-00044452,FATHER_OF,1,FR-eb085ae2573f40d7
HP-00044457,HP-00044456,FATHER_OF,1,FR-d52be7e70a3afa1c
HP-00044460,HP-00044459,FATHER_OF,1,FR-676739b6b1eccf1c
HP-00044463,HP-00044462,FATHER_OF,1,FR-8efab4b8c36c6f7a
HP-00044463,HP-00044465,FATHER_OF,1,FR-926cd1cf0dff734e
HP-00044469,HP-00044468,FATHER_OF,1,FR-8e68839b34c08613
HP-00044473,HP-00044472,FATHER_OF,1,FR-15f11906f2223193
HP-00044476,HP-00044475,FATHER_OF,1,FR-ae1c6672b084f54b
HP-00044479,HP-00044478,FATHER_OF,1,FR-286b40abcf18cacf
HP-00044482,HP-00044481,FATHER_OF,1,FR-68d258353677a72f
HP-00044485,HP-00044484,FATHER_OF,1,FR-9f95415b04024c10
HP-00044488,HP-00044487,FATHER_OF,1,FR-8168de7dd0132656
HP-00044491,HP-00044490,FATHER_OF,1,FR-3a2822f1d4714244
HP-00044494,HP-00044493,FATHER_OF,1,FR-44e0fb37dbd3c225
HP-00044497,HP-00044496,FATHER_OF,1,FR-5e3eb471eeafeb96
HP-00044500,HP-00044499,FATHER_OF,1,FR-01245f506329bcfe
HP-00044505,HP-00044504,FATHER_OF,1,FR-7338a55d95a1acb8
HP-00044508,HP-00044507,FATHER_OF,1,FR-978a5604fa456aea
HP-00044511,HP-00044510,FATHER_OF,1,FR-e6480eecfe453a58
HP-00044514,HP-00044513,FATHER_OF,1,FR-005d64615f7b84da
HP-00044517,HP-00044516,FATHER_OF,1,FR-e1614929e15e0a6c
HP-00044520,HP-00044519,FATHER_OF,1,FR-6b1190f22e1fee5a
HP-00044523,HP-00044522,FATHER_OF,1,FR-947431d072bcc57a
HP-00044526,HP-00044525,FATHER_OF,1,FR-c1749c611e375a49
HP-00044529,HP-00044528,FATHER_OF,1,FR-2dc5a010f460d83b
HP-00044536,HP-00044535,FATHER_OF,1,FR-d88be637414c88f2
HP-00044539,HP-00044538,FATHER_OF,1,FR-243bf902e73f62e1
HP-00044542,HP-00044541,FATHER_OF,1,FR-ef795a0a3a9da606
HP-00044545,HP-00044544,FATHER_OF,1,FR-0235ca751926044b
HP-00044547,HP-00044546,FATHER_OF,1,FR-59147a2f0c0321aa
HP-00044550,HP-00044549,FATHER_OF,1,FR-737a94695c7dc341
HP-00044553,HP-00044552,FATHER_OF,1,FR-f44c906802b6ecb3
HP-00044557,HP-00044556,FATHER_OF,1,FR-dff9eabe72159717
HP-00044561,HP-00044560,FATHER_OF,1,FR-12371c7f9bad6247
HP-00044568,HP-00044567,FATHER_OF,1,FR-19c2ab91faf09495
HP-00044573,HP-00044572,FATHER_OF,1,FR-490fc23abbf91232
HP-00044593,HP-00044592,FATHER_OF,1,FR-08cbc694e80d0c8d
HP-00044597,HP-00044596,FATHER_OF,1,FR-45e99e575416fe96
HP-00044600,HP-00044599,FATHER_OF,1,FR-ab66cd8aecf274a8
HP-00044603,HP-00044602,FATHER_OF,1,FR-aa94487e8ce62a21
HP-00044606,HP-00044605,FATHER_OF,1,FR-5459894662e50e40
HP-00044620,HP-00044619,FATHER_OF,1,FR-d8a2ba9cf694cb1d
HP-00044624,HP-00013952,FATHER_OF,1,FR-4c8795668ed8495f
HP-00044628,HP-00044627,FATHER_OF,1,FR-c28e03d9d229c6a7
HP-00044637,HP-00044636,FATHER_OF,1,FR-a3ffce283f161100
HP-00044650,HP-00044649,FATHER_OF,1,FR-ec6bb1c6e67a6e11
HP-00044658,HP-00044657,FATHER_OF,1,FR-1dcb5f3e831117cc
HP-00044661,HP-00044660,FATHER_OF,1,FR-d6563a9b93877dff
HP-00044672,HP-00044671,FATHER_OF,1,FR-137ccddb11dc1c9a
HP-00044678,HP-00044677,FATHER_OF,1,FR-6b1ffef981bef1cf
HP-00044685,HP-00044684,FATHER_OF,1,FR-3cdd2a24f5eba563
HP-00044695,HP-00044694,FATHER_OF,1,FR-16d79623c7da0357
HP-00044699,HP-00044698,FATHER_OF,1,FR-d4395bf8b44313b5
HP-00044711,HP-00044710,FATHER_OF,1,FR-3de90161ed95f803
HP-00044719,HP-00044718,FATHER_OF,1,FR-69aba6b6e5623687
HP-00044722,HP-00044721,FATHER_OF,1,FR-756d8bc7aa911251
HP-00044729,HP-00044728,FATHER_OF,1,FR-a261e9b5622261cb
HP-00044732,HP-00044731,FATHER_OF,1,FR-be95464b93abeaf1
HP-00044744,HP-00044743,FATHER_OF,1,FR-a3c5811fa2151e5e
HP-00044747,HP-00044746,FATHER_OF,1,FR-f3079dca66d83fb5
HP-00044757,HP-00014627,FATHER_OF,1,FR-6714e2acf8e9e72d
HP-00044761,HP-00044760,FATHER_OF,1,FR-149aeffe2702c03a
HP-00044764,HP-00044763,FATHER_OF,1,FR-68597acbf7f24a6e
HP-00044767,HP-00044766,FATHER_OF,1,FR-0b9131199319d245
HP-00044770,HP-00044769,FATHER_OF,1,FR-354b558e9b34f7d7
HP-00044774,HP-00044773,FATHER_OF,1,FR-64d2713b4a82952a
HP-00044778,HP-00044777,FATHER_OF,1,FR-adc402470433d4b4
HP-00044782,HP-00044781,FATHER_OF,1,FR-cbabf8dfa3358d4a
HP-00044790,HP-00044789,FATHER_OF,1,FR-14dac6827f459524
HP-00044797,HP-00044796,FATHER_OF,1,FR-7b77fa843a359a89
HP-00044801,HP-00044800,FATHER_OF,1,FR-3d6ae74e5974ee7a
HP-00044812,HP-00044811,FATHER_OF,1,FR-b0d36211c0722957
HP-00044832,HP-00044831,FATHER_OF,1,FR-7385cec50148cea7
HP-00044836,HP-00044835,FATHER_OF,1,FR-1a3cd623b0e59e48
HP-00044846,HP-00015290,FATHER_OF,1,FR-637f3dd558d38a8c
HP-00044854,HP-00044853,FATHER_OF,1,FR-24cfd66afc1b3fe9
HP-00044857,HP-00044856,FATHER_OF,1,FR-fad2dcf936f4663f
HP-00044861,HP-00044860,FATHER_OF,1,FR-114ea774e03c1364
HP-00044869,HP-00044868,FATHER_OF,1,FR-951407307acb5c25
HP-00044872,HP-00044871,FATHER_OF,1,FR-2dd3f342b4a764dd
HP-00044875,HP-00044874,FATHER_OF,1,FR-0fffce305baec6c5
HP-00044878,HP-00044877,FATHER_OF,1,FR-a91a446a52dbf3e3
HP-00044895,HP-00044894,FATHER_OF,1,FR-2e81586633a29356
HP-00044904,HP-00044903,FATHER_OF,1,FR-679f1bcecd987577
HP-00044907,HP-00044906,FATHER_OF,1,FR-37ee581878c993f8
HP-00044911,HP-00044910,FATHER_OF,1,FR-8ffb95bf4503fc67
HP-00044921,HP-00044920,FATHER_OF,1,FR-0d9e25ffc78ca171
HP-00044924,HP-00044923,FATHER_OF,1,FR-9629171470466ad4
HP-00044931,HP-00015065,FATHER_OF,1,FR-3db43ba32c1cc55b
HP-00044942,HP-00044941,FATHER_OF,1,FR-08b84c9c1c486f38
HP-00044945,HP-00044944,FATHER_OF,1,FR-579875fd9ca16564
HP-00044949,HP-00044948,FATHER_OF,1,FR-312d2fdba3635ba7
HP-00044953,HP-00044952,FATHER_OF,1,FR-6e36954ef0e8843d
HP-00044962,HP-00044961,FATHER_OF,1,FR-67dfe67dedfb84aa
HP-00044966,HP-00044965,FATHER_OF,1,FR-89320506b25257b9
HP-00044969,HP-00044968,FATHER_OF,1,FR-b3e0f3ad04e14399
HP-00044972,HP-00044971,FATHER_OF,1,FR-761c0091d063660c
HP-00044994,HP-00044993,FATHER_OF,1,FR-57f5b57d1054d1c5
HP-00044997,HP-00044996,FATHER_OF,1,FR-86f6dde079f7a733
HP-00045010,HP-00045009,FATHER_OF,1,FR-476eea5141d601f1
HP-00045017,HP-00045016,FATHER_OF,1,FR-749252d9e0cc6056
HP-00045020,HP-00045019,FATHER_OF,1,FR-97c30d7835a58787
HP-00045028,HP-00045027,FATHER_OF,1,FR-08c8b0a88a5c6f70
HP-00045034,HP-00045033,FATHER_OF,1,FR-946ce10ac144bf9c
HP-00045049,HP-00045048,FATHER_OF,1,FR-967d7f071b19cadf
HP-00045053,HP-00045052,FATHER_OF,1,FR-511b174b4a246128
HP-00045057,HP-00045056,FATHER_OF,1,FR-d7f5ba3ada8b0a3f
HP-00045060,HP-00045059,FATHER_OF,1,FR-a179b9430ff436a8
HP-00045063,HP-00045062,FATHER_OF,1,FR-47388309b988177b
HP-00045074,HP-00045073,FATHER_OF,1,FR-185811100b3d31bb
HP-00045077,HP-00045076,FATHER_OF,1,FR-00fcd60d6a931f9d
HP-00045080,HP-00045079,FATHER_OF,1,FR-03d11a795eb1cbc8
HP-00045084,HP-00045083,FATHER_OF,1,FR-5e3cd83750e0134f
HP-00045088,HP-00045087,FATHER_OF,1,FR-c26821ebb7fc3e50
HP-00045092,HP-00045091,FATHER_OF,1,FR-6e90eec08207ae31
HP-00045095,HP-00045094,FATHER_OF,1,FR-f4a6a035216810c7
HP-00045098,HP-00045097,FATHER_OF,1,FR-bb5389216e4e436c
HP-00045105,HP-00045104,FATHER_OF,1,FR-a44c0871e2daef7c
HP-00045108,HP-00045107,FATHER_OF,1,FR-ff9aa1745c5ccdd3
HP-00045112,HP-00045111,FATHER_OF,1,FR-8cc0e6e85d3d0316
HP-00045115,HP-00045114,FATHER_OF,1,FR-c886baa0df24ce5e
HP-00045118,HP-00045117,FATHER_OF,1,FR-2f7ca7e2a878be9d
HP-00045121,HP-00045120,FATHER_OF,1,FR-89e5e577a06eb57f
HP-00045123,HP-00045122,FATHER_OF,1,FR-1b2ac6324943889b
HP-00045133,HP-00045132,FATHER_OF,1,FR-4be3dfacfd1fe14f
HP-00045139,HP-00045138,FATHER_OF,1,FR-c1007625b39ee1b8
HP-00045143,HP-00045142,FATHER_OF,1,FR-616bb8a704e3aa6e
HP-00045145,HP-00045144,FATHER_OF,1,FR-3661577e12a3581a
HP-00045148,HP-00045147,FATHER_OF,1,FR-0e860fc64522dd9a
HP-00045151,HP-00045150,FATHER_OF,1,FR-e540c74ef95f7464
HP-00045154,HP-00045153,FATHER_OF,1,FR-24fb2f3ad12f8123
HP-00045173,HP-00045172,FATHER_OF,1,FR-7a302dab2cf33669
HP-00045181,HP-00012710,FATHER_OF,1,FR-f3e20f959cec307f
HP-00045185,HP-00045184,FATHER_OF,1,FR-c8cacb7720f43d9c
HP-00045188,HP-00045187,FATHER_OF,1,FR-bf473a8e8ed55c8d
HP-00045191,HP-00045190,FATHER_OF,1,FR-6e724c8e7d9bb740
HP-00045194,HP-00045193,FATHER_OF,1,FR-33c784d97842f36e
HP-00045198,HP-00045197,FATHER_OF,1,FR-ae276739c7874ad4
HP-00045201,HP-00045200,FATHER_OF,1,FR-8d4310bbd1a0f009
HP-00045204,HP-00045203,FATHER_OF,1,FR-a03fffd54254a5b2
HP-00045208,HP-00045207,FATHER_OF,1,FR-f20b080c29d65f05
HP-00045211,HP-00045210,FATHER_OF,1,FR-df33d29bd4656efc
HP-00045214,HP-00045213,FATHER_OF,1,FR-31446af49906ccdd
HP-00045217,HP-00045216,FATHER_OF,1,FR-6362450f1775df65
HP-00045220,HP-00045219,FATHER_OF,1,FR-3bd6d797b957a235
HP-00045223,HP-00045222,FATHER_OF,1,FR-b6ae100e795f6c05
HP-00045226,HP-00045225,FATHER_OF,1,FR-021903a305af43ec
HP-00045229,HP-00045228,FATHER_OF,1,FR-84ca923e332bd31a
HP-00045232,HP-00045231,FATHER_OF,1,FR-8292e0b685ded805
HP-00045235,HP-00045234,FATHER_OF,1,FR-3428b813e5f041e2
HP-00045247,HP-00045246,FATHER_OF,1,FR-df55f26455d49615
HP-00045250,HP-00045249,FATHER_OF,1,FR-ad26fede7e000b76
HP-00045254,HP-00045253,FATHER_OF,1,FR-1b325ed44717e215
HP-00045257,HP-00045256,FATHER_OF,1,FR-f54edabbe3489f22
HP-00045267,HP-00045266,FATHER_OF,1,FR-ae94596efa713583
HP-00045270,HP-00045269,FATHER_OF,1,FR-8f27dd4e0978fd18
HP-00045273,HP-00045272,FATHER_OF,1,FR-3d30bc36b9a34518
HP-00045276,HP-00045275,FATHER_OF,1,FR-058c2d61c358f574
HP-00045279,HP-00045278,FATHER_OF,1,FR-219603fa057330eb
HP-00045286,HP-00045285,FATHER_OF,1,FR-5f6286852d57724e
HP-00045289,HP-00045288,FATHER_OF,1,FR-9b880b97312baaf3
HP-00045293,HP-00045292,FATHER_OF,1,FR-676237f1bedbc7a1
HP-00045296,HP-00045295,FATHER_OF,1,FR-d877bd1911b68f27
HP-00045301,HP-00045300,FATHER_OF,1,FR-26926ef71878157c
HP-00045304,HP-00045303,FATHER_OF,1,FR-ef2e95677d77af68
HP-00045307,HP-00045306,FATHER_OF,1,FR-1b4a64de23ee9fee
HP-00045310,HP-00045309,FATHER_OF,1,FR-9dd2211d0fd67196
HP-00045314,HP-00045313,FATHER_OF,1,FR-7345de7d876a8b2d
HP-00045317,HP-00045316,FATHER_OF,1,FR-6328e4e288c838ec
HP-00045348,HP-00045347,FATHER_OF,1,FR-e226d550033b2c51
HP-00045351,HP-00045350,FATHER_OF,1,FR-98dacde8a4068b6f
HP-00045362,HP-00045361,FATHER_OF,1,FR-67d1ac24586e9918
HP-00045365,HP-00024837,FATHER_OF,1,FR-1a3351b34c59ddd7
HP-00045373,HP-00045372,FATHER_OF,1,FR-3ca6f2281efaf7d3
HP-00045380,HP-00045379,FATHER_OF,1,FR-0de4607791252b33
HP-00045392,HP-00045391,FATHER_OF,1,FR-e7c1cb736450992e
HP-00045395,HP-00045394,FATHER_OF,1,FR-d9afd5b88f75b1cd
HP-00045398,HP-00045397,FATHER_OF,1,FR-b07f298b576f1e46
HP-00045409,HP-00045408,FATHER_OF,1,FR-542dca78e3be5cb9
HP-00045412,HP-00045411,FATHER_OF,1,FR-c499a60c3e3edb6e
HP-00045424,HP-00045423,FATHER_OF,1,FR-dccca0d11ac3da9f
HP-00045427,HP-00045426,FATHER_OF,1,FR-48924b91c5a3a07b
HP-00045430,HP-00045429,FATHER_OF,1,FR-a3699d9f586cc7f9
HP-00045441,HP-00045440,FATHER_OF,1,FR-938edb051f1db137
HP-00045444,HP-00045443,FATHER_OF,1,FR-22be4423135aa740
HP-00045455,HP-00045454,FATHER_OF,1,FR-a66c1582fc7ae477
HP-00045459,HP-00045458,FATHER_OF,1,FR-215902aed34ab087
HP-00045462,HP-00045461,FATHER_OF,1,FR-af154c56310873e4
HP-00045465,HP-00045464,FATHER_OF,1,FR-b11d45a89c5ece68
HP-00045476,HP-00045475,FATHER_OF,1,FR-feeacb7d3c50a291
HP-00045479,HP-00045478,FATHER_OF,1,FR-84ebb87a3d2a4ef8
HP-00045483,HP-00045482,FATHER_OF,1,FR-502c5375905e4b1b
HP-00045486,HP-00045485,FATHER_OF,1,FR-c9811a22977a67a7
HP-00045489,HP-00045488,FATHER_OF,1,FR-4a7266285f944473
HP-00045492,HP-00045491,FATHER_OF,1,FR-063e1d9d8897bb1d
HP-00045503,HP-00045502,FATHER_OF,1,FR-dd7e483618ba574c
HP-00045511,HP-00045510,FATHER_OF,1,FR-739279acb311633e
HP-00045530,HP-00045529,FATHER_OF,1,FR-a8c16906ee0dcf23
HP-00045533,HP-00045532,FATHER_OF,1,FR-7e3eae95037d81e7
HP-00045540,HP-00045539,FATHER_OF,1,FR-3a23d0a3e7724cc5
HP-00045543,HP-00045542,FATHER_OF,1,FR-bae048342480d0b2
HP-00045546,HP-00045545,FATHER_OF,1,FR-1816dc519695d3b7
HP-00045549,HP-00045548,FATHER_OF,1,FR-17c1318e77313c2b
HP-00045556,HP-00045555,FATHER_OF,1,FR-a6af7ca140356e67
HP-00045565,HP-00045564,FATHER_OF,1,FR-e1e88b50cc8877e4
HP-00045483,HP-00045567,FATHER_OF,1,FR-b2bf38cbcf9135f6
HP-00045575,HP-00045574,FATHER_OF,1,FR-11818d66725628cf
HP-00045578,HP-00045577,FATHER_OF,1,FR-3edd1960567804c8
HP-00045581,HP-00045580,FATHER_OF,1,FR-45ee8a67fc9baa6a
HP-00045587,HP-00045586,FATHER_OF,1,FR-5d74de36a97e4a37
HP-00045590,HP-00045589,FATHER_OF,1,FR-9f59b5a13366d9bd
HP-00045593,HP-00045592,FATHER_OF,1,FR-dedd99783b6b5278
HP-00045601,HP-00045600,FATHER_OF,1,FR-6e9a06c1a72bcefd
HP-00045612,HP-00045611,FATHER_OF,1,FR-83b87966c202a79f
HP-00045616,HP-00045615,FATHER_OF,1,FR-e65379709529988a
HP-00045623,HP-00045622,FATHER_OF,1,FR-3887a4dcd1c4ee1e
HP-00045630,HP-00045629,FATHER_OF,1,FR-369389edff617a79
HP-00045637,HP-00045636,FATHER_OF,1,FR-c98ee40903e742b5
HP-00045640,HP-00045639,FATHER_OF,1,FR-f6068da994d465cc
HP-00045647,HP-00045646,FATHER_OF,1,FR-b11a8a2bf5dd8f8b
HP-00045650,HP-00045649,FATHER_OF,1,FR-e7272dc275c01e6b
HP-00045653,HP-00045652,FATHER_OF,1,FR-e5535a03b84f6fd9
HP-00045656,HP-00045655,FATHER_OF,1,FR-961cd8766801ac34
HP-00045660,HP-00045659,FATHER_OF,1,FR-fd6376e6f09abcf5
HP-00045663,HP-00045662,FATHER_OF,1,FR-7739cf56db0ef2bd
HP-00045671,HP-00045670,FATHER_OF,1,FR-7be907750fee1483
HP-00045674,HP-00045673,FATHER_OF,1,FR-0708cb05925c1adb
HP-00045677,HP-00045676,FATHER_OF,1,FR-b7005cd13a9f8c6e
HP-00045680,HP-00045679,FATHER_OF,1,FR-78e77602dbc0f755
HP-00045684,HP-00022828,FATHER_OF,1,FR-0a3dacc652f9931a
HP-00045692,HP-00045691,FATHER_OF,1,FR-218fc2f3e8677fec
HP-00045697,HP-00045696,FATHER_OF,1,FR-6605d356fbe9653d
HP-00045700,HP-00045699,FATHER_OF,1,FR-6a62ab113d88720e
HP-00045703,HP-00045702,FATHER_OF,1,FR-eee7f7196bd0df62
HP-00045706,HP-00045705,FATHER_OF,1,FR-423fb0f0eca985b4
HP-00045712,HP-00045711,FATHER_OF,1,FR-f9d8fc061affa910
HP-00045715,HP-00045714,FATHER_OF,1,FR-37afa0bf1fe3c120
HP-00045718,HP-00045717,FATHER_OF,1,FR-7786d2891a9b48ed
HP-00045726,HP-00045725,FATHER_OF,1,FR-50f3c46904d22d42
HP-00045729,HP-00045728,FATHER_OF,1,FR-02ec2581f22ba025
HP-00045732,HP-00045731,FATHER_OF,1,FR-6a29c125ed9eb189
HP-00045735,HP-00045734,FATHER_OF,1,FR-30e014c1fd1827ad
HP-00045749,HP-00045748,FATHER_OF,1,FR-9c6aa0482e4d4ff6
HP-00045754,HP-00045753,FATHER_OF,1,FR-ecfae404ee0fd20e
HP-00045757,HP-00045756,FATHER_OF,1,FR-33bd880a0ef7c19f
HP-00045760,HP-00045759,FATHER_OF,1,FR-361e9bc91943f99a
HP-00045763,HP-00045762,FATHER_OF,1,FR-4224b6836e1c1da6
HP-00045766,HP-00013400,FATHER_OF,1,FR-52feccb1044ac7b6
HP-00045774,HP-00045773,FATHER_OF,1,FR-e06f322af98bb270
HP-00045780,HP-00045779,FATHER_OF,1,FR-c0875519a7e21123
HP-00045783,HP-00045782,FATHER_OF,1,FR-991cafab8b60153c
HP-00045786,HP-00045785,FATHER_OF,1,FR-6ca609727db74628
HP-00045789,HP-00045788,FATHER_OF,1,FR-e8e512a4c5adeba4
HP-00045792,HP-00045791,FATHER_OF,1,FR-6b30133e45e78de1
HP-00045796,HP-00045795,FATHER_OF,1,FR-97cf8ffe8c40238a
HP-00045799,HP-00021191,FATHER_OF,1,FR-c75d53a5741dcae2
HP-00045803,HP-00045802,FATHER_OF,1,FR-114a4071eeefa205
HP-00045806,HP-00045805,FATHER_OF,1,FR-c78d4da901a45b8b
HP-00045809,HP-00045808,FATHER_OF,1,FR-d2f7ac82a19167e8
HP-00045813,HP-00045812,FATHER_OF,1,FR-a60f76ef7146fb83
HP-00045815,HP-00045814,FATHER_OF,1,FR-2a2eb357c6b84e22
HP-00045818,HP-00045817,FATHER_OF,1,FR-05f969ff2227d02e
HP-00045821,HP-00045820,FATHER_OF,1,FR-50df5f638d7f574e
HP-00045824,HP-00045823,FATHER_OF,1,FR-baa6546ea52d21e2
HP-00045827,HP-00045826,FATHER_OF,1,FR-5620c96000f0ada7
HP-00045830,HP-00045829,FATHER_OF,1,FR-8701242969c32af1
HP-00045839,HP-00045838,FATHER_OF,1,FR-6802de434044928e
HP-00045842,HP-00045841,FATHER_OF,1,FR-506e1e05acdcec8d
HP-00045845,HP-00045844,FATHER_OF,1,FR-1806d53a58a9b159
HP-00045848,HP-00045847,FATHER_OF,1,FR-2e111803484f1790
HP-00045851,HP-00045850,FATHER_OF,1,FR-6d4ba5321d1fdafc
HP-00045854,HP-00045853,FATHER_OF,1,FR-cc71e86a9d1ca74b
HP-00045857,HP-00045856,FATHER_OF,1,FR-41f0bfdb1c5afdfd
HP-00045860,HP-00045859,FATHER_OF,1,FR-b833ef03172a9737
HP-00045863,HP-00045862,FATHER_OF,1,FR-570a16985dac20fa
HP-00045866,HP-00045865,FATHER_OF,1,FR-7213be5232b102b2
HP-00045869,HP-00045868,FATHER_OF,1,FR-8c0347d13a4b008b
HP-00045878,HP-00045877,FATHER_OF,1,FR-0edba6726a296a71
HP-00045881,HP-00045880,FATHER_OF,1,FR-b89f3d0e4efd8fbb
HP-00045884,HP-00045883,FATHER_OF,1,FR-bd117644a2b9770b
HP-00045887,HP-00045886,FATHER_OF,1,FR-93f63b16917a0f3d
HP-00045890,HP-00045889,FATHER_OF,1,FR-ae03c8a69742c0d4
HP-00045899,HP-00045898,FATHER_OF,1,FR-03267e7468e85193
HP-00045902,HP-00045901,FATHER_OF,1,FR-0e07bf9517ddd0e1
HP-00045909,HP-00045908,FATHER_OF,1,FR-a031b4ae2687fb92
HP-00045912,HP-00045911,FATHER_OF,1,FR-2d2f5619ca484c86
HP-00045923,HP-00045922,FATHER_OF,1,FR-6430b17752cac6ea
HP-00045930,HP-00045929,FATHER_OF,1,FR-771c27624876efe8
HP-00045936,HP-00045935,FATHER_OF,1,FR-dc4b53d2c23ef658
HP-00045939,HP-00045938,FATHER_OF,1,FR-45550af6c2d96744
HP-00045947,HP-00045946,FATHER_OF,1,FR-35a583cd78ea09dc
HP-00045958,HP-00045291,FATHER_OF,1,FR-33a230033c813b88
HP-00045962,HP-00045961,FATHER_OF,1,FR-a18e8cfbc0174093
HP-00045965,HP-00045964,FATHER_OF,1,FR-4d1be7154c04782c
HP-00045972,HP-00045971,FATHER_OF,1,FR-1800e9c132c016b6
HP-00045975,HP-00045974,FATHER_OF,1,FR-408dd9fd28816205
HP-00045978,HP-00045977,FATHER_OF,1,FR-de41b9b54a52528d
HP-00045981,HP-00045980,FATHER_OF,1,FR-8e53a4b7eef23ad3
HP-00045989,HP-00045988,FATHER_OF,1,FR-9b0f828872942ecf
HP-00045999,HP-00045998,FATHER_OF,1,FR-9b3899eb68e377e0
HP-00046002,HP-00046001,FATHER_OF,1,FR-6ed6d7e69cbdc659
HP-00046013,HP-00046012,FATHER_OF,1,FR-c43c48436fff6353
HP-00046017,HP-00046016,FATHER_OF,1,FR-6de5463df4bcb8fb
HP-00046020,HP-00046019,FATHER_OF,1,FR-fa537ef3cef42fba
HP-00046025,HP-00046024,FATHER_OF,1,FR-826e104ce771f288
HP-00046029,HP-00046028,FATHER_OF,1,FR-9d5913cfe92acd02
HP-00046032,HP-00046031,FATHER_OF,1,FR-cca691a408954f2d
HP-00046035,HP-00046034,FATHER_OF,1,FR-0f6eec087608c949
HP-00046038,HP-00046037,FATHER_OF,1,FR-a989626d62ea599b
HP-00046041,HP-00046040,FATHER_OF,1,FR-b4ecc59930eb44f6
HP-00046049,HP-00046048,FATHER_OF,1,FR-5ea1a67950bf1935
HP-00046060,HP-00046059,FATHER_OF,1,FR-79a3edd05fe1e3a3
HP-00046063,HP-00046062,FATHER_OF,1,FR-190952d2f93c68c5
HP-00046066,HP-00046065,FATHER_OF,1,FR-d9e187e358df9240
HP-00046069,HP-00046068,FATHER_OF,1,FR-b47fd8958736d3ef
HP-00046077,HP-00046080,FATHER_OF,1,FR-d1aca93d329f802f
HP-00046084,HP-00046083,FATHER_OF,1,FR-36d5105b390f75c9
HP-00046087,HP-00046086,FATHER_OF,1,FR-821750a599da566d
HP-00046094,HP-00046093,FATHER_OF,1,FR-ab19966975dba0df
HP-00046098,HP-00046097,FATHER_OF,1,FR-04f7de994bc9719f
HP-00041149,HP-00046108,FATHER_OF,1,FR-11f1761a99e1900f
HP-00046129,HP-00046128,FATHER_OF,1,FR-6cf778b41cd5fff0
HP-00046145,HP-00046144,FATHER_OF,1,FR-0066c7f810762c04
HP-00046160,HP-00046159,FATHER_OF,1,FR-2b305e98c4de81df
HP-00046163,HP-00046162,FATHER_OF,1,FR-3cb76edcfa364a75
HP-00046166,HP-00046165,FATHER_OF,1,FR-5ad6e78b46535d09
HP-00046186,HP-00046185,FATHER_OF,1,FR-18a1698ee03d2517
HP-00046190,HP-00046189,FATHER_OF,1,FR-c596ae80f59944d4
HP-00046201,HP-00046200,FATHER_OF,1,FR-7718ac8c33eaf810
HP-00046205,HP-00046204,FATHER_OF,1,FR-ec742272c5d2f52c
HP-00046216,HP-00046215,FATHER_OF,1,FR-1216ddbc37c079bb
HP-00046223,HP-00046222,FATHER_OF,1,FR-42bc84c8ca9c1087
HP-00046227,HP-00046226,FATHER_OF,1,FR-58f5098a1ce190fd
HP-00046230,HP-00046229,FATHER_OF,1,FR-c7c131c86ec86b11
HP-00046233,HP-00046232,FATHER_OF,1,FR-205f6d6f6204b356
HP-00046237,HP-00046236,FATHER_OF,1,FR-266f2b3fe473e922
HP-00046240,HP-00046239,FATHER_OF,1,FR-ca5882179168d7d9
HP-00046243,HP-00046242,FATHER_OF,1,FR-672016348c83c2db
HP-00046246,HP-00046245,FATHER_OF,1,FR-dbf40304a8dc5b3a
HP-00046249,HP-00046248,FATHER_OF,1,FR-52d55be3f7c3346a
HP-00046253,HP-00046252,FATHER_OF,1,FR-ac087d415e13b012
HP-00046261,HP-00046260,FATHER_OF,1,FR-1414c8a696ca324d
HP-00046279,HP-00046278,FATHER_OF,1,FR-836dff4dbdbe347a
HP-00046290,HP-00046289,FATHER_OF,1,FR-49e93eb7ead7fcf3
HP-00046293,HP-00046292,FATHER_OF,1,FR-0e37ef38159c43c7
HP-00046299,HP-00046298,FATHER_OF,1,FR-41a8eb689a0dc1ab
HP-00046302,HP-00046301,FATHER_OF,1,FR-78c526bf4e8fb64a
HP-00046305,HP-00046304,FATHER_OF,1,FR-d86a1d15f8127308
HP-00046308,HP-00046307,FATHER_OF,1,FR-e36c1f74e05e2f00
HP-00046315,HP-00046314,FATHER_OF,1,FR-4ae07f0c4d849315
HP-00046322,HP-00046321,FATHER_OF,1,FR-2d7c46d6eeba4588
HP-00046325,HP-00046324,FATHER_OF,1,FR-7061d43993030457
HP-00046329,HP-00046328,FATHER_OF,1,FR-1ab168934e5a63f0
HP-00046332,HP-00046331,FATHER_OF,1,FR-9e99bbcad79dfe4b
HP-00046340,HP-00046339,FATHER_OF,1,FR-86ddd1a6954fd3c9
HP-00046343,HP-00046342,FATHER_OF,1,FR-466250d8a761a983
HP-00046346,HP-00046345,FATHER_OF,1,FR-c042c6786b11bf44
HP-00046354,HP-00046353,FATHER_OF,1,FR-342f7f3974a71964
HP-00046357,HP-00046356,FATHER_OF,1,FR-638e65896a628cb5
HP-00046362,HP-00046361,FATHER_OF,1,FR-d84e7a33e9511955
HP-00046366,HP-00046365,FATHER_OF,1,FR-7f97dcf8d27f84c2
HP-00046370,HP-00046369,FATHER_OF,1,FR-af889d99cbb1b300
HP-00046374,HP-00024354,FATHER_OF,1,FR-4e440ad3a211226a
HP-00046390,HP-00046389,FATHER_OF,1,FR-a9e98709123d6562
HP-00046393,HP-00015707,FATHER_OF,1,FR-7ab51ac907706089
HP-00046401,HP-00046400,FATHER_OF,1,FR-4928ef230ddfa11e
HP-00046404,HP-00046403,FATHER_OF,1,FR-a92a527be05a1393
HP-00046427,HP-00046426,FATHER_OF,1,FR-5cc443c049679eaf
HP-00046430,HP-00046429,FATHER_OF,1,FR-d2f3716395b8629a
HP-00046433,HP-00046432,FATHER_OF,1,FR-bb041887149fc525
HP-00046437,HP-00046436,FATHER_OF,1,FR-5e29284a023d36bb
HP-00046444,HP-00046443,FATHER_OF,1,FR-db7e1549b216390a
HP-00046448,HP-00046447,FATHER_OF,1,FR-a8a415605692db65
HP-00046451,HP-00046450,FATHER_OF,1,FR-6b7a0aa4f3c2b295
HP-00046458,HP-00046457,FATHER_OF,1,FR-4a85b0cd1d20e7b6
HP-00046462,HP-00046461,FATHER_OF,1,FR-a36a754139d66b01
HP-00046465,HP-00046464,FATHER_OF,1,FR-e084a4143058814b
HP-00046475,HP-00046474,FATHER_OF,1,FR-0010a0d65c55675b
HP-00046495,HP-00046494,FATHER_OF,1,FR-01d2d7d7db6caa43
HP-00046502,HP-00046500,FATHER_OF,1,FR-d35dc888e9e1ea2e
HP-00046513,HP-00046512,FATHER_OF,1,FR-e522a6c0c2c9ce88
HP-00046520,HP-00046519,FATHER_OF,1,FR-a3035c699611c172
HP-00046524,HP-00046523,FATHER_OF,1,FR-927508890822f230
HP-00046527,HP-00046526,FATHER_OF,1,FR-b07a258ec5e8b500
HP-00046538,HP-00046537,FATHER_OF,1,FR-0cc0413d71ae27f2
HP-00046544,HP-00046543,FATHER_OF,1,FR-7fab909df57ed59c
HP-00046551,HP-00046550,FATHER_OF,1,FR-3729ba1ca2e17f88
HP-00046555,HP-00046554,FATHER_OF,1,FR-bbe08a178a802da8
HP-00046558,HP-00046557,FATHER_OF,1,FR-e136a93bd59189f0
HP-00046569,HP-00046568,FATHER_OF,1,FR-e19cdad837e22ccc
HP-00046572,HP-00046571,FATHER_OF,1,FR-054fb244187c3d2c
HP-00046575,HP-00046574,FATHER_OF,1,FR-ff5cb162cc5ca5ee
HP-00046581,HP-00046580,FATHER_OF,1,FR-7267a2e736b121bc
HP-00046592,HP-00046591,FATHER_OF,1,FR-8fd54507d8fa1b8f
HP-00046599,HP-00046598,FATHER_OF,1,FR-6f6db6827d5aa798
HP-00046602,HP-00046601,FATHER_OF,1,FR-cbd4769d53977222
HP-00046605,HP-00046604,FATHER_OF,1,FR-eaddf609d09c4315
HP-00046608,HP-00046607,FATHER_OF,1,FR-e4d2109c4b1b202c
HP-00046611,HP-00046610,FATHER_OF,1,FR-7dd11514504f682d
HP-00046614,HP-00046613,FATHER_OF,1,FR-8f180d81abbf7c4e
HP-00046620,HP-00046619,FATHER_OF,1,FR-7f94bcb2f72039ef
HP-00046623,HP-00046622,FATHER_OF,1,FR-b89581a68db5c616
HP-00046630,HP-00046629,FATHER_OF,1,FR-af0778d903bfe5f0
HP-00046637,HP-00046636,FATHER_OF,1,FR-77c07c499e47f3a7
HP-00046640,HP-00046639,FATHER_OF,1,FR-683329a7ec1ba4e7
HP-00046643,HP-00046642,FATHER_OF,1,FR-26224ae53daf043b
HP-00046650,HP-00046649,FATHER_OF,1,FR-140b51b3dddd7e49
HP-00046653,HP-00046652,FATHER_OF,1,FR-3279635eae9dce6d
HP-00046664,HP-00046663,FATHER_OF,1,FR-06d1b47a1b7b43c5
HP-00046667,HP-00046666,FATHER_OF,1,FR-3fda4bd440199aab
HP-00046670,HP-00046669,FATHER_OF,1,FR-4ec005d4aaa056b7
HP-00046673,HP-00046672,FATHER_OF,1,FR-e9a409b03069080d
HP-00046676,HP-00046675,FATHER_OF,1,FR-2892396d0073f970
HP-00046679,HP-00046678,FATHER_OF,1,FR-6bab708082541d10
HP-00046682,HP-00046681,FATHER_OF,1,FR-dede9762c66532f8
HP-00046689,HP-00046688,FATHER_OF,1,FR-b94cf1f22cd9577e
HP-00046697,HP-00013128,FATHER_OF,1,FR-612b168dd63badd7
HP-00046705,HP-00046704,FATHER_OF,1,FR-a7d0d6e668645be6
HP-00046708,HP-00046707,FATHER_OF,1,FR-091c07d57fd6f76b
HP-00046711,HP-00046710,FATHER_OF,1,FR-9978b35d1d528870
HP-00046714,HP-00046713,FATHER_OF,1,FR-4f376834b56a3911
HP-00046717,HP-00046716,FATHER_OF,1,FR-54a975ea82fd8480
HP-00046720,HP-00046719,FATHER_OF,1,FR-be6c37b552e8c03c
HP-00046727,HP-00046726,FATHER_OF,1,FR-a43d18bafda63e7b
HP-00046730,HP-00046729,FATHER_OF,1,FR-b39e2d6d01677b99
HP-00046734,HP-00046733,FATHER_OF,1,FR-9c1c3208a02ba834
HP-00046738,HP-00046737,FATHER_OF,1,FR-faa3a46b1407364b
HP-00046741,HP-00046740,FATHER_OF,1,FR-9502af203d5b1cc2
HP-00046752,HP-00046751,FATHER_OF,1,FR-9ece3ee537940b25
HP-00046755,HP-00046754,FATHER_OF,1,FR-fdf9306f9efde8c9
HP-00046758,HP-00046757,FATHER_OF,1,FR-fe8dec39997f0de6
HP-00046761,HP-00046760,FATHER_OF,1,FR-73e35cb3cf90b45c
HP-00046764,HP-00046763,FATHER_OF,1,FR-c2b73bb1fcbdd42b
HP-00046767,HP-00046766,FATHER_OF,1,FR-2f4c89c52ffa0c7c
HP-00046777,HP-00046776,FATHER_OF,1,FR-050eb23322a24c6c
HP-00046780,HP-00046779,FATHER_OF,1,FR-cb808bb92726fbdb
HP-00046783,HP-00046782,FATHER_OF,1,FR-63068a9ace25fabc
HP-00046786,HP-00046785,FATHER_OF,1,FR-f3d6f46757fcc601
HP-00046789,HP-00046788,FATHER_OF,1,FR-a4cea152baae26ae
HP-00046795,HP-00046794,FATHER_OF,1,FR-7c176bb7c427ac04
HP-00046801,HP-00046800,FATHER_OF,1,FR-5b28ba05928560f4
HP-00046804,HP-00046803,FATHER_OF,1,FR-7839fe47484a1f04
HP-00046807,HP-00046806,FATHER_OF,1,FR-8222d873b3ee4602
HP-00046810,HP-00046809,FATHER_OF,1,FR-e5fa622c593fabfb
HP-00046813,HP-00046812,FATHER_OF,1,FR-aea64db92acf7318
HP-00046816,HP-00046815,FATHER_OF,1,FR-2f369ff2ef8edb15
HP-00046819,HP-00046818,FATHER_OF,1,FR-5756afa0514f5e83
HP-00046822,HP-00046821,FATHER_OF,1,FR-524223cdff098cde
HP-00046829,HP-00046828,FATHER_OF,1,FR-1c4dba430044e4dd
HP-00046833,HP-00046832,FATHER_OF,1,FR-97657e76d651c4a7
HP-00046836,HP-00046835,FATHER_OF,1,FR-16f9ff39b45d51f2
HP-00046839,HP-00046838,FATHER_OF,1,FR-20025e4e73573f3d
HP-00046845,HP-00046844,FATHER_OF,1,FR-004a080e9f4ebec5
HP-00046848,HP-00046847,FATHER_OF,1,FR-79dc7daab9fc45fb
HP-00046851,HP-00046850,FATHER_OF,1,FR-fadfd85b0b988e45
HP-00046854,HP-00046853,FATHER_OF,1,FR-67be8a21b5ef2ec1
HP-00046860,HP-00046859,FATHER_OF,1,FR-44e68b1d8359353f
HP-00046863,HP-00046862,FATHER_OF,1,FR-cc733766fc650e59
HP-00046866,HP-00046865,FATHER_OF,1,FR-0c14e117313567ed
HP-00046869,HP-00046868,FATHER_OF,1,FR-c7f6e397f35e319b
HP-00046872,HP-00046871,FATHER_OF,1,FR-199b812382c2a535
HP-00046879,HP-00046878,FATHER_OF,1,FR-14b475464142c826
HP-00046882,HP-00046881,FATHER_OF,1,FR-4cf2e5a19f06155f
HP-00046885,HP-00046884,FATHER_OF,1,FR-8a6e867724d35859
HP-00046888,HP-00046887,FATHER_OF,1,FR-ad8fed72f590816f
HP-00046892,HP-00046891,FATHER_OF,1,FR-8bdffa3d5ac2b440
HP-00046895,HP-00046894,FATHER_OF,1,FR-f0fc2a189e84b87c
HP-00046898,HP-00046897,FATHER_OF,1,FR-dec4715a23ea2493
HP-00046901,HP-00046900,FATHER_OF,1,FR-0d94769ec379af80
HP-00046904,HP-00046903,FATHER_OF,1,FR-06fb6268083eb492
HP-00046907,HP-00046906,FATHER_OF,1,FR-8dcfcffd84ae1df6
HP-00046910,HP-00046909,FATHER_OF,1,FR-c80d48f8fa1a4a4d
HP-00046913,HP-00046912,FATHER_OF,1,FR-f4cf7c1cdf039c7b
HP-00046916,HP-00046915,FATHER_OF,1,FR-d9cf1f17fc6254e1
HP-00046920,HP-00046919,FATHER_OF,1,FR-90da1828e1f162a0
HP-00046925,HP-00046924,FATHER_OF,1,FR-d0c3ac1f758d3353
HP-00046928,HP-00046927,FATHER_OF,1,FR-43f1d9a0c49d45f9
HP-00046947,HP-00046946,FATHER_OF,1,FR-35b80a27471b4f42
HP-00046954,HP-00046953,FATHER_OF,1,FR-7b4eb164e868870c
HP-00046957,HP-00046956,FATHER_OF,1,FR-d6f1f94aac6646f1
HP-00046960,HP-00046959,FATHER_OF,1,FR-0527d1fb4d40812b
HP-00046963,HP-00046962,FATHER_OF,1,FR-97a320be93eca5a5
HP-00046966,HP-00046965,FATHER_OF,1,FR-d344fa4598ac2c6c
HP-00046977,HP-00046976,FATHER_OF,1,FR-a5b6e2a7bd09c7bd
HP-00046980,HP-00046979,FATHER_OF,1,FR-7e6f783f93088f7b
HP-00046983,HP-00046982,FATHER_OF,1,FR-a79cbed23e2568e7
HP-00046986,HP-00046985,FATHER_OF,1,FR-5fc87c056dd62631
HP-00046989,HP-00046988,FATHER_OF,1,FR-ea4c782a5fd80d71
HP-00046992,HP-00046991,FATHER_OF,1,FR-7de71def63104997
HP-00046995,HP-00046994,FATHER_OF,1,FR-7c995a42c261f24b
HP-00046998,HP-00046997,FATHER_OF,1,FR-e10026162e9fb807
HP-00047001,HP-00047000,FATHER_OF,1,FR-b02cfa935f6a1881
HP-00047004,HP-00047003,FATHER_OF,1,FR-e7b2e1085469a675
HP-00047010,HP-00047009,FATHER_OF,1,FR-5bafc901b8f458ff
HP-00047013,HP-00047012,FATHER_OF,1,FR-b803243eaec0a77c
HP-00047016,HP-00047015,FATHER_OF,1,FR-4b4d816ad23c8b8a
HP-00047022,HP-00047021,FATHER_OF,1,FR-1eee7a3d7d3071ba
HP-00047029,HP-00047028,FATHER_OF,1,FR-63fe9717b857cb3e
HP-00047036,HP-00047035,FATHER_OF,1,FR-fc853c42793bc025
HP-00047039,HP-00047038,FATHER_OF,1,FR-db0cb8ff7fe38117
HP-00047042,HP-00015649,FATHER_OF,1,FR-163ca6db3fa91279
HP-00047045,HP-00047044,FATHER_OF,1,FR-a90fb23843b157c0
HP-00047048,HP-00047047,FATHER_OF,1,FR-d42f9483e267ae6e
HP-00047052,HP-00047051,FATHER_OF,1,FR-d8e3e4c480900465
HP-00047055,HP-00047054,FATHER_OF,1,FR-9f7a23c32916a5d9
HP-00047058,HP-00047057,FATHER_OF,1,FR-1e814a7d0060f2d6
HP-00047061,HP-00047060,FATHER_OF,1,FR-074b71bf3e91dc83
HP-00047065,HP-00047064,FATHER_OF,1,FR-ae54051311080092
HP-00047068,HP-00047067,FATHER_OF,1,FR-87c95fd0e4a16a62
HP-00047071,HP-00047070,FATHER_OF,1,FR-dc5e6ea5031f99ef
HP-00041697,HP-00041695,MOTHER_OF,1,FR-539876862312ade5
HP-00041714,HP-00041712,MOTHER_OF,1,FR-faca71056b417222
HP-00041718,HP-00041716,MOTHER_OF,1,FR-e0c558a519062ecf
HP-00041736,HP-00041734,MOTHER_OF,1,FR-869bfc2be20fdc3f
HP-00041754,HP-00041752,MOTHER_OF,1,FR-4ebc6b49115ecee3
HP-00041759,HP-00041757,MOTHER_OF,1,FR-176ff904f68811c7
HP-00041775,HP-00041773,MOTHER_OF,1,FR-f1a5d5cfd17c9409
HP-00041781,HP-00041779,MOTHER_OF,1,FR-44afbbd1beb3ecb7
HP-00041786,HP-00041784,MOTHER_OF,1,FR-75768c17f104d0e3
HP-00041789,HP-00041787,MOTHER_OF,1,FR-f2fce87f9c19fedb
HP-00041794,HP-00041792,MOTHER_OF,1,FR-7d7889a041a6d116
HP-00041799,HP-00041797,MOTHER_OF,1,FR-4b1283acfb1485b8
HP-00041802,HP-00017225,MOTHER_OF,1,FR-f1ddc52e008828b7
HP-00041809,HP-00041807,MOTHER_OF,1,FR-9914d54992ee4e16
HP-00041812,HP-00041810,MOTHER_OF,1,FR-dfaebb5152831eb4
HP-00041824,HP-00041822,MOTHER_OF,1,FR-b1b0b5c761a718fc
HP-00041827,HP-00041825,MOTHER_OF,1,FR-304c8ffae6a9a9b1
HP-00041832,HP-00041830,MOTHER_OF,1,FR-d3116c6e62405635
HP-00041835,HP-00041833,MOTHER_OF,1,FR-edf0b3079a1e52e1
HP-00041840,HP-00041838,MOTHER_OF,1,FR-9c1e485e025643e0
HP-00041843,HP-00041841,MOTHER_OF,1,FR-3e348a8cfc2b3335
HP-00041848,HP-00041846,MOTHER_OF,1,FR-1362480a44883f40
HP-00041851,HP-00041849,MOTHER_OF,1,FR-24a31e44056a81c4
HP-00041859,HP-00041857,MOTHER_OF,1,FR-68f3ddf09c40b06d
HP-00041862,HP-00041860,MOTHER_OF,1,FR-e56b9cb26092c0dd
HP-00041867,HP-00041865,MOTHER_OF,1,FR-0c556295a2b32786
HP-00041869,HP-00041868,MOTHER_OF,1,FR-3c7d0822df4e3444
HP-00041872,HP-00041870,MOTHER_OF,1,FR-d4917ac80dda0082
HP-00041875,HP-00041873,MOTHER_OF,1,FR-5425771838261d3b
HP-00041878,HP-00041876,MOTHER_OF,1,FR-f55ac217b289c19e
HP-00041881,HP-00041879,MOTHER_OF,1,FR-be5a9d1ccde7c193
HP-00041884,HP-00041882,MOTHER_OF,1,FR-5c0a0e515782e68a
HP-00041887,HP-00041885,MOTHER_OF,1,FR-d4db34d9eda01df1
HP-00041890,HP-00041888,MOTHER_OF,1,FR-9634322bfb462091
HP-00041893,HP-00041891,MOTHER_OF,1,FR-544dd598b78da24a
HP-00041896,HP-00041894,MOTHER_OF,1,FR-b10ac9002b245045
HP-00041899,HP-00041897,MOTHER_OF,1,FR-4c4fa1df6286d0b1
HP-00041902,HP-00041900,MOTHER_OF,1,FR-0dfe6dad5ab2f05f
HP-00041905,HP-00041903,MOTHER_OF,1,FR-292f5a1cef80efc6
HP-00041908,HP-00041906,MOTHER_OF,1,FR-cc0c274bcb55b074
HP-00041911,HP-00041909,MOTHER_OF,1,FR-52a48f4e3c929b01
HP-00041914,HP-00041912,MOTHER_OF,1,FR-4ac2f304baa5a780
HP-00041919,HP-00041917,MOTHER_OF,1,FR-c9d39c488ba4f5ea
HP-00041922,HP-00041920,MOTHER_OF,1,FR-fb27ef770514dbbd
HP-00041931,HP-00041929,MOTHER_OF,1,FR-869ae5faef76781b
HP-00041933,HP-00041932,MOTHER_OF,1,FR-af9e98fc06ebcfc7
HP-00041940,HP-00041938,MOTHER_OF,1,FR-6f4319e89e4b7665
HP-00041947,HP-00041945,MOTHER_OF,1,FR-397de7a0272ca98f
HP-00041950,HP-00041948,MOTHER_OF,1,FR-705431713a7c07a1
HP-00041957,HP-00041955,MOTHER_OF,1,FR-ed12e779e7956073
HP-00041960,HP-00041958,MOTHER_OF,1,FR-2743887c0a692a5b
HP-00041963,HP-00041961,MOTHER_OF,1,FR-2499ce0fd7df4a5a
HP-00041970,HP-00041968,MOTHER_OF,1,FR-c27f2dbe70ec935d
HP-00041973,HP-00041971,MOTHER_OF,1,FR-744a67117c75f650
HP-00041976,HP-00041974,MOTHER_OF,1,FR-85717536e415be6e
HP-00041983,HP-00041981,MOTHER_OF,1,FR-4fec3fc06fce0ef6
HP-00041995,HP-00041993,MOTHER_OF,1,FR-f2bf019687de2ef6
HP-00042004,HP-00042002,MOTHER_OF,1,FR-bb98f846ff02bd0c
HP-00042010,HP-00042008,MOTHER_OF,1,FR-cc9754ea278d4939
HP-00042013,HP-00042011,MOTHER_OF,1,FR-899d0028dbceaa5b
HP-00042016,HP-00042014,MOTHER_OF,1,FR-eb4d8b3b003a2a8e
HP-00042023,HP-00042021,MOTHER_OF,1,FR-b524fa26fa244fc2
HP-00042026,HP-00042024,MOTHER_OF,1,FR-d5bbbdf14dca4a17
HP-00042031,HP-00042029,MOTHER_OF,1,FR-460124ffbbc29c5e
HP-00042034,HP-00042032,MOTHER_OF,1,FR-5f9941239d325fcc
HP-00042037,HP-00042035,MOTHER_OF,1,FR-12c91bb435701633
HP-00042041,HP-00042039,MOTHER_OF,1,FR-2729e1361b8efa86
HP-00042044,HP-00042042,MOTHER_OF,1,FR-3b5e5be23c9cdcfb
HP-00042056,HP-00042054,MOTHER_OF,1,FR-b9b715e72e039b88
HP-00042059,HP-00042057,MOTHER_OF,1,FR-dfc1ac4393ce94b9
HP-00042062,HP-00042060,MOTHER_OF,1,FR-0c50954238485748
HP-00042065,HP-00042063,MOTHER_OF,1,FR-35aa875992c4b9f8
HP-00042074,HP-00042072,MOTHER_OF,1,FR-3503bc97e24c3842
HP-00042077,HP-00042075,MOTHER_OF,1,FR-99dfa52d891385fc
HP-00042082,HP-00042081,MOTHER_OF,1,FR-ef76114f86a596c4
HP-00042085,HP-00042083,MOTHER_OF,1,FR-ea37c0f16e120f49
HP-00042093,HP-00042091,MOTHER_OF,1,FR-bf732e2ae356c60b
HP-00042026,HP-00042094,MOTHER_OF,1,FR-224a96d8f0211309
HP-00042101,HP-00042099,MOTHER_OF,1,FR-45a88469bcaf4272
HP-00042104,HP-00042102,MOTHER_OF,1,FR-0a5ed91035afd742
HP-00042118,HP-00042116,MOTHER_OF,2,FR-0128f01b546af696
HP-00042123,HP-00042121,MOTHER_OF,2,FR-1abd46ec8de21f73
HP-00042136,HP-00042134,MOTHER_OF,1,FR-50719294ca90924e
HP-00042145,HP-00042143,MOTHER_OF,1,FR-c3887b594332f4ea
HP-00042148,HP-00042146,MOTHER_OF,1,FR-be999fc583a147d9
HP-00042153,HP-00042151,MOTHER_OF,3,FR-4ef67faa6864fe89
HP-00042156,HP-00042154,MOTHER_OF,1,FR-93c744e592127de6
HP-00042159,HP-00042157,MOTHER_OF,1,FR-4ad079a77fe9ceab
HP-00042162,HP-00042160,MOTHER_OF,2,FR-086ad7e3ba5399d9
HP-00042165,HP-00042163,MOTHER_OF,1,FR-9aca847252b3a9f3
HP-00042170,HP-00042168,MOTHER_OF,1,FR-1e17f48e6cea7fdc
HP-00042176,HP-00042174,MOTHER_OF,3,FR-4502b7c7498b276a
HP-00042181,HP-00042179,MOTHER_OF,1,FR-0c1638177ee74dee
HP-00042184,HP-00042182,MOTHER_OF,3,FR-4cef3aedb3b0afbf
HP-00042191,HP-00042189,MOTHER_OF,3,FR-3d1d2e3feaa23d55
HP-00042198,HP-00042196,MOTHER_OF,1,FR-96f95f2aa303d6ba
HP-00042203,HP-00042201,MOTHER_OF,1,FR-f7d461b18b1c4955
HP-00042225,HP-00042223,MOTHER_OF,1,FR-a68bdd966b6e6043
HP-00042123,HP-00042228,MOTHER_OF,1,FR-899451902b551aaa
HP-00042136,HP-00042237,MOTHER_OF,2,FR-2fac5c4cb6478aaa
HP-00042248,HP-00042246,MOTHER_OF,2,FR-bc26540a38a7dcd8
HP-00042259,HP-00042257,MOTHER_OF,2,FR-789bafb0a73c6776
HP-00042165,HP-00042265,MOTHER_OF,2,FR-36471aad3769a8a3
HP-00042286,HP-00042284,MOTHER_OF,2,FR-427d47b8387211ed
HP-00042289,HP-00042287,MOTHER_OF,2,FR-90a948ff13c1f016
HP-00042298,HP-00042296,MOTHER_OF,2,FR-1de0bb8fea21c3d4
HP-00042307,HP-00042305,MOTHER_OF,4,FR-aa0f8aa336531f1c
HP-00042319,HP-00042317,MOTHER_OF,2,FR-baf8a766a4a08d32
HP-00042322,HP-00042320,MOTHER_OF,2,FR-72d7ee87b6a1f224
HP-00042330,HP-00042328,MOTHER_OF,1,FR-a70e7f50cb894ce8
HP-00042333,HP-00042331,MOTHER_OF,2,FR-102c74eae204f97f
HP-00042336,HP-00042334,MOTHER_OF,2,FR-3758a03cec87ae43
HP-00042349,HP-00042347,MOTHER_OF,2,FR-0115af324a8f2786
HP-00042352,HP-00042350,MOTHER_OF,2,FR-7008712cf68739f1
HP-00042357,HP-00042355,MOTHER_OF,2,FR-bd7d46f8724b1a8e
HP-00042509,HP-00042507,MOTHER_OF,1,FR-6a8f236964f72ccd
HP-00042530,HP-00042528,MOTHER_OF,1,FR-0b028866c02d109f
HP-00042536,HP-00042534,MOTHER_OF,2,FR-7500f4cf7a6df012
HP-00042547,HP-00042545,MOTHER_OF,1,FR-d028c38ce9360ed7
HP-00042553,HP-00042551,MOTHER_OF,1,FR-4812940e37e8e1d1
HP-00042557,HP-00042555,MOTHER_OF,1,FR-38147d9600423933
HP-00042562,HP-00042560,MOTHER_OF,1,FR-4d0e249064cfd3ac
HP-00042583,HP-00042581,MOTHER_OF,1,FR-b9b707d8787c1ad5
HP-00042600,HP-00042598,MOTHER_OF,1,FR-f5f86cc1f1d5b277
HP-00042603,HP-00042601,MOTHER_OF,1,FR-90f4f529c73db550
HP-00042610,HP-00042608,MOTHER_OF,1,FR-59ce22c6fdbc7d8d
HP-00042613,HP-00042611,MOTHER_OF,1,FR-2a37ec944319a59f
HP-00042618,HP-00042616,MOTHER_OF,1,FR-6d54f4f3d36dd730
HP-00042629,HP-00042627,MOTHER_OF,1,FR-790cf5167f8a760c
HP-00042632,HP-00042630,MOTHER_OF,1,FR-db2c7b5d40d1e951
HP-00042698,HP-00042696,MOTHER_OF,1,FR-aec35c2e6e105ee6
HP-00042729,HP-00042727,MOTHER_OF,1,FR-02b76097e8b247aa
HP-00042734,HP-00042732,MOTHER_OF,1,FR-d7f584f181cbdc7d
HP-00042744,HP-00042743,MOTHER_OF,1,FR-16bbf12de3f17e7e
HP-00042753,HP-00042751,MOTHER_OF,1,FR-8f965ad10e5ed327
HP-00042769,HP-00042767,MOTHER_OF,1,FR-c444f960766e87dc
HP-00042772,HP-00042770,MOTHER_OF,1,FR-6bfd1cdedd11b028
HP-00042774,HP-00042773,MOTHER_OF,1,FR-21a0f4e2de796c0a
HP-00042780,HP-00042778,MOTHER_OF,1,FR-c55c6b6ebc87edf6
HP-00042791,HP-00042789,MOTHER_OF,1,FR-f1a0623eab30a758
HP-00042795,HP-00042794,MOTHER_OF,1,FR-3fc0a0f4b7833d41
HP-00042799,HP-00042797,MOTHER_OF,1,FR-d8483d5bc9d102f7
HP-00042802,HP-00042800,MOTHER_OF,1,FR-ca60f4854d93089e
HP-00042810,HP-00042808,MOTHER_OF,1,FR-85e2e81bba036cd4
HP-00042844,HP-00042842,MOTHER_OF,1,FR-cb01efcfab0dad39
HP-00042851,HP-00024404,MOTHER_OF,1,FR-3bc2a81fbbd4f2f8
HP-00042856,HP-00042854,MOTHER_OF,1,FR-592abc86a164690f
HP-00042868,HP-00042866,MOTHER_OF,1,FR-7adc3ab41aada5fa
HP-00042883,HP-00042881,MOTHER_OF,1,FR-8a5bf6b28127656d
HP-00042891,HP-00042889,MOTHER_OF,1,FR-a0a14d9358a1caaf
HP-00042901,HP-00042899,MOTHER_OF,1,FR-ace40aeb938b1187
HP-00042913,HP-00042912,MOTHER_OF,1,FR-ad9383f547608ca5
HP-00042929,HP-00042927,MOTHER_OF,1,FR-afed986341aa2b03
HP-00042977,HP-00042975,MOTHER_OF,1,FR-9eb83b6a07563685
HP-00042982,HP-00042980,MOTHER_OF,1,FR-6738f437e462dda1
HP-00042985,HP-00042983,MOTHER_OF,1,FR-72156fe2b659178e
HP-00042993,HP-00042991,MOTHER_OF,1,FR-d21b338bc52adc35
HP-00042996,HP-00012913,MOTHER_OF,1,FR-341d4b17cb778abf
HP-00043001,HP-00042999,MOTHER_OF,1,FR-c473d6af85ae4ff0
HP-00043004,HP-00043002,MOTHER_OF,1,FR-db99467cd449093e
HP-00043010,HP-00043008,MOTHER_OF,1,FR-92b2b1553eee3e70
HP-00043013,HP-00043011,MOTHER_OF,1,FR-c42159ec678962f3
HP-00043016,HP-00043014,MOTHER_OF,1,FR-cfbf251472d2f214
HP-00043021,HP-00043019,MOTHER_OF,1,FR-a459c016050a273e
HP-00012445,HP-00043024,MOTHER_OF,1,FR-6b8d8e1388870d99
HP-00043034,HP-00043032,MOTHER_OF,1,FR-fd80705b0a159416
HP-00043044,HP-00043042,MOTHER_OF,1,FR-4375a0fc6d2624c7
HP-00043050,HP-00043048,MOTHER_OF,1,FR-b6dfc91a01bf64af
HP-00043053,HP-00043051,MOTHER_OF,1,FR-b6f8ec71fd07b766
HP-00043059,HP-00043057,MOTHER_OF,1,FR-2198194171725e5b
HP-00043065,HP-00043063,MOTHER_OF,1,FR-ae46e78ec1588845
HP-00043068,HP-00043066,MOTHER_OF,1,FR-a8a53870913ef39f
HP-00043071,HP-00043069,MOTHER_OF,1,FR-a4bd812aa8849cf2
HP-00043076,HP-00043074,MOTHER_OF,1,FR-c5be2423e150092a
HP-00043079,HP-00043077,MOTHER_OF,1,FR-ae99871067d856ae
HP-00043087,HP-00043085,MOTHER_OF,1,FR-477a6e539905d2b4
HP-00043101,HP-00043099,MOTHER_OF,1,FR-e47cc08cb46d2204
HP-00043117,HP-00043115,MOTHER_OF,1,FR-f4f4070e0b4c2225
HP-00013006,HP-00043120,MOTHER_OF,1,FR-3b7cf5b6e2ecb734
HP-00043127,HP-00043125,MOTHER_OF,1,FR-1790aa17e7f506cc
HP-00043132,HP-00043130,MOTHER_OF,1,FR-8ea8fd41c7d48147
HP-00043137,HP-00043135,MOTHER_OF,1,FR-de36258967a4a571
HP-00043143,HP-00043141,MOTHER_OF,1,FR-eac51c8d8cc12290
HP-00043146,HP-00043144,MOTHER_OF,1,FR-c8f5dfb48acd7473
HP-00043149,HP-00043147,MOTHER_OF,1,FR-79473028a82506ea
HP-00043154,HP-00043152,MOTHER_OF,1,FR-891bd53e540f7cd6
HP-00043161,HP-00043159,MOTHER_OF,1,FR-a76645980ee946ce
HP-00043168,HP-00043166,MOTHER_OF,1,FR-6d9b5fa909a942c0
HP-00043171,HP-00043169,MOTHER_OF,1,FR-efd0f53e3e174f67
HP-00043174,HP-00043172,MOTHER_OF,1,FR-e330c346899d4492
HP-00043177,HP-00043175,MOTHER_OF,1,FR-99219906b0f239aa
HP-00043180,HP-00043178,MOTHER_OF,1,FR-060480f5b1dd5678
HP-00043186,HP-00043184,MOTHER_OF,1,FR-96dbf1aaec49b25a
HP-00043189,HP-00043187,MOTHER_OF,1,FR-0d24e5a3123fb165
HP-00043192,HP-00043190,MOTHER_OF,1,FR-22e8dcd18facb16b
HP-00043195,HP-00043193,MOTHER_OF,1,FR-b1c322252bc577a3
HP-00043198,HP-00043196,MOTHER_OF,1,FR-2cea484da3bdcac5
HP-00043201,HP-00043199,MOTHER_OF,1,FR-2fa2fa5945ca215d
HP-00043206,HP-00043204,MOTHER_OF,1,FR-5e91e75be6b42740
HP-00043225,HP-00043223,MOTHER_OF,1,FR-a26d4263027484fe
HP-00043228,HP-00012905,MOTHER_OF,1,FR-86252e91d4fc47e0
HP-00043235,HP-00043233,MOTHER_OF,1,FR-cb4bb3a76724ea2f
HP-00043244,HP-00043242,MOTHER_OF,1,FR-52e12824ed52e894
HP-00043247,HP-00043245,MOTHER_OF,1,FR-b93ab15a3acb3679
HP-00043254,HP-00043252,MOTHER_OF,1,FR-f3b2ba8d6bbe1e58
HP-00043268,HP-00043266,MOTHER_OF,1,FR-e0c5e268f279dea7
HP-00043277,HP-00043275,MOTHER_OF,1,FR-41b82f57573f7e50
HP-00043282,HP-00043280,MOTHER_OF,1,FR-1aebd5722650c5c2
HP-00043302,HP-00043300,MOTHER_OF,1,FR-c8917bab6752e91a
HP-00043305,HP-00043303,MOTHER_OF,1,FR-4341766715fd1438
HP-00043308,HP-00043306,MOTHER_OF,1,FR-bd587fe0d0bc5801
HP-00043317,HP-00043315,MOTHER_OF,1,FR-ddf6637ad66af0b3
HP-00043328,HP-00043326,MOTHER_OF,1,FR-94af8c5446f03f38
HP-00043334,HP-00043332,MOTHER_OF,1,FR-570676c7c2ba25a5
HP-00043360,HP-00043358,MOTHER_OF,1,FR-7962a985c03553d6
HP-00043363,HP-00043361,MOTHER_OF,1,FR-8bef25cf06e82038
HP-00043369,HP-00043367,MOTHER_OF,1,FR-7f6812e05aa26aa7
HP-00043381,HP-00043379,MOTHER_OF,1,FR-07174d027f5c2c05
HP-00043386,HP-00043384,MOTHER_OF,1,FR-944c512578f35ab7
HP-00043399,HP-00043397,MOTHER_OF,1,FR-5480636e23a72fc5
HP-00043405,HP-00043403,MOTHER_OF,1,FR-63089a66d312e48c
HP-00043409,HP-00043407,MOTHER_OF,1,FR-2c847bcde6317e4a
HP-00043424,HP-00043422,MOTHER_OF,1,FR-2b6edc12b4e3c395
HP-00043427,HP-00043425,MOTHER_OF,1,FR-27c1c7ee906533c3
HP-00043431,HP-00043429,MOTHER_OF,1,FR-4e231379b505ad6d
HP-00043434,HP-00043432,MOTHER_OF,1,FR-d7bb0d39f17758eb
HP-00043437,HP-00043435,MOTHER_OF,1,FR-74fcc752fdd81355
HP-00043443,HP-00014070,MOTHER_OF,1,FR-c6b17165434a0e1f
HP-00043446,HP-00043444,MOTHER_OF,1,FR-81ef9275db888945
HP-00043449,HP-00043447,MOTHER_OF,1,FR-38eed075db3d1490
HP-00043452,HP-00012809,MOTHER_OF,1,FR-f062413cbfcf54aa
HP-00043455,HP-00043453,MOTHER_OF,1,FR-6de07c2dedba7e70
HP-00043458,HP-00013159,MOTHER_OF,1,FR-e40414c24b6bd355
HP-00043468,HP-00043466,MOTHER_OF,1,FR-b77e7c8c5fc00bd6
HP-00043471,HP-00043469,MOTHER_OF,1,FR-eaa4435b428a8865
HP-00043478,HP-00043476,MOTHER_OF,1,FR-afc3305c39397aab
HP-00043481,HP-00043479,MOTHER_OF,1,FR-ecc972261484fd09
HP-00043484,HP-00043482,MOTHER_OF,1,FR-0790ba5342769399
HP-00043487,HP-00043485,MOTHER_OF,1,FR-5534a549f3259e03
HP-00043494,HP-00043492,MOTHER_OF,1,FR-fbb6e79731db5eb7
HP-00043500,HP-00043498,MOTHER_OF,1,FR-eb77c10875b04425
HP-00043503,HP-00043501,MOTHER_OF,1,FR-0066cd00755bd730
HP-00043506,HP-00043504,MOTHER_OF,1,FR-22a087008f1047da
HP-00043511,HP-00043509,MOTHER_OF,1,FR-27c92d2641c32b13
HP-00043523,HP-00043521,MOTHER_OF,1,FR-9a4dc148c7d0d362
HP-00043539,HP-00043537,MOTHER_OF,1,FR-140dbc172bfb89ff
HP-00043542,HP-00043540,MOTHER_OF,1,FR-19f7847fe92b54bb
HP-00043545,HP-00043543,MOTHER_OF,1,FR-c04eb6fadbdcf84f
HP-00043549,HP-00043547,MOTHER_OF,1,FR-04a7e3b76dab5aab
HP-00043557,HP-00043555,MOTHER_OF,1,FR-4e4ef41c0ab5f567
HP-00043560,HP-00043558,MOTHER_OF,1,FR-8932d03fe05dff98
HP-00043563,HP-00043561,MOTHER_OF,1,FR-783cd3bebda2fd49
HP-00043568,HP-00012837,MOTHER_OF,1,FR-9fef31be2876443e
HP-00043571,HP-00043569,MOTHER_OF,1,FR-b1e75d78a3cd45d8
HP-00043574,HP-00043572,MOTHER_OF,1,FR-1b41635ad824213c
HP-00043577,HP-00043575,MOTHER_OF,1,FR-d889e1a3628a0a13
HP-00043580,HP-00043578,MOTHER_OF,1,FR-952498baaef36d81
HP-00043585,HP-00043583,MOTHER_OF,1,FR-9ee0428174a8494d
HP-00043591,HP-00043589,MOTHER_OF,1,FR-da36e91b0b9c2f37
HP-00043599,HP-00043597,MOTHER_OF,1,FR-8f343e7739578073
HP-00043606,HP-00043604,MOTHER_OF,1,FR-61b14d01d4fd7dc3
HP-00043623,HP-00043621,MOTHER_OF,1,FR-17febc3b0bfa1c60
HP-00043626,HP-00043624,MOTHER_OF,1,FR-ca67cd6166524305
HP-00043629,HP-00043627,MOTHER_OF,1,FR-e4d78a958d9e6e80
HP-00043632,HP-00016000,MOTHER_OF,1,FR-5711c9167093cfa3
HP-00043640,HP-00043638,MOTHER_OF,1,FR-3d1a0c4a19a3a20e
HP-00043647,HP-00043645,MOTHER_OF,1,FR-73f17fc461ce0b18
HP-00043659,HP-00043657,MOTHER_OF,1,FR-3dc8875b0b47c2b6
HP-00043662,HP-00043660,MOTHER_OF,1,FR-ff645ca95ab50c3f
HP-00043668,HP-00043666,MOTHER_OF,1,FR-27b48b0e8086fc46
HP-00043723,HP-00043721,MOTHER_OF,1,FR-b5eed5ca989c40f7
HP-00043727,HP-00043725,MOTHER_OF,1,FR-ea8fd9bc3af75f82
HP-00043734,HP-00043732,MOTHER_OF,1,FR-df6d71d8a338ff6c
HP-00043737,HP-00043735,MOTHER_OF,1,FR-97b748acee753ef5
HP-00043740,HP-00043738,MOTHER_OF,1,FR-8feee16c9a05b35e
HP-00043743,HP-00043741,MOTHER_OF,1,FR-68d1a83cfeceaee9
HP-00043746,HP-00043744,MOTHER_OF,1,FR-e94ed621de546a34
HP-00043749,HP-00043747,MOTHER_OF,1,FR-bb55c74c9cf164be
HP-00043752,HP-00043750,MOTHER_OF,1,FR-92dfbadc84f13f73
HP-00043755,HP-00043753,MOTHER_OF,1,FR-da9aeeed52c4a74f
HP-00043758,HP-00043756,MOTHER_OF,1,FR-d49961366ed275e0
HP-00043761,HP-00043759,MOTHER_OF,1,FR-b40ba2c2e5938968
HP-00043764,HP-00043762,MOTHER_OF,1,FR-a65eee01aa203004
HP-00043767,HP-00043765,MOTHER_OF,1,FR-646650c9e96416f4
HP-00043770,HP-00043768,MOTHER_OF,1,FR-042e2b28398c0619
HP-00043773,HP-00043771,MOTHER_OF,1,FR-16fca34147b65f97
HP-00043776,HP-00043774,MOTHER_OF,1,FR-bf1e019eb85bcaf5
HP-00043779,HP-00043777,MOTHER_OF,1,FR-df35d3ec8f3adeaa
HP-00043782,HP-00043780,MOTHER_OF,1,FR-dcd8c4ba48de04af
HP-00043785,HP-00043783,MOTHER_OF,1,FR-72c322b0f0e0ca17
HP-00043788,HP-00043786,MOTHER_OF,1,FR-eba675769c5b080c
HP-00043791,HP-00043789,MOTHER_OF,1,FR-9e51666a4de3354b
HP-00043794,HP-00043792,MOTHER_OF,1,FR-b3f28b1cce9f2917
HP-00043797,HP-00043795,MOTHER_OF,1,FR-4bac0bb3a34218de
HP-00043800,HP-00043798,MOTHER_OF,1,FR-0d617040a7c28603
HP-00043803,HP-00043801,MOTHER_OF,1,FR-bb8df70c803fa561
HP-00043806,HP-00043804,MOTHER_OF,1,FR-ffc031fceed81f54
HP-00043812,HP-00043810,MOTHER_OF,1,FR-ec826513184b5cfe
HP-00043815,HP-00043813,MOTHER_OF,1,FR-6f3e220ac0cee615
HP-00043823,HP-00043821,MOTHER_OF,1,FR-2e35dfd2d8913a97
HP-00043826,HP-00043824,MOTHER_OF,1,FR-24c765c04d0a8bfb
HP-00043829,HP-00043827,MOTHER_OF,1,FR-cee74c09395f107e
HP-00043832,HP-00043830,MOTHER_OF,1,FR-e77527de6bdb65e1
HP-00043835,HP-00043833,MOTHER_OF,1,FR-380b39364de1ef76
HP-00043838,HP-00043836,MOTHER_OF,1,FR-28d5e68dd3dad7cd
HP-00043850,HP-00043848,MOTHER_OF,1,FR-357a139fef1df34d
HP-00043853,HP-00043851,MOTHER_OF,1,FR-9458e8e4cd889e46
HP-00043856,HP-00043854,MOTHER_OF,1,FR-c2c25b406199dc47
HP-00043873,HP-00043871,MOTHER_OF,1,FR-443674204ddf4dc4
HP-00043892,HP-00043890,MOTHER_OF,1,FR-eb457389b2e2a2c0
HP-00043898,HP-00043896,MOTHER_OF,1,FR-b7218edd5b9e58ff
HP-00043908,HP-00043906,MOTHER_OF,1,FR-fb8a944944d1cd20
HP-00043914,HP-00043912,MOTHER_OF,1,FR-a731b9840d2596d3
HP-00043917,HP-00043915,MOTHER_OF,1,FR-7536e58079176e1b
HP-00043921,HP-00043919,MOTHER_OF,1,FR-98676a43abc10c35
HP-00043930,HP-00043928,MOTHER_OF,1,FR-9fa7555026b9c712
HP-00043933,HP-00043931,MOTHER_OF,1,FR-b97f9623973eca53
HP-00043938,HP-00043936,MOTHER_OF,1,FR-897c7b1b19872518
HP-00043941,HP-00043939,MOTHER_OF,1,FR-236f8e96afc2b81d
HP-00043944,HP-00043942,MOTHER_OF,1,FR-166266ffe18e9eab
HP-00043951,HP-00043949,MOTHER_OF,1,FR-f4ba3a0d3258bd5b
HP-00043954,HP-00043952,MOTHER_OF,1,FR-5d766c91d5b99e33
HP-00043961,HP-00043959,MOTHER_OF,1,FR-9c00339be8d23aa2
HP-00043969,HP-00043967,MOTHER_OF,1,FR-4d5f07ef8d931cc3
HP-00043982,HP-00043980,MOTHER_OF,1,FR-2e7f1e40f177c916
HP-00043990,HP-00043988,MOTHER_OF,1,FR-ee1c1a9338c6813a
HP-00043993,HP-00043991,MOTHER_OF,1,FR-6acda64989439beb
HP-00043997,HP-00043995,MOTHER_OF,1,FR-66f69c3f1ccd30f9
HP-00044000,HP-00043998,MOTHER_OF,1,FR-7a4cafac39d1dfa2
HP-00044003,HP-00044001,MOTHER_OF,1,FR-e3cff550ee450f7d
HP-00044009,HP-00044007,MOTHER_OF,1,FR-9c0fa0d2216fbdf0
HP-00044022,HP-00044020,MOTHER_OF,1,FR-78f617236b39e6c9
HP-00044033,HP-00044031,MOTHER_OF,1,FR-cdd77bbb73a9312a
HP-00044036,HP-00044034,MOTHER_OF,1,FR-72e7cd00b3392437
HP-00044040,HP-00044038,MOTHER_OF,1,FR-c2ef2587aa546f62
HP-00044043,HP-00044041,MOTHER_OF,1,FR-203e435808f1c5e4
HP-00044047,HP-00044045,MOTHER_OF,1,FR-19c6ec62acd5a735
HP-00044050,HP-00044048,MOTHER_OF,1,FR-a83d86ac699dc6fb
HP-00044054,HP-00044052,MOTHER_OF,1,FR-9b038dffe98c753a
HP-00044060,HP-00044058,MOTHER_OF,1,FR-b32b1373e459f1b1
HP-00044069,HP-00044067,MOTHER_OF,1,FR-a51bda4a7900f8fd
HP-00044080,HP-00044078,MOTHER_OF,1,FR-ee44a09734c36763
HP-00044083,HP-00044081,MOTHER_OF,1,FR-0d7ec8157bebca43
HP-00044097,HP-00044095,MOTHER_OF,1,FR-b42a59c94d170aa5
HP-00044100,HP-00044098,MOTHER_OF,1,FR-506a6d38eec492b4
HP-00044105,HP-00044103,MOTHER_OF,1,FR-5cdd24fc3bd2a07c
HP-00044122,HP-00044121,MOTHER_OF,1,FR-ab710fcf7d93c3ff
HP-00044128,HP-00044126,MOTHER_OF,1,FR-9ec7baecb26c1ce6
HP-00044136,HP-00044134,MOTHER_OF,1,FR-7571e50de1aa6abe
HP-00044140,HP-00044138,MOTHER_OF,1,FR-7a6500d2a26aa18e
HP-00044155,HP-00044153,MOTHER_OF,1,FR-2ba5474a6e2dddfa
HP-00044158,HP-00044156,MOTHER_OF,1,FR-eb621229c15ca81d
HP-00044165,HP-00044163,MOTHER_OF,1,FR-93a32c7ca4f0e4c0
HP-00044168,HP-00044166,MOTHER_OF,1,FR-a85d2769514e4479
HP-00044173,HP-00044171,MOTHER_OF,1,FR-8168078723c7c375
HP-00044176,HP-00044174,MOTHER_OF,1,FR-82786563def9b7bb
HP-00044179,HP-00044177,MOTHER_OF,1,FR-276bb48d8d7ff9e0
HP-00044182,HP-00044180,MOTHER_OF,1,FR-4a8103cc07d27b93
HP-00044185,HP-00044183,MOTHER_OF,1,FR-df3c1c78e579c416
HP-00044190,HP-00044188,MOTHER_OF,1,FR-0c3dea490fd83488
HP-00044194,HP-00044192,MOTHER_OF,1,FR-2313baeb55c90755
HP-00044198,HP-00044196,MOTHER_OF,1,FR-419fc3cb636b20ab
HP-00044203,HP-00044201,MOTHER_OF,1,FR-5b50d370926e9392
HP-00044206,HP-00044204,MOTHER_OF,1,FR-f26cf1bcbe1d4157
HP-00044209,HP-00044207,MOTHER_OF,1,FR-d566578c7eefcf80
HP-00044217,HP-00044215,MOTHER_OF,1,FR-b525c57429ea7e76
HP-00044220,HP-00044218,MOTHER_OF,1,FR-24a7dda75cb385d3
HP-00044224,HP-00044222,MOTHER_OF,1,FR-f88d42c7e97a0bac
HP-00044228,HP-00044226,MOTHER_OF,1,FR-fe844508443a428f
HP-00044233,HP-00044231,MOTHER_OF,1,FR-cf791d816fad3bf4
HP-00044237,HP-00044235,MOTHER_OF,1,FR-2d6eb3ff78e23b73
HP-00044240,HP-00044238,MOTHER_OF,1,FR-ecc8ce184b77f8c8
HP-00044243,HP-00044241,MOTHER_OF,1,FR-056ad1acfa1ad900
HP-00044247,HP-00044245,MOTHER_OF,1,FR-49f9e2ba28754c91
HP-00044250,HP-00044248,MOTHER_OF,1,FR-cf036610c84cb1f8
HP-00044253,HP-00044251,MOTHER_OF,1,FR-bba3e221f83f1533
HP-00044257,HP-00044255,MOTHER_OF,1,FR-7957c8a420934040
HP-00044260,HP-00044258,MOTHER_OF,1,FR-3542dbf7d3ebe621
HP-00044264,HP-00044262,MOTHER_OF,1,FR-8759aa0a3ab44fec
HP-00044267,HP-00044265,MOTHER_OF,1,FR-e22275686fd78e3a
HP-00044270,HP-00044268,MOTHER_OF,1,FR-bad2408c5626017a
HP-00044277,HP-00044275,MOTHER_OF,1,FR-b76793d4212c24cd
HP-00044281,HP-00044279,MOTHER_OF,1,FR-12bb7c333b3775cf
HP-00044287,HP-00044285,MOTHER_OF,1,FR-e87b5fe32dd6513c
HP-00044292,HP-00044290,MOTHER_OF,1,FR-1f41245e8cb34e8f
HP-00044296,HP-00044294,MOTHER_OF,1,FR-e2df214c866bce83
HP-00044306,HP-00044304,MOTHER_OF,1,FR-a6f1f044c5ccc581
HP-00044312,HP-00044310,MOTHER_OF,1,FR-68f84ce141a7cf4d
HP-00044319,HP-00044317,MOTHER_OF,1,FR-10645e4bc9f374a4
HP-00044322,HP-00044320,MOTHER_OF,1,FR-6587f5f6f2658d85
HP-00044325,HP-00044323,MOTHER_OF,1,FR-4465497042257103
HP-00044330,HP-00044328,MOTHER_OF,1,FR-80a366ed02d8b92e
HP-00044333,HP-00044331,MOTHER_OF,1,FR-650bff03b874f227
HP-00044340,HP-00044338,MOTHER_OF,1,FR-52341702b40166be
HP-00044352,HP-00044350,MOTHER_OF,1,FR-1441dd10448c1581
HP-00044355,HP-00044353,MOTHER_OF,1,FR-f0fc62013d645227
HP-00044368,HP-00044366,MOTHER_OF,1,FR-db3b877ee79b72c0
HP-00044379,HP-00044377,MOTHER_OF,1,FR-cdc40a2902b3e42a
HP-00044385,HP-00044383,MOTHER_OF,1,FR-1f2bf390898aa05a
HP-00044395,HP-00044393,MOTHER_OF,1,FR-9943100345b97986
HP-00044419,HP-00044417,MOTHER_OF,1,FR-53e68e535ef4abcd
HP-00044422,HP-00044420,MOTHER_OF,1,FR-1f9af52aa5357ac1
HP-00044429,HP-00044427,MOTHER_OF,1,FR-0c72424a3db115cf
HP-00044432,HP-00044430,MOTHER_OF,1,FR-516951d0b8a0b155
HP-00044435,HP-00044433,MOTHER_OF,1,FR-d66c33ae89c2c31a
HP-00044444,HP-00044442,MOTHER_OF,1,FR-81a0aee4dc6e1a7f
HP-00044447,HP-00044445,MOTHER_OF,1,FR-ef66427200c2312b
HP-00044454,HP-00044452,MOTHER_OF,1,FR-c3c2f0f05f6e18e1
HP-00044458,HP-00044456,MOTHER_OF,1,FR-5efe6385e520b21f
HP-00044461,HP-00044459,MOTHER_OF,1,FR-295a0d676d66121c
HP-00044464,HP-00044462,MOTHER_OF,1,FR-830ae6a253dbbb3f
HP-00044464,HP-00044465,MOTHER_OF,1,FR-da5575c3c290d770
HP-00044470,HP-00044468,MOTHER_OF,1,FR-d3289ca6e0db9877
HP-00044474,HP-00044472,MOTHER_OF,1,FR-9635be9338c8f5fa
HP-00044477,HP-00044475,MOTHER_OF,1,FR-1f93785fdfa6ae69
HP-00044480,HP-00044478,MOTHER_OF,1,FR-bc685db5507abb9d
HP-00044483,HP-00044481,MOTHER_OF,1,FR-242e68ae39fdad90
HP-00044486,HP-00044484,MOTHER_OF,1,FR-2f791487ec357986
HP-00044489,HP-00044487,MOTHER_OF,1,FR-286d7910abf3c45c
HP-00044492,HP-00044490,MOTHER_OF,1,FR-4388ff8d67e903a0
HP-00044495,HP-00044493,MOTHER_OF,1,FR-8cd0dfea5ad60dce
HP-00044498,HP-00044496,MOTHER_OF,1,FR-0d1b1ff9b0f53851
HP-00044503,HP-00044502,MOTHER_OF,1,FR-8218d2d1db2fdb49
HP-00044506,HP-00044504,MOTHER_OF,1,FR-689db8575751fc79
HP-00044509,HP-00044507,MOTHER_OF,1,FR-a1019003f9e791ae
HP-00044512,HP-00044510,MOTHER_OF,1,FR-e8dbf463428c277d
HP-00044515,HP-00044513,MOTHER_OF,1,FR-6a745713cd4a8da4
HP-00044518,HP-00044516,MOTHER_OF,1,FR-5328b2c8fea9e0e3
HP-00044521,HP-00044519,MOTHER_OF,1,FR-922f51a41ae4ea5b
HP-00044524,HP-00044522,MOTHER_OF,1,FR-96f74009398b87d4
HP-00044527,HP-00044525,MOTHER_OF,1,FR-d86a2b909bb0a95a
HP-00044530,HP-00044528,MOTHER_OF,1,FR-3468b2e2eed69b40
HP-00044540,HP-00044538,MOTHER_OF,1,FR-499e49a591c4d6d2
HP-00044543,HP-00044541,MOTHER_OF,1,FR-500b93fff25d0fd6
HP-00044548,HP-00044546,MOTHER_OF,1,FR-ea65ad37f232ce78
HP-00044551,HP-00044549,MOTHER_OF,1,FR-d165fb180f369499
HP-00044554,HP-00044552,MOTHER_OF,1,FR-3f62cb6af72a3afd
HP-00044558,HP-00044556,MOTHER_OF,1,FR-a85d606ee1ce423e
HP-00044562,HP-00044560,MOTHER_OF,1,FR-155de699c71c418b
HP-00044569,HP-00044567,MOTHER_OF,1,FR-bbb10bdf1767f424
HP-00044571,HP-00044570,MOTHER_OF,1,FR-0ecb7325a3fb5b7d
HP-00044574,HP-00044572,MOTHER_OF,1,FR-9bd52811961b394c
HP-00044594,HP-00044592,MOTHER_OF,1,FR-ceef27a3073086e8
HP-00044598,HP-00044596,MOTHER_OF,1,FR-8560aa3f32bc50e6
HP-00044601,HP-00044599,MOTHER_OF,1,FR-4a8673e1a29a1f24
HP-00044604,HP-00044602,MOTHER_OF,1,FR-54befd42c3753a69
HP-00044607,HP-00044605,MOTHER_OF,1,FR-972efc86f72ca888
HP-00044609,HP-00044608,MOTHER_OF,1,FR-0549e606173fb90c
HP-00044621,HP-00044619,MOTHER_OF,1,FR-21871cd12cbccd19
HP-00044625,HP-00013952,MOTHER_OF,1,FR-d5f9b41dc49e3731
HP-00044629,HP-00044627,MOTHER_OF,1,FR-914c4a73a12580f7
HP-00044632,HP-00044631,MOTHER_OF,1,FR-4d7fed1f17b2c7fe
HP-00044635,HP-00044633,MOTHER_OF,1,FR-4096b8ce16361541
HP-00044638,HP-00044636,MOTHER_OF,1,FR-4c84d40fef0abc12
HP-00044640,HP-00044639,MOTHER_OF,1,FR-48415549cf2e4d22
HP-00044651,HP-00044649,MOTHER_OF,1,FR-1a43bfca822ed5dd
HP-00044659,HP-00044657,MOTHER_OF,1,FR-bfc99fcf20e97f33
HP-00044662,HP-00044660,MOTHER_OF,1,FR-cc1c9b20c009c92c
HP-00044673,HP-00044671,MOTHER_OF,1,FR-a12888af52c8c7c8
HP-00044679,HP-00044677,MOTHER_OF,1,FR-504ceacf7d952e6f
HP-00044686,HP-00044684,MOTHER_OF,1,FR-4bed0f6cd320119d
HP-00044696,HP-00044694,MOTHER_OF,1,FR-ecd5393b5bedffbb
HP-00044700,HP-00044698,MOTHER_OF,1,FR-dd922aa133b96786
HP-00044712,HP-00044710,MOTHER_OF,1,FR-2748196240a3e452
HP-00044723,HP-00044721,MOTHER_OF,1,FR-75693db802da0b77
HP-00044733,HP-00044731,MOTHER_OF,1,FR-4879a9f93beaffef
HP-00044745,HP-00044743,MOTHER_OF,1,FR-9e7745995660164b
HP-00044748,HP-00044746,MOTHER_OF,1,FR-54174fc0563baedb
HP-00044758,HP-00014627,MOTHER_OF,1,FR-52a8dab32e281c3a
HP-00044762,HP-00044760,MOTHER_OF,1,FR-3edefb954b007f15
HP-00044765,HP-00044763,MOTHER_OF,1,FR-0bb5c47b45104add
HP-00044768,HP-00044766,MOTHER_OF,1,FR-773d26f907b50a3c
HP-00044771,HP-00044769,MOTHER_OF,1,FR-a79c470002fba7b9
HP-00044775,HP-00044773,MOTHER_OF,1,FR-21bda8ed54374360
HP-00044779,HP-00044777,MOTHER_OF,1,FR-74c8b480ade4b9b7
HP-00044783,HP-00044781,MOTHER_OF,1,FR-436a6a3adcfd4567
HP-00044791,HP-00044789,MOTHER_OF,1,FR-4ec84dc642595c4a
HP-00044798,HP-00044796,MOTHER_OF,1,FR-2dff8e3f46f2670b
HP-00044802,HP-00044800,MOTHER_OF,1,FR-6c98435b7bf5bf0a
HP-00044813,HP-00044811,MOTHER_OF,1,FR-f0171ed1c183119a
HP-00044833,HP-00044831,MOTHER_OF,1,FR-e04a273d3f25e514
HP-00044837,HP-00044835,MOTHER_OF,1,FR-75765a7d6f091eb5
HP-00044847,HP-00015290,MOTHER_OF,1,FR-48c98d516f532e2f
HP-00044855,HP-00044853,MOTHER_OF,1,FR-c357601e5aa3f2d1
HP-00044858,HP-00044856,MOTHER_OF,1,FR-becfbba5afb569b5
HP-00044862,HP-00044860,MOTHER_OF,1,FR-5d1e6e4bdbc73032
HP-00044870,HP-00044868,MOTHER_OF,1,FR-7d68fba82a2d8eac
HP-00044873,HP-00044871,MOTHER_OF,1,FR-f051d7272b98d3dd
HP-00044876,HP-00044874,MOTHER_OF,1,FR-30769c5355589dcf
HP-00044879,HP-00044877,MOTHER_OF,1,FR-6673e25a9fb383a5
HP-00044882,HP-00012910,MOTHER_OF,1,FR-2ce39dc65760e6b6
HP-00044885,HP-00044884,MOTHER_OF,1,FR-8fd7761a3cf27a67
HP-00044896,HP-00044894,MOTHER_OF,1,FR-c632d8094a201e6d
HP-00044899,HP-00044898,MOTHER_OF,1,FR-48ba331a4c099adc
HP-00044905,HP-00044903,MOTHER_OF,1,FR-1ac71ed53647a241
HP-00044908,HP-00044906,MOTHER_OF,1,FR-aadca7982eb8d28f
HP-00044912,HP-00044910,MOTHER_OF,1,FR-4b9a99f9351966c3
HP-00044922,HP-00044920,MOTHER_OF,1,FR-4340d92a7c576387
HP-00044925,HP-00044923,MOTHER_OF,1,FR-1288243529cc78c9
HP-00044932,HP-00015065,MOTHER_OF,1,FR-b019ed8a930ec68e
HP-00044943,HP-00044941,MOTHER_OF,1,FR-22cd79cabea9c17f
HP-00044946,HP-00044944,MOTHER_OF,1,FR-3c08d358cca08ca1
HP-00044950,HP-00044948,MOTHER_OF,1,FR-4ce4514c802a8756
HP-00044954,HP-00044952,MOTHER_OF,1,FR-93b62658a89819b7
HP-00044963,HP-00044961,MOTHER_OF,1,FR-36ccdfca602efe0a
HP-00044967,HP-00044965,MOTHER_OF,1,FR-51c91bbae3359320
HP-00044970,HP-00044968,MOTHER_OF,1,FR-34969d5b9d1fdcdf
HP-00044973,HP-00044971,MOTHER_OF,1,FR-5d5d536e65e65b03
HP-00044998,HP-00044996,MOTHER_OF,1,FR-27f7a55bbe74b969
HP-00045001,HP-00045000,MOTHER_OF,1,FR-23abb551d3736693
HP-00045011,HP-00045009,MOTHER_OF,1,FR-6024788d5d696538
HP-00045018,HP-00045016,MOTHER_OF,1,FR-6f3680ae8724c474
HP-00045021,HP-00045019,MOTHER_OF,1,FR-618a7bf436189d42
HP-00045029,HP-00045027,MOTHER_OF,1,FR-de4b333bd807eba1
HP-00045032,HP-00045030,MOTHER_OF,1,FR-2529b48aae47b1b7
HP-00045035,HP-00045033,MOTHER_OF,1,FR-c3397d36a7876557
HP-00045050,HP-00045048,MOTHER_OF,1,FR-52535776bf05e1de
HP-00045054,HP-00045052,MOTHER_OF,1,FR-f48c77ba394f3ecb
HP-00045058,HP-00045056,MOTHER_OF,1,FR-38148526cb14ec9e
HP-00045061,HP-00045059,MOTHER_OF,1,FR-aa128aa3004924ed
HP-00045075,HP-00045073,MOTHER_OF,1,FR-07ebfba96d9e7ff6
HP-00045078,HP-00045076,MOTHER_OF,1,FR-326b5563ee0c2e70
HP-00045081,HP-00045079,MOTHER_OF,1,FR-1513ffbb314f0e66
HP-00045085,HP-00045083,MOTHER_OF,1,FR-1727c965f78518ad
HP-00045089,HP-00045087,MOTHER_OF,1,FR-77d974bc18c754b5
HP-00045093,HP-00045091,MOTHER_OF,1,FR-601ee7a675357885
HP-00045096,HP-00045094,MOTHER_OF,1,FR-3acea0048b3ca845
HP-00045099,HP-00045097,MOTHER_OF,1,FR-6f02ac6bb7ed0dc1
HP-00045106,HP-00045104,MOTHER_OF,1,FR-f685c50b60a6073e
HP-00045109,HP-00045107,MOTHER_OF,1,FR-080efa991f69f662
HP-00045113,HP-00045111,MOTHER_OF,1,FR-360f10bcf24c1ae7
HP-00045116,HP-00045114,MOTHER_OF,1,FR-f9cc4192870f3394
HP-00045119,HP-00045117,MOTHER_OF,1,FR-6f7c527184244ce5
HP-00045124,HP-00045122,MOTHER_OF,1,FR-5c8027f9dbb1be33
HP-00045130,HP-00022772,MOTHER_OF,1,FR-19f47e467e16f2ff
HP-00045134,HP-00045132,MOTHER_OF,1,FR-7ff36e080f94eaa2
HP-00045140,HP-00045138,MOTHER_OF,1,FR-125fa5e7d2c559df
HP-00045146,HP-00045144,MOTHER_OF,1,FR-dc04cffb8c323213
HP-00045149,HP-00045147,MOTHER_OF,1,FR-80044f1b2163d406
HP-00040338,HP-00045150,MOTHER_OF,1,FR-246c3f537c5f9512
HP-00045155,HP-00045153,MOTHER_OF,1,FR-e16991069ffa388e
HP-00045174,HP-00045172,MOTHER_OF,1,FR-12343db71eec7532
HP-00045182,HP-00012710,MOTHER_OF,1,FR-529c48292a462ef1
HP-00045186,HP-00045184,MOTHER_OF,1,FR-257816881e7dd7fd
HP-00045189,HP-00045187,MOTHER_OF,1,FR-76fe19878255f119
HP-00045192,HP-00045190,MOTHER_OF,1,FR-7564a2de07fbc7c4
HP-00045195,HP-00045193,MOTHER_OF,1,FR-6d44484158d8eb02
HP-00045199,HP-00045197,MOTHER_OF,1,FR-d22cc6bb736f5b5b
HP-00045202,HP-00045200,MOTHER_OF,1,FR-739b6cada9fabb79
HP-00045205,HP-00045203,MOTHER_OF,1,FR-d213b37f5eda65ad
HP-00045209,HP-00045207,MOTHER_OF,1,FR-cc0cfa759bcdb703
HP-00045212,HP-00045210,MOTHER_OF,1,FR-68a315fb6a292271
HP-00045215,HP-00045213,MOTHER_OF,1,FR-4780595d0b58218e
HP-00045218,HP-00045216,MOTHER_OF,1,FR-b3509871aafa77b8
HP-00045221,HP-00045219,MOTHER_OF,1,FR-66af745a360066c4
HP-00045224,HP-00045222,MOTHER_OF,1,FR-b7896975f80ee671
HP-00045227,HP-00045225,MOTHER_OF,1,FR-ec1ffecc0c273951
HP-00045230,HP-00045228,MOTHER_OF,1,FR-82f5c140dc00d254
HP-00045236,HP-00045234,MOTHER_OF,1,FR-576507a530097a7c
HP-00045239,HP-00045237,MOTHER_OF,1,FR-d3b6389c820cd005
HP-00045248,HP-00045246,MOTHER_OF,1,FR-44da4ce82eac056c
HP-00045251,HP-00045249,MOTHER_OF,1,FR-782d45d20417e8a3
HP-00045255,HP-00045253,MOTHER_OF,1,FR-11be39138876aeaf
HP-00045258,HP-00045256,MOTHER_OF,1,FR-2971765d298a7c0d
HP-00045268,HP-00045266,MOTHER_OF,1,FR-927639891ea0402d
HP-00045271,HP-00045269,MOTHER_OF,1,FR-83f55979fd1b4ea8
HP-00045277,HP-00045275,MOTHER_OF,1,FR-aefc57f4afe29c0f
HP-00045280,HP-00045278,MOTHER_OF,1,FR-4e171b512c6f86a3
HP-00045287,HP-00045285,MOTHER_OF,1,FR-fa1fef00b8ba0c61
HP-00045290,HP-00045288,MOTHER_OF,1,FR-037c9e1bfbad5b9a
HP-00045294,HP-00045292,MOTHER_OF,1,FR-7e57e5597f5312da
HP-00045297,HP-00045295,MOTHER_OF,1,FR-13e3289c55ee7ce7
HP-00045302,HP-00045300,MOTHER_OF,1,FR-63a473b2cae3c8c1
HP-00045305,HP-00045303,MOTHER_OF,1,FR-89869d4b01fe5d11
HP-00045308,HP-00045306,MOTHER_OF,1,FR-6c674196c0b7d977
HP-00045311,HP-00045309,MOTHER_OF,1,FR-75ac2df4a1a82af4
HP-00045315,HP-00045313,MOTHER_OF,1,FR-075056336db6a5d2
HP-00045318,HP-00045316,MOTHER_OF,1,FR-b1ec967899d0fd19
HP-00045349,HP-00045347,MOTHER_OF,1,FR-0b6e429f8857fa50
HP-00045352,HP-00045350,MOTHER_OF,1,FR-d117475f073b77ca
HP-00045363,HP-00045361,MOTHER_OF,1,FR-5766ad3c13d44da1
HP-00045366,HP-00024837,MOTHER_OF,1,FR-12ef328ff5a92318
HP-00045374,HP-00045372,MOTHER_OF,1,FR-daa4b044dba19864
HP-00045381,HP-00045379,MOTHER_OF,1,FR-e0f8fd35b0b177e2
HP-00045393,HP-00045391,MOTHER_OF,1,FR-f0032a2ebc944d4a
HP-00045396,HP-00045394,MOTHER_OF,1,FR-183b86e8948578aa
HP-00045399,HP-00045397,MOTHER_OF,1,FR-8c0f152cf43c97dd
HP-00045410,HP-00045408,MOTHER_OF,1,FR-8059fb6b80ba6791
HP-00045413,HP-00045411,MOTHER_OF,1,FR-090b63b612c7f119
HP-00045425,HP-00045423,MOTHER_OF,1,FR-49479c08f5245d38
HP-00045428,HP-00045426,MOTHER_OF,1,FR-7cf07bf0b8b3dc31
HP-00045431,HP-00045429,MOTHER_OF,1,FR-8c1a9fd37a5bf8be
HP-00045442,HP-00045440,MOTHER_OF,1,FR-f06b9b7aa9beff10
HP-00045445,HP-00045443,MOTHER_OF,1,FR-cf16b290233ba355
HP-00045456,HP-00045454,MOTHER_OF,1,FR-d3df73a979ff723c
HP-00045460,HP-00045458,MOTHER_OF,1,FR-57472692488b86c9
HP-00045463,HP-00045461,MOTHER_OF,1,FR-821891454ca7d297
HP-00045466,HP-00045464,MOTHER_OF,1,FR-04470103f74119f6
HP-00045477,HP-00045475,MOTHER_OF,1,FR-99de115971af8493
HP-00045480,HP-00045478,MOTHER_OF,1,FR-1a9a559e6e20300c
HP-00045484,HP-00045482,MOTHER_OF,1,FR-4687d47440386bcf
HP-00045487,HP-00045485,MOTHER_OF,1,FR-ea3202900aa40028
HP-00045490,HP-00045488,MOTHER_OF,1,FR-603f1afd8b9c0d6a
HP-00045493,HP-00045491,MOTHER_OF,1,FR-e010de3e63681231
HP-00045504,HP-00045502,MOTHER_OF,1,FR-b492a7ef805a94ff
HP-00045512,HP-00045510,MOTHER_OF,1,FR-85df49bab29c9c04
HP-00045531,HP-00045529,MOTHER_OF,1,FR-68c2339ade21bc64
HP-00045534,HP-00045532,MOTHER_OF,1,FR-87f0ad5d2a622124
HP-00045541,HP-00045539,MOTHER_OF,1,FR-e06199a10ed50790
HP-00045544,HP-00045542,MOTHER_OF,1,FR-f5e124464ee39b92
HP-00045547,HP-00045545,MOTHER_OF,1,FR-89767c7505d7a963
HP-00045550,HP-00045548,MOTHER_OF,1,FR-9a7f4ee1198c3aee
HP-00045557,HP-00045555,MOTHER_OF,1,FR-b0e89376654f61db
HP-00045559,HP-00045558,MOTHER_OF,1,FR-bd40b6f57159a1f1
HP-00045562,HP-00045560,MOTHER_OF,1,FR-c5809d4550b6c8c0
HP-00045566,HP-00045564,MOTHER_OF,1,FR-d87ce733719fcb67
HP-00045484,HP-00045567,MOTHER_OF,1,FR-57e2799a04bc4029
HP-00045576,HP-00045574,MOTHER_OF,1,FR-5d1194ea2387c716
HP-00045579,HP-00045577,MOTHER_OF,1,FR-d1f0d6456f700061
HP-00045582,HP-00045580,MOTHER_OF,1,FR-0900ea10e7120585
HP-00045585,HP-00045584,MOTHER_OF,1,FR-1a9333f06781c708
HP-00045588,HP-00045586,MOTHER_OF,1,FR-2ebc0bed1bdfcb5c
HP-00045591,HP-00045589,MOTHER_OF,1,FR-da094023db548c99
HP-00045594,HP-00045592,MOTHER_OF,1,FR-785d566123752e0f
HP-00045602,HP-00045600,MOTHER_OF,1,FR-0414f2d10b7ece88
HP-00045613,HP-00045611,MOTHER_OF,1,FR-12ee03afa52223f8
HP-00045617,HP-00045615,MOTHER_OF,1,FR-7db440c3dd2def64
HP-00045624,HP-00045622,MOTHER_OF,1,FR-52013776c381abc0
HP-00045631,HP-00045629,MOTHER_OF,1,FR-ccf64df5c3953ee5
HP-00045638,HP-00045636,MOTHER_OF,1,FR-510495bef28469ae
HP-00045641,HP-00045639,MOTHER_OF,1,FR-1a83cfa5f3f7ddbb
HP-00045648,HP-00045646,MOTHER_OF,1,FR-95ac11c9c3a226c4
HP-00045654,HP-00045652,MOTHER_OF,1,FR-8ac6afb63042ebd4
HP-00045657,HP-00045655,MOTHER_OF,1,FR-eb6e60038079d6f0
HP-00045661,HP-00045659,MOTHER_OF,1,FR-415da0ee9d32a9b0
HP-00045664,HP-00045662,MOTHER_OF,1,FR-5e608acf3f3adf60
HP-00045672,HP-00045670,MOTHER_OF,1,FR-e2f01fbf6b1dd9ee
HP-00045675,HP-00045673,MOTHER_OF,1,FR-deed807d49bec992
HP-00045678,HP-00045676,MOTHER_OF,1,FR-e0d5e624d3d789c3
HP-00045681,HP-00045679,MOTHER_OF,1,FR-03bcb229f06e8111
HP-00045685,HP-00022828,MOTHER_OF,1,FR-c1132e966628b50c
HP-00045693,HP-00045691,MOTHER_OF,1,FR-94aaa3531440bb7b
HP-00045695,HP-00045694,MOTHER_OF,1,FR-85cf0e62862f39b8
HP-00045698,HP-00045696,MOTHER_OF,1,FR-7b6869ec5200e321
HP-00045701,HP-00045699,MOTHER_OF,1,FR-e9a18496e744bd64
HP-00045704,HP-00045702,MOTHER_OF,1,FR-044d8e3d585094ca
HP-00045707,HP-00045705,MOTHER_OF,1,FR-57207324dcac3cf8
HP-00045710,HP-00045708,MOTHER_OF,1,FR-6bb619efc5a7f394
HP-00045713,HP-00045711,MOTHER_OF,1,FR-8f19846d71ffe72d
HP-00045716,HP-00045714,MOTHER_OF,1,FR-bdb57071c581d155
HP-00045719,HP-00045717,MOTHER_OF,1,FR-06a63acb7a8cb601
HP-00045721,HP-00045720,MOTHER_OF,1,FR-3c1214b70f4fef52
HP-00045727,HP-00045725,MOTHER_OF,1,FR-9e527c5d07bd95dc
HP-00045730,HP-00045728,MOTHER_OF,1,FR-41f585579cd4bf60
HP-00045733,HP-00045731,MOTHER_OF,1,FR-1d7bb7c8baa39991
HP-00045736,HP-00045734,MOTHER_OF,1,FR-19b59fa1abcdb896
HP-00045739,HP-00045737,MOTHER_OF,1,FR-b11677364027bae7
HP-00045750,HP-00045748,MOTHER_OF,1,FR-28f67ecbccbd06ec
HP-00045752,HP-00045751,MOTHER_OF,1,FR-9bd2d2d0f1840ece
HP-00045755,HP-00045753,MOTHER_OF,1,FR-03b2c2d61bb3048a
HP-00045758,HP-00045756,MOTHER_OF,1,FR-197ce426ac025f48
HP-00045761,HP-00045759,MOTHER_OF,1,FR-bcf237a488b9c374
HP-00045764,HP-00045762,MOTHER_OF,1,FR-b9265ee309f48c01
HP-00045767,HP-00013400,MOTHER_OF,1,FR-918723d4ac9c4647
HP-00045775,HP-00045773,MOTHER_OF,1,FR-d68a77b2a5cb7587
HP-00045778,HP-00045776,MOTHER_OF,1,FR-e51d13746ebe6f6e
HP-00045781,HP-00045779,MOTHER_OF,1,FR-392af75e8f69249a
HP-00045784,HP-00045782,MOTHER_OF,1,FR-01487c9feae1d1ac
HP-00045787,HP-00045785,MOTHER_OF,1,FR-d4ec19be1ceeb245
HP-00045790,HP-00045788,MOTHER_OF,1,FR-d0e68eb91aeaab06
HP-00045793,HP-00045791,MOTHER_OF,1,FR-4db57e923710f7ea
HP-00045797,HP-00045795,MOTHER_OF,1,FR-bf29f78a6303b495
HP-00045800,HP-00021191,MOTHER_OF,1,FR-3019ef87d126f3a5
HP-00045804,HP-00045802,MOTHER_OF,1,FR-3a7cd3d39fe01f1b
HP-00045807,HP-00045805,MOTHER_OF,1,FR-2b2cf1761a138ad7
HP-00045810,HP-00045808,MOTHER_OF,1,FR-3379e70a32446f40
HP-00045816,HP-00045814,MOTHER_OF,1,FR-aa764f2fc72e09f8
HP-00045819,HP-00045817,MOTHER_OF,1,FR-68349020a6e3a49a
HP-00045822,HP-00045820,MOTHER_OF,1,FR-21f7a119d3bcf77b
HP-00045825,HP-00045823,MOTHER_OF,1,FR-fd1c5f9ccd9986fb
HP-00045828,HP-00045826,MOTHER_OF,1,FR-fd40afb7e2cd14e6
HP-00045831,HP-00045829,MOTHER_OF,1,FR-b7808aeedb3bdfdb
HP-00045840,HP-00045838,MOTHER_OF,1,FR-b11539c316734bb1
HP-00045843,HP-00045841,MOTHER_OF,1,FR-99801777dae53827
HP-00045846,HP-00045844,MOTHER_OF,1,FR-5d74e32f82a56251
HP-00045849,HP-00045847,MOTHER_OF,1,FR-49627cc1cbd02477
HP-00045852,HP-00045850,MOTHER_OF,1,FR-9f89534f909fb79a
HP-00045855,HP-00045853,MOTHER_OF,1,FR-4c2f0e773adf9d4f
HP-00045858,HP-00045856,MOTHER_OF,1,FR-4800abebb27c6985
HP-00045861,HP-00045859,MOTHER_OF,1,FR-fb9b5b0ddbfdab7b
HP-00045864,HP-00045862,MOTHER_OF,1,FR-a7f4d67657f9b7c1
HP-00045867,HP-00045865,MOTHER_OF,1,FR-0e705faf4f27ef04
HP-00045870,HP-00045868,MOTHER_OF,1,FR-b2903218b02c5c97
HP-00045879,HP-00045877,MOTHER_OF,1,FR-bbeb0ce752063459
HP-00045882,HP-00045880,MOTHER_OF,1,FR-bc8fdf8cb41d3bd7
HP-00045885,HP-00045883,MOTHER_OF,1,FR-fb542b76e64c1962
HP-00045888,HP-00045886,MOTHER_OF,1,FR-260afcc08335103b
HP-00045891,HP-00045889,MOTHER_OF,1,FR-a01de9a0bfc1ec9d
HP-00045897,HP-00045895,MOTHER_OF,1,FR-983c097e77f66e2f
HP-00045900,HP-00045898,MOTHER_OF,1,FR-6744f957d32c7c5b
HP-00045903,HP-00045901,MOTHER_OF,1,FR-5ed9857f7cd5ede1
HP-00045910,HP-00045908,MOTHER_OF,1,FR-bba9f49a8faa49cc
HP-00045913,HP-00045911,MOTHER_OF,1,FR-2d10c4c1b08a7498
HP-00045924,HP-00045922,MOTHER_OF,1,FR-2e15489f32e831d5
HP-00045931,HP-00045929,MOTHER_OF,1,FR-086cb6d07124e77e
HP-00045934,HP-00045932,MOTHER_OF,1,FR-431aa973808e41d7
HP-00045937,HP-00045935,MOTHER_OF,1,FR-9561ac964e24c7b2
HP-00045940,HP-00045938,MOTHER_OF,1,FR-6f6f0f87fda22b17
HP-00045948,HP-00045946,MOTHER_OF,1,FR-122dd388d7ae257f
HP-00045959,HP-00045291,MOTHER_OF,1,FR-4c8e6ec03df3c8d7
HP-00045963,HP-00045961,MOTHER_OF,1,FR-d27d05d5122546a8
HP-00045966,HP-00045964,MOTHER_OF,1,FR-45fd348a11cb0e2f
HP-00045973,HP-00045971,MOTHER_OF,1,FR-83f9e82d45f790d7
HP-00045976,HP-00045974,MOTHER_OF,1,FR-a60714159d20bbbd
HP-00045979,HP-00045977,MOTHER_OF,1,FR-c9b8b1cacc1a3226
HP-00045982,HP-00045980,MOTHER_OF,1,FR-5d0217ad28c740a6
HP-00046000,HP-00045998,MOTHER_OF,1,FR-ee3e3048cade8d12
HP-00046003,HP-00046001,MOTHER_OF,1,FR-46657fd95a2ed4e4
HP-00046014,HP-00046012,MOTHER_OF,1,FR-8e20043059f1a817
HP-00046018,HP-00046016,MOTHER_OF,1,FR-78e7e15f4b7ffed7
HP-00046021,HP-00046019,MOTHER_OF,1,FR-ab3f2d63238fc764
HP-00046026,HP-00046024,MOTHER_OF,1,FR-592bbd49c0721e7b
HP-00046030,HP-00046028,MOTHER_OF,1,FR-81caf2e1a4ab01d1
HP-00046033,HP-00046031,MOTHER_OF,1,FR-96ba0940ff71f42b
HP-00046036,HP-00046034,MOTHER_OF,1,FR-56fa19a66fe16c48
HP-00046039,HP-00046037,MOTHER_OF,1,FR-3c8e64814465ecc0
HP-00046042,HP-00046040,MOTHER_OF,1,FR-d53d952c0f920db5
HP-00046050,HP-00046048,MOTHER_OF,1,FR-6db174cf6af2cade
HP-00046061,HP-00046059,MOTHER_OF,1,FR-ed8c786cec5fcfed
HP-00046064,HP-00046062,MOTHER_OF,1,FR-7989f50fd28dc933
HP-00046067,HP-00046065,MOTHER_OF,1,FR-fd437ad5a286108e
HP-00046070,HP-00046068,MOTHER_OF,1,FR-22c16ce9c7c74cde
HP-00046078,HP-00046080,MOTHER_OF,1,FR-688686e20a5f6c9c
HP-00046085,HP-00046083,MOTHER_OF,1,FR-77caf4fe8fec6627
HP-00046088,HP-00046086,MOTHER_OF,1,FR-039d53e6eed939e3
HP-00046095,HP-00046093,MOTHER_OF,1,FR-92d85d026d70f0ae
HP-00046099,HP-00046097,MOTHER_OF,1,FR-b6d49aa5904ebe7d
HP-00046110,HP-00046108,MOTHER_OF,1,FR-244c658b7d1ce715
HP-00046130,HP-00046128,MOTHER_OF,1,FR-565dac398ef7e498
HP-00046146,HP-00046144,MOTHER_OF,1,FR-3dbb4649032d271a
HP-00046161,HP-00046159,MOTHER_OF,1,FR-bcf01cf21d5df3cf
HP-00046164,HP-00046162,MOTHER_OF,1,FR-e2cb48dfaf41b066
HP-00046167,HP-00046165,MOTHER_OF,1,FR-64371f5440e19c1a
HP-00046187,HP-00046185,MOTHER_OF,1,FR-a819bc6b96e137d0
HP-00046191,HP-00046189,MOTHER_OF,1,FR-0d817a5381f3e7e0
HP-00046202,HP-00046200,MOTHER_OF,1,FR-31a7208ebed58804
HP-00046206,HP-00046204,MOTHER_OF,1,FR-9fa019917bf7f2f0
HP-00046217,HP-00046215,MOTHER_OF,1,FR-7c52297aa46d4f23
HP-00046224,HP-00046222,MOTHER_OF,1,FR-ffa226409417d3d3
HP-00046228,HP-00046226,MOTHER_OF,1,FR-516edf9f1a98ed2e
HP-00046231,HP-00046229,MOTHER_OF,1,FR-fb422efd13facf5b
HP-00046234,HP-00046232,MOTHER_OF,1,FR-28efac8814b303cd
HP-00046238,HP-00046236,MOTHER_OF,1,FR-43d2859842d39f6a
HP-00046241,HP-00046239,MOTHER_OF,1,FR-33bde0057e85fede
HP-00046244,HP-00046242,MOTHER_OF,1,FR-abf806accb51178a
HP-00046247,HP-00046245,MOTHER_OF,1,FR-35de634c894271ec
HP-00046250,HP-00046248,MOTHER_OF,1,FR-4e668705b02dfcd8
HP-00046254,HP-00046252,MOTHER_OF,1,FR-83c45a90c037edfd
HP-00046262,HP-00046260,MOTHER_OF,1,FR-d852731ef366ad45
HP-00046291,HP-00046289,MOTHER_OF,1,FR-5983df250972a1b5
HP-00046294,HP-00046292,MOTHER_OF,1,FR-69e35cc4cc274860
HP-00046297,HP-00046295,MOTHER_OF,1,FR-1e950e1159b7975d
HP-00046300,HP-00046298,MOTHER_OF,1,FR-ac7fbf6b6c635436
HP-00046303,HP-00046301,MOTHER_OF,1,FR-f80e132ed3d0e4c6
HP-00046306,HP-00046304,MOTHER_OF,1,FR-4508acabc882c65f
HP-00046309,HP-00046307,MOTHER_OF,1,FR-29c244a63ccfde2e
HP-00046316,HP-00046314,MOTHER_OF,1,FR-e1fa88ed761e3c3c
HP-00046323,HP-00046321,MOTHER_OF,1,FR-c57e520325e5faa2
HP-00046326,HP-00046324,MOTHER_OF,1,FR-121de4cb830704af
HP-00046330,HP-00046328,MOTHER_OF,1,FR-7f6a8964e830f8f1
HP-00046333,HP-00046331,MOTHER_OF,1,FR-44ffb2b459cffe25
HP-00046341,HP-00046339,MOTHER_OF,1,FR-92ba40ff4bf5b35c
HP-00046344,HP-00046342,MOTHER_OF,1,FR-0b3bf84c9b7917c4
HP-00046347,HP-00046345,MOTHER_OF,1,FR-4c654d411e64389d
HP-00046355,HP-00046353,MOTHER_OF,1,FR-cfea000a80431f9e
HP-00046358,HP-00046356,MOTHER_OF,1,FR-64f9a1d0daedc523
HP-00046363,HP-00046361,MOTHER_OF,1,FR-629ff312d958aa5b
HP-00046367,HP-00046365,MOTHER_OF,1,FR-84452d02680ac1fe
HP-00046371,HP-00046369,MOTHER_OF,1,FR-eaf5ddc2f6557810
HP-00046375,HP-00024354,MOTHER_OF,1,FR-9e9ba9bf93f2bf8f
HP-00046391,HP-00046389,MOTHER_OF,1,FR-03acfbe218ac6a6c
HP-00046394,HP-00015707,MOTHER_OF,1,FR-7a7983704e31a0c0
HP-00046402,HP-00046400,MOTHER_OF,1,FR-70446e9e31f72b8b
HP-00046405,HP-00046403,MOTHER_OF,1,FR-5796929f3f73574b
HP-00046428,HP-00046426,MOTHER_OF,1,FR-c4649c8a9cb2315a
HP-00046431,HP-00046429,MOTHER_OF,1,FR-e672383ff25b8d75
HP-00046434,HP-00046432,MOTHER_OF,1,FR-3e1be4742354b75e
HP-00046438,HP-00046436,MOTHER_OF,1,FR-12b57efa299c0478
HP-00046445,HP-00046443,MOTHER_OF,1,FR-2ca294c72b916387
HP-00046449,HP-00046447,MOTHER_OF,1,FR-5469e3457f0b66e9
HP-00046452,HP-00046450,MOTHER_OF,1,FR-31fea427966818c7
HP-00046459,HP-00046457,MOTHER_OF,1,FR-b714a054424fda1d
HP-00046463,HP-00046461,MOTHER_OF,1,FR-a1665ffc09db0727
HP-00046466,HP-00046464,MOTHER_OF,1,FR-c67383b07edf729c
HP-00046469,HP-00046467,MOTHER_OF,1,FR-9898a9c035c863f9
HP-00046476,HP-00046474,MOTHER_OF,1,FR-edb2f9bc4098101f
HP-00046496,HP-00046494,MOTHER_OF,1,FR-a082c7805bb3a265
HP-00046503,HP-00046500,MOTHER_OF,1,FR-8b29806fa9eae826
HP-00046514,HP-00046512,MOTHER_OF,1,FR-2c40c7eecdf7c91d
HP-00046521,HP-00046519,MOTHER_OF,1,FR-1549f95790f11840
HP-00046525,HP-00046523,MOTHER_OF,1,FR-ba223ed94fd5e711
HP-00046528,HP-00046526,MOTHER_OF,1,FR-2ec7e2ceb88132b1
HP-00046539,HP-00046537,MOTHER_OF,1,FR-af82efd7b55297a3
HP-00046545,HP-00046543,MOTHER_OF,1,FR-ab5b51b4f10a7252
HP-00046552,HP-00046550,MOTHER_OF,1,FR-64b7c70a933a5742
HP-00046556,HP-00046554,MOTHER_OF,1,FR-7752a6f846fcc827
HP-00046559,HP-00046557,MOTHER_OF,1,FR-39648561ff685ddb
HP-00046570,HP-00046568,MOTHER_OF,1,FR-b79fba176be5bca8
HP-00046573,HP-00046571,MOTHER_OF,1,FR-8b779ff440903215
HP-00046576,HP-00046574,MOTHER_OF,1,FR-12ff22dd551972fa
HP-00046582,HP-00046580,MOTHER_OF,1,FR-014385f933f53ac8
HP-00046593,HP-00046591,MOTHER_OF,1,FR-31e1ccea3042f911
HP-00046600,HP-00046598,MOTHER_OF,1,FR-af718491470ed93c
HP-00046603,HP-00046601,MOTHER_OF,1,FR-18a950d9fd329164
HP-00046606,HP-00046604,MOTHER_OF,1,FR-a46ef1680105663b
HP-00046609,HP-00046607,MOTHER_OF,1,FR-fe285d27006ad7cf
HP-00046612,HP-00046610,MOTHER_OF,1,FR-d814e5c858dee1f1
HP-00046615,HP-00046613,MOTHER_OF,1,FR-a33cca66cab27308
HP-00046618,HP-00046616,MOTHER_OF,1,FR-e38388b258cc0b10
HP-00046621,HP-00046619,MOTHER_OF,1,FR-6243ffd88e1d67b4
HP-00046624,HP-00046622,MOTHER_OF,1,FR-861e951321a1ed0f
HP-00046631,HP-00046629,MOTHER_OF,1,FR-0a9aed1e9abd0447
HP-00046638,HP-00046636,MOTHER_OF,1,FR-66304a5a5090cca6
HP-00046641,HP-00046639,MOTHER_OF,1,FR-ae1043ac16bf3064
HP-00046644,HP-00046642,MOTHER_OF,1,FR-26cad7a702f83815
HP-00046651,HP-00046649,MOTHER_OF,1,FR-e17b12189c0208ff
HP-00046654,HP-00046652,MOTHER_OF,1,FR-2ee5d1a57d842729
HP-00046665,HP-00046663,MOTHER_OF,1,FR-f295ce89b6f20e59
HP-00046668,HP-00046666,MOTHER_OF,1,FR-f60c58e0f34dfb26
HP-00046671,HP-00046669,MOTHER_OF,1,FR-d0ee56511e220a4b
HP-00046674,HP-00046672,MOTHER_OF,1,FR-f6770f91f3ea6362
HP-00046677,HP-00046675,MOTHER_OF,1,FR-0778c8f8639d9aa8
HP-00046680,HP-00046678,MOTHER_OF,1,FR-efeecf3770cd24d2
HP-00046683,HP-00046681,MOTHER_OF,1,FR-2424ab7eb6d6cf52
HP-00046690,HP-00046688,MOTHER_OF,1,FR-c63e2126ea14341b
HP-00046698,HP-00013128,MOTHER_OF,1,FR-a96d8726ad465a9c
HP-00046706,HP-00046704,MOTHER_OF,1,FR-ff0fa4486ba46e45
HP-00046709,HP-00046707,MOTHER_OF,1,FR-c857d5dbd6e716ac
HP-00046712,HP-00046710,MOTHER_OF,1,FR-c8bfad3e17a8d11c
HP-00046715,HP-00046713,MOTHER_OF,1,FR-04250436d15d249c
HP-00046718,HP-00046716,MOTHER_OF,1,FR-154439b78c39c018
HP-00046721,HP-00046719,MOTHER_OF,1,FR-8bac8ecdd0f97d36
HP-00046728,HP-00046726,MOTHER_OF,1,FR-9f9a4281c0703d9e
HP-00046731,HP-00046729,MOTHER_OF,1,FR-8a920811f5b36903
HP-00046735,HP-00046733,MOTHER_OF,1,FR-c61d048731120da3
HP-00046739,HP-00046737,MOTHER_OF,1,FR-e39149d8d7326e45
HP-00046742,HP-00046740,MOTHER_OF,1,FR-32ee699095fff241
HP-00046753,HP-00046751,MOTHER_OF,1,FR-835aa80e80a757c1
HP-00046756,HP-00046754,MOTHER_OF,1,FR-4bb1fbe64d79d09a
HP-00046759,HP-00046757,MOTHER_OF,1,FR-9c12c8b22b5ea1a6
HP-00046762,HP-00046760,MOTHER_OF,1,FR-856b7c8dcb6ca72d
HP-00046765,HP-00046763,MOTHER_OF,1,FR-3e34855452d52f2e
HP-00046768,HP-00046766,MOTHER_OF,1,FR-fa9437041f1be1fa
HP-00046778,HP-00046776,MOTHER_OF,1,FR-28752d063b0ff049
HP-00046781,HP-00046779,MOTHER_OF,1,FR-bcb53f57e48c2e42
HP-00046784,HP-00046782,MOTHER_OF,1,FR-e93aeb0b34b51d39
HP-00046787,HP-00046785,MOTHER_OF,1,FR-79fefaf3a66b02a5
HP-00046790,HP-00046788,MOTHER_OF,1,FR-6172d3b2fb8c0168
HP-00046796,HP-00046794,MOTHER_OF,1,FR-5ab979c7f364b542
HP-00046802,HP-00046800,MOTHER_OF,1,FR-14287b5b1e0c73df
HP-00046805,HP-00046803,MOTHER_OF,1,FR-5c9afff4292da68a
HP-00046808,HP-00046806,MOTHER_OF,1,FR-4b5a61d34e9bbdcc
HP-00046811,HP-00046809,MOTHER_OF,1,FR-1dab10ecd060fd86
HP-00046814,HP-00046812,MOTHER_OF,1,FR-72e0fbf670aeae37
HP-00046817,HP-00046815,MOTHER_OF,1,FR-b69891649fa7f33b
HP-00046820,HP-00046818,MOTHER_OF,1,FR-1bc62fa4c8112583
HP-00046823,HP-00046821,MOTHER_OF,1,FR-ac336b5ae5775624
HP-00046830,HP-00046828,MOTHER_OF,1,FR-d55cb06fd53ea712
HP-00046834,HP-00046832,MOTHER_OF,1,FR-1a92df3a70424d00
HP-00046837,HP-00046835,MOTHER_OF,1,FR-166f91a3040b1f12
HP-00046840,HP-00046838,MOTHER_OF,1,FR-7e90d668d46e77e8
HP-00046843,HP-00046841,MOTHER_OF,1,FR-a4a6ef55aa018903
HP-00046846,HP-00046844,MOTHER_OF,1,FR-82d6589751b14fa7
HP-00046849,HP-00046847,MOTHER_OF,1,FR-9751b6f3701a749b
HP-00046852,HP-00046850,MOTHER_OF,1,FR-162fe21b885d1dea
HP-00046855,HP-00046853,MOTHER_OF,1,FR-e5800118bd69db33
HP-00046858,HP-00046856,MOTHER_OF,1,FR-7267b50cb4002e6b
HP-00046861,HP-00046859,MOTHER_OF,1,FR-73b414c383943395
HP-00046867,HP-00046865,MOTHER_OF,1,FR-81b9e191ea2268df
HP-00046870,HP-00046868,MOTHER_OF,1,FR-5ce32c7bbbfeeb69
HP-00046873,HP-00046871,MOTHER_OF,1,FR-db0c220607eae898
HP-00046880,HP-00046878,MOTHER_OF,1,FR-40b23263bda72f71
HP-00046883,HP-00046881,MOTHER_OF,1,FR-98428b7647bf88a7
HP-00046886,HP-00046884,MOTHER_OF,1,FR-d8fdace743eb2867
HP-00046889,HP-00046887,MOTHER_OF,1,FR-f9796864d9da3c60
HP-00046893,HP-00046891,MOTHER_OF,1,FR-7fcf2b2ef164ccdb
HP-00046896,HP-00046894,MOTHER_OF,1,FR-20b238a324f91215
HP-00046899,HP-00046897,MOTHER_OF,1,FR-9837e989f69474d9
HP-00046902,HP-00046900,MOTHER_OF,1,FR-08dd2ed0d93c59c1
HP-00046905,HP-00046903,MOTHER_OF,1,FR-b1e398e91545788f
HP-00046908,HP-00046906,MOTHER_OF,1,FR-58da8b6520a39e11
HP-00046911,HP-00046909,MOTHER_OF,1,FR-c0ba859ab467a380
HP-00046914,HP-00046912,MOTHER_OF,1,FR-15aba150f91b2436
HP-00046917,HP-00046915,MOTHER_OF,1,FR-69aa0909e4965e26
HP-00046921,HP-00046919,MOTHER_OF,1,FR-755cf3bcb59aa9a9
HP-00046926,HP-00046924,MOTHER_OF,1,FR-444f62b1cb12bded
HP-00046929,HP-00046927,MOTHER_OF,1,FR-ea74363b12a78428
HP-00046948,HP-00046946,MOTHER_OF,1,FR-ab33989b46059628
HP-00046955,HP-00046953,MOTHER_OF,1,FR-e504813eeee84318
HP-00046958,HP-00046956,MOTHER_OF,1,FR-edb398b001f0d44e
HP-00046961,HP-00046959,MOTHER_OF,1,FR-50b5251efdede5d7
HP-00046964,HP-00046962,MOTHER_OF,1,FR-1b9a3abe23533aff
HP-00046967,HP-00046965,MOTHER_OF,1,FR-4034d3d44d31662e
HP-00046978,HP-00046976,MOTHER_OF,1,FR-e31c26da8a9f6e56
HP-00046981,HP-00046979,MOTHER_OF,1,FR-459653cb5fa336ab
HP-00046984,HP-00046982,MOTHER_OF,1,FR-dc0de10fc3d1f6d3
HP-00046987,HP-00046985,MOTHER_OF,1,FR-992f0090e1eaff4e
HP-00046990,HP-00046988,MOTHER_OF,1,FR-991e342678dcc6c5
HP-00046993,HP-00046991,MOTHER_OF,1,FR-bb45f22654891018
HP-00046996,HP-00046994,MOTHER_OF,1,FR-27e99dd30567ff86
HP-00046999,HP-00046997,MOTHER_OF,1,FR-90c58782ff3b0ac5
HP-00047002,HP-00047000,MOTHER_OF,1,FR-478b1b12ccb1ef2b
HP-00047008,HP-00047006,MOTHER_OF,1,FR-7f0323759865c1c5
HP-00047011,HP-00047009,MOTHER_OF,1,FR-74a84e660362d720
HP-00047014,HP-00047012,MOTHER_OF,1,FR-8aca91719631a23c
HP-00047017,HP-00047015,MOTHER_OF,1,FR-0e037c802c519318
HP-00047020,HP-00047018,MOTHER_OF,1,FR-ceb3a1e4739ca9fc
HP-00047023,HP-00047021,MOTHER_OF,1,FR-3d8e6c6505ae4000
HP-00047030,HP-00047028,MOTHER_OF,1,FR-085a1d98e035867a
HP-00047037,HP-00047035,MOTHER_OF,1,FR-994515c9b2f9e8f6
HP-00047040,HP-00047038,MOTHER_OF,1,FR-7cee697b4d1fd9e0
HP-00047046,HP-00047044,MOTHER_OF,1,FR-1aaf1aafd655efa7
HP-00047049,HP-00047047,MOTHER_OF,1,FR-54265a7abd3cadf2
HP-00047053,HP-00047051,MOTHER_OF,1,FR-b1dc8a98cc6467f3
HP-00047056,HP-00047054,MOTHER_OF,1,FR-19b2ed25a46db346
HP-00047059,HP-00047057,MOTHER_OF,1,FR-8dba5a0346062829
HP-00047062,HP-00047060,MOTHER_OF,1,FR-e5369409bf574abe
HP-00047066,HP-00047064,MOTHER_OF,1,FR-640c1b71cc8a98f1
HP-00047069,HP-00047067,MOTHER_OF,1,FR-be5680e7afd2d0ab
HP-00047072,HP-00047070,MOTHER_OF,1,FR-071a34f8462dbf5b
HP-00041678,HP-00041679,SPOUSE_OF,1,FR-3125b05a43b8ec93
HP-00041680,HP-00041681,SPOUSE_OF,1,FR-faf865eb5d15da5f
HP-00041684,HP-00041685,SPOUSE_OF,1,FR-8477ad943ff895f8
HP-00041688,HP-00041689,SPOUSE_OF,1,FR-14a9e02de287265c
HP-00041690,HP-00041691,SPOUSE_OF,1,FR-06f5148590c5a5f4
HP-00041692,HP-00041693,SPOUSE_OF,1,FR-e350035ca36cd811
HP-00041698,HP-00041699,SPOUSE_OF,1,FR-8028c9fabb685265
HP-00041708,HP-00041709,SPOUSE_OF,1,FR-75d283a2ad07b492
HP-00041710,HP-00041711,SPOUSE_OF,1,FR-b0fc18cb5b620e83
HP-00041719,HP-00041720,SPOUSE_OF,1,FR-eeab47506216d0a9
HP-00041727,HP-00041728,SPOUSE_OF,1,FR-2eb240773a827086
HP-00041730,HP-00041731,SPOUSE_OF,1,FR-f8431eaaa2d8f45c
HP-00041732,HP-00041733,SPOUSE_OF,1,FR-ca3aecb4950476b4
HP-00018115,HP-00041743,SPOUSE_OF,1,FR-defb97b07087f257
HP-00041744,HP-00041745,SPOUSE_OF,1,FR-52cf6b4bc262e80d
HP-00041746,HP-00041747,SPOUSE_OF,1,FR-15893df5b35cd428
HP-00041748,HP-00041749,SPOUSE_OF,1,FR-9a6835ad52dadf5d
HP-00041750,HP-00041751,SPOUSE_OF,1,FR-79e64e934ee4b0d1
HP-00041755,HP-00041756,SPOUSE_OF,1,FR-fe427ce9e55fa9c4
HP-00041760,HP-00041761,SPOUSE_OF,1,FR-0e22b08266665e6a
HP-00041764,HP-00041765,SPOUSE_OF,1,FR-016e202d866d8437
HP-00041766,HP-00041767,SPOUSE_OF,1,FR-7ea1ebb7e03f7013
HP-00041768,HP-00041769,SPOUSE_OF,1,FR-24918d4b5bf73c76
HP-00041770,HP-00041771,SPOUSE_OF,1,FR-77c533c14d2b965b
HP-00017483,HP-00017484,SPOUSE_OF,1,FR-fe0ec91d93f31e3d
HP-00041782,HP-00041783,SPOUSE_OF,1,FR-a2a4a1db129a2f15
HP-00041803,HP-00041804,SPOUSE_OF,1,FR-f4b21b89f58e7b32
HP-00041818,HP-00041819,SPOUSE_OF,1,FR-d5e738054a0dba8d
HP-00041828,HP-00041829,SPOUSE_OF,1,FR-d40d41d03b63a9ad
HP-00041836,HP-00041837,SPOUSE_OF,1,FR-ad9730f1bc8021a2
HP-00041844,HP-00041845,SPOUSE_OF,1,FR-d30fbd240e33c9cf
HP-00041855,HP-00041856,SPOUSE_OF,1,FR-5d3a5feaee4a2bdd
HP-00041915,HP-00041916,SPOUSE_OF,1,FR-50f6de584f184836
HP-00017992,HP-00017993,SPOUSE_OF,1,FR-6bedb8d25b17a61c
HP-00041951,HP-00041952,SPOUSE_OF,1,FR-c66aad6d7220d3fe
HP-00041964,HP-00041965,SPOUSE_OF,1,FR-455973ec228f7fa3
HP-00041966,HP-00041967,SPOUSE_OF,1,FR-aa2e3f806519f9aa
HP-00041979,HP-00041980,SPOUSE_OF,1,FR-03986b03b414f425
HP-00041984,HP-00041985,SPOUSE_OF,1,FR-ac7db981c7694b87
HP-00041991,HP-00041992,SPOUSE_OF,1,FR-a4069581fdc5d91f
HP-00041996,HP-00041997,SPOUSE_OF,1,FR-5b01c380701cade3
HP-00042019,HP-00042020,SPOUSE_OF,1,FR-bffe8b316158d457
HP-00042027,HP-00042028,SPOUSE_OF,1,FR-3ca267af8de08524
HP-00042048,HP-00042049,SPOUSE_OF,1,FR-cf629eb29ef131e4
HP-00042052,HP-00042053,SPOUSE_OF,1,FR-983192a3eea89144
HP-00042066,HP-00042067,SPOUSE_OF,1,FR-2a81dd6138f384e6
HP-00042070,HP-00042071,SPOUSE_OF,1,FR-0048a41f8512269f
HP-00042089,HP-00042090,SPOUSE_OF,1,FR-f4b15919feb5bb86
HP-00042097,HP-00042098,SPOUSE_OF,1,FR-d37ae86a121d7c0f
HP-00042192,HP-00042193,SPOUSE_OF,1,FR-9aca4b6170572768
HP-00042204,HP-00042205,SPOUSE_OF,1,FR-3072203d9c2734ca
HP-00042206,HP-00042207,SPOUSE_OF,1,FR-b66db5e5f2a95818
HP-00042208,HP-00042209,SPOUSE_OF,1,FR-dc8e833e246a0e06
HP-00042214,HP-00042215,SPOUSE_OF,1,FR-39750b23dda0629d
HP-00019532,HP-00019533,SPOUSE_OF,2,FR-7445ec983cc27866
HP-00009915,HP-00009916,SPOUSE_OF,2,FR-6c13d64c3dc815fd
HP-00042339,HP-00042340,SPOUSE_OF,2,FR-e1072e42c63c3dfa
HP-00042505,HP-00042506,SPOUSE_OF,1,FR-03fc626aaebcb7b0
HP-00016935,HP-00016936,SPOUSE_OF,2,FR-a8274f2588fa85d0
HP-00021383,HP-00021384,SPOUSE_OF,2,FR-e0604107c308ec10
HP-00042604,HP-00042605,SPOUSE_OF,1,FR-449e65c39db04839
HP-00042606,HP-00042607,SPOUSE_OF,1,FR-0e03b6f234626881
HP-00042625,HP-00042626,SPOUSE_OF,1,FR-4b546757dc08f310
HP-00042641,HP-00042642,SPOUSE_OF,1,FR-de25b1bec3bae1f8
HP-00042689,HP-00042690,SPOUSE_OF,1,FR-b2745b2578c2f354
HP-00042703,HP-00042704,SPOUSE_OF,1,FR-134180f77c803853
HP-00042705,HP-00042706,SPOUSE_OF,1,FR-53cfc2234053bc34
HP-00022597,HP-00022598,SPOUSE_OF,1,FR-9f2bdeaedc3881ad
HP-00042713,HP-00042714,SPOUSE_OF,1,FR-25867e816692ea66
HP-00042715,HP-00042716,SPOUSE_OF,1,FR-80f3428fc63fe1e6
HP-00042717,HP-00042718,SPOUSE_OF,1,FR-0beb94266a664be5
HP-00042723,HP-00042724,SPOUSE_OF,1,FR-c294e3a42595f4fa
HP-00042725,HP-00042726,SPOUSE_OF,1,FR-776161ab4a5806ab
HP-00042730,HP-00042731,SPOUSE_OF,1,FR-a3d71319123a6775
HP-00021428,HP-00021429,SPOUSE_OF,1,FR-9c275616b6ed2a62
HP-00042741,HP-00042742,SPOUSE_OF,1,FR-4bb7fb7d1d62abcb
HP-00042745,HP-00042746,SPOUSE_OF,1,FR-d941c135a1361310
HP-00042754,HP-00042755,SPOUSE_OF,1,FR-67bd1689777a56cc
HP-00042756,HP-00042757,SPOUSE_OF,1,FR-f37cd1eccf111f61
HP-00042758,HP-00042759,SPOUSE_OF,1,FR-99be7572748782e8
HP-00042764,HP-00042765,SPOUSE_OF,1,FR-4b14ca79ba1d2236
HP-00042781,HP-00042782,SPOUSE_OF,1,FR-310e4bc883a5f180
HP-00018396,HP-00018397,SPOUSE_OF,1,FR-8eacbcaa40a73fb2
HP-00042805,HP-00042806,SPOUSE_OF,1,FR-b779bf49e804c9e4
HP-00042813,HP-00042814,SPOUSE_OF,1,FR-9174e597069979f3
HP-00042822,HP-00042823,SPOUSE_OF,1,FR-41a148aaee181901
HP-00042825,HP-00042826,SPOUSE_OF,1,FR-7e424777191e0df2
HP-00042943,HP-00042944,SPOUSE_OF,1,FR-dafb12a81ccacfd0
HP-00042945,HP-00042946,SPOUSE_OF,1,FR-3a162c3a9647afc7
HP-00042973,HP-00042974,SPOUSE_OF,1,FR-a826380060bdeeb4
HP-00042997,HP-00042998,SPOUSE_OF,1,FR-88c2ba1f4ebec09f
HP-00043017,HP-00043018,SPOUSE_OF,1,FR-ae5a4a6a675df52e
HP-00023433,HP-00023434,SPOUSE_OF,1,FR-1f90e553c36839e0
HP-00043035,HP-00043036,SPOUSE_OF,1,FR-8301fd8b7469334d
HP-00043037,HP-00043038,SPOUSE_OF,1,FR-e44e1da1ddc4f7e2
HP-00043080,HP-00043081,SPOUSE_OF,1,FR-ba8f46a78264af3e
HP-00043090,HP-00043091,SPOUSE_OF,1,FR-f2345a22436e6308
HP-00043097,HP-00043098,SPOUSE_OF,1,FR-e2f4fdf1747be43d
HP-00012392,HP-00012393,SPOUSE_OF,1,FR-b667484df9b0d3b9
HP-00043111,HP-00043112,SPOUSE_OF,1,FR-c8e59a8983f5141d
HP-00043123,HP-00043124,SPOUSE_OF,1,FR-5bf90a9212324a08
HP-00043150,HP-00043151,SPOUSE_OF,1,FR-c86e7f139a9a4a65
HP-00043155,HP-00043156,SPOUSE_OF,1,FR-fea61b9b97433a5d
HP-00024059,HP-00024060,SPOUSE_OF,1,FR-81c94417cc1e89a0
HP-00043162,HP-00043163,SPOUSE_OF,1,FR-408a28e76e8202be
HP-00043221,HP-00043222,SPOUSE_OF,1,FR-ec8c94860675d167
HP-00043231,HP-00043232,SPOUSE_OF,1,FR-2da3a7657df412dd
HP-00043236,HP-00043237,SPOUSE_OF,1,FR-241c7cd928eaa1f4
HP-00043238,HP-00043239,SPOUSE_OF,1,FR-3f573ae637f06b5f
HP-00013327,HP-00013328,SPOUSE_OF,1,FR-c1b5c89ec9cf5c45
HP-00043250,HP-00043251,SPOUSE_OF,1,FR-f11dca78958bf337
HP-00043255,HP-00043256,SPOUSE_OF,1,FR-3a5f0fbdc448245e
HP-00020528,HP-00020529,SPOUSE_OF,1,FR-77d753d36665c1bb
HP-00043278,HP-00043279,SPOUSE_OF,1,FR-1f800e418abe28e4
HP-00043283,HP-00043284,SPOUSE_OF,1,FR-b5a0df01df0f7b78
HP-00043309,HP-00043310,SPOUSE_OF,1,FR-ab0359284e5e46e2
HP-00043311,HP-00043312,SPOUSE_OF,1,FR-7040159614009ec7
HP-00043313,HP-00043314,SPOUSE_OF,1,FR-6e09f12cafd85f33
HP-00043321,HP-00043322,SPOUSE_OF,1,FR-b21790ad6a48042a
HP-00043329,HP-00043330,SPOUSE_OF,1,FR-52c726517c2279aa
HP-00043341,HP-00043342,SPOUSE_OF,1,FR-cd59d595d035433f
HP-00043353,HP-00043354,SPOUSE_OF,1,FR-e7e60f36825d1ed7
HP-00043365,HP-00043366,SPOUSE_OF,1,FR-1329b6f6c8569a18
HP-00043390,HP-00043391,SPOUSE_OF,1,FR-9d5003dfb75e76bb
HP-00043410,HP-00043411,SPOUSE_OF,1,FR-4c95690398c3d1b8
HP-00043412,HP-00043413,SPOUSE_OF,1,FR-62b90bab8c977337
HP-00043507,HP-00043508,SPOUSE_OF,1,FR-81a5e8d7f6a0c065
HP-00020260,HP-00020261,SPOUSE_OF,1,FR-dbdc0abef4aeb17a
HP-00043550,HP-00043551,SPOUSE_OF,1,FR-e08d30bef02a829f
HP-00017945,HP-00043642,SPOUSE_OF,1,FR-215d3835b1743b13
HP-00043652,HP-00043653,SPOUSE_OF,1,FR-f169dc74f7e3f34d
HP-00043654,HP-00043655,SPOUSE_OF,1,FR-432f02c21cca63a9
HP-00043671,HP-00043672,SPOUSE_OF,1,FR-37dcab468011fde7
HP-00043681,HP-00043682,SPOUSE_OF,1,FR-881d2c7f1e4a37fb
HP-00043694,HP-00043695,SPOUSE_OF,1,FR-35aaf92c5e908b43
HP-00043705,HP-00043706,SPOUSE_OF,1,FR-6f92d5cba0786635
HP-00043707,HP-00043708,SPOUSE_OF,1,FR-748627cafce1ac76
HP-00043710,HP-00043711,SPOUSE_OF,1,FR-097a439e0da73650
HP-00043728,HP-00043729,SPOUSE_OF,1,FR-c33a6ac31e567f08
HP-00043865,HP-00043866,SPOUSE_OF,1,FR-5fef17190225a4b1
HP-00043879,HP-00043880,SPOUSE_OF,1,FR-8942ae6d6a14ccb1
HP-00043884,HP-00043885,SPOUSE_OF,1,FR-0399dcffb2aff0a5
HP-00044085,HP-00044086,SPOUSE_OF,1,FR-a0a262a63471380c
HP-00044087,HP-00044088,SPOUSE_OF,1,FR-5814f51cfe3fddee
HP-00044229,HP-00044230,SPOUSE_OF,1,FR-a0b8f00173c300e4
HP-00044334,HP-00044335,SPOUSE_OF,1,FR-a46e087ca0f147c8
HP-00044336,HP-00044337,SPOUSE_OF,1,FR-6472e21001ad9a94
HP-00044343,HP-00044344,SPOUSE_OF,1,FR-32726a797ed60a04
HP-00044356,HP-00044357,SPOUSE_OF,1,FR-4ce1779d50221b6a
HP-00044360,HP-00044361,SPOUSE_OF,1,FR-60054498f2d0fddc
HP-00044366,HP-00044369,SPOUSE_OF,1,FR-434c24c9835912e6
HP-00044370,HP-00044371,SPOUSE_OF,1,FR-ac9ab975072a3763
HP-00044386,HP-00044387,SPOUSE_OF,1,FR-6da363cd89747758
HP-00022712,HP-00022713,SPOUSE_OF,1,FR-97af4cfc70c244b3
HP-00044390,HP-00044392,SPOUSE_OF,1,FR-2c9d3246a331fac6
HP-00044399,HP-00044400,SPOUSE_OF,1,FR-6c586aad51a8a3d3
HP-00044405,HP-00044406,SPOUSE_OF,1,FR-05adca23596cb36c
HP-00040044,HP-00044426,SPOUSE_OF,1,FR-babbec7173a07b46
HP-00044452,HP-00044455,SPOUSE_OF,1,FR-e0f85bcbb7f12a1b
HP-00044468,HP-00044471,SPOUSE_OF,1,FR-758a855d55df7f41
HP-00044528,HP-00044531,SPOUSE_OF,1,FR-33eac9e7523e9d32
HP-00044535,HP-00044537,SPOUSE_OF,1,FR-9d5c91cac77399a7
HP-00044552,HP-00044555,SPOUSE_OF,1,FR-f42a1bfb7c17cd85
HP-00044556,HP-00044559,SPOUSE_OF,1,FR-382c44843b4682b6
HP-00044608,HP-00044610,SPOUSE_OF,1,FR-ac8f6f41e81fe10d
HP-00037545,HP-00044618,SPOUSE_OF,1,FR-94ca05ab7958a2e9
HP-00044619,HP-00044622,SPOUSE_OF,1,FR-7cc560368e7e0a69
HP-00044649,HP-00044652,SPOUSE_OF,1,FR-12fcb4e87a911c7d
HP-00041458,HP-00044656,SPOUSE_OF,1,FR-8bd16bc27e9d38e9
HP-00044694,HP-00044697,SPOUSE_OF,1,FR-a52e20ce4a3db1fe
HP-00044698,HP-00044701,SPOUSE_OF,1,FR-2b2f5d74699ec865
HP-00044710,HP-00044713,SPOUSE_OF,1,FR-a5834bbee8f4dcac
HP-00044718,HP-00044720,SPOUSE_OF,1,FR-bab9a3c052718743
HP-00044731,HP-00044734,SPOUSE_OF,1,FR-ecdb91d676358906
HP-00014627,HP-00014628,SPOUSE_OF,1,FR-c9a5d44f8c06a415
HP-00044769,HP-00044772,SPOUSE_OF,1,FR-5ecf69bea5e8498d
HP-00044773,HP-00044776,SPOUSE_OF,1,FR-00321fe7d88e46f6
HP-00044777,HP-00044780,SPOUSE_OF,1,FR-feccab7054d86d4e
HP-00044781,HP-00044784,SPOUSE_OF,1,FR-dc68e0e97da3b13e
HP-00044796,HP-00044799,SPOUSE_OF,1,FR-4a2c4f77a6567299
HP-00044831,HP-00044834,SPOUSE_OF,1,FR-a162cd3fa6196d29
HP-00015290,HP-00015291,SPOUSE_OF,1,FR-90addb0b47e997e0
HP-00044856,HP-00044859,SPOUSE_OF,1,FR-7edc26aff6aeb11f
HP-00044860,HP-00044863,SPOUSE_OF,1,FR-d5d929684903b900
HP-00044894,HP-00044897,SPOUSE_OF,1,FR-a3e7c0f45c75cf0d
HP-00044906,HP-00044909,SPOUSE_OF,1,FR-07a4ea3bf5a55053
HP-00044910,HP-00044913,SPOUSE_OF,1,FR-70fa662528a712b0
HP-00044944,HP-00044947,SPOUSE_OF,1,FR-bbe74a8afb155daf
HP-00044952,HP-00044955,SPOUSE_OF,1,FR-964a41ea161b7b14
HP-00036569,HP-00044961,SPOUSE_OF,1,FR-2eaabc4619a7b933
HP-00038505,HP-00044981,SPOUSE_OF,1,FR-5d59cde62e0c1d6b
HP-00044996,HP-00044999,SPOUSE_OF,1,FR-0aac30133ff13641
HP-00045019,HP-00045022,SPOUSE_OF,1,FR-389eba583aa76bed
HP-00045048,HP-00045051,SPOUSE_OF,1,FR-6adf1b84789e2fad
HP-00045052,HP-00045055,SPOUSE_OF,1,FR-fbb6f96573a001f0
HP-00045079,HP-00045082,SPOUSE_OF,1,FR-8e521e99d832fa90
HP-00045087,HP-00045090,SPOUSE_OF,1,FR-22df83b9685fbd25
HP-00045107,HP-00045110,SPOUSE_OF,1,FR-993ec60dbe2172a6
HP-00022771,HP-00022772,SPOUSE_OF,1,FR-a4950973df838774
HP-00045172,HP-00045175,SPOUSE_OF,1,FR-59af390325c1ad6e
HP-00012710,HP-00012711,SPOUSE_OF,1,FR-2a74200ea19feba5
HP-00045193,HP-00045196,SPOUSE_OF,1,FR-293082a43e93e275
HP-00045249,HP-00045252,SPOUSE_OF,1,FR-3233eeb85e71ead1
HP-00045256,HP-00045259,SPOUSE_OF,1,FR-609e8b61db38d5fe
HP-00045278,HP-00045281,SPOUSE_OF,1,FR-018a6b8c4e933fcb
HP-00045298,HP-00045299,SPOUSE_OF,1,FR-73364682817ad54c
HP-00045309,HP-00045312,SPOUSE_OF,1,FR-147c78a8c664e84d
HP-00045350,HP-00045353,SPOUSE_OF,1,FR-66bcbae47181200a
HP-00024836,HP-00024837,SPOUSE_OF,1,FR-074361f809dcc5d2
HP-00045379,HP-00045382,SPOUSE_OF,1,FR-9c61a97910f74636
HP-00045411,HP-00045414,SPOUSE_OF,1,FR-a33f7177937db75d
HP-00045454,HP-00045457,SPOUSE_OF,1,FR-dc3ab78d1a3566e3
HP-00045478,HP-00045481,SPOUSE_OF,1,FR-dd02c873e6b6e91a
HP-00045580,HP-00045583,SPOUSE_OF,1,FR-29f688c17494553d
HP-00045592,HP-00045595,SPOUSE_OF,1,FR-4271139abd3d1cbb
HP-00045629,HP-00045632,SPOUSE_OF,1,FR-bbdfa72815bb4356
HP-00045655,HP-00045658,SPOUSE_OF,1,FR-2f034f8da00cfe2c
HP-00045662,HP-00045665,SPOUSE_OF,1,FR-9db732b996f45d6e
HP-00022827,HP-00022828,SPOUSE_OF,1,FR-cca2f8462770fc09
HP-00045791,HP-00045794,SPOUSE_OF,1,FR-54b51ba55872d742
HP-00045808,HP-00045811,SPOUSE_OF,1,FR-baa6c8700e6f3cef
HP-00045938,HP-00045941,SPOUSE_OF,1,FR-c64bac494cfa3e03
HP-00045980,HP-00045983,SPOUSE_OF,1,FR-8630f44910d19645
HP-00046012,HP-00046015,SPOUSE_OF,1,FR-d64a57e73aecde9a
HP-00046022,HP-00046023,SPOUSE_OF,1,FR-3294ecb81ed0be46
HP-00046024,HP-00046027,SPOUSE_OF,1,FR-532b77c13747d96b
HP-00046068,HP-00046071,SPOUSE_OF,1,FR-a078745020a2ab33
HP-00046093,HP-00046096,SPOUSE_OF,1,FR-8a35cd43dd70667b
HP-00046108,HP-00046111,SPOUSE_OF,1,FR-1fdf54d88b9b892a
HP-00046128,HP-00046131,SPOUSE_OF,1,FR-de1942fbba2c7e68
HP-00046165,HP-00046168,SPOUSE_OF,1,FR-91dc4eca02dbe2f5
HP-00046185,HP-00046188,SPOUSE_OF,1,FR-f5df1093886fde56
HP-00046200,HP-00046203,SPOUSE_OF,1,FR-5650fe77bf7185b0
HP-00046222,HP-00046225,SPOUSE_OF,1,FR-d4044ad3e109dd76
HP-00046248,HP-00046251,SPOUSE_OF,1,FR-efe6f69eb11f8881
HP-00046252,HP-00046255,SPOUSE_OF,1,FR-6de32245150ac205
HP-00030215,HP-00046266,SPOUSE_OF,1,FR-487cfe1077cfb2e3
HP-00046278,HP-00046280,SPOUSE_OF,1,FR-d082f9ee6df6f39e
HP-00046324,HP-00046327,SPOUSE_OF,1,FR-2a4e4e51b8536c64
HP-00046331,HP-00046334,SPOUSE_OF,1,FR-e35444386b9b5272
HP-00046345,HP-00046348,SPOUSE_OF,1,FR-4ed8b6bdfaca9bc6
HP-00046361,HP-00046364,SPOUSE_OF,1,FR-1928cad48a7ace76
HP-00046365,HP-00046368,SPOUSE_OF,1,FR-2ced42830a32b397
HP-00046369,HP-00046372,SPOUSE_OF,1,FR-d2cd33f3e76219a5
HP-00024353,HP-00024354,SPOUSE_OF,1,FR-1a18686a50cd641a
HP-00015706,HP-00015707,SPOUSE_OF,1,FR-ec07e4567402f2e3
HP-00046403,HP-00046406,SPOUSE_OF,1,FR-dd66779458ea9a27
HP-00046432,HP-00046435,SPOUSE_OF,1,FR-786249c9bdcec4c1
HP-00046443,HP-00046446,SPOUSE_OF,1,FR-e97eed3d1501da95
HP-00046457,HP-00046460,SPOUSE_OF,1,FR-65d85795e367d35e
HP-00039629,HP-00046493,SPOUSE_OF,1,FR-dfcb7be171159c6a
HP-00046519,HP-00046522,SPOUSE_OF,1,FR-694fb8462bcdb597
HP-00046526,HP-00046529,SPOUSE_OF,1,FR-06bf934fe8fab67f
HP-00046550,HP-00046553,SPOUSE_OF,1,FR-ce99fa4a86afb87b
HP-00046688,HP-00046691,SPOUSE_OF,1,FR-314f7e00f9f78027
HP-00046729,HP-00046732,SPOUSE_OF,1,FR-f24125742c75ea86
HP-00046733,HP-00046736,SPOUSE_OF,1,FR-ee42593b85ec7580
HP-00046828,HP-00046831,SPOUSE_OF,1,FR-88660a831c1052e6
HP-00046887,HP-00046890,SPOUSE_OF,1,FR-16df30df656c478d
HP-00046915,HP-00046918,SPOUSE_OF,1,FR-1ff1c92e15773303
HP-00046919,HP-00046922,SPOUSE_OF,1,FR-477a5294da931321
HP-00046927,HP-00046930,SPOUSE_OF,1,FR-f81cbcc42b6c9678
HP-00046965,HP-00046968,SPOUSE_OF,1,FR-ec60d33bb703595d
HP-00046969,HP-00046970,SPOUSE_OF,1,FR-f872b7eabebffa74
HP-00047047,HP-00047050,SPOUSE_OF,1,FR-44debcfe47f70d62
