persona_idno,identity_person_id,family_cluster_id,full_name_clean,event_year,gender_clean,identity_cluster_source,source_persona_count
persona-11,HP-00000011,FCL2-000005,juliana chinchay,1790,female,safe_final_identity_cluster,2
persona-138,HP-00000138,FCL2-000071,juan sanchez,1791,male,safe_final_identity_cluster,2
persona-160,HP-00000160,FCL2-000083,francisco mendosa,1791,male,safe_final_identity_cluster,2
persona-168,HP-00000168,FCL2-000087,pedro huauia,1791,male,safe_final_identity_cluster,3
persona-169,HP-00000169,FCL2-000087,ynes sanches,1791,female,safe_final_identity_cluster,3
persona-176,HP-00000176,FCL2-000091,manuel suica,1791,male,safe_final_identity_cluster,2
persona-177,HP-00000177,FCL2-000091,jasinta luca,1791,female,safe_final_identity_cluster,2
persona-180,HP-00000180,FCL2-000093,mathias condori,1791,male,safe_final_identity_cluster,2
persona-181,HP-00000181,FCL2-000093,nicolasa tito,1791,female,safe_final_identity_cluster,2
persona-185,HP-00000185,FCL2-000094,petrona sanches,1791,female,safe_final_identity_cluster,2
persona-236,HP-00000236,FCL2-000122,nicolas palomino,1791,male,safe_final_identity_cluster,3
persona-237,HP-00000237,FCL2-000122,francisca garcia,1791,female,safe_final_identity_cluster,3
persona-252,HP-00000252,FCL2-000130,petrona mitma,1791,female,safe_final_identity_cluster,4
persona-291,HP-00000291,FCL2-000150,asencio cuchu,1791,male,safe_final_identity_cluster,2
persona-311,HP-00000311,FCL2-000160,alexo poma,1791,male,safe_final_identity_cluster,2
persona-312,HP-00000312,FCL2-000160,lucia juares,1791,female,safe_final_identity_cluster,2
persona-320,HP-00000320,FCL2-000164,josepha huamani,1791,female,safe_final_identity_cluster,2
persona-327,HP-00000327,FCL2-000168,vicente aparco,1791,male,safe_final_identity_cluster,2
persona-328,HP-00000328,FCL2-000168,juliana carrion,1791,female,safe_final_identity_cluster,2
persona-343,HP-00000343,FCL2-000176,thomasa hualpatucro,1791,female,safe_final_identity_cluster,3
persona-367,HP-00000367,FCL2-000190,manuela cuchu,1791,female,safe_final_identity_cluster,3
persona-436,HP-00000436,FCL2-000228,estephania canto,1792,female,safe_final_identity_cluster,2
persona-467,HP-00000467,FCL2-000244,dominga hualpatucro,1792,female,safe_final_identity_cluster,2
persona-470,HP-00000180,FCL2-000093,mathias condori,1792,male,safe_final_identity_cluster,2
persona-471,HP-00000181,FCL2-000093,nicolasa tito,1792,female,safe_final_identity_cluster,2
persona-478,HP-00000478,FCL2-000249,leon huamani,1792,male,safe_final_identity_cluster,2
persona-486,HP-00000486,FCL2-000253,gregoria huamani,1792,female,safe_final_identity_cluster,4
persona-498,HP-00000498,FCL2-011549,juana rodrigues,1792,female,safe_final_identity_cluster,2
persona-499,HP-00000499,FCL2-000260,pedro rodrigues,1792,male,safe_final_identity_cluster,2
persona-508,HP-00000508,FCL2-000265,maria huamani,1792,female,safe_final_identity_cluster,3
persona-526,HP-00000526,FCL2-012143,eugenia barrientos,1792,female,safe_final_identity_cluster,2
persona-536,HP-00000536,FCL2-000276,bonifacia hualpatucro,1792,female,safe_final_identity_cluster,2
persona-542,HP-00000542,FCL2-011929,gabriel nolasco,1792,male,safe_final_identity_cluster,2
persona-563,HP-00000563,FCL2-000291,theodora alarcon,1792,female,safe_final_identity_cluster,2
persona-577,HP-00000577,FCL2-000299,antonio chumbile,1792,male,safe_final_identity_cluster,2
persona-595,HP-00000595,FCL2-000308,bibiana ramos,1792,female,safe_final_identity_cluster,2
persona-598,HP-00000598,FCL2-000310,miguel sanches,1792,male,safe_final_identity_cluster,2
persona-655,HP-00000655,FCL2-000337,juliana chinchai,1792,female,safe_final_identity_cluster,2
persona-658,HP-00000658,FCL2-000339,juan quispe,1792,male,safe_final_identity_cluster,3
persona-659,HP-00000659,FCL2-000339,cecilia champa,1792,female,safe_final_identity_cluster,3
persona-681,HP-00000681,FCL2-000351,pablo ramos,1792,male,safe_final_identity_cluster,2
persona-682,HP-00000682,FCL2-000351,ysidora asto,1792,female,safe_final_identity_cluster,2
persona-697,HP-00000697,FCL2-000359,eugenio condori,1792,male,safe_final_identity_cluster,4
persona-745,HP-00000745,FCL2-000382,bernardo poma,1792,male,safe_final_identity_cluster,2
persona-791,HP-00000791,FCL2-012094,susana hermosa,1792,female,safe_final_identity_cluster,2
persona-792,HP-00000792,FCL2-000405,juan hermosa,1792,male,safe_final_identity_cluster,2
persona-802,HP-00000802,FCL2-012266,andres llacsamanta,1792,male,safe_final_identity_cluster,2
persona-839,HP-00000839,FCL2-000431,nicolas cruz,1793,male,safe_final_identity_cluster,4
persona-840,HP-00000840,FCL2-000431,juana cuchu,1793,female,safe_final_identity_cluster,4
persona-844,HP-00000844,FCL2-000433,faustina palomino,1793,female,safe_final_identity_cluster,2
persona-854,HP-00000854,FCL2-000439,rudecindo ramires,1793,male,safe_final_identity_cluster,2
persona-872,HP-00000872,FCL2-000448,manuel perez,1793,male,safe_final_identity_cluster,2
persona-873,HP-00000873,FCL2-000448,nolberto perez,1793,male,safe_final_identity_cluster,2
persona-874,HP-00000874,FCL2-000448,dominga canto,1793,female,safe_final_identity_cluster,2
persona-876,HP-00000872,FCL2-000448,manuel perez,1793,male,safe_final_identity_cluster,2
persona-877,HP-00000873,FCL2-000448,nolberto perez,1793,male,safe_final_identity_cluster,2
persona-878,HP-00000874,FCL2-000448,dominga canto,1793,female,safe_final_identity_cluster,2
persona-900,HP-00000900,FCL2-000461,casimiro lopes,1793,male,safe_final_identity_cluster,2
persona-908,HP-00000908,FCL2-012356,yldefonso huamani,1793,male,safe_final_identity_cluster,2
persona-909,HP-00000909,FCL2-012356,francisca gavilan,1793,female,safe_final_identity_cluster,3
persona-916,HP-00000916,FCL2-000468,mariano calataiu,1793,male,safe_final_identity_cluster,2
persona-917,HP-00000917,FCL2-000468,gabriela condori,1793,female,safe_final_identity_cluster,2
persona-955,HP-00000955,FCL2-000488,santos,1793,male,safe_final_identity_cluster,2
persona-956,HP-00000956,FCL2-000488,paula quispe,1793,female,safe_final_identity_cluster,2
persona-960,HP-00000486,FCL2-000253,gregoria huamani,1793,female,safe_final_identity_cluster,4
persona-968,HP-00000968,FCL2-000493,maria cuchu,1793,female,safe_final_identity_cluster,4
persona-995,HP-00000995,FCL2-000506,mariano guamani,1793,male,safe_final_identity_cluster,2
persona-996,HP-00000996,FCL2-000506,maria tito,1793,female,safe_final_identity_cluster,2
persona-1041,HP-00000655,FCL2-000337,juliana chinchai,1793,female,safe_final_identity_cluster,2
persona-1071,HP-00001071,FCL2-000543,antonio ramos,1793,male,safe_final_identity_cluster,4
persona-1072,HP-00001072,FCL2-000543,petrona quispe,1793,female,safe_final_identity_cluster,4
persona-1080,HP-00001080,FCL2-000547,francisca paucar,1793,female,safe_final_identity_cluster,4
persona-1092,HP-00001092,FCL2-000553,maria lucana,1793,female,safe_final_identity_cluster,4
persona-1107,HP-00001107,FCL2-000561,carlos canto,1793,male,safe_final_identity_cluster,3
persona-1111,HP-00001111,FCL2-000563,mariano robles,1794,male,safe_final_identity_cluster,2
persona-1112,HP-00001112,FCL2-000563,toribia coyllo,1794,female,safe_final_identity_cluster,2
persona-1120,HP-00001120,FCL2-000567,norverta ccoyllo,1794,female,safe_final_identity_cluster,2
persona-1132,HP-00001132,FCL2-000573,eugenia quispe,1794,female,safe_final_identity_cluster,3
persona-1150,HP-00001150,FCL2-000582,maria manuela barrientos,1794,female,safe_final_identity_cluster,2
persona-1152,HP-00001152,FCL2-000582,norverta poma,1794,female,safe_final_identity_cluster,3
persona-1154,HP-00001150,FCL2-000582,maria manuela barrientos,1794,female,safe_final_identity_cluster,2
persona-1156,HP-00001152,FCL2-000582,norverta poma,1794,female,safe_final_identity_cluster,3
persona-1166,HP-00001166,FCL2-000589,agustin sanchez,1794,male,safe_final_identity_cluster,4
persona-1174,HP-00001174,FCL2-000593,silverio barrientos,1794,male,safe_final_identity_cluster,2
persona-1175,HP-00001175,FCL2-000593,paula chumbili,1794,female,safe_final_identity_cluster,2
persona-1206,HP-00000436,FCL2-000228,estefania canto,1794,female,safe_final_identity_cluster,2
persona-1218,HP-00001218,FCL2-000614,lucia sanchez,1794,female,safe_final_identity_cluster,2
persona-1237,HP-00001237,FCL2-000622,damaso canto,1794,male,safe_final_identity_cluster,3
persona-1246,HP-00001246,FCL2-000626,agustina guamani,1794,female,safe_final_identity_cluster,2
persona-1253,HP-00000236,FCL2-000122,nicolas palomino,1794,male,safe_final_identity_cluster,3
persona-1254,HP-00000237,FCL2-000122,francisca garcia,1794,female,safe_final_identity_cluster,3
persona-1261,HP-00001261,FCL2-000633,pedro guauya,1794,male,safe_final_identity_cluster,2
persona-1269,HP-00001269,FCL2-000636,thomas alvaro,1794,male,safe_final_identity_cluster,2
persona-1270,HP-00001270,FCL2-000636,thomasa chumbili,1794,female,safe_final_identity_cluster,2
persona-1282,HP-00001120,FCL2-000567,norverta ccoyllo,1794,female,safe_final_identity_cluster,2
persona-1335,HP-00000252,FCL2-000130,petrona mitma,1794,female,safe_final_identity_cluster,4
persona-1348,HP-00001348,FCL2-000673,pasquala poma,1794,female,safe_final_identity_cluster,2
persona-1349,HP-00001349,FCL2-000674,juan poma,1794,male,safe_final_identity_cluster,3
persona-1350,HP-00001350,FCL2-000674,cayetana quispe,1794,female,safe_final_identity_cluster,2
persona-1354,HP-00000252,FCL2-000130,petrona mitma,1794,female,safe_final_identity_cluster,4
persona-1371,HP-00001371,FCL2-000684,ambrosio ortiz,1794,male,safe_final_identity_cluster,2
persona-1372,HP-00001372,FCL2-000684,susana ramirez,1794,female,safe_final_identity_cluster,2
persona-1387,HP-00000577,FCL2-000299,antonio chumbile,1794,male,safe_final_identity_cluster,2
persona-1391,HP-00000311,FCL2-000160,alexo poma,1794,male,safe_final_identity_cluster,2
persona-1392,HP-00000312,FCL2-000160,lucia juares,1794,female,safe_final_identity_cluster,2
persona-1479,HP-00001479,FCL2-000736,ylaria urbano,1794,female,safe_final_identity_cluster,2
persona-1482,HP-00000681,FCL2-000351,pablo ramos,1794,male,safe_final_identity_cluster,2
persona-1483,HP-00000682,FCL2-000351,ysidora asto,1794,female,safe_final_identity_cluster,2
persona-1487,HP-00001246,FCL2-000626,agustina guamani,1794,female,safe_final_identity_cluster,2
persona-1496,HP-00001496,FCL2-011901,nicolasa urbano,1794,female,safe_final_identity_cluster,2
persona-1516,HP-00001237,FCL2-000622,damaso canto,1794,male,safe_final_identity_cluster,3
persona-1531,HP-00001531,FCL2-000759,christoval gualpatucro,1795,male,safe_final_identity_cluster,2
persona-1532,HP-00001532,FCL2-000759,maria echacaya,1795,female,safe_final_identity_cluster,2
persona-1535,HP-00000839,FCL2-000431,nicolas cruz,1795,male,safe_final_identity_cluster,4
persona-1536,HP-00000840,FCL2-000431,juana cuchu,1795,female,safe_final_identity_cluster,4
persona-1543,HP-00001543,FCL2-000764,pablo cruz,1795,male,safe_final_identity_cluster,2
persona-1544,HP-00001544,FCL2-000764,magdalena quispe,1795,female,safe_final_identity_cluster,2
persona-1563,HP-00001563,FCL2-000773,nicolas ayquipa,1795,male,safe_final_identity_cluster,2
persona-1564,HP-00001564,FCL2-000773,estefa condori,1795,female,safe_final_identity_cluster,2
persona-1567,HP-00001567,FCL2-000775,simon espinosa,1795,male,safe_final_identity_cluster,5
persona-1568,HP-00001568,FCL2-000775,carmina palomino,1795,female,safe_final_identity_cluster,5
persona-1618,HP-00000011,FCL2-000005,juliana chinchay,1795,female,safe_final_identity_cluster,2
persona-1625,HP-00001625,FCL2-000803,alejo echacaya,1795,male,safe_final_identity_cluster,2
persona-1645,HP-00001645,FCL2-000812,joseph xavier,1795,male,safe_final_identity_cluster,2
persona-1646,HP-00001646,FCL2-000812,cayetana paucar,1795,female,safe_final_identity_cluster,2
persona-1654,HP-00001654,FCL2-000816,victoria chumbili,1795,female,safe_final_identity_cluster,4
persona-1660,HP-00001660,FCL2-011643,petrona gomes,1795,female,safe_final_identity_cluster,2
persona-1661,HP-00001661,FCL2-011643,mariano gomes,1795,male,safe_final_identity_cluster,2
persona-1662,HP-00001662,FCL2-011643,ysavel peres,1795,female,safe_final_identity_cluster,2
persona-1665,HP-00001665,FCL2-000821,blas palomino,1795,male,safe_final_identity_cluster,2
persona-1666,HP-00001666,FCL2-000821,petrona garcia,1795,female,safe_final_identity_cluster,2
persona-1685,HP-00000563,FCL2-000291,theodora alarcon,1795,female,safe_final_identity_cluster,2
persona-1698,HP-00000291,FCL2-000150,asencio cuchu,1795,male,safe_final_identity_cluster,2
persona-1706,HP-00001071,FCL2-000543,antonio ramos,1795,male,safe_final_identity_cluster,4
persona-1707,HP-00001072,FCL2-000543,petrona quispe,1795,female,safe_final_identity_cluster,4
persona-1742,HP-00001742,FCL2-000855,mathias condori,1795,male,safe_final_identity_cluster,2
persona-1758,HP-00001261,FCL2-000633,pedro guauya,1795,male,safe_final_identity_cluster,2
persona-1766,HP-00001766,FCL2-001368,atanasio sanchez,1795,male,safe_final_identity_cluster,2
persona-1782,HP-00001782,FCL2-000872,casimira nolasco,1795,female,safe_final_identity_cluster,3
persona-1823,HP-00001823,FCL2-000893,joseph paucar,1795,male,safe_final_identity_cluster,2
persona-1824,HP-00001824,FCL2-000893,josepha yunca callo,1795,female,safe_final_identity_cluster,2
persona-1835,HP-00001835,FCL2-000899,felipe coyllo,1795,male,safe_final_identity_cluster,2
persona-1867,HP-00001531,FCL2-000759,christoval gualpatucro,1795,male,safe_final_identity_cluster,2
persona-1868,HP-00001532,FCL2-000759,maria echacaya,1795,female,safe_final_identity_cluster,2
persona-1884,HP-00001884,FCL2-000922,cathalina huarcaya,1795,female,safe_final_identity_cluster,3
persona-1908,HP-00000486,FCL2-000253,gregoria huamani,1795,female,safe_final_identity_cluster,4
persona-1915,HP-00001915,FCL2-000937,ciprian quispe,1795,male,safe_final_identity_cluster,2
persona-1919,HP-00001166,FCL2-000589,agustin sanchez,1795,male,safe_final_identity_cluster,4
persona-1927,HP-00000955,FCL2-000488,santos,1795,male,safe_final_identity_cluster,2
persona-1928,HP-00000956,FCL2-000488,paula quispe,1795,female,safe_final_identity_cluster,2
persona-1951,HP-00001951,FCL2-000953,paula echacaya,1795,female,safe_final_identity_cluster,2
persona-1953,HP-00001953,FCL2-011876,dionisia peres,1795,female,safe_final_identity_cluster,2
persona-1954,HP-00001954,FCL2-000955,guillermo peres,1795,male,safe_final_identity_cluster,2
persona-1958,HP-00001958,FCL2-000958,santos manco,1795,male,safe_final_identity_cluster,2
persona-1962,HP-00001962,FCL2-000960,elias ramirez,1796,male,safe_final_identity_cluster,2
persona-1970,HP-00000658,FCL2-000339,juan quispe,1796,male,safe_final_identity_cluster,3
persona-1971,HP-00000659,FCL2-000339,cecilia champa,1796,female,safe_final_identity_cluster,3
persona-1977,HP-00001977,FCL2-011693,marcelo cuchu,1796,male,safe_final_identity_cluster,2
persona-1985,HP-00000327,FCL2-000168,vicente aparco,1796,male,safe_final_identity_cluster,2
persona-1986,HP-00000328,FCL2-000168,juliana carrion,1796,female,safe_final_identity_cluster,2
persona-1993,HP-00001835,FCL2-000899,felipe coyllo,1796,male,safe_final_identity_cluster,2
persona-2005,HP-00002005,FCL2-000980,benito joseph tipe,1796,male,safe_final_identity_cluster,2
persona-2010,HP-00002010,FCL2-000982,dominga huamani,1796,female,safe_final_identity_cluster,2
persona-2013,HP-00002013,FCL2-000984,thomas manco,1796,male,safe_final_identity_cluster,2
persona-2014,HP-00002014,FCL2-000984,polonia gavilan,1796,female,safe_final_identity_cluster,2
persona-2028,HP-00002028,FCL2-011901,blas espinosa,1796,male,safe_final_identity_cluster,2
persona-2030,HP-00002030,FCL2-011901,sebastiana huauya,1796,female,safe_final_identity_cluster,2
persona-2037,HP-00002037,FCL2-000993,christoval urbano,1796,male,safe_final_identity_cluster,2
persona-2053,HP-00002053,FCL2-001001,alverto roque,1796,male,safe_final_identity_cluster,2
persona-2054,HP-00002054,FCL2-001001,michaela sanchez,1796,female,safe_final_identity_cluster,2
persona-2072,HP-00000160,FCL2-000083,francisco mendosa,1796,male,safe_final_identity_cluster,2
persona-2080,HP-00002080,FCL2-001014,ventura palomino,1796,female,safe_final_identity_cluster,2
persona-2092,HP-00000252,FCL2-000130,petrona mitma,1796,female,safe_final_identity_cluster,4
persona-2100,HP-00000320,FCL2-000164,josepha huamani,1796,female,safe_final_identity_cluster,2
persona-2123,HP-00001080,FCL2-000547,francisca paucar,1796,female,safe_final_identity_cluster,4
persona-2126,HP-00002126,FCL2-001035,theodoro huaranca,1796,male,safe_final_identity_cluster,2
persona-2130,HP-00002130,FCL2-001036,christoval coyllo,1796,male,safe_final_identity_cluster,2
persona-2131,HP-00002131,FCL2-001036,maria hualpatucro,1796,female,safe_final_identity_cluster,2
persona-2150,HP-00000908,FCL2-012356,yldefonso huamani,1796,male,safe_final_identity_cluster,2
persona-2151,HP-00000909,FCL2-012356,francisca gavilan,1796,female,safe_final_identity_cluster,3
persona-2154,HP-00000854,FCL2-000439,rudesindo ramires,1796,male,safe_final_identity_cluster,2
persona-2188,HP-00000138,FCL2-000071,juan sanchez,1796,male,safe_final_identity_cluster,2
persona-2195,HP-00002195,FCL2-011741,juan roque,1796,male,safe_final_identity_cluster,2
persona-2196,HP-00002196,FCL2-001066,pablo roque,1796,male,safe_final_identity_cluster,2
persona-2220,HP-00001269,FCL2-000636,thomas alvaro,1796,male,safe_final_identity_cluster,2
persona-2221,HP-00001270,FCL2-000636,thomasa chumbili,1796,female,safe_final_identity_cluster,2
persona-2232,HP-00002232,FCL2-001083,manuel peralta,1796,male,safe_final_identity_cluster,3
persona-2233,HP-00002233,FCL2-001083,maria cordova,1796,female,safe_final_identity_cluster,3
persona-2255,HP-00000697,FCL2-000359,eugenio condori,1796,male,safe_final_identity_cluster,4
persona-2259,HP-00002259,FCL2-001096,ygnacio condori,1796,male,safe_final_identity_cluster,4
persona-2264,HP-00002264,FCL2-001098,maria pisarro,1796,female,safe_final_identity_cluster,3
persona-2272,HP-00000508,FCL2-000265,maria huamani,1796,female,safe_final_identity_cluster,3
persona-2287,HP-00002287,FCL2-001108,julian chinchai,1796,male,safe_final_identity_cluster,3
persona-2295,HP-00000176,FCL2-000091,manuel suica,1796,male,safe_final_identity_cluster,2
persona-2296,HP-00000177,FCL2-000091,jasinta luca,1796,female,safe_final_identity_cluster,2
persona-2307,HP-00001107,FCL2-000561,carlos canto,1796,male,safe_final_identity_cluster,3
persona-2316,HP-00000367,FCL2-000190,manuela cuchu,1796,female,safe_final_identity_cluster,3
persona-2337,HP-00000839,FCL2-000431,nicolas cruz,1796,male,safe_final_identity_cluster,4
persona-2338,HP-00000840,FCL2-000431,juana cuchu,1796,female,safe_final_identity_cluster,4
persona-2340,HP-00002340,FCL2-011818,bibiana quispe,1796,female,safe_final_identity_cluster,2
persona-2348,HP-00002348,FCL2-012088,eulalia antay,1796,female,safe_final_identity_cluster,2
persona-2349,HP-00002349,FCL2-012088,bonifacio antay,1796,male,safe_final_identity_cluster,3
persona-2350,HP-00002350,FCL2-012088,agueda huamani,1796,female,safe_final_identity_cluster,3
persona-2374,HP-00001951,FCL2-000953,paula echacaya,1797,female,safe_final_identity_cluster,2
persona-2401,HP-00002401,FCL2-001159,romualdo urbano,1797,male,safe_final_identity_cluster,3
persona-2402,HP-00002402,FCL2-001159,lucia asto,1797,female,safe_final_identity_cluster,3
persona-2415,HP-00002415,FCL2-011827,sebastian arango,1797,male,safe_final_identity_cluster,2
persona-2416,HP-00002416,FCL2-001167,juan arango,1797,male,safe_final_identity_cluster,4
persona-2417,HP-00002417,FCL2-001167,paula achamisa,1797,female,safe_final_identity_cluster,3
persona-2420,HP-00002005,FCL2-000980,benito joseph tipe,1797,male,safe_final_identity_cluster,2
persona-2432,HP-00000745,FCL2-000382,bernardo poma,1797,male,safe_final_identity_cluster,2
persona-2437,HP-00001152,FCL2-000582,norverta poma,1797,female,safe_final_identity_cluster,3
persona-2445,HP-00002445,FCL2-001177,felipa cruz,1797,female,safe_final_identity_cluster,3
persona-2456,HP-00002456,FCL2-001183,alfonso palomino,1797,male,safe_final_identity_cluster,4
persona-2457,HP-00002457,FCL2-001183,dominga taquiri,1797,female,safe_final_identity_cluster,4
persona-2461,HP-00001132,FCL2-000573,eugenia quispe,1797,female,safe_final_identity_cluster,3
persona-2465,HP-00002465,FCL2-001186,petrona vilca,1797,female,safe_final_identity_cluster,4
persona-2476,HP-00000536,FCL2-000276,bonifacia hualpatucro,1797,female,safe_final_identity_cluster,2
persona-2479,HP-00002479,FCL2-001192,francisco huauya,1797,male,safe_final_identity_cluster,2
persona-2495,HP-00001218,FCL2-000614,lucia sanchez,1797,female,safe_final_identity_cluster,2
persona-2518,HP-00001349,FCL2-000674,juan poma,1797,male,safe_final_identity_cluster,3
persona-2519,HP-00001350,FCL2-000674,cayetana quispe,1797,female,safe_final_identity_cluster,2
persona-2526,HP-00001665,FCL2-000821,blas palomino,1797,male,safe_final_identity_cluster,2
persona-2527,HP-00001666,FCL2-000821,petrona garcia,1797,female,safe_final_identity_cluster,2
persona-2542,HP-00001237,FCL2-000622,damaso canto,1797,male,safe_final_identity_cluster,3
persona-2563,HP-00000968,FCL2-000493,maria cuchu,1797,female,safe_final_identity_cluster,4
persona-2575,HP-00002010,FCL2-000982,dominga huamani,1797,female,safe_final_identity_cluster,2
persona-2586,HP-00000486,FCL2-000253,gregoria huamani,1797,female,safe_final_identity_cluster,4
persona-2597,HP-00001174,FCL2-000593,silverio barrientos,1797,male,safe_final_identity_cluster,2
persona-2598,HP-00001175,FCL2-000593,paula chumbili,1797,female,safe_final_identity_cluster,2
persona-2604,HP-00002604,FCL2-000673,gregorio condori,1797,male,safe_final_identity_cluster,2
persona-2605,HP-00001742,FCL2-000855,mathias condori,1797,male,safe_final_identity_cluster,2
persona-2622,HP-00001654,FCL2-000816,victoria chumbili,1797,female,safe_final_identity_cluster,4
persona-2629,HP-00001111,FCL2-000563,mariano robles,1797,male,safe_final_identity_cluster,2
persona-2630,HP-00001112,FCL2-000563,toribia coyllo,1797,female,safe_final_identity_cluster,2
persona-2655,HP-00002655,FCL2-012378,alverto guamani,1797,male,safe_final_identity_cluster,2
persona-2660,HP-00002013,FCL2-000984,thomas manco,1797,male,safe_final_identity_cluster,2
persona-2661,HP-00002014,FCL2-000984,polonia gavilan,1797,female,safe_final_identity_cluster,2
persona-2673,HP-00000343,FCL2-000176,thomasa hualpatucro,1797,female,safe_final_identity_cluster,3
persona-2681,HP-00001654,FCL2-000816,victoria chumbili,1797,female,safe_final_identity_cluster,4
persona-2702,HP-00001563,FCL2-000773,nicolas ayquipa,1797,male,safe_final_identity_cluster,2
persona-2703,HP-00001564,FCL2-000773,estefa condori,1797,female,safe_final_identity_cluster,2
persona-2717,HP-00002717,FCL2-001296,domingo cruz,1797,male,safe_final_identity_cluster,4
persona-2718,HP-00002718,FCL2-001296,sebastiana condori,1797,female,safe_final_identity_cluster,4
persona-2725,HP-00001958,FCL2-000958,santos manco,1797,male,safe_final_identity_cluster,2
persona-2738,HP-00001092,FCL2-000553,maria lucana,1797,female,safe_final_identity_cluster,4
persona-2744,HP-00000839,FCL2-000431,nicolas cruz,1797,male,safe_final_identity_cluster,4
persona-2745,HP-00000840,FCL2-000431,juana cuchu,1797,female,safe_final_identity_cluster,4
persona-2749,HP-00002080,FCL2-001014,ventura palomino,1797,female,safe_final_identity_cluster,2
persona-2752,HP-00001371,FCL2-000684,ambrosio ortiz,1797,male,safe_final_identity_cluster,2
persona-2753,HP-00001372,FCL2-000684,susana ramirez,1797,female,safe_final_identity_cluster,2
persona-2767,HP-00001962,FCL2-000960,elias ramirez,1797,male,safe_final_identity_cluster,2
persona-2771,HP-00001823,FCL2-000893,joseph paucar,1797,male,safe_final_identity_cluster,2
persona-2772,HP-00001824,FCL2-000893,josepha yunca callo,1797,female,safe_final_identity_cluster,2
persona-2775,HP-00001915,FCL2-000937,ciprian quispe,1797,male,safe_final_identity_cluster,2
persona-2784,HP-00001654,FCL2-000816,victoria chumbili,1797,female,safe_final_identity_cluster,4
persona-2791,HP-00002791,FCL2-001324,mariano llacsamanta,1797,male,safe_final_identity_cluster,2
persona-2792,HP-00002792,FCL2-001324,luisa cruz,1797,female,safe_final_identity_cluster,2
persona-2795,HP-00001567,FCL2-000775,simon espinosa,1797,male,safe_final_identity_cluster,5
persona-2796,HP-00001568,FCL2-000775,carmina palomino,1797,female,safe_final_identity_cluster,5
persona-2812,HP-00002445,FCL2-001177,felipa cruz,1798,female,safe_final_identity_cluster,3
persona-2868,HP-00000467,FCL2-000244,dominga hualpatucro,1798,female,safe_final_identity_cluster,2
persona-2871,HP-00001625,FCL2-000803,alexo echacaya,1798,male,safe_final_identity_cluster,2
persona-2888,HP-00002888,FCL2-001365,gertrudis torres,1798,female,safe_final_identity_cluster,2
persona-2891,HP-00002053,FCL2-001001,alverto roque,1798,male,safe_final_identity_cluster,2
persona-2892,HP-00002054,FCL2-001001,michaela sanchez,1798,female,safe_final_identity_cluster,2
persona-2895,HP-00001766,FCL2-001368,atanasio sanchez,1798,male,safe_final_identity_cluster,2
persona-2903,HP-00002126,FCL2-001035,theodoro huaranca,1798,male,safe_final_identity_cluster,2
persona-2907,HP-00001166,FCL2-000589,agustin sanchez,1798,male,safe_final_identity_cluster,4
persona-2916,HP-00001884,FCL2-000922,cathalina huarcaya,1798,female,safe_final_identity_cluster,3
persona-2943,HP-00000900,FCL2-000461,casimiro lopes,1798,male,safe_final_identity_cluster,2
persona-2951,HP-00000168,FCL2-000087,pedro huauia,1798,male,safe_final_identity_cluster,3
persona-2952,HP-00000169,FCL2-000087,ynes sanches,1798,female,safe_final_identity_cluster,3
persona-2959,HP-00000367,FCL2-000190,manuela cuchu,1798,female,safe_final_identity_cluster,3
persona-2966,HP-00001543,FCL2-000764,pablo cruz,1798,male,safe_final_identity_cluster,2
persona-2967,HP-00001544,FCL2-000764,magdalena quispe,1798,female,safe_final_identity_cluster,2
persona-2977,HP-00001645,FCL2-000812,joseph xavier,1798,male,safe_final_identity_cluster,2
persona-2978,HP-00001646,FCL2-000812,cayetana paucar,1798,female,safe_final_identity_cluster,2
persona-3003,HP-00003003,FCL2-001417,evaristo quispe,1798,male,safe_final_identity_cluster,2
persona-3011,HP-00003011,FCL2-001421,maria santa cruz,1798,female,safe_final_identity_cluster,2
persona-3012,HP-00003012,FCL2-001421,damian cruz,1798,male,safe_final_identity_cluster,3
persona-3013,HP-00003013,FCL2-001421,antonia nolasco,1798,female,safe_final_identity_cluster,3
persona-3015,HP-00003015,FCL2-001423,matheo palomino,1798,male,safe_final_identity_cluster,2
persona-3019,HP-00003019,FCL2-000543,blacina ramos,1799,female,safe_final_identity_cluster,2
persona-3020,HP-00001071,FCL2-000543,antonio ramos,1799,male,safe_final_identity_cluster,4
persona-3021,HP-00001072,FCL2-000543,petrona quispe,1799,female,safe_final_identity_cluster,4
persona-3023,HP-00003023,FCL2-001426,theresa luca,1799,female,safe_final_identity_cluster,2
persona-3025,HP-00003025,FCL2-001426,ylaria ramos,1799,female,safe_final_identity_cluster,2
persona-3028,HP-00003028,FCL2-001427,manuel rojas,1799,male,safe_final_identity_cluster,2
persona-3047,HP-00000168,FCL2-000087,pedro huauia,1799,male,safe_final_identity_cluster,3
persona-3048,HP-00000169,FCL2-000087,ynes sanches,1799,female,safe_final_identity_cluster,3
persona-3051,HP-00002130,FCL2-001036,christoval coyllo,1799,male,safe_final_identity_cluster,2
persona-3052,HP-00002131,FCL2-001036,maria hualpatucro,1799,female,safe_final_identity_cluster,2
persona-3068,HP-00001782,FCL2-000872,casimira nolasco,1799,female,safe_final_identity_cluster,3
persona-3074,HP-00003003,FCL2-001417,evaristo quispe,1799,male,safe_final_identity_cluster,2
persona-3082,HP-00003011,FCL2-001421,maria santa cruz,1799,female,safe_final_identity_cluster,2
persona-3083,HP-00003012,FCL2-001421,damian cruz,1799,male,safe_final_identity_cluster,3
persona-3084,HP-00003013,FCL2-001421,antonia nolasco,1799,female,safe_final_identity_cluster,3
persona-3086,HP-00003015,FCL2-001423,matheo palomino,1799,male,safe_final_identity_cluster,2
persona-3090,HP-00003019,FCL2-000543,blacina ramos,1799,female,safe_final_identity_cluster,2
persona-3091,HP-00001071,FCL2-000543,antonio ramos,1799,male,safe_final_identity_cluster,4
persona-3092,HP-00001072,FCL2-000543,petrona quispe,1799,female,safe_final_identity_cluster,4
persona-3094,HP-00003023,FCL2-001426,theresa luca,1799,female,safe_final_identity_cluster,2
persona-3096,HP-00003025,FCL2-001426,ylaria ramos,1799,female,safe_final_identity_cluster,2
persona-3104,HP-00000968,FCL2-000493,maria cuchu,1799,female,safe_final_identity_cluster,4
persona-3119,HP-00002287,FCL2-001108,julian chinchai,1799,male,safe_final_identity_cluster,3
persona-3123,HP-00001107,FCL2-000561,carlos canto,1799,male,safe_final_identity_cluster,3
persona-3134,HP-00003134,FCL2-001468,ynes condori,1799,female,safe_final_identity_cluster,2
persona-3136,HP-00003136,FCL2-001468,victoria sanches,1799,female,safe_final_identity_cluster,2
persona-3139,HP-00002259,FCL2-001096,ygnacio condori,1799,male,safe_final_identity_cluster,4
persona-3159,HP-00003159,FCL2-001478,manuela nolasco,1799,female,safe_final_identity_cluster,2
persona-3162,HP-00002401,FCL2-001159,romualdo urbano,1799,male,safe_final_identity_cluster,3
persona-3163,HP-00002402,FCL2-001159,lucia asto,1799,female,safe_final_identity_cluster,3
persona-3167,HP-00000343,FCL2-000176,thomasa hualpatucro,1799,female,safe_final_identity_cluster,3
persona-3178,HP-00002349,FCL2-012088,bonifacio antay,1799,male,safe_final_identity_cluster,3
persona-3179,HP-00002350,FCL2-012088,agueda huamani,1799,female,safe_final_identity_cluster,3
persona-3182,HP-00000658,FCL2-000339,juan quispe,1799,male,safe_final_identity_cluster,3
persona-3183,HP-00000659,FCL2-000339,cecilia champa,1799,female,safe_final_identity_cluster,3
persona-3189,HP-00003189,FCL2-011680,rosa palomino,1799,female,safe_final_identity_cluster,2
persona-3199,HP-00000185,FCL2-000094,petrona sanches,1799,female,safe_final_identity_cluster,2
persona-3203,HP-00001132,FCL2-000573,eugenia quispe,1799,female,safe_final_identity_cluster,3
persona-3219,HP-00002264,FCL2-001098,maria pisarro,1799,female,safe_final_identity_cluster,3
persona-3230,HP-00000916,FCL2-000468,mariano calataiu,1799,male,safe_final_identity_cluster,2
persona-3231,HP-00000917,FCL2-000468,gabriela condori,1799,female,safe_final_identity_cluster,2
persona-3243,HP-00003243,FCL2-001511,damiana guamani,1800,female,safe_final_identity_cluster,2
persona-3249,HP-00003134,FCL2-001468,ynes condori,1800,female,safe_final_identity_cluster,2
persona-3251,HP-00003136,FCL2-001468,pictoria sanches,1800,female,safe_final_identity_cluster,2
persona-3254,HP-00002259,FCL2-001096,ygnacio condori,1800,male,safe_final_identity_cluster,4
persona-3271,HP-00001092,FCL2-000553,maria lucana,1800,female,safe_final_identity_cluster,4
persona-3302,HP-00000598,FCL2-000310,miguel sanches,1800,male,safe_final_identity_cluster,2
persona-3405,HP-00003405,FCL2-001591,francisca pauccar,1801,female,safe_final_identity_cluster,2
persona-3431,HP-00002232,FCL2-001083,manuel peralta,1801,male,safe_final_identity_cluster,3
persona-3432,HP-00002233,FCL2-001083,maria cordova,1801,female,safe_final_identity_cluster,3
persona-3435,HP-00003435,FCL2-001606,luis cuevas,1801,male,safe_final_identity_cluster,2
persona-3440,HP-00003440,FCL2-001608,maria taquiri,1801,female,safe_final_identity_cluster,2
persona-3455,HP-00002445,FCL2-001177,felipa cruz,1801,female,safe_final_identity_cluster,3
persona-3478,HP-00002232,FCL2-001083,manuel peralta,1801,male,safe_final_identity_cluster,3
persona-3479,HP-00002233,FCL2-001083,maria cordova,1801,female,safe_final_identity_cluster,3
persona-3488,HP-00003488,FCL2-012075,blacina huauya,1801,female,safe_final_identity_cluster,2
persona-3492,HP-00003492,FCL2-012494,maria chinchay,1801,female,safe_final_identity_cluster,2
persona-3516,HP-00003516,FCL2-011978,petrona paucar,1801,female,safe_final_identity_cluster,2
persona-3518,HP-00003518,FCL2-001643,maria cucho,1801,female,safe_final_identity_cluster,3
persona-3544,HP-00003544,FCL2-001657,dominga guamani,1802,female,safe_final_identity_cluster,2
persona-3558,HP-00001567,FCL2-000775,simon espinosa,1802,male,safe_final_identity_cluster,5
persona-3559,HP-00001568,FCL2-000775,carmina palomino,1802,female,safe_final_identity_cluster,5
persona-3570,HP-00003570,FCL2-001670,santos flores,1802,male,safe_final_identity_cluster,4
persona-3571,HP-00003571,FCL2-001670,pasquala gutierres,1802,female,safe_final_identity_cluster,4
persona-3681,HP-00003681,FCL2-012410,pablo gavilan,1803,male,safe_final_identity_cluster,2
persona-3695,HP-00003243,FCL2-001511,damiana guamani,1803,female,safe_final_identity_cluster,2
persona-3733,HP-00002465,FCL2-001186,petrona vilca,1803,female,safe_final_identity_cluster,4
persona-3737,HP-00003544,FCL2-001657,dominga guamani,1803,female,safe_final_identity_cluster,2
persona-3745,HP-00003440,FCL2-001608,maria taquiri,1803,female,safe_final_identity_cluster,2
persona-3798,HP-00003518,FCL2-001643,maria cucho,1803,female,safe_final_identity_cluster,3
persona-3809,HP-00002287,FCL2-001108,julian chinchai,1804,male,safe_final_identity_cluster,3
persona-3871,HP-00002456,FCL2-001183,alfonso palomino,1804,male,safe_final_identity_cluster,4
persona-3872,HP-00002457,FCL2-001183,dominga taquiri,1804,female,safe_final_identity_cluster,4
persona-3892,HP-00003892,FCL2-001828,tomasa barrientos,1804,female,safe_final_identity_cluster,3
persona-3911,HP-00000697,FCL2-000359,eugenio condori,1804,male,safe_final_identity_cluster,4
persona-3950,HP-00003950,FCL2-001857,bacilio raymi,1804,male,safe_final_identity_cluster,2
persona-3951,HP-00003951,FCL2-001857,victoria sanchez,1804,female,safe_final_identity_cluster,2
persona-3974,HP-00002401,FCL2-001159,romualdo urbano,1804,male,safe_final_identity_cluster,3
persona-3975,HP-00002402,FCL2-001159,lucia asto,1804,female,safe_final_identity_cluster,3
persona-3986,HP-00003986,FCL2-001874,antonio polanco,1804,male,safe_final_identity_cluster,2
persona-3987,HP-00003987,FCL2-001874,marsela sanches,1804,female,safe_final_identity_cluster,2
persona-4018,HP-00002259,FCL2-001096,ygnacio condori,1805,male,safe_final_identity_cluster,4
persona-4051,HP-00003892,FCL2-001828,tomasa barrientos,1805,female,safe_final_identity_cluster,3
persona-4054,HP-00004054,FCL2-001906,pasqual huauya,1805,male,safe_final_identity_cluster,2
persona-4067,HP-00002465,FCL2-001186,petrona vilca,1806,female,safe_final_identity_cluster,4
persona-4070,HP-00000995,FCL2-000506,mariano guamani,1806,male,safe_final_identity_cluster,2
persona-4071,HP-00000996,FCL2-000506,maria tito,1806,female,safe_final_identity_cluster,2
persona-4090,HP-00001080,FCL2-000547,francisca paucar,1806,female,safe_final_identity_cluster,4
persona-4144,HP-00001567,FCL2-000775,simon espinosa,1806,male,safe_final_identity_cluster,5
persona-4145,HP-00001568,FCL2-000775,carmina palomino,1806,female,safe_final_identity_cluster,5
persona-4263,HP-00002479,FCL2-001192,francisco huauya,1807,male,safe_final_identity_cluster,2
persona-4364,HP-00004364,FCL2-002060,benturana bautista,1807,female,safe_final_identity_cluster,2
persona-4398,HP-00004398,FCL2-002078,gregoria guamani,1807,female,safe_final_identity_cluster,2
persona-4405,HP-00004405,FCL2-002082,nicolas roque,1807,male,safe_final_identity_cluster,2
persona-4406,HP-00004406,FCL2-002082,antonia quispe,1807,female,safe_final_identity_cluster,2
persona-4433,HP-00004433,FCL2-002095,jasinto baptista,1807,male,safe_final_identity_cluster,2
persona-4434,HP-00004434,FCL2-002095,liberata guamani,1807,female,safe_final_identity_cluster,2
persona-4470,HP-00004470,FCL2-002111,thomasa quispe,1807,female,safe_final_identity_cluster,4
persona-4481,HP-00003986,FCL2-001874,antonio polanco,1807,male,safe_final_identity_cluster,2
persona-4482,HP-00003987,FCL2-001874,marsela sanches,1807,female,safe_final_identity_cluster,2
persona-4514,HP-00000968,FCL2-000493,maria cuchu,1807,female,safe_final_identity_cluster,4
persona-4590,HP-00004590,FCL2-002171,cayetano cruz,1808,male,safe_final_identity_cluster,2
persona-4591,HP-00004591,FCL2-002171,manuela llacsamanta,1808,female,safe_final_identity_cluster,2
persona-4595,HP-00004595,FCL2-002173,juana ramos,1808,female,safe_final_identity_cluster,3
persona-4599,HP-00001092,FCL2-000553,maria lucana,1808,female,safe_final_identity_cluster,4
persona-4602,HP-00004602,FCL2-002176,ciprian cividola,1808,male,safe_final_identity_cluster,3
persona-4603,HP-00004603,FCL2-002176,gabriela huamani,1808,female,safe_final_identity_cluster,3
persona-4606,HP-00004606,FCL2-002178,andres cividola,1808,male,safe_final_identity_cluster,2
persona-4626,HP-00004626,FCL2-002188,manuela ortiz,1808,female,safe_final_identity_cluster,3
persona-4633,HP-00000844,FCL2-000433,faustina palomino,1808,female,safe_final_identity_cluster,2
persona-4636,HP-00004636,FCL2-002193,crisostomo carbajal,1808,male,safe_final_identity_cluster,3
persona-4641,HP-00004641,FCL2-002195,manuela condori,1808,female,safe_final_identity_cluster,3
persona-4661,HP-00004661,FCL2-002205,dominga damian,1808,female,safe_final_identity_cluster,2
persona-4665,HP-00004665,FCL2-002207,marcela ramos,1808,female,safe_final_identity_cluster,2
persona-4668,HP-00004668,FCL2-012482,norverto peres,1808,male,safe_final_identity_cluster,2
persona-4672,HP-00002456,FCL2-001183,alfonso palomino,1808,male,safe_final_identity_cluster,4
persona-4673,HP-00002457,FCL2-001183,dominga taquiri,1808,female,safe_final_identity_cluster,4
persona-4680,HP-00004680,FCL2-002213,felipe guachaca,1808,male,safe_final_identity_cluster,3
persona-4689,HP-00004689,FCL2-002217,leandra poma,1808,female,safe_final_identity_cluster,2
persona-4693,HP-00003405,FCL2-001591,francisca pauccar,1808,female,safe_final_identity_cluster,2
persona-4717,HP-00004717,FCL2-002230,gregoria sanchez,1808,female,safe_final_identity_cluster,2
persona-4720,HP-00004720,FCL2-002232,juan huamani,1808,male,safe_final_identity_cluster,2
persona-4744,HP-00004744,FCL2-002243,jacinto sanches,1808,male,safe_final_identity_cluster,2
persona-4749,HP-00001782,FCL2-000872,casimira nolasco,1808,female,safe_final_identity_cluster,3
persona-4760,HP-00003950,FCL2-001857,bacilio raymi,1808,male,safe_final_identity_cluster,2
persona-4761,HP-00003951,FCL2-001857,victoria sanchez,1808,female,safe_final_identity_cluster,2
persona-4768,HP-00003570,FCL2-001670,santos flores,1808,male,safe_final_identity_cluster,4
persona-4769,HP-00003571,FCL2-001670,pasquala gutierres,1808,female,safe_final_identity_cluster,4
persona-4797,HP-00004398,FCL2-002078,gregoria guamani,1808,female,safe_final_identity_cluster,2
persona-4835,HP-00004835,FCL2-002285,ancelmo abalos,1808,male,safe_final_identity_cluster,3
persona-4844,HP-00004844,FCL2-002289,tadea bautista,1808,female,safe_final_identity_cluster,2
persona-4859,HP-00004859,FCL2-002297,getrudis torres,1808,female,safe_final_identity_cluster,3
persona-4893,HP-00004590,FCL2-002171,cayetano cruz,1808,male,safe_final_identity_cluster,2
persona-4894,HP-00004591,FCL2-002171,manuela llacsamanta,1808,female,safe_final_identity_cluster,2
persona-4905,HP-00004905,FCL2-002319,nicolas ynca,1808,male,safe_final_identity_cluster,2
persona-4925,HP-00003435,FCL2-001606,luis cuevas,1809,male,safe_final_identity_cluster,2
persona-4937,HP-00004937,FCL2-002334,paula paucar,1809,female,safe_final_identity_cluster,2
persona-4952,HP-00004405,FCL2-002082,nicolas roque,1809,male,safe_final_identity_cluster,2
persona-4953,HP-00004406,FCL2-002082,antonia quispe,1809,female,safe_final_identity_cluster,2
persona-4956,HP-00001567,FCL2-000775,simon espinosa,1809,male,safe_final_identity_cluster,5
persona-4957,HP-00001568,FCL2-000775,carmina palomino,1809,female,safe_final_identity_cluster,5
persona-4961,HP-00004961,FCL2-002344,alexandra solis,1809,female,safe_final_identity_cluster,3
persona-4964,HP-00003012,FCL2-001421,damian cruz,1809,male,safe_final_identity_cluster,3
persona-4965,HP-00003013,FCL2-001421,antonia nolasco,1809,female,safe_final_identity_cluster,3
persona-4973,HP-00004364,FCL2-002060,venturana bautista,1809,female,safe_final_identity_cluster,2
persona-4992,HP-00004992,FCL2-002358,marcelo huamani,1809,male,safe_final_identity_cluster,2
persona-4993,HP-00004993,FCL2-002358,nieves quispe,1809,female,safe_final_identity_cluster,2
persona-5004,HP-00005004,FCL2-002364,dionicia coyllo,1809,female,safe_final_identity_cluster,5
persona-5036,HP-00003892,FCL2-001828,tomasa barrientos,1809,female,safe_final_identity_cluster,3
persona-5040,HP-00004717,FCL2-002230,gregoria sanchez,1809,female,safe_final_identity_cluster,2
persona-5099,HP-00005099,FCL2-002409,bictoria urbano,1809,female,safe_final_identity_cluster,2
persona-5167,HP-00004661,FCL2-002205,dominga damian,1809,female,safe_final_identity_cluster,2
persona-5186,HP-00005186,FCL2-002450,manuela lupa,1809,female,safe_final_identity_cluster,2
persona-5201,HP-00005201,FCL2-012609,luis llacsamanta,1809,male,safe_final_identity_cluster,2
persona-5221,HP-00001166,FCL2-000589,agustin sanchez,1809,male,safe_final_identity_cluster,4
persona-5256,HP-00003159,FCL2-001478,manuela nolasco,1809,female,safe_final_identity_cluster,2
persona-5329,HP-00005329,FCL2-002520,manuel rayme,1810,male,safe_final_identity_cluster,2
persona-5333,HP-00005333,FCL2-002522,mariano palomino,1810,male,safe_final_identity_cluster,2
persona-5334,HP-00005334,FCL2-002522,rosa espilco,1810,female,safe_final_identity_cluster,2
persona-5337,HP-00000236,FCL2-000122,nicolas palomino,1810,male,safe_final_identity_cluster,3
persona-5338,HP-00000237,FCL2-000122,francisca garcia,1810,female,safe_final_identity_cluster,3
persona-5342,HP-00005342,FCL2-002525,polonia huajardo,1810,female,safe_final_identity_cluster,3
persona-5344,HP-00005344,FCL2-002527,benito condori,1810,male,safe_final_identity_cluster,2
persona-5345,HP-00005345,FCL2-002527,lorenso condori,1810,male,safe_final_identity_cluster,3
persona-5346,HP-00005346,FCL2-002527,maria cruz,1810,female,safe_final_identity_cluster,3
persona-5353,HP-00004433,FCL2-002095,jasinto baptista,1810,male,safe_final_identity_cluster,2
persona-5354,HP-00004434,FCL2-002095,liberata guamani,1810,female,safe_final_identity_cluster,2
persona-5357,HP-00004636,FCL2-002193,chrisostomo carbajal,1810,male,safe_final_identity_cluster,3
persona-5373,HP-00002717,FCL2-001296,domingo cruz,1810,male,safe_final_identity_cluster,4
persona-5374,HP-00002718,FCL2-001296,sebastiana condori,1810,female,safe_final_identity_cluster,4
persona-5376,HP-00005344,FCL2-002527,benito condori,1810,male,safe_final_identity_cluster,2
persona-5377,HP-00005345,FCL2-002527,lorenso condori,1810,male,safe_final_identity_cluster,3
persona-5378,HP-00005346,FCL2-002527,maria cruz,1810,female,safe_final_identity_cluster,3
persona-5410,HP-00003518,FCL2-001643,maria cucho,1810,female,safe_final_identity_cluster,3
persona-5442,HP-00004626,FCL2-002188,manuela ortiz,1810,female,safe_final_identity_cluster,3
persona-5454,HP-00005454,FCL2-002572,josefa huamani,1810,female,safe_final_identity_cluster,2
persona-5461,HP-00003570,FCL2-001670,santos flores,1810,male,safe_final_identity_cluster,4
persona-5462,HP-00003571,FCL2-001670,pasquala gutierres,1810,female,safe_final_identity_cluster,4
persona-5466,HP-00004595,FCL2-002173,juana ramos,1810,female,safe_final_identity_cluster,3
persona-5485,HP-00005485,FCL2-002585,damaso ramos,1810,male,safe_final_identity_cluster,2
persona-5486,HP-00005486,FCL2-002585,melchora huachaca,1810,female,safe_final_identity_cluster,2
persona-5494,HP-00005494,FCL2-002588,rafaela sanches,1810,female,safe_final_identity_cluster,2
persona-5497,HP-00000697,FCL2-000359,eugenio condori,1810,male,safe_final_identity_cluster,4
persona-5517,HP-00005517,FCL2-002599,pasqual guauya,1810,male,safe_final_identity_cluster,2
persona-5564,HP-00005329,FCL2-002520,manuel rayme,1810,male,safe_final_identity_cluster,2
persona-5568,HP-00005568,FCL2-002624,eulalia paucar,1810,female,safe_final_identity_cluster,2
persona-5572,HP-00005572,FCL2-002626,barbara orosco,1810,female,safe_final_identity_cluster,2
persona-5588,HP-00005588,FCL2-002634,juana ontiberos,1810,female,safe_final_identity_cluster,2
persona-5592,HP-00005588,FCL2-002634,juana ontiberos,1810,female,safe_final_identity_cluster,2
persona-5604,HP-00002264,FCL2-001098,maria pisarro,1810,female,safe_final_identity_cluster,3
persona-5624,HP-00004937,FCL2-002334,paula paucar,1810,female,safe_final_identity_cluster,2
persona-5627,HP-00005568,FCL2-002624,eulalia paucar,1810,female,safe_final_identity_cluster,2
persona-5645,HP-00004680,FCL2-002213,felipe guachaca,1810,male,safe_final_identity_cluster,3
persona-5662,HP-00004859,FCL2-002297,getrudis torres,1811,female,safe_final_identity_cluster,3
persona-5690,HP-00005690,FCL2-002678,marsela ramos,1811,female,safe_final_identity_cluster,4
persona-5694,HP-00001080,FCL2-000547,francisca paucar,1811,female,safe_final_identity_cluster,4
persona-5698,HP-00005698,FCL2-002681,ana ayme,1811,female,safe_final_identity_cluster,2
persona-5713,HP-00005517,FCL2-002599,pasqual guauya,1811,male,safe_final_identity_cluster,2
persona-5737,HP-00002456,FCL2-001183,alfonso palomino,1811,male,safe_final_identity_cluster,4
persona-5738,HP-00002457,FCL2-001183,dominga taquiri,1811,female,safe_final_identity_cluster,4
persona-5750,HP-00004844,FCL2-002289,thadea bautista,1811,female,safe_final_identity_cluster,2
persona-5753,HP-00005345,FCL2-002527,lorenso condori,1811,male,safe_final_identity_cluster,3
persona-5754,HP-00005346,FCL2-002527,maria cruz,1811,female,safe_final_identity_cluster,3
persona-5786,HP-00005099,FCL2-002409,victoria urbano,1811,female,safe_final_identity_cluster,2
persona-5790,HP-00004859,FCL2-002297,getrudis torres,1811,female,safe_final_identity_cluster,3
persona-5824,HP-00005824,FCL2-002739,juan de dios llamocca,1811,male,safe_final_identity_cluster,2
persona-5825,HP-00005825,FCL2-002739,bartola huamani,1811,female,safe_final_identity_cluster,2
persona-5829,HP-00005829,FCL2-002741,maria lisarve,1811,female,safe_final_identity_cluster,2
persona-5836,HP-00004054,FCL2-001906,pasqual huauya,1811,male,safe_final_identity_cluster,2
persona-5867,HP-00005004,FCL2-002364,dionicia coyllo,1811,female,safe_final_identity_cluster,5
persona-5879,HP-00004595,FCL2-002173,juana ramos,1812,female,safe_final_identity_cluster,3
persona-5889,HP-00005889,FCL2-002770,teresa bentura,1812,female,safe_final_identity_cluster,2
persona-5890,HP-00005890,FCL2-002770,mateo bentura,1812,male,safe_final_identity_cluster,2
persona-5909,HP-00005909,FCL2-002780,roque alvaro,1812,male,safe_final_identity_cluster,3
persona-5910,HP-00005910,FCL2-002780,francisca cruz,1812,female,safe_final_identity_cluster,3
persona-5926,HP-00005926,FCL2-002788,ysabel llacsamanta,1812,female,safe_final_identity_cluster,2
persona-5930,HP-00005004,FCL2-002364,dionicia coyllo,1812,female,safe_final_identity_cluster,5
persona-5938,HP-00005938,FCL2-002793,lucia huaya,1812,female,safe_final_identity_cluster,2
persona-5942,HP-00005004,FCL2-002364,dionicia coyllo,1812,female,safe_final_identity_cluster,5
persona-5969,HP-00005969,FCL2-013375,gabriel barrientos,1812,male,safe_final_identity_cluster,2
persona-5970,HP-00005970,FCL2-013375,casimira tito,1812,female,safe_final_identity_cluster,3
persona-5973,HP-00002416,FCL2-001167,juan arango,1812,male,safe_final_identity_cluster,4
persona-5974,HP-00002417,FCL2-001167,paula achamisa,1812,female,safe_final_identity_cluster,3
persona-5977,HP-00004835,FCL2-002285,ancelmo abalos,1812,male,safe_final_identity_cluster,3
persona-5984,HP-00005984,FCL2-013766,asencio asto,1812,male,safe_final_identity_cluster,2
persona-6007,HP-00004905,FCL2-002319,nicolas ynca,1812,male,safe_final_identity_cluster,2
persona-6019,HP-00006019,FCL2-002828,marcelo collaquispe,1812,male,safe_final_identity_cluster,2
persona-6024,HP-00002888,FCL2-001365,gertrudis torres,1812,female,safe_final_identity_cluster,2
persona-6036,HP-00006036,FCL2-002835,petrona chumbili,1812,female,safe_final_identity_cluster,4
persona-6082,HP-00002717,FCL2-001296,domingo cruz,1812,male,safe_final_identity_cluster,4
persona-6083,HP-00002718,FCL2-001296,sebastiana condori,1812,female,safe_final_identity_cluster,4
persona-6090,HP-00006090,FCL2-002862,jose quispe,1812,male,safe_final_identity_cluster,2
persona-6094,HP-00005333,FCL2-002522,mariano palomino,1812,male,safe_final_identity_cluster,2
persona-6095,HP-00005334,FCL2-002522,rosa espilco,1812,female,safe_final_identity_cluster,2
persona-6099,HP-00005342,FCL2-002525,polonia huajardo,1812,female,safe_final_identity_cluster,3
persona-6103,HP-00004626,FCL2-002188,manuela ortiz,1812,female,safe_final_identity_cluster,3
persona-6105,HP-00005889,FCL2-002770,teresa bentura,1812,female,safe_final_identity_cluster,2
persona-6106,HP-00005890,FCL2-002770,matheo bentura,1812,male,safe_final_identity_cluster,2
persona-6127,HP-00004641,FCL2-002195,manuela condori,1812,female,safe_final_identity_cluster,3
persona-6136,HP-00003570,FCL2-001670,santos flores,1812,male,safe_final_identity_cluster,4
persona-6137,HP-00003571,FCL2-001670,pasquala gutierres,1812,female,safe_final_identity_cluster,4
persona-6140,HP-00006140,FCL2-002882,santos quispe,1812,male,safe_final_identity_cluster,3
persona-6141,HP-00006141,FCL2-002882,juliana huallpatuiro,1812,female,safe_final_identity_cluster,3
persona-6144,HP-00004602,FCL2-002176,ciprian cividola,1812,male,safe_final_identity_cluster,3
persona-6145,HP-00004603,FCL2-002176,gabriela huamani,1812,female,safe_final_identity_cluster,3
persona-6179,HP-00006179,FCL2-002900,matheo condori,1813,male,safe_final_identity_cluster,2
persona-6206,HP-00005485,FCL2-002585,damaso ramos,1813,male,safe_final_identity_cluster,2
persona-6207,HP-00005486,FCL2-002585,melchora huachaca,1813,female,safe_final_identity_cluster,2
persona-6211,HP-00006211,FCL2-002915,polonia huamani,1813,female,safe_final_identity_cluster,2
persona-6218,HP-00004720,FCL2-002232,juan huamani,1813,male,safe_final_identity_cluster,2
persona-6249,HP-00006249,FCL2-002934,celestino sanches,1813,male,safe_final_identity_cluster,2
persona-6250,HP-00006250,FCL2-002935,jasinto sanches,1813,male,safe_final_identity_cluster,2
persona-6269,HP-00006269,FCL2-002945,julian peres,1813,male,safe_final_identity_cluster,4
persona-6270,HP-00006270,FCL2-002945,monica abalos,1813,female,safe_final_identity_cluster,4
persona-6274,HP-00005572,FCL2-002626,barvara orosco,1813,female,safe_final_identity_cluster,2
persona-6280,HP-00006249,FCL2-002934,celestino sanches,1813,male,safe_final_identity_cluster,2
persona-6281,HP-00004744,FCL2-002243,jacinto sanches,1813,male,safe_final_identity_cluster,2
persona-6289,HP-00006289,FCL2-002953,yldefonso fernandes,1813,male,safe_final_identity_cluster,3
persona-6290,HP-00006290,FCL2-002953,thomasa huallpatuiro,1813,female,safe_final_identity_cluster,3
persona-6345,HP-00004665,FCL2-002207,marcela ramos,1813,female,safe_final_identity_cluster,2
persona-6384,HP-00004835,FCL2-002285,ancelmo abalos,1813,male,safe_final_identity_cluster,3
persona-6393,HP-00006393,FCL2-003001,eusebia ramos,1813,female,safe_final_identity_cluster,2
persona-6441,HP-00005698,FCL2-002681,ana ayme,1813,female,safe_final_identity_cluster,2
persona-6445,HP-00004470,FCL2-002111,thomasa quispe,1813,female,safe_final_identity_cluster,4
persona-6479,HP-00006479,FCL2-003043,felipe sanches,1814,male,safe_final_identity_cluster,2
persona-6480,HP-00006480,FCL2-003043,juana nolasco,1814,female,safe_final_identity_cluster,2
persona-6483,HP-00006179,FCL2-002900,matheo condori,1814,male,safe_final_identity_cluster,2
persona-6490,HP-00006490,FCL2-013710,julian cruz,1814,male,safe_final_identity_cluster,2
persona-6491,HP-00006491,FCL2-003048,custodio cruz,1814,male,safe_final_identity_cluster,2
persona-6496,HP-00001884,FCL2-000922,cathalina huarcaya,1814,female,safe_final_identity_cluster,3
persona-6511,HP-00006511,FCL2-003058,cecilio lopa,1814,male,safe_final_identity_cluster,2
persona-6524,HP-00002465,FCL2-001186,petrona vilca,1814,female,safe_final_identity_cluster,4
persona-6538,HP-00005824,FCL2-002739,juan de dios llamocca,1814,male,safe_final_identity_cluster,2
persona-6539,HP-00005825,FCL2-002739,bartola huamani,1814,female,safe_final_identity_cluster,2
persona-6573,HP-00004470,FCL2-002111,thomasa quispe,1814,female,safe_final_identity_cluster,4
persona-6585,HP-00004961,FCL2-002344,alexandra solis,1814,female,safe_final_identity_cluster,3
persona-6592,HP-00004992,FCL2-002358,marcelo huamani,1814,male,safe_final_identity_cluster,2
persona-6593,HP-00004993,FCL2-002358,nieves quispe,1814,female,safe_final_identity_cluster,2
persona-6644,HP-00005926,FCL2-002788,ysabel llacsamanta,1814,female,safe_final_identity_cluster,2
persona-6647,HP-00006289,FCL2-002953,yldefonso fernandes,1814,male,safe_final_identity_cluster,3
persona-6648,HP-00006290,FCL2-002953,thomasa huallpatuiro,1814,female,safe_final_identity_cluster,3
persona-6667,HP-00006667,FCL2-003127,francisco llacsamanta,1814,male,safe_final_identity_cluster,2
persona-6678,HP-00006678,FCL2-013359,bernarda chinchay,1814,female,safe_final_identity_cluster,2
persona-6688,HP-00006036,FCL2-002835,petrona chumbili,1814,female,safe_final_identity_cluster,4
persona-6699,HP-00002791,FCL2-001324,mariano llacsamanta,1814,male,safe_final_identity_cluster,2
persona-6700,HP-00002792,FCL2-001324,luisa cruz,1814,female,safe_final_identity_cluster,2
persona-6703,HP-00006019,FCL2-002828,marcelo collaquispe,1814,male,safe_final_identity_cluster,2
persona-6731,HP-00004636,FCL2-002193,chrisostomo carbajal,1814,male,safe_final_identity_cluster,3
persona-6748,HP-00006211,FCL2-002915,polonia huamani,1814,female,safe_final_identity_cluster,2
persona-6764,HP-00005454,FCL2-002572,josefa huamani,1814,female,safe_final_identity_cluster,2
persona-6814,HP-00006814,FCL2-003194,felix hayme,1814,male,safe_final_identity_cluster,2
persona-6833,HP-00006814,FCL2-003194,felix hayme,1814,male,safe_final_identity_cluster,2
persona-6862,HP-00006667,FCL2-003127,francisco llacsamanta,1814,male,safe_final_identity_cluster,2
persona-6870,HP-00006090,FCL2-002862,jose quispe,1814,male,safe_final_identity_cluster,2
persona-6877,HP-00006877,FCL2-008139,narciso sanches,1815,male,safe_final_identity_cluster,5
persona-6878,HP-00006878,FCL2-003225,julian sanches,1815,male,safe_final_identity_cluster,3
persona-6879,HP-00006879,FCL2-003225,cayetana huaya,1815,female,safe_final_identity_cluster,2
persona-6885,HP-00006885,FCL2-003229,hypolito sanches,1815,male,safe_final_identity_cluster,3
persona-6886,HP-00006886,FCL2-003229,micayla huamani,1815,female,safe_final_identity_cluster,3
persona-6902,HP-00005829,FCL2-002741,maria lisarve,1815,female,safe_final_identity_cluster,2
persona-6910,HP-00005004,FCL2-002364,dionicia coyllo,1815,female,safe_final_identity_cluster,5
persona-6914,HP-00005494,FCL2-002588,rafaela sanches,1815,female,safe_final_identity_cluster,2
persona-6917,HP-00006289,FCL2-002953,yldefonso fernandes,1815,male,safe_final_identity_cluster,3
persona-6918,HP-00006290,FCL2-002953,thomasa huallpatuiro,1815,female,safe_final_identity_cluster,3
persona-6926,HP-00005938,FCL2-002793,lucia huaya,1815,female,safe_final_identity_cluster,2
persona-6928,HP-00006928,FCL2-003246,paula quispe,1815,female,safe_final_identity_cluster,2
persona-6946,HP-00004961,FCL2-002344,alexandra solis,1815,female,safe_final_identity_cluster,3
persona-6961,HP-00006140,FCL2-002882,santos quispe,1815,male,safe_final_identity_cluster,3
persona-6962,HP-00006141,FCL2-002882,juliana huallpatuiro,1815,female,safe_final_identity_cluster,3
persona-6965,HP-00006140,FCL2-002882,santos quispe,1815,male,safe_final_identity_cluster,3
persona-6966,HP-00006141,FCL2-002882,juliana huallpatuiro,1815,female,safe_final_identity_cluster,3
persona-7002,HP-00007002,FCL2-013647,mariano sanches,1815,male,safe_final_identity_cluster,2
persona-7019,HP-00007019,FCL2-003288,chrisostomo urbano,1815,male,safe_final_identity_cluster,3
persona-7027,HP-00007027,FCL2-003292,leandro hayme,1815,male,safe_final_identity_cluster,2
persona-7028,HP-00007028,FCL2-003292,eustaquia espinosa,1815,female,safe_final_identity_cluster,2
persona-7039,HP-00006878,FCL2-003225,julian sanches,1815,male,safe_final_identity_cluster,3
persona-7040,HP-00006879,FCL2-003225,cayetana huaya,1815,female,safe_final_identity_cluster,2
persona-7044,HP-00004470,FCL2-002111,thomasa quispe,1815,female,safe_final_identity_cluster,4
persona-7054,HP-00007054,FCL2-013634,domingo chalco,1815,male,safe_final_identity_cluster,2
persona-7062,HP-00007062,FCL2-003308,pio huaca,1815,male,safe_final_identity_cluster,2
persona-7071,HP-00000508,FCL2-000265,maria huamani,1815,female,safe_final_identity_cluster,3
persona-7093,HP-00007062,FCL2-003308,pio huaca,1815,male,safe_final_identity_cluster,2
persona-7102,HP-00006885,FCL2-003229,hypolito sanches,1815,male,safe_final_identity_cluster,3
persona-7103,HP-00006886,FCL2-003229,micayla huamani,1815,female,safe_final_identity_cluster,3
persona-7118,HP-00007118,FCL2-003334,felipe huachaca,1815,male,safe_final_identity_cluster,3
persona-7122,HP-00000478,FCL2-000249,leon huamani,1815,male,safe_final_identity_cluster,2
persona-7130,HP-00007130,FCL2-003339,maria suica,1815,female,safe_final_identity_cluster,2
persona-7137,HP-00002717,FCL2-001296,domingo cruz,1815,male,safe_final_identity_cluster,4
persona-7138,HP-00002718,FCL2-001296,sebastiana condori,1815,female,safe_final_identity_cluster,4
persona-7166,HP-00004641,FCL2-002195,manuela condori,1815,female,safe_final_identity_cluster,3
persona-7174,HP-00007130,FCL2-003339,maria suica,1815,female,safe_final_identity_cluster,2
persona-7186,HP-00004689,FCL2-002217,leandra poma,1815,female,safe_final_identity_cluster,2
persona-7209,HP-00004602,FCL2-002176,ciprian cividola,1815,male,safe_final_identity_cluster,3
persona-7210,HP-00004603,FCL2-002176,gabriela huamani,1815,female,safe_final_identity_cluster,3
persona-7213,HP-00006250,FCL2-002935,jasinto sanches,1815,male,safe_final_identity_cluster,2
persona-7221,HP-00006511,FCL2-003058,cecilio lopa,1815,male,safe_final_identity_cluster,2
persona-7309,HP-00004606,FCL2-002178,andres cividola,1816,male,safe_final_identity_cluster,2
persona-7313,HP-00005969,FCL2-013375,gabriel barrientos,1816,male,safe_final_identity_cluster,2
persona-7314,HP-00005970,FCL2-013375,casimira tito,1816,female,safe_final_identity_cluster,3
persona-7329,HP-00006885,FCL2-003229,hypolito sanches,1816,male,safe_final_identity_cluster,3
persona-7330,HP-00006886,FCL2-003229,micayla huamani,1816,female,safe_final_identity_cluster,3
persona-7342,HP-00005342,FCL2-002525,polonia huajardo,1816,female,safe_final_identity_cluster,3
persona-7364,HP-00007019,FCL2-003288,chrisostomo urbano,1816,male,safe_final_identity_cluster,3
persona-7392,HP-00002416,FCL2-001167,juan arango,1816,male,safe_final_identity_cluster,4
persona-7393,HP-00002417,FCL2-001167,paula achamisa,1816,female,safe_final_identity_cluster,3
persona-7411,HP-00007027,FCL2-003292,leandro hayme,1816,male,safe_final_identity_cluster,2
persona-7412,HP-00007028,FCL2-003292,eustaquia espinosa,1816,female,safe_final_identity_cluster,2
persona-7448,HP-00006269,FCL2-002945,julian peres,1825,male,safe_final_identity_cluster,4
persona-7449,HP-00006270,FCL2-002945,monica abalos,1825,female,safe_final_identity_cluster,4
persona-7467,HP-00007467,FCL2-003495,custodio huarancca,1825,male,safe_final_identity_cluster,2
persona-7472,HP-00007472,FCL2-003497,zusana hermosilla,1825,female,safe_final_identity_cluster,2
persona-7491,HP-00007491,FCL2-003507,eustaquio ccoyllo,1825,male,safe_final_identity_cluster,2
persona-7492,HP-00007492,FCL2-003507,pascuala quispe,1825,female,safe_final_identity_cluster,2
persona-7499,HP-00007499,FCL2-003511,tomas ychajaya,1825,male,safe_final_identity_cluster,2
persona-7504,HP-00005690,FCL2-002678,marsela ramos,1825,female,safe_final_identity_cluster,4
persona-7564,HP-00007564,FCL2-003541,felipe tito,1826,male,safe_final_identity_cluster,2
persona-7607,HP-00007607,FCL2-017146,tiburcio ramos,1826,male,safe_final_identity_cluster,2
persona-7620,HP-00007620,FCL2-003570,jose quispe,1826,male,safe_final_identity_cluster,2
persona-7642,HP-00007642,FCL2-003581,evarista ccoyllo,1826,female,safe_final_identity_cluster,3
persona-7698,HP-00005690,FCL2-002678,marsela ramos,1826,female,safe_final_identity_cluster,4
persona-7717,HP-00005909,FCL2-002780,roque alvaro,1826,male,safe_final_identity_cluster,3
persona-7718,HP-00005910,FCL2-002780,francisca cruz,1826,female,safe_final_identity_cluster,3
persona-7721,HP-00007721,FCL2-003616,nasario flores,1826,male,safe_final_identity_cluster,2
persona-7732,HP-00007491,FCL2-003507,eustaquio ccoyllo,1827,male,safe_final_identity_cluster,2
persona-7733,HP-00007492,FCL2-003507,pascuala quispe,1827,female,safe_final_identity_cluster,2
persona-7741,HP-00007741,FCL2-003625,pascuala poma,1827,female,safe_final_identity_cluster,3
persona-7793,HP-00007793,FCL2-003651,petrona chalco,1827,female,safe_final_identity_cluster,2
persona-7799,HP-00007799,FCL2-016679,petrona quispe,1827,female,safe_final_identity_cluster,2
persona-7804,HP-00007804,FCL2-003657,domingo sevidola,1827,male,safe_final_identity_cluster,2
persona-7805,HP-00007805,FCL2-003657,leandra bautista,1827,female,safe_final_identity_cluster,2
persona-7843,HP-00007843,FCL2-012591,estefa nunes,1827,female,safe_final_identity_cluster,4
persona-7853,HP-00007853,FCL2-003682,dionicio cucho,1827,male,safe_final_identity_cluster,2
persona-7854,HP-00007854,FCL2-003682,nicolasa ramos,1827,female,safe_final_identity_cluster,2
persona-7869,HP-00007869,FCL2-003690,julian sivi,1827,male,safe_final_identity_cluster,2
persona-7873,HP-00006479,FCL2-003043,felipe sanches,1827,male,safe_final_identity_cluster,2
persona-7874,HP-00006480,FCL2-003043,juana nolasco,1827,female,safe_final_identity_cluster,2
persona-7877,HP-00007877,FCL2-003693,rumualdo poma,1827,male,safe_final_identity_cluster,2
persona-7878,HP-00007878,FCL2-003693,margarita sanches,1827,female,safe_final_identity_cluster,2
persona-7885,HP-00007885,FCL2-017196,pablo cruz,1827,male,safe_final_identity_cluster,2
persona-7906,HP-00007906,FCL2-003706,luisa huallpatuiro,1827,female,safe_final_identity_cluster,2
persona-7921,HP-00007921,FCL2-003714,siprian damian,1827,male,safe_final_identity_cluster,2
persona-7925,HP-00007499,FCL2-003511,tomas ychajaya,1827,male,safe_final_identity_cluster,2
persona-7929,HP-00007929,FCL2-016540,andres ccanto,1827,male,safe_final_identity_cluster,2
persona-7977,HP-00006269,FCL2-002945,julian peres,1827,male,safe_final_identity_cluster,4
persona-7978,HP-00006270,FCL2-002945,monica abalos,1827,female,safe_final_identity_cluster,4
persona-7981,HP-00007981,FCL2-003741,alverto huamani,1827,male,safe_final_identity_cluster,2
persona-7982,HP-00007982,FCL2-003741,maria zuica,1827,female,safe_final_identity_cluster,2
persona-7986,HP-00007986,FCL2-003743,torivia huauya,1827,female,safe_final_identity_cluster,2
persona-7997,HP-00007997,FCL2-003749,mariano condori,1827,male,safe_final_identity_cluster,2
persona-7998,HP-00007998,FCL2-003749,maria gonzales,1827,female,safe_final_identity_cluster,2
persona-8006,HP-00008006,FCL2-003753,petrona vega,1827,female,safe_final_identity_cluster,2
persona-8014,HP-00005690,FCL2-002678,marsela ramos,1828,female,safe_final_identity_cluster,4
persona-8022,HP-00008022,FCL2-003760,casimira ramires,1828,female,safe_final_identity_cluster,2
persona-8069,HP-00008069,FCL2-003784,martina condori,1828,female,safe_final_identity_cluster,4
persona-8076,HP-00008076,FCL2-003788,jose bacas,1828,male,safe_final_identity_cluster,3
persona-8077,HP-00008077,FCL2-003788,francisca tito,1828,female,safe_final_identity_cluster,3
persona-8084,HP-00008084,FCL2-003792,mariano huamani,1828,male,safe_final_identity_cluster,2
persona-8088,HP-00008088,FCL2-003794,felis tito,1828,male,safe_final_identity_cluster,4
persona-8103,HP-00007804,FCL2-003657,domingo sevidola,1828,male,safe_final_identity_cluster,2
persona-8104,HP-00007805,FCL2-003657,leandra bautista,1828,female,safe_final_identity_cluster,2
persona-8112,HP-00006393,FCL2-003001,eusebia ramos,1828,female,safe_final_identity_cluster,2
persona-8127,HP-00008127,FCL2-003810,melchor huauya,1828,male,safe_final_identity_cluster,3
persona-8128,HP-00008128,FCL2-003810,magdalena barrientos,1828,female,safe_final_identity_cluster,3
persona-8176,HP-00008176,FCL2-003834,vibiana quispe,1828,female,safe_final_identity_cluster,3
persona-8191,HP-00008191,FCL2-003842,felisyana huamani,1828,female,safe_final_identity_cluster,2
persona-8201,HP-00007118,FCL2-003334,felipe huachaca,1828,male,safe_final_identity_cluster,3
persona-8226,HP-00007467,FCL2-003495,custodio huaranca,1828,male,safe_final_identity_cluster,2
persona-8230,HP-00008230,FCL2-003862,ana bustillos,1829,female,safe_final_identity_cluster,2
persona-8232,HP-00008232,FCL2-003864,manuela urbano,1829,female,safe_final_identity_cluster,2
persona-8236,HP-00008236,FCL2-003866,manuel chaves,1829,male,safe_final_identity_cluster,2
persona-8238,HP-00008238,FCL2-003866,encarna achamisa,1829,female,safe_final_identity_cluster,2
persona-8293,HP-00008293,FCL2-017023,marcelo huamani,1830,male,safe_final_identity_cluster,2
persona-8295,HP-00008022,FCL2-003760,casimira ramires,1830,female,safe_final_identity_cluster,2
persona-8334,HP-00008334,FCL2-003914,leandra cusi,1828,female,safe_final_identity_cluster,2
persona-8359,HP-00008069,FCL2-003784,martina condori,1828,female,safe_final_identity_cluster,4
persona-8370,HP-00007721,FCL2-003616,nazario flores,1828,male,safe_final_identity_cluster,2
persona-8402,HP-00008402,FCL2-003946,tomas chinchay,1824,male,safe_final_identity_cluster,2
persona-8403,HP-00008403,FCL2-003946,manuela carrion,1824,female,safe_final_identity_cluster,2
persona-8414,HP-00008076,FCL2-003788,jose bacas,1824,male,safe_final_identity_cluster,3
persona-8415,HP-00008077,FCL2-003788,francisca tito,1824,female,safe_final_identity_cluster,3
persona-8450,HP-00008450,FCL2-003969,paulino chaves,1824,male,safe_final_identity_cluster,2
persona-8451,HP-00008451,FCL2-003969,romualda roxas,1824,female,safe_final_identity_cluster,2
persona-8463,HP-00008463,FCL2-003975,magdalena perez,1824,female,safe_final_identity_cluster,2
persona-8482,HP-00008482,FCL2-003985,eustaquio llacsamanta,1824,male,safe_final_identity_cluster,2
persona-8487,HP-00008487,FCL2-003987,maria lizarve,1824,female,safe_final_identity_cluster,2
persona-8513,HP-00007981,FCL2-003741,alverto huamani,1825,male,safe_final_identity_cluster,2
persona-8514,HP-00007982,FCL2-003741,maria zuica,1825,female,safe_final_identity_cluster,2
persona-8521,HP-00007869,FCL2-003690,julian sivi,1825,male,safe_final_identity_cluster,2
persona-8530,HP-00008530,FCL2-004007,marsela osorio,1825,female,safe_final_identity_cluster,3
persona-8569,HP-00007118,FCL2-003334,felipe huachaca,1825,male,safe_final_identity_cluster,3
persona-8590,HP-00008590,FCL2-004037,manuela condori,1825,female,safe_final_identity_cluster,2
persona-8606,HP-00008590,FCL2-004037,manuela condori,1825,female,safe_final_identity_cluster,2
persona-8608,HP-00007741,FCL2-003625,pascuala poma,1825,female,safe_final_identity_cluster,3
persona-8679,HP-00008679,FCL2-004080,jose condori,1828,male,safe_final_identity_cluster,2
persona-8683,HP-00008683,FCL2-004082,josefa tito,1828,female,safe_final_identity_cluster,2
persona-8687,HP-00008687,FCL2-004085,jose quispe,1828,male,safe_final_identity_cluster,2
persona-8691,HP-00008691,FCL2-003581,josefa sanches,1828,female,safe_final_identity_cluster,2
persona-8693,HP-00007642,FCL2-003581,evarista ccoyllo,1828,female,safe_final_identity_cluster,3
persona-8695,HP-00008695,FCL2-004089,jose quispe,1828,male,safe_final_identity_cluster,2
persona-8703,HP-00008703,FCL2-004095,josefa condori,1828,female,safe_final_identity_cluster,2
persona-8708,HP-00008708,FCL2-004098,agustina huamani,1828,female,safe_final_identity_cluster,2
persona-8722,HP-00008230,FCL2-003862,ana bustillos,1828,female,safe_final_identity_cluster,2
persona-8724,HP-00008232,FCL2-003864,manuela urbano,1828,female,safe_final_identity_cluster,2
persona-8728,HP-00008236,FCL2-003866,manuel chaves,1828,male,safe_final_identity_cluster,2
persona-8730,HP-00008238,FCL2-003866,encarnacion achamisa,1828,female,safe_final_identity_cluster,2
persona-8737,HP-00008482,FCL2-003985,eustaquio llacsamanta,1828,male,safe_final_identity_cluster,2
persona-8762,HP-00008762,FCL2-004122,marcela osorio,1829,female,safe_final_identity_cluster,2
persona-8768,HP-00008768,FCL2-004126,enrrique poma,1829,male,safe_final_identity_cluster,2
persona-8769,HP-00008769,FCL2-004126,rumaldo poma,1829,male,safe_final_identity_cluster,2
persona-8773,HP-00008773,FCL2-004128,apolinario huayhua,1829,male,safe_final_identity_cluster,2
persona-8786,HP-00008006,FCL2-003753,petrona vega,1829,female,safe_final_identity_cluster,2
persona-8789,HP-00008789,FCL2-004135,tomas poma,1829,male,safe_final_identity_cluster,3
persona-8790,HP-00008790,FCL2-004135,mauricia quispe,1829,female,safe_final_identity_cluster,3
persona-8793,HP-00008793,FCL2-004137,luciano quispe,1829,male,safe_final_identity_cluster,3
persona-8794,HP-00008794,FCL2-004137,maria ramos,1829,female,safe_final_identity_cluster,2
persona-8801,HP-00008801,FCL2-004141,eustaquio quispe,1829,male,safe_final_identity_cluster,2
persona-8802,HP-00008802,FCL2-004141,ursula ccoyllo,1829,female,safe_final_identity_cluster,2
persona-8840,HP-00008487,FCL2-003987,maria lizarve,1829,female,safe_final_identity_cluster,2
persona-8851,HP-00007997,FCL2-003749,mariano condori,1829,male,safe_final_identity_cluster,2
persona-8852,HP-00007998,FCL2-003749,maria gonzales,1829,female,safe_final_identity_cluster,2
persona-8863,HP-00005909,FCL2-002780,roque alvaro,1829,male,safe_final_identity_cluster,3
persona-8864,HP-00005910,FCL2-002780,francisca cruz,1829,female,safe_final_identity_cluster,3
persona-8876,HP-00007986,FCL2-003743,toribia huauya,1829,female,safe_final_identity_cluster,2
persona-8910,HP-00008910,FCL2-016941,juan barrientos,1829,male,safe_final_identity_cluster,2
persona-8911,HP-00008911,FCL2-016941,tomas barrientos,1829,male,safe_final_identity_cluster,2
persona-8912,HP-00008912,FCL2-016941,bibiana huarcaya,1829,female,safe_final_identity_cluster,2
persona-8919,HP-00008919,FCL2-004196,francisco lonasco,1829,male,safe_final_identity_cluster,2
persona-8920,HP-00008920,FCL2-004196,martina alvaro,1829,female,safe_final_identity_cluster,2
persona-8922,HP-00008768,FCL2-004126,enrrique poma,1829,male,safe_final_identity_cluster,2
persona-8923,HP-00008769,FCL2-004126,romualdo poma,1829,male,safe_final_identity_cluster,2
persona-8935,HP-00007921,FCL2-003714,cipriano damian,1829,male,safe_final_identity_cluster,2
persona-8944,HP-00008944,FCL2-004206,petrona pauccar,1829,female,safe_final_identity_cluster,2
persona-8967,HP-00007793,FCL2-003651,petrona chalco,1829,female,safe_final_identity_cluster,2
persona-8970,HP-00007853,FCL2-003682,dionicio cucho,1829,male,safe_final_identity_cluster,2
persona-8971,HP-00007854,FCL2-003682,nicolasa ramos,1829,female,safe_final_identity_cluster,2
persona-8973,HP-00008973,FCL2-016612,maria huamani,1829,female,safe_final_identity_cluster,2
persona-8974,HP-00008974,FCL2-016612,andres huamani,1829,male,safe_final_identity_cluster,2
persona-8975,HP-00008975,FCL2-016612,ursula nunes,1829,female,safe_final_identity_cluster,2
persona-8985,HP-00008985,FCL2-004224,andres roca,1829,male,safe_final_identity_cluster,2
persona-8986,HP-00008986,FCL2-004224,petrona aybar,1829,female,safe_final_identity_cluster,2
persona-8989,HP-00008985,FCL2-004224,andres roca,1829,male,safe_final_identity_cluster,2
persona-8990,HP-00008986,FCL2-004224,petrona aybar,1829,female,safe_final_identity_cluster,2
persona-9006,HP-00008679,FCL2-004080,jose condori,1829,male,safe_final_identity_cluster,2
persona-9010,HP-00008683,FCL2-004082,josefa tito,1829,female,safe_final_identity_cluster,2
persona-9014,HP-00008687,FCL2-004085,jose quispe,1829,male,safe_final_identity_cluster,2
persona-9018,HP-00008691,FCL2-003581,josefa sanches,1829,female,safe_final_identity_cluster,2
persona-9020,HP-00007642,FCL2-003581,evarista ccoyllo,1829,female,safe_final_identity_cluster,3
persona-9022,HP-00008695,FCL2-004089,jose quispe,1829,male,safe_final_identity_cluster,2
persona-9030,HP-00008703,FCL2-004095,josefa condori,1829,female,safe_final_identity_cluster,2
persona-9035,HP-00008708,FCL2-004098,agustina huamani,1829,female,safe_final_identity_cluster,2
persona-9048,HP-00009048,FCL2-004252,mariano achamisa,1830,male,safe_final_identity_cluster,2
persona-9049,HP-00009049,FCL2-004252,francisca quispe,1830,female,safe_final_identity_cluster,2
persona-9103,HP-00009103,FCL2-004278,hermenegildo ramos,1830,male,safe_final_identity_cluster,2
persona-9104,HP-00009104,FCL2-004278,paula antay,1830,female,safe_final_identity_cluster,2
persona-9112,HP-00007472,FCL2-003497,zusana hermosa,1830,female,safe_final_identity_cluster,2
persona-9115,HP-00008084,FCL2-003792,mariano huamani,1830,male,safe_final_identity_cluster,2
persona-9123,HP-00009123,FCL2-004286,pasqual cruz,1830,male,safe_final_identity_cluster,2
persona-9124,HP-00009124,FCL2-004286,ysabel condori,1830,female,safe_final_identity_cluster,2
persona-9148,HP-00007843,FCL2-012591,estefa nunes,1830,female,safe_final_identity_cluster,4
persona-9186,HP-00008127,FCL2-003810,melchor huauya,1830,male,safe_final_identity_cluster,3
persona-9187,HP-00008128,FCL2-003810,magdalena barrientos,1830,female,safe_final_identity_cluster,3
persona-9195,HP-00007741,FCL2-003625,pascuala poma,1830,female,safe_final_identity_cluster,3
persona-9211,HP-00008176,FCL2-003834,vibiana quispe,1830,female,safe_final_identity_cluster,3
persona-9219,HP-00009219,FCL2-016829,victoria condori,1830,female,safe_final_identity_cluster,2
persona-9221,HP-00009221,FCL2-004567,manuel ramos,1830,male,safe_final_identity_cluster,2
persona-9239,HP-00008191,FCL2-003842,feliciana huamani,1830,female,safe_final_identity_cluster,2
persona-9258,HP-00009258,FCL2-021175,francisco santiago,1830,male,safe_final_identity_cluster,5
persona-9279,HP-00009279,FCL2-004355,ynes ayme,1830,female,safe_final_identity_cluster,2
persona-9281,HP-00009281,FCL2-004357,luis huarancca,1830,male,safe_final_identity_cluster,2
persona-9294,HP-00008450,FCL2-003969,paulino chaves,1830,male,safe_final_identity_cluster,2
persona-9295,HP-00008451,FCL2-003969,romualda roxas,1830,female,safe_final_identity_cluster,2
persona-9302,HP-00004680,FCL2-002213,felipe guachaca,1830,male,safe_final_identity_cluster,3
persona-9322,HP-00008076,FCL2-003788,jose bacas,1830,male,safe_final_identity_cluster,3
persona-9323,HP-00008077,FCL2-003788,francisca tito,1830,female,safe_final_identity_cluster,3
persona-9330,HP-00009330,FCL2-004378,manuel urbano,1830,male,safe_final_identity_cluster,2
persona-9331,HP-00009331,FCL2-004378,faustina nunes,1830,female,safe_final_identity_cluster,2
persona-9358,HP-00009358,FCL2-004392,pedro condori,1830,male,safe_final_identity_cluster,2
persona-9359,HP-00009359,FCL2-004392,manuela tito,1830,female,safe_final_identity_cluster,2
persona-9362,HP-00009123,FCL2-004286,pasqual cruz,1830,male,safe_final_identity_cluster,2
persona-9363,HP-00009124,FCL2-004286,ysabel condori,1830,female,safe_final_identity_cluster,2
persona-9398,HP-00006269,FCL2-002945,julian peres,1830,male,safe_final_identity_cluster,4
persona-9399,HP-00006270,FCL2-002945,monica abalos,1830,female,safe_final_identity_cluster,4
persona-9407,HP-00008069,FCL2-003784,martina condori,1830,female,safe_final_identity_cluster,4
persona-9432,HP-00009432,FCL2-004426,manuela quispe,1831,female,safe_final_identity_cluster,2
persona-9433,HP-00008793,FCL2-004137,luciano quispe,1831,male,safe_final_identity_cluster,3
persona-9434,HP-00008794,FCL2-004137,maria ramos,1831,female,safe_final_identity_cluster,2
persona-9446,HP-00008334,FCL2-003914,leandra cusi,1831,female,safe_final_identity_cluster,2
persona-9458,HP-00008944,FCL2-004206,petrona pauccari,1831,female,safe_final_identity_cluster,2
persona-9465,HP-00009465,FCL2-004440,pedro sanches,1831,male,safe_final_identity_cluster,2
persona-9466,HP-00009466,FCL2-004440,juliana guamani,1831,female,safe_final_identity_cluster,2
persona-9500,HP-00009500,FCL2-008890,mariano sanches,1831,male,safe_final_identity_cluster,3
persona-9558,HP-00009558,FCL2-004485,cecilia calatayud,1833,female,safe_final_identity_cluster,2
persona-9565,HP-00008919,FCL2-004196,francisco lonasco,1831,male,safe_final_identity_cluster,2
persona-9566,HP-00008920,FCL2-004196,martina alvaro,1831,female,safe_final_identity_cluster,2
persona-9598,HP-00008762,FCL2-004122,marcela osorio,1831,female,safe_final_identity_cluster,2
persona-9613,HP-00009103,FCL2-004278,hermenegildo ramos,1832,male,safe_final_identity_cluster,2
persona-9614,HP-00009104,FCL2-004278,paula antay,1832,female,safe_final_identity_cluster,2
persona-9641,HP-00009641,FCL2-004522,alberto huamani,1832,male,safe_final_identity_cluster,2
persona-9642,HP-00009642,FCL2-004522,lorensa cusi,1832,female,safe_final_identity_cluster,2
persona-9660,HP-00008773,FCL2-004128,apolinario huaya,1832,male,safe_final_identity_cluster,2
persona-9668,HP-00007564,FCL2-003541,felipe tito,1832,male,safe_final_identity_cluster,2
persona-9685,HP-00008176,FCL2-003834,vibiana quispe,1832,female,safe_final_identity_cluster,3
persona-9692,HP-00009692,FCL2-016813,cicilio ccanto,1833,male,safe_final_identity_cluster,2
persona-9695,HP-00009695,FCL2-016594,juan sanches,1833,male,safe_final_identity_cluster,2
persona-9730,HP-00009730,FCL2-021175,agustina santiago,1833,female,safe_final_identity_cluster,2
persona-9731,HP-00009258,FCL2-021175,francisco santiago,1833,male,safe_final_identity_cluster,5
persona-9734,HP-00009730,FCL2-021175,agustina santiago,1833,female,safe_final_identity_cluster,2
persona-9735,HP-00009258,FCL2-021175,francisco santiago,1833,male,safe_final_identity_cluster,5
persona-9742,HP-00009221,FCL2-004567,manuel ramos,1833,male,safe_final_identity_cluster,2
persona-9766,HP-00007019,FCL2-003288,chrisostomo urbano,1833,male,safe_final_identity_cluster,3
persona-9837,HP-00008088,FCL2-003794,felis tito,1833,male,safe_final_identity_cluster,4
persona-9841,HP-00008088,FCL2-003794,felis tito,1823,male,safe_final_identity_cluster,4
persona-9859,HP-00009859,FCL2-002835,maria santiago,1833,female,safe_final_identity_cluster,2
persona-9861,HP-00006036,FCL2-002835,petrona chumbili,1833,female,safe_final_identity_cluster,4
persona-9898,HP-00009859,FCL2-002835,maria santiago,1833,female,safe_final_identity_cluster,2
persona-9900,HP-00006036,FCL2-002835,petrona chumbili,1833,female,safe_final_identity_cluster,4
persona-9915,HP-00009915,FCL2-004646,antonio barrientos,1835,male,safe_final_identity_cluster,3
persona-9916,HP-00009916,FCL2-004646,gregoria romani,1835,female,safe_final_identity_cluster,3
persona-9960,HP-00009960,FCL2-004669,pablo gavilan,1834,male,safe_final_identity_cluster,3
persona-9961,HP-00009961,FCL2-004669,gregoria chinchay,1834,female,safe_final_identity_cluster,3
persona-10006,HP-00009330,FCL2-004378,manuel urbano,1837,male,safe_final_identity_cluster,2
persona-10007,HP-00009331,FCL2-004378,faustina nunes,1837,female,safe_final_identity_cluster,2
persona-10042,HP-00010042,FCL2-004709,mariano leon,1837,male,safe_final_identity_cluster,4
persona-10043,HP-00010043,FCL2-004709,francisca palomino,1837,female,safe_final_identity_cluster,4
persona-10054,HP-00009048,FCL2-004252,mariano achamisa,1838,male,safe_final_identity_cluster,2
persona-10055,HP-00009049,FCL2-004252,francisca quispe,1838,female,safe_final_identity_cluster,2
persona-10117,HP-00009465,FCL2-004440,pedro sanches,1838,male,safe_final_identity_cluster,2
persona-10118,HP-00009466,FCL2-004440,juliana guamani,1838,female,safe_final_identity_cluster,2
persona-10134,HP-00010134,FCL2-004755,juana bega,1838,female,safe_final_identity_cluster,2
persona-10160,HP-00010160,FCL2-004355,marcelo quispe,1838,male,safe_final_identity_cluster,2
persona-10165,HP-00008127,FCL2-003810,melchor huauya,1838,male,safe_final_identity_cluster,3
persona-10166,HP-00008128,FCL2-003810,magdalena barrientos,1838,female,safe_final_identity_cluster,3
persona-10246,HP-00010134,FCL2-004755,juana bega,1838,female,safe_final_identity_cluster,2
persona-10277,HP-00010277,FCL2-004823,sebastian huaraca,1837,male,safe_final_identity_cluster,6
persona-10281,HP-00010277,FCL2-004823,sebastian huarancca,1837,male,safe_final_identity_cluster,6
persona-10370,HP-00010370,FCL2-004868,estevan urbano,1896,male,safe_final_identity_cluster,2
persona-10371,HP-00010371,FCL2-004868,maria ccoyllo,1896,female,safe_final_identity_cluster,2
persona-10383,HP-00010383,FCL2-004874,paula sanchez,1896,female,safe_final_identity_cluster,2
persona-10414,HP-00010414,FCL2-004890,romualdo chinchay,1896,male,safe_final_identity_cluster,3
persona-10415,HP-00010415,FCL2-004890,agustina ramos,1896,female,safe_final_identity_cluster,3
persona-10434,HP-00010434,FCL2-004900,jasinto cardenas,1896,male,safe_final_identity_cluster,2
persona-10493,HP-00010493,FCL2-004930,felix ccoillo,1896,male,safe_final_identity_cluster,3
persona-10496,HP-00010496,FCL2-016260,wenceslao pacheco,1896,male,safe_final_identity_cluster,2
persona-10554,HP-00010554,FCL2-004959,juana ortiz,1896,female,safe_final_identity_cluster,2
persona-10558,HP-00010558,FCL2-004961,petrona ramos,1896,female,safe_final_identity_cluster,2
persona-10577,HP-00010577,FCL2-004971,casimiro serrano,1896,male,safe_final_identity_cluster,2
persona-10578,HP-00010578,FCL2-004971,bibiana fernandez,1896,female,safe_final_identity_cluster,2
persona-10581,HP-00010577,FCL2-004971,casimiro serrano,1896,male,safe_final_identity_cluster,2
persona-10582,HP-00010578,FCL2-004971,bibiana fernandez,1896,female,safe_final_identity_cluster,2
persona-10585,HP-00010585,FCL2-004974,julian tito,1896,male,safe_final_identity_cluster,2
persona-10586,HP-00010586,FCL2-004974,luisa saravia,1896,female,safe_final_identity_cluster,2
persona-10602,HP-00010602,FCL2-004982,manuela huallpatuiro,1896,female,safe_final_identity_cluster,3
persona-10640,HP-00010640,FCL2-005001,asencio ramos,1897,male,safe_final_identity_cluster,2
persona-10644,HP-00010644,FCL2-005003,pablo barrientos,1897,male,safe_final_identity_cluster,3
persona-10645,HP-00010645,FCL2-005003,cristina espinoza,1897,female,safe_final_identity_cluster,3
persona-10648,HP-00010648,FCL2-005005,mariano vivanco,1897,male,safe_final_identity_cluster,2
persona-10649,HP-00010649,FCL2-005005,tomasa palomino,1897,female,safe_final_identity_cluster,2
persona-10668,HP-00010668,FCL2-005015,mariano rodriguez,1897,male,safe_final_identity_cluster,2
persona-10669,HP-00010669,FCL2-005015,maximiliana gallegos,1897,female,safe_final_identity_cluster,2
persona-10693,HP-00010693,FCL2-005027,tomasa huamani,1897,female,safe_final_identity_cluster,2
persona-10719,HP-00010719,FCL2-015653,sofia romero,1897,female,safe_final_identity_cluster,2
persona-10720,HP-00010720,FCL2-015653,daniel romero,1897,male,safe_final_identity_cluster,6
persona-10721,HP-00010721,FCL2-015653,juana huamani,1897,female,safe_final_identity_cluster,6
persona-10740,HP-00010740,FCL2-005050,santos santiago,1897,male,safe_final_identity_cluster,3
persona-10741,HP-00010741,FCL2-005050,asunta dias,1897,female,safe_final_identity_cluster,3
persona-10760,HP-00010760,FCL2-005060,simon ramos,1897,male,safe_final_identity_cluster,4
persona-10793,HP-00010793,FCL2-005076,emilia siancas,1897,female,safe_final_identity_cluster,2
persona-10797,HP-00010797,FCL2-005078,juliana ccantos,1897,female,safe_final_identity_cluster,3
persona-10812,HP-00010812,FCL2-005085,domingo espinoza,1897,male,safe_final_identity_cluster,3
persona-10821,HP-00010821,FCL2-005088,jasinta vellido,1897,female,safe_final_identity_cluster,3
persona-10856,HP-00010856,FCL2-005106,damaso vacas,1898,male,safe_final_identity_cluster,2
persona-10857,HP-00010857,FCL2-005106,maria palomino,1898,female,safe_final_identity_cluster,2
persona-10860,HP-00010860,FCL2-019133,blas ynca,1899,male,safe_final_identity_cluster,4
persona-10864,HP-00010720,FCL2-015653,daniel romero,1899,male,safe_final_identity_cluster,6
persona-10865,HP-00010721,FCL2-015653,juana huamani,1899,female,safe_final_identity_cluster,6
persona-10884,HP-00010602,FCL2-004982,manuela huallpatuiro,1899,female,safe_final_identity_cluster,3
persona-10899,HP-00010899,FCL2-005124,pedro ccochachi,1899,male,safe_final_identity_cluster,3
persona-10916,HP-00010797,FCL2-005078,juliana ccanto,1899,female,safe_final_identity_cluster,3
persona-10922,HP-00010922,FCL2-016344,luis cuevas,1899,male,safe_final_identity_cluster,2
persona-10924,HP-00010924,FCL2-016344,feliciana cucho,1899,female,safe_final_identity_cluster,4
persona-10943,HP-00010943,FCL2-005143,mariano ramos,1899,male,safe_final_identity_cluster,6
persona-10944,HP-00010944,FCL2-005143,catalina santiago,1899,female,safe_final_identity_cluster,6
persona-10956,HP-00010793,FCL2-005076,emilia siancas,1899,female,safe_final_identity_cluster,2
persona-10971,HP-00010971,FCL2-005156,severino molina,1899,male,safe_final_identity_cluster,2
persona-10972,HP-00010972,FCL2-005156,eujenia cornejo,1899,female,safe_final_identity_cluster,2
persona-11003,HP-00011003,FCL2-005173,jose vivanco,1900,male,safe_final_identity_cluster,2
persona-11004,HP-00011004,FCL2-005173,antonia fuentes,1900,female,safe_final_identity_cluster,2
persona-11007,HP-00011007,FCL2-005175,lucas espinosa,1900,male,safe_final_identity_cluster,3
persona-11008,HP-00011008,FCL2-005175,martina huamani,1900,female,safe_final_identity_cluster,3
persona-11016,HP-00011016,FCL2-005179,espirita abalos,1900,female,safe_final_identity_cluster,3
persona-11035,HP-00011035,FCL2-005189,jose flores,1900,male,safe_final_identity_cluster,4
persona-11036,HP-00011036,FCL2-005189,eustaquia santiago,1900,female,safe_final_identity_cluster,4
persona-11043,HP-00011043,FCL2-014650,jose huamani,1900,male,safe_final_identity_cluster,2
persona-11047,HP-00011047,FCL2-020260,mariano ramos,1900,male,safe_final_identity_cluster,2
persona-11048,HP-00011048,FCL2-020260,evarista huamani,1900,female,safe_final_identity_cluster,2
persona-11088,HP-00011088,FCL2-005212,ynes palomino,1900,female,safe_final_identity_cluster,2
persona-11106,HP-00011106,FCL2-005222,lorenzo roque,1900,male,safe_final_identity_cluster,2
persona-11115,HP-00011115,FCL2-005226,martina puma,1900,female,safe_final_identity_cluster,2
persona-11118,HP-00010414,FCL2-004890,romualdo chinchay,1900,male,safe_final_identity_cluster,3
persona-11119,HP-00010415,FCL2-004890,agustina ramos,1900,female,safe_final_identity_cluster,3
persona-11134,HP-00011134,FCL2-005235,jose vivanco,1900,male,safe_final_identity_cluster,2
persona-11135,HP-00011135,FCL2-005235,bonifacia romero,1900,female,safe_final_identity_cluster,2
persona-11162,HP-00011162,FCL2-005249,eugenio ortiz,1901,male,safe_final_identity_cluster,2
persona-11181,HP-00011181,FCL2-015783,simeon perez,1901,male,safe_final_identity_cluster,5
persona-11186,HP-00011186,FCL2-005260,gabriela ramos,1901,female,safe_final_identity_cluster,5
persona-11190,HP-00011190,FCL2-005262,luisa zotela,1901,female,safe_final_identity_cluster,2
persona-11228,HP-00011228,FCL2-016212,benigna ramos,1901,female,safe_final_identity_cluster,2
persona-11245,HP-00011245,FCL2-005290,angelo huarcaya,1901,male,safe_final_identity_cluster,2
persona-11261,HP-00011261,FCL2-005298,pedro ramos,1901,male,safe_final_identity_cluster,6
persona-11262,HP-00011262,FCL2-005298,manuela vega,1901,female,safe_final_identity_cluster,6
persona-11277,HP-00011277,FCL2-005306,silvestre quispe,1901,male,safe_final_identity_cluster,2
persona-11278,HP-00011278,FCL2-005306,gabriela vega,1901,female,safe_final_identity_cluster,2
persona-11289,HP-00010971,FCL2-005156,severino molina,1901,male,safe_final_identity_cluster,2
persona-11290,HP-00010972,FCL2-005156,eujenia cornejo,1901,female,safe_final_identity_cluster,2
persona-11298,HP-00011298,FCL2-018378,francisca sanchez,1901,female,safe_final_identity_cluster,3
persona-11301,HP-00010856,FCL2-005106,damaso vacas,1901,male,safe_final_identity_cluster,2
persona-11302,HP-00010857,FCL2-005106,maria palomino,1901,female,safe_final_identity_cluster,2
persona-11365,HP-00011365,FCL2-005346,fermin huamani,1901,male,safe_final_identity_cluster,4
persona-11366,HP-00011366,FCL2-005346,sinforosa ramos,1901,female,safe_final_identity_cluster,4
persona-11385,HP-00011385,FCL2-005356,santiago chavez,1901,male,safe_final_identity_cluster,2
persona-11386,HP-00011386,FCL2-005356,concepcion huarcaya,1901,female,safe_final_identity_cluster,2
persona-11398,HP-00011398,FCL2-005362,dionicia huamani,1901,female,safe_final_identity_cluster,3
persona-11404,HP-00011404,FCL2-005366,francisca inca,1901,female,safe_final_identity_cluster,2
persona-11405,HP-00011405,FCL2-005366,blas inca,1901,male,safe_final_identity_cluster,2
persona-11408,HP-00011404,FCL2-005366,francisca inca,1901,female,safe_final_identity_cluster,2
persona-11409,HP-00011405,FCL2-005366,blas inca,1901,male,safe_final_identity_cluster,2
persona-11425,HP-00011425,FCL2-020016,feliz ccoillo,1901,male,safe_final_identity_cluster,2
persona-11426,HP-00011426,FCL2-020016,juana poma,1901,female,safe_final_identity_cluster,2
persona-11500,HP-00011500,FCL2-005411,marcelo sanchez,1901,male,safe_final_identity_cluster,2
persona-11571,HP-00011571,FCL2-005447,carmelo quispe,1901,male,safe_final_identity_cluster,2
persona-11572,HP-00011572,FCL2-005447,petronila poma,1901,female,safe_final_identity_cluster,2
persona-11635,HP-00010644,FCL2-005003,pablo barrientos,1902,male,safe_final_identity_cluster,3
persona-11636,HP-00010645,FCL2-005003,cristina espinoza,1902,female,safe_final_identity_cluster,3
persona-11734,HP-00011734,FCL2-005526,celedonia ramos,1902,female,safe_final_identity_cluster,2
persona-11766,HP-00011766,FCL2-005542,valentina lopez,1902,female,safe_final_identity_cluster,2
persona-11769,HP-00010943,FCL2-005143,mariano ramos,1902,male,safe_final_identity_cluster,6
persona-11770,HP-00010944,FCL2-005143,catalina santiago,1902,female,safe_final_identity_cluster,6
persona-11773,HP-00011773,FCL2-020109,jose quispe,1902,male,safe_final_identity_cluster,3
persona-11852,HP-00011852,FCL2-005584,juan ccoillo,1902,male,safe_final_identity_cluster,2
persona-11922,HP-00011922,FCL2-005619,agustin asto,1902,male,safe_final_identity_cluster,4
persona-11923,HP-00011923,FCL2-005619,rafaela santiago,1902,female,safe_final_identity_cluster,3
persona-12005,HP-00012005,FCL2-005660,rudesindo leon,1902,male,safe_final_identity_cluster,3
persona-12010,HP-00011016,FCL2-005179,espirita abalos,1902,female,safe_final_identity_cluster,3
persona-12017,HP-00010648,FCL2-005005,mariano vivanco,1902,male,safe_final_identity_cluster,2
persona-12018,HP-00010649,FCL2-005005,tomasa palomino,1902,female,safe_final_identity_cluster,2
persona-12022,HP-00010924,FCL2-016344,felisiana cucho,1902,female,safe_final_identity_cluster,4
persona-12046,HP-00010797,FCL2-005078,juliana ccanto,1902,female,safe_final_identity_cluster,3
persona-12069,HP-00012069,FCL2-020951,rufino quispe,1902,male,safe_final_identity_cluster,3
persona-12070,HP-00012070,FCL2-020951,brijida ccoillo,1902,female,safe_final_identity_cluster,3
persona-12108,HP-00012108,FCL2-005707,brijida hualpatuero,1902,female,safe_final_identity_cluster,2
persona-12112,HP-00012108,FCL2-005707,brijida hualpatuero,1902,female,safe_final_identity_cluster,2
persona-12199,HP-00012199,FCL2-005748,justina huarancca,1889,female,safe_final_identity_cluster,2
persona-12200,HP-00012200,FCL2-005748,luis huarancca,1889,male,safe_final_identity_cluster,3
persona-12201,HP-00012201,FCL2-005748,francisca ochoa,1889,female,safe_final_identity_cluster,3
persona-12217,HP-00012217,FCL2-005755,ysidora flores,1889,female,safe_final_identity_cluster,4
persona-12241,HP-00012241,FCL2-005767,nicolasa gonzales,1889,female,safe_final_identity_cluster,3
persona-12243,HP-00012243,FCL2-020877,simona condori,1889,female,safe_final_identity_cluster,2
persona-12249,HP-00012249,FCL2-005770,alberta aime,1889,female,safe_final_identity_cluster,2
persona-12251,HP-00012251,FCL2-005772,cecilia tito,1889,female,safe_final_identity_cluster,2
persona-12253,HP-00012249,FCL2-005770,alberta aime,1889,female,safe_final_identity_cluster,2
persona-12256,HP-00012256,FCL2-005774,fernando polanco,1889,male,safe_final_identity_cluster,2
persona-12257,HP-00012257,FCL2-005774,magdalena choccehuanca,1889,female,safe_final_identity_cluster,2
persona-12260,HP-00012260,FCL2-005776,luis palomino,1889,male,safe_final_identity_cluster,3
persona-12261,HP-00012261,FCL2-005776,nasaria montero,1889,female,safe_final_identity_cluster,3
persona-12267,HP-00012267,FCL2-005780,domingo huallpatuero,1889,male,safe_final_identity_cluster,2
persona-12277,HP-00012277,FCL2-005785,silvestra guillen,1889,female,safe_final_identity_cluster,2
persona-12288,HP-00012288,FCL2-005790,simon cucho,1889,male,safe_final_identity_cluster,3
persona-12304,HP-00011035,FCL2-005189,jose flores,1889,male,safe_final_identity_cluster,4
persona-12305,HP-00011036,FCL2-005189,eustaquia santiago,1889,female,safe_final_identity_cluster,4
persona-12309,HP-00012309,FCL2-005799,asuncion de la cruz,1889,female,safe_final_identity_cluster,2
persona-12321,HP-00012321,FCL2-005805,bacilia llamocca,1889,female,safe_final_identity_cluster,4
persona-12337,HP-00012337,FCL2-005813,vicenta huallpatuero,1889,female,safe_final_identity_cluster,2
persona-12356,HP-00012356,FCL2-005823,mariano echevarria,1889,male,safe_final_identity_cluster,2
persona-12363,HP-00012363,FCL2-020440,antonia huamani,1889,female,safe_final_identity_cluster,2
persona-12373,HP-00012373,FCL2-016090,candelaria cucho,1889,female,safe_final_identity_cluster,3
persona-12385,HP-00012385,FCL2-005835,andrea sevilora,1889,female,safe_final_identity_cluster,2
persona-12387,HP-00012387,FCL2-005260,monica champa,1889,female,safe_final_identity_cluster,4
persona-12389,HP-00011186,FCL2-005260,gabriela ramos,1889,female,safe_final_identity_cluster,5
persona-12392,HP-00012392,FCL2-005838,leon ramos,1889,male,safe_final_identity_cluster,2
persona-12393,HP-00012393,FCL2-005838,hilaria sevilora,1889,female,safe_final_identity_cluster,2
persona-12401,HP-00012401,FCL2-005842,nicolasa sarabia,1889,female,safe_final_identity_cluster,2
persona-12408,HP-00011852,FCL2-005584,juan ccoillo,1889,male,safe_final_identity_cluster,2
persona-12435,HP-00012435,FCL2-014918,victoria dias,1889,female,safe_final_identity_cluster,2
persona-12436,HP-00012436,FCL2-014918,mariano dias,1889,male,safe_final_identity_cluster,2
persona-12437,HP-00012437,FCL2-014918,santona quispe,1889,female,safe_final_identity_cluster,2
persona-12445,HP-00012445,FCL2-005862,leocadia mancco,1889,female,safe_final_identity_cluster,2
persona-12456,HP-00010760,FCL2-005060,simon ramos,1889,male,safe_final_identity_cluster,4
persona-12461,HP-00012309,FCL2-005799,asuncion de la cruz,1889,female,safe_final_identity_cluster,2
persona-12480,HP-00012480,FCL2-005877,francisco sanches,1889,male,safe_final_identity_cluster,3
persona-12481,HP-00012481,FCL2-005877,santona tito,1889,female,safe_final_identity_cluster,3
persona-12507,HP-00012507,FCL2-005891,fulgencio barrientos,1889,male,safe_final_identity_cluster,2
persona-12523,HP-00010668,FCL2-005015,mariano rodriguez,1889,male,safe_final_identity_cluster,2
persona-12524,HP-00010669,FCL2-005015,maximiliana gallegos,1889,female,safe_final_identity_cluster,2
persona-12526,HP-00012526,FCL2-005900,mariano bendezu,1889,male,safe_final_identity_cluster,2
persona-12531,HP-00012531,FCL2-005904,asunto marcacuzco,1889,male,safe_final_identity_cluster,2
persona-12534,HP-00012534,FCL2-020724,sixto chalco,1889,male,safe_final_identity_cluster,2
persona-12548,HP-00011766,FCL2-005542,valentina lopez,1889,female,safe_final_identity_cluster,2
persona-12566,HP-00012566,FCL2-005920,brijida polanco,1889,female,safe_final_identity_cluster,2
persona-12567,HP-00012567,FCL2-005921,santos polanco,1889,male,safe_final_identity_cluster,3
persona-12568,HP-00012568,FCL2-005921,concepcion quispe,1889,female,safe_final_identity_cluster,2
persona-12591,HP-00012591,FCL2-005933,barbaron espinosa,1889,male,safe_final_identity_cluster,2
persona-12608,HP-00012608,FCL2-005940,maria chaves,1889,female,safe_final_identity_cluster,4
persona-12612,HP-00012612,FCL2-005943,barbara oscco,1889,female,safe_final_identity_cluster,2
persona-12620,HP-00012620,FCL2-005947,manuela cupe,1889,female,safe_final_identity_cluster,5
persona-12627,HP-00012627,FCL2-018556,santos condori,1889,male,safe_final_identity_cluster,4
persona-12628,HP-00012628,FCL2-018556,juana quispe,1889,female,safe_final_identity_cluster,4
persona-12635,HP-00012635,FCL2-005954,natividad ramos,1889,female,safe_final_identity_cluster,3
persona-12638,HP-00012638,FCL2-005956,silvestre mejia,1889,male,safe_final_identity_cluster,2
persona-12639,HP-00012639,FCL2-005956,luisa vivanco,1889,female,safe_final_identity_cluster,2
persona-12642,HP-00012642,FCL2-005958,tadeo huamani,1889,male,safe_final_identity_cluster,2
persona-12643,HP-00012643,FCL2-005958,ursula yacca,1889,female,safe_final_identity_cluster,2
persona-12675,HP-00012675,FCL2-005974,ynocencia chaves,1889,female,safe_final_identity_cluster,2
persona-12678,HP-00012678,FCL2-005976,marcelo damian,1889,male,safe_final_identity_cluster,2
persona-12679,HP-00012679,FCL2-005976,nicolasa urbano,1889,female,safe_final_identity_cluster,2
persona-12683,HP-00012683,FCL2-005978,rafaela bacas,1889,female,safe_final_identity_cluster,3
persona-12685,HP-00012685,FCL2-005980,tomasa gavilan,1889,female,safe_final_identity_cluster,2
persona-12687,HP-00012687,FCL2-005980,segunda llaccsamanta,1889,female,safe_final_identity_cluster,3
persona-12701,HP-00012701,FCL2-021086,jesus mancco,1889,male,safe_final_identity_cluster,2
persona-12710,HP-00012710,FCL2-022568,jacinto barrientos,1889,male,safe_final_identity_cluster,3
persona-12711,HP-00012711,FCL2-022568,clemencia huarcaya,1889,female,safe_final_identity_cluster,3
persona-12713,HP-00012713,FCL2-018445,estefa chinchay,1889,female,safe_final_identity_cluster,2
persona-12714,HP-00012714,FCL2-018445,damian chinchay,1889,male,safe_final_identity_cluster,4
persona-12715,HP-00012715,FCL2-018445,lorenza vivanco,1889,female,safe_final_identity_cluster,4
persona-12721,HP-00012721,FCL2-005996,mercedes huarcaya,1889,female,safe_final_identity_cluster,3
persona-12722,HP-00012722,FCL2-015885,jose huarcaya,1889,male,safe_final_identity_cluster,3
persona-12731,HP-00012731,FCL2-006001,mercedes javier,1890,female,safe_final_identity_cluster,2
persona-12734,HP-00012734,FCL2-006003,francisco mendoza,1890,male,safe_final_identity_cluster,3
persona-12741,HP-00012741,FCL2-020963,pablo rojas,1890,male,safe_final_identity_cluster,3
persona-12742,HP-00012742,FCL2-006007,manuel rojas,1890,male,safe_final_identity_cluster,3
persona-12743,HP-00012743,FCL2-006008,eduarda mancco,1890,female,safe_final_identity_cluster,2
persona-12754,HP-00012754,FCL2-006014,jose polanco,1890,male,safe_final_identity_cluster,3
persona-12755,HP-00012755,FCL2-006014,juana barrientos,1890,female,safe_final_identity_cluster,3
persona-12770,HP-00012770,FCL2-006022,sebastian sanchez,1890,male,safe_final_identity_cluster,2
persona-12778,HP-00012778,FCL2-006026,pablo quispe,1890,male,safe_final_identity_cluster,2
persona-12786,HP-00012786,FCL2-006030,manuel chaves,1890,male,safe_final_identity_cluster,5
persona-12793,HP-00012793,FCL2-006034,blas urbano,1890,male,safe_final_identity_cluster,2
persona-12794,HP-00012794,FCL2-006034,mariano urbano,1890,male,safe_final_identity_cluster,4
persona-12802,HP-00012802,FCL2-018218,evaristo huamani,1890,male,safe_final_identity_cluster,6
persona-12809,HP-00012809,FCL2-021831,gabino tueros,1890,male,safe_final_identity_cluster,2
persona-12810,HP-00012810,FCL2-021831,guillermo tueros,1890,male,safe_final_identity_cluster,3
persona-12837,HP-00012837,FCL2-021877,teresa condori,1890,female,safe_final_identity_cluster,2
persona-12838,HP-00012838,FCL2-021877,remigio condori,1890,male,safe_final_identity_cluster,2
persona-12843,HP-00012843,FCL2-006055,gabriela sanches,1890,female,safe_final_identity_cluster,2
persona-12854,HP-00012854,FCL2-006061,gregorio quispe,1890,male,safe_final_identity_cluster,2
persona-12862,HP-00010493,FCL2-004930,felix ccoillo,1890,male,safe_final_identity_cluster,3
persona-12875,HP-00012875,FCL2-006070,yldefonsa sanches,1890,female,safe_final_identity_cluster,3
persona-12891,HP-00012891,FCL2-006078,marcelina huamani,1890,female,safe_final_identity_cluster,2
persona-12905,HP-00012905,FCL2-021733,encarnacion tito,1890,female,safe_final_identity_cluster,2
persona-12910,HP-00012910,FCL2-022455,felix avalos,1890,male,safe_final_identity_cluster,2
persona-12913,HP-00012913,FCL2-021658,virginia huamani,1890,female,safe_final_identity_cluster,2
persona-12954,HP-00012954,FCL2-014756,baltazara huallpatuero,1890,female,safe_final_identity_cluster,2
persona-12957,HP-00012957,FCL2-006106,marcos poma,1890,male,safe_final_identity_cluster,6
persona-12958,HP-00012958,FCL2-006106,antonia roque,1890,female,safe_final_identity_cluster,6
persona-12962,HP-00012962,FCL2-006108,vicenta espinosa,1890,female,safe_final_identity_cluster,3
persona-12986,HP-00012986,FCL2-006120,petronila ramos,1890,female,safe_final_identity_cluster,3
persona-12998,HP-00012998,FCL2-006126,petronila ccoillo,1890,female,safe_final_identity_cluster,3
persona-13006,HP-00013006,FCL2-006130,trinidad cuevas,1890,female,safe_final_identity_cluster,2
persona-13033,HP-00012069,FCL2-020951,rufino quispe,1890,male,safe_final_identity_cluster,3
persona-13034,HP-00012070,FCL2-020951,brijida ccoillo,1890,female,safe_final_identity_cluster,3
persona-13088,HP-00013088,FCL2-006171,ciriana rodrigues,1890,female,safe_final_identity_cluster,2
persona-13089,HP-00013089,FCL2-006172,francisco rodrigues,1890,male,safe_final_identity_cluster,2
persona-13128,HP-00013128,FCL2-023073,andres avalos,1890,male,safe_final_identity_cluster,3
persona-13159,HP-00013159,FCL2-021833,eduarda ortiz,1890,female,safe_final_identity_cluster,2
persona-13168,HP-00011035,FCL2-005189,jose flores,1890,male,safe_final_identity_cluster,4
persona-13169,HP-00011036,FCL2-005189,eustaquia santiago,1890,female,safe_final_identity_cluster,4
persona-13196,HP-00013196,FCL2-006220,ysavel condori,1890,female,safe_final_identity_cluster,2
persona-13203,HP-00013203,FCL2-006224,simon quispe,1890,male,safe_final_identity_cluster,2
persona-13204,HP-00013204,FCL2-006224,maria ramos,1890,female,safe_final_identity_cluster,2
persona-13214,HP-00013214,FCL2-006230,nicolasa quispe,1890,female,safe_final_identity_cluster,2
persona-13222,HP-00013222,FCL2-006235,catalina baca,1890,female,safe_final_identity_cluster,2
persona-13223,HP-00013223,FCL2-006235,damaso baca,1890,male,safe_final_identity_cluster,2
persona-13254,HP-00013254,FCL2-021035,tomas poma,1890,male,safe_final_identity_cluster,2
persona-13255,HP-00013255,FCL2-021035,pedro poma,1890,male,safe_final_identity_cluster,3
persona-13267,HP-00013267,FCL2-006256,lino palomino,1891,male,safe_final_identity_cluster,2
persona-13268,HP-00013268,FCL2-006256,valentina huamani,1891,female,safe_final_identity_cluster,2
persona-13272,HP-00013272,FCL2-006258,maria javier,1891,female,safe_final_identity_cluster,2
persona-13275,HP-00013275,FCL2-006260,seledonio bautista,1891,male,safe_final_identity_cluster,2
persona-13299,HP-00013299,FCL2-019297,pedro monge,1891,male,safe_final_identity_cluster,2
persona-13327,HP-00013327,FCL2-006285,seledonio buitron,1891,male,safe_final_identity_cluster,2
persona-13328,HP-00013328,FCL2-006285,natividad arango,1891,female,safe_final_identity_cluster,2
persona-13351,HP-00011261,FCL2-005298,pedro ramos,1891,male,safe_final_identity_cluster,6
persona-13352,HP-00011262,FCL2-005298,manuela vega,1891,female,safe_final_identity_cluster,6
persona-13359,HP-00013359,FCL2-006300,javier huallpatuero,1891,male,safe_final_identity_cluster,2
persona-13360,HP-00013360,FCL2-006300,gregoria roque,1891,female,safe_final_identity_cluster,2
persona-13368,HP-00013368,FCL2-006304,manuela huamani,1891,female,safe_final_identity_cluster,5
persona-13380,HP-00010821,FCL2-005088,jasinta vellido,1891,female,safe_final_identity_cluster,3
persona-13400,HP-00013400,FCL2-022763,rufina llamoca,1891,female,safe_final_identity_cluster,3
persona-13415,HP-00013415,FCL2-021794,tivurcio sanches,1891,male,safe_final_identity_cluster,2
persona-13432,HP-00013432,FCL2-006331,paula jimenes,1891,female,safe_final_identity_cluster,2
persona-13443,HP-00012531,FCL2-005904,asunto marcacusco,1891,male,safe_final_identity_cluster,2
persona-13460,HP-00013460,FCL2-006342,juana ortis,1891,female,safe_final_identity_cluster,2
persona-13475,HP-00013475,FCL2-006350,rudecindo leon,1891,male,safe_final_identity_cluster,2
persona-13478,HP-00013478,FCL2-015773,antonia serrano,1891,female,safe_final_identity_cluster,3
persona-13480,HP-00013480,FCL2-015773,espirita palomino,1891,female,safe_final_identity_cluster,5
persona-13495,HP-00012802,FCL2-018218,evaristo huamani,1891,male,safe_final_identity_cluster,6
persona-13503,HP-00013503,FCL2-006360,mateo espinosa,1891,male,safe_final_identity_cluster,2
persona-13504,HP-00013504,FCL2-006360,gertrudis javier,1891,female,safe_final_identity_cluster,2
persona-13507,HP-00013507,FCL2-006362,lino urvano,1891,male,safe_final_identity_cluster,2
persona-13520,HP-00012608,FCL2-005940,maria chaves,1891,female,safe_final_identity_cluster,4
persona-13531,HP-00013531,FCL2-018994,ciprian quispe,1891,male,safe_final_identity_cluster,3
persona-13532,HP-00013532,FCL2-018994,santosa condori,1891,female,safe_final_identity_cluster,2
persona-13547,HP-00013547,FCL2-018809,mariano tito,1891,male,safe_final_identity_cluster,3
persona-13548,HP-00013548,FCL2-018809,tomasa quispe,1891,female,safe_final_identity_cluster,6
persona-13572,HP-00013572,FCL2-006390,guillerma quispe,1891,female,safe_final_identity_cluster,2
persona-13576,HP-00011398,FCL2-005362,dionicia huamani,1891,female,safe_final_identity_cluster,3
persona-13582,HP-00013582,FCL2-006394,juana rosa gutierres,1891,female,safe_final_identity_cluster,2
persona-13583,HP-00013583,FCL2-006394,tuvias gutierres,1891,male,safe_final_identity_cluster,2
persona-13599,HP-00013599,FCL2-006402,felis avalos,1891,male,safe_final_identity_cluster,3
persona-13647,HP-00012754,FCL2-006014,jose polanco,1891,male,safe_final_identity_cluster,3
persona-13648,HP-00012755,FCL2-006014,juana barrientos,1891,female,safe_final_identity_cluster,3
persona-13672,HP-00013672,FCL2-006436,fernanda espinosa,1891,female,safe_final_identity_cluster,2
persona-13683,HP-00013683,FCL2-006442,fuljencio barrientos,1891,male,safe_final_identity_cluster,3
persona-13699,HP-00013699,FCL2-006450,tomas achamisa,1891,male,safe_final_identity_cluster,2
persona-13704,HP-00013704,FCL2-006452,felipa huallpatuero,1891,female,safe_final_identity_cluster,3
persona-13714,HP-00013714,FCL2-015648,andres mancco,1891,male,safe_final_identity_cluster,2
persona-13723,HP-00010434,FCL2-004900,jasinto cardenas,1891,male,safe_final_identity_cluster,2
persona-13727,HP-00013727,FCL2-019054,juan de dios suyca,1891,male,safe_final_identity_cluster,3
persona-13728,HP-00013728,FCL2-019054,ynes asto,1891,female,safe_final_identity_cluster,3
persona-13747,HP-00013747,FCL2-006469,hilarion huarcaya,1891,male,safe_final_identity_cluster,2
persona-13751,HP-00013747,FCL2-006469,hilarion huarcaya,1891,male,safe_final_identity_cluster,2
persona-13754,HP-00013754,FCL2-006472,gregorio dias,1891,male,safe_final_identity_cluster,2
persona-13759,HP-00013759,FCL2-006475,felis coyllo,1891,male,safe_final_identity_cluster,2
persona-13764,HP-00013764,FCL2-006477,gualverta ayme,1891,female,safe_final_identity_cluster,2
persona-13767,HP-00013767,FCL2-006479,pedro quispe,1891,male,safe_final_identity_cluster,3
persona-13770,HP-00013770,FCL2-006481,maria ramos,1891,female,safe_final_identity_cluster,2
persona-13799,HP-00013799,FCL2-006495,juan sanches,1891,male,safe_final_identity_cluster,3
persona-13808,HP-00013808,FCL2-006499,silvestra,1891,female,safe_final_identity_cluster,2
persona-13820,HP-00010558,FCL2-004961,petrona ramos,1891,female,safe_final_identity_cluster,2
persona-13824,HP-00012277,FCL2-005785,silvestra guillen,1891,female,safe_final_identity_cluster,2
persona-13827,HP-00013827,FCL2-021703,fransisco ochoa,1891,male,safe_final_identity_cluster,2
persona-13831,HP-00010860,FCL2-019133,blas ynca,1891,male,safe_final_identity_cluster,4
persona-13848,HP-00012635,FCL2-005954,natividad ramos,1892,female,safe_final_identity_cluster,3
persona-13852,HP-00011186,FCL2-005260,gabriela ramos,1892,female,safe_final_identity_cluster,5
persona-13868,HP-00012321,FCL2-005805,bacilia llamoca,1892,female,safe_final_identity_cluster,4
persona-13883,HP-00010585,FCL2-004974,julian tito,1892,male,safe_final_identity_cluster,2
persona-13884,HP-00010586,FCL2-004974,luisa saravia,1892,female,safe_final_identity_cluster,2
persona-13907,HP-00011277,FCL2-005306,silvestre quispe,1892,male,safe_final_identity_cluster,2
persona-13908,HP-00011278,FCL2-005306,gabriela vega,1892,female,safe_final_identity_cluster,2
persona-13914,HP-00013914,FCL2-015524,doroteo huarcaya,1892,male,safe_final_identity_cluster,2
persona-13919,HP-00010760,FCL2-005060,simon ramon,1892,male,safe_final_identity_cluster,4
persona-13928,HP-00013928,FCL2-006545,magdalena avalos,1892,female,safe_final_identity_cluster,3
persona-13952,HP-00013952,FCL2-022374,cristina ayme,1892,female,safe_final_identity_cluster,3
persona-13955,HP-00013955,FCL2-006556,felis coro,1892,male,safe_final_identity_cluster,2
persona-13991,HP-00013991,FCL2-006572,fernando coyllo,1892,male,safe_final_identity_cluster,2
persona-14018,HP-00014018,FCL2-014967,josefa ccanto,1892,female,safe_final_identity_cluster,2
persona-14047,HP-00014047,FCL2-006598,manuel mancco,1892,male,safe_final_identity_cluster,2
persona-14048,HP-00014048,FCL2-006598,simona checcnes,1892,female,safe_final_identity_cluster,2
persona-14070,HP-00014070,FCL2-021828,aniseta ortis,1892,female,safe_final_identity_cluster,2
persona-14071,HP-00014071,FCL2-021828,nasario ortis,1892,male,safe_final_identity_cluster,3
persona-14094,HP-00014094,FCL2-006619,alejandra quispe,1892,female,safe_final_identity_cluster,3
persona-14108,HP-00014108,FCL2-006625,hipolita espinosa,1892,female,safe_final_identity_cluster,2
persona-14116,HP-00014116,FCL2-006629,estefa condori,1892,female,safe_final_identity_cluster,3
persona-14134,HP-00014134,FCL2-006639,juan ccanto,1892,male,safe_final_identity_cluster,2
persona-14135,HP-00014135,FCL2-006640,patricio ccanto,1892,male,safe_final_identity_cluster,2
persona-14139,HP-00012260,FCL2-005776,luis palomino,1892,male,safe_final_identity_cluster,3
persona-14140,HP-00012261,FCL2-005776,nasaria montero,1892,female,safe_final_identity_cluster,3
persona-14156,HP-00012217,FCL2-005755,ysidora florez,1892,female,safe_final_identity_cluster,4
persona-14191,HP-00014191,FCL2-019225,pedro ccochache,1892,male,safe_final_identity_cluster,2
persona-14200,HP-00014200,FCL2-006670,angela condori,1892,female,safe_final_identity_cluster,2
persona-14203,HP-00014203,FCL2-006672,estevan urvano,1892,male,safe_final_identity_cluster,2
persona-14204,HP-00014204,FCL2-006672,maria coyllo,1892,female,safe_final_identity_cluster,2
persona-14215,HP-00014215,FCL2-006677,esteban ramos,1892,male,safe_final_identity_cluster,2
persona-14220,HP-00013928,FCL2-006545,magdalena avalos,1892,female,safe_final_identity_cluster,3
persona-14235,HP-00010740,FCL2-005050,santos santiago,1892,male,safe_final_identity_cluster,3
persona-14236,HP-00010741,FCL2-005050,asunta dias,1892,female,safe_final_identity_cluster,3
persona-14239,HP-00014239,FCL2-006686,esteban huarcaya,1892,male,safe_final_identity_cluster,3
persona-14248,HP-00014248,FCL2-006691,luisa sotelo,1892,female,safe_final_identity_cluster,2
persona-14250,HP-00014250,FCL2-016339,alejandra huallpatuero,1892,female,safe_final_identity_cluster,2
persona-14262,HP-00014262,FCL2-015807,maria huarcaya,1892,female,safe_final_identity_cluster,2
persona-14279,HP-00012957,FCL2-006106,marcos poma,1892,male,safe_final_identity_cluster,6
persona-14280,HP-00012958,FCL2-006106,antonia roque,1892,female,safe_final_identity_cluster,6
persona-14283,HP-00012627,FCL2-018556,santos condori,1892,male,safe_final_identity_cluster,4
persona-14284,HP-00012628,FCL2-018556,juana quispe,1892,female,safe_final_identity_cluster,4
persona-14295,HP-00014295,FCL2-006711,dionicio barrientos,1892,male,safe_final_identity_cluster,2
persona-14322,HP-00014322,FCL2-021849,juan mancco,1892,male,safe_final_identity_cluster,2
persona-14336,HP-00012683,FCL2-005978,rafaela bacas,1892,female,safe_final_identity_cluster,3
persona-14356,HP-00012687,FCL2-005980,segunda llaccsamanta,1892,female,safe_final_identity_cluster,3
persona-14391,HP-00012786,FCL2-006030,manuel chaves,1892,male,safe_final_identity_cluster,5
persona-14400,HP-00014200,FCL2-006670,angela condori,1892,female,safe_final_identity_cluster,2
persona-14426,HP-00014426,FCL2-014768,evarista mancco,1892,female,safe_final_identity_cluster,2
persona-14427,HP-00014427,FCL2-006771,alejo mancco,1892,male,safe_final_identity_cluster,2
persona-14451,HP-00014451,FCL2-006783,mariano vega,1892,male,safe_final_identity_cluster,2
persona-14452,HP-00014452,FCL2-006783,juana huallpatuero,1892,female,safe_final_identity_cluster,2
persona-14462,HP-00014462,FCL2-006789,tomas huamani,1892,male,safe_final_identity_cluster,2
persona-14474,HP-00014474,FCL2-015472,nicolasa vilca,1892,female,safe_final_identity_cluster,2
persona-14484,HP-00014484,FCL2-019826,rosalia suyca,1892,female,safe_final_identity_cluster,2
persona-14492,HP-00012608,FCL2-005940,maria chaves,1892,female,safe_final_identity_cluster,4
persona-14499,HP-00012802,FCL2-018218,evaristo huamani,1892,male,safe_final_identity_cluster,6
persona-14507,HP-00013759,FCL2-006475,felis coyllo,1893,male,safe_final_identity_cluster,2
persona-14512,HP-00014512,FCL2-006809,visenta espinosa,1893,female,safe_final_identity_cluster,2
persona-14544,HP-00014544,FCL2-006824,benita cucho,1893,female,safe_final_identity_cluster,2
persona-14580,HP-00014580,FCL2-006842,rosalia huayta,1893,female,safe_final_identity_cluster,2
persona-14615,HP-00014615,FCL2-006860,rufino urvano,1893,male,safe_final_identity_cluster,2
persona-14619,HP-00012256,FCL2-005774,fernando polanco,1893,male,safe_final_identity_cluster,2
persona-14620,HP-00012257,FCL2-005774,magdalena choccehuanca,1893,female,safe_final_identity_cluster,2
persona-14622,HP-00014622,FCL2-021778,blas huarancca,1893,male,safe_final_identity_cluster,2
persona-14627,HP-00014627,FCL2-022416,santiago avalos,1893,male,safe_final_identity_cluster,2
persona-14628,HP-00014628,FCL2-022416,maria poma,1893,female,safe_final_identity_cluster,2
persona-14635,HP-00013599,FCL2-006402,felis avalos,1893,male,safe_final_identity_cluster,3
persona-14640,HP-00012373,FCL2-016090,candelaria cucho,1893,female,safe_final_identity_cluster,3
persona-14648,HP-00013480,FCL2-015773,espirita palomino,1893,female,safe_final_identity_cluster,5
persona-14663,HP-00014663,FCL2-006878,ysidro ramos,1893,male,safe_final_identity_cluster,2
persona-14671,HP-00014671,FCL2-006882,felipe arimana,1893,male,safe_final_identity_cluster,4
persona-14678,HP-00014678,FCL2-015061,josefa serrano,1893,female,safe_final_identity_cluster,2
persona-14683,HP-00012005,FCL2-005660,rudesindo leon,1893,male,safe_final_identity_cluster,3
persona-14691,HP-00014203,FCL2-006672,estevan urvano,1893,male,safe_final_identity_cluster,2
persona-14692,HP-00014204,FCL2-006672,maria coyllo,1893,female,safe_final_identity_cluster,2
persona-14739,HP-00013547,FCL2-018809,mariano tito,1893,male,safe_final_identity_cluster,3
persona-14740,HP-00013548,FCL2-018809,tomasa quispe,1893,female,safe_final_identity_cluster,6
persona-14748,HP-00014748,FCL2-006915,tivurcia oscco,1893,female,safe_final_identity_cluster,3
persona-14755,HP-00013275,FCL2-006260,seledonio bautista,1893,male,safe_final_identity_cluster,2
persona-14759,HP-00013203,FCL2-006224,simon quispe,1893,male,safe_final_identity_cluster,2
persona-14760,HP-00013204,FCL2-006224,maria ramos,1893,female,safe_final_identity_cluster,2
persona-14791,HP-00014071,FCL2-021828,nasario ortis,1893,male,safe_final_identity_cluster,3
persona-14795,HP-00010943,FCL2-005143,mariano ramos,1893,male,safe_final_identity_cluster,6
persona-14796,HP-00010944,FCL2-005143,catalina santiago,1893,female,safe_final_identity_cluster,6
persona-14803,HP-00012786,FCL2-006030,manuel chaves,1893,male,safe_final_identity_cluster,5
persona-14823,HP-00011007,FCL2-005175,lucas espinosa,1893,male,safe_final_identity_cluster,3
persona-14824,HP-00011008,FCL2-005175,martina huamani,1893,female,safe_final_identity_cluster,3
persona-14843,HP-00013503,FCL2-006360,mateo espinosa,1893,male,safe_final_identity_cluster,2
persona-14844,HP-00013504,FCL2-006360,gertrudis javier,1893,female,safe_final_identity_cluster,2
persona-14864,HP-00013460,FCL2-006342,juana ortis,1893,female,safe_final_identity_cluster,2
persona-14872,HP-00010924,FCL2-016344,feliciana cucho,1893,female,safe_final_identity_cluster,4
persona-14891,HP-00014891,FCL2-006976,reymundo vivanco,1893,male,safe_final_identity_cluster,2
persona-14915,HP-00013267,FCL2-006256,lino palomino,1893,male,safe_final_identity_cluster,2
persona-14916,HP-00013268,FCL2-006256,valentina huamani,1893,female,safe_final_identity_cluster,2
persona-14947,HP-00011088,FCL2-005212,ynes palomino,1893,female,safe_final_identity_cluster,2
persona-14953,HP-00014953,FCL2-014740,cipriana urbano,1893,female,safe_final_identity_cluster,2
persona-14996,HP-00014996,FCL2-015890,maximiliana morales,1893,female,safe_final_identity_cluster,2
persona-14998,HP-00014998,FCL2-015890,candelaria palomino,1893,female,safe_final_identity_cluster,2
persona-15029,HP-00015029,FCL2-007039,evarista damian,1893,female,safe_final_identity_cluster,2
persona-15061,HP-00011115,FCL2-005226,martina puma,1893,female,safe_final_identity_cluster,2
persona-15065,HP-00015065,FCL2-022470,paulina jimenez,1893,female,safe_final_identity_cluster,2
persona-15073,HP-00013572,FCL2-006390,guillerma quispe,1893,female,safe_final_identity_cluster,2
persona-15083,HP-00011162,FCL2-005249,eugenio ortiz,1893,male,safe_final_identity_cluster,2
persona-15087,HP-00015087,FCL2-007065,manuel huamani,1893,male,safe_final_identity_cluster,4
persona-15088,HP-00015088,FCL2-007065,maria flores,1893,female,safe_final_identity_cluster,4
persona-15106,HP-00015106,FCL2-007074,maximiliano ynca,1893,male,safe_final_identity_cluster,2
persona-15108,HP-00015108,FCL2-007076,gregoria huarcaya,1893,female,safe_final_identity_cluster,2
persona-15111,HP-00011500,FCL2-005411,marcelo sanchez,1893,male,safe_final_identity_cluster,2
persona-15120,HP-00015120,FCL2-007079,jacinta bellido,1893,female,safe_final_identity_cluster,2
persona-15128,HP-00015128,FCL2-007083,marcela avalos,1893,female,safe_final_identity_cluster,3
persona-15146,HP-00015146,FCL2-015393,nasario sanchez,1893,male,safe_final_identity_cluster,2
persona-15159,HP-00015159,FCL2-007098,francisco huallpatuero,1893,male,safe_final_identity_cluster,2
persona-15168,HP-00015168,FCL2-007101,juana baca,1893,female,safe_final_identity_cluster,4
persona-15171,HP-00011003,FCL2-005173,jose vivanco,1893,male,safe_final_identity_cluster,2
persona-15172,HP-00011004,FCL2-005173,antonia fuentes,1893,female,safe_final_identity_cluster,2
persona-15180,HP-00011734,FCL2-005526,celedonia ramos,1893,female,safe_final_identity_cluster,2
persona-15184,HP-00013928,FCL2-006545,magdalena avalos,1894,female,safe_final_identity_cluster,3
persona-15188,HP-00012241,FCL2-005767,nicolasa gonzales,1893,female,safe_final_identity_cluster,3
persona-15203,HP-00015203,FCL2-007115,fernando ccoyllo,1894,male,safe_final_identity_cluster,2
persona-15265,HP-00015265,FCL2-007145,guillerma huamani,1894,female,safe_final_identity_cluster,2
persona-15267,HP-00015267,FCL2-007146,manuela cupi,1894,female,safe_final_identity_cluster,2
persona-15274,HP-00015274,FCL2-007150,narciso ccochachi,1894,male,safe_final_identity_cluster,2
persona-15275,HP-00015275,FCL2-007150,cacilda avalos,1894,female,safe_final_identity_cluster,2
persona-15286,HP-00010414,FCL2-004890,romualdo chinchay,1894,male,safe_final_identity_cluster,3
persona-15287,HP-00010415,FCL2-004890,agustina ramos,1894,female,safe_final_identity_cluster,3
persona-15290,HP-00015290,FCL2-022445,sebastian flores,1894,male,safe_final_identity_cluster,2
persona-15291,HP-00015291,FCL2-022445,silvestra condori,1894,female,safe_final_identity_cluster,2
persona-15322,HP-00015322,FCL2-007171,simeon vega,1894,male,safe_final_identity_cluster,2
persona-15335,HP-00013808,FCL2-006499,silvestra,1894,female,safe_final_identity_cluster,2
persona-15371,HP-00012401,FCL2-005842,nicolasa saravia,1894,female,safe_final_identity_cluster,2
persona-15374,HP-00015374,FCL2-019311,francisco chinchay,1894,male,safe_final_identity_cluster,4
persona-15375,HP-00015375,FCL2-019311,jacinta nina,1894,female,safe_final_identity_cluster,4
persona-15378,HP-00013955,FCL2-006556,felix coro,1894,male,safe_final_identity_cluster,2
persona-15391,HP-00015391,FCL2-007201,petronila chinchay,1894,female,safe_final_identity_cluster,2
persona-15402,HP-00015274,FCL2-007150,narciso ccochachi,1894,male,safe_final_identity_cluster,2
persona-15403,HP-00015275,FCL2-007150,cacilda avalos,1894,female,safe_final_identity_cluster,2
persona-15406,HP-00015406,FCL2-007208,calisto huallpatuero,1894,male,safe_final_identity_cluster,2
persona-15407,HP-00015407,FCL2-007208,paulina huauya,1894,female,safe_final_identity_cluster,2
persona-15426,HP-00013683,FCL2-006442,fuljencio barrientos,1894,male,safe_final_identity_cluster,3
persona-15433,HP-00015433,FCL2-007221,costantina egocheaga,1894,female,safe_final_identity_cluster,2
persona-15434,HP-00015434,FCL2-007221,vicente egocheaga,1894,male,safe_final_identity_cluster,2
persona-15435,HP-00015435,FCL2-007221,jesus medina,1894,female,safe_final_identity_cluster,2
persona-15475,HP-00015475,FCL2-007241,paula quispe,1894,female,safe_final_identity_cluster,5
persona-15479,HP-00015479,FCL2-007243,valentina condori,1894,female,safe_final_identity_cluster,2
persona-15490,HP-00010812,FCL2-005085,domingo espinoza,1894,male,safe_final_identity_cluster,3
persona-15498,HP-00010860,FCL2-019133,blas ynca,1894,male,safe_final_identity_cluster,4
persona-15515,HP-00015515,FCL2-018520,ynocencia chavez,1894,female,safe_final_identity_cluster,3
persona-15518,HP-00015518,FCL2-007259,marcos huarcaya,1894,male,safe_final_identity_cluster,3
persona-15542,HP-00014047,FCL2-006598,manuel mancco,1894,male,safe_final_identity_cluster,2
persona-15543,HP-00014048,FCL2-006598,simona checcnes,1894,female,safe_final_identity_cluster,2
persona-15579,HP-00015579,FCL2-007288,asuncion asto,1894,female,safe_final_identity_cluster,2
persona-15595,HP-00010693,FCL2-005027,tomasa huamani,1894,female,safe_final_identity_cluster,2
persona-15597,HP-00015597,FCL2-007297,ciriaca lopez,1894,female,safe_final_identity_cluster,2
persona-15598,HP-00015598,FCL2-007297,pablo lopez,1894,male,safe_final_identity_cluster,2
persona-15599,HP-00015599,FCL2-007297,norverta ramos,1894,female,safe_final_identity_cluster,2
persona-15618,HP-00014451,FCL2-006783,mariano vega,1894,male,safe_final_identity_cluster,2
persona-15619,HP-00014452,FCL2-006783,juana huallpatuero,1894,female,safe_final_identity_cluster,2
persona-15635,HP-00014248,FCL2-006691,luisa sotelo,1894,female,safe_final_identity_cluster,2
persona-15638,HP-00015638,FCL2-007315,alverto chalco,1894,male,safe_final_identity_cluster,2
persona-15642,HP-00015642,FCL2-007317,mariano huamani,1894,male,safe_final_identity_cluster,3
persona-15646,HP-00010644,FCL2-005003,pablo barrientos,1894,male,safe_final_identity_cluster,3
persona-15647,HP-00010645,FCL2-005003,cristina espinoza,1894,female,safe_final_identity_cluster,3
persona-15649,HP-00015649,FCL2-023183,julian quispe,1894,male,safe_final_identity_cluster,2
persona-15662,HP-00012770,FCL2-006022,sebastian sanchez,1894,male,safe_final_identity_cluster,2
persona-15669,HP-00015669,FCL2-015130,monica quispe,1894,female,safe_final_identity_cluster,2
persona-15671,HP-00015671,FCL2-015130,marcela condori,1894,female,safe_final_identity_cluster,2
persona-15678,HP-00015678,FCL2-019777,jose huallpatuero,1894,male,safe_final_identity_cluster,3
persona-15686,HP-00015686,FCL2-007333,daniel romero,1894,male,safe_final_identity_cluster,2
persona-15687,HP-00015687,FCL2-007333,clara acharte,1894,female,safe_final_identity_cluster,2
persona-15690,HP-00015686,FCL2-007333,daniel romero,1894,male,safe_final_identity_cluster,2
persona-15691,HP-00015687,FCL2-007333,clara acharte,1894,female,safe_final_identity_cluster,2
persona-15693,HP-00015693,FCL2-007336,elena guillen,1894,female,safe_final_identity_cluster,2
persona-15695,HP-00015695,FCL2-007338,eusevia roca,1894,female,safe_final_identity_cluster,2
persona-15698,HP-00012710,FCL2-022568,jacinto barrientos,1894,male,safe_final_identity_cluster,3
persona-15699,HP-00012711,FCL2-022568,clemencia huarcaya,1894,female,safe_final_identity_cluster,3
persona-15706,HP-00015706,FCL2-022977,marcelo huamani,1894,male,safe_final_identity_cluster,4
persona-15707,HP-00015707,FCL2-022977,ygnacia barrientos,1894,female,safe_final_identity_cluster,4
persona-15712,HP-00015712,FCL2-007345,jacinto jabier,1894,male,safe_final_identity_cluster,2
persona-15713,HP-00015713,FCL2-007346,manuel jabier,1894,male,safe_final_identity_cluster,2
persona-15714,HP-00015714,FCL2-007347,celestina llacsamanta,1894,female,safe_final_identity_cluster,3
persona-15726,HP-00012241,FCL2-005767,nicolaza gonzales,1894,female,safe_final_identity_cluster,3
persona-15742,HP-00013368,FCL2-006304,manuela huamani,1894,female,safe_final_identity_cluster,5
persona-15778,HP-00015778,FCL2-007377,brijida urbano,1894,female,safe_final_identity_cluster,2
persona-15785,HP-00015785,FCL2-007381,ramon suica,1894,male,safe_final_identity_cluster,2
persona-15786,HP-00015786,FCL2-007381,vicenta cuse,1894,female,safe_final_identity_cluster,2
persona-15790,HP-00012217,FCL2-005755,ysidora flores,1894,female,safe_final_identity_cluster,4
persona-15793,HP-00015793,FCL2-019363,carmelon lopez,1894,male,safe_final_identity_cluster,2
persona-15797,HP-00010640,FCL2-005001,asencio ramos,1894,male,safe_final_identity_cluster,2
persona-15802,HP-00013480,FCL2-015773,espirita palomino,1894,female,safe_final_identity_cluster,5
persona-15833,HP-00010370,FCL2-004868,estevan urbano,1894,male,safe_final_identity_cluster,2
persona-15834,HP-00010371,FCL2-004868,maria ccoyllo,1894,female,safe_final_identity_cluster,2
persona-15840,HP-00013770,FCL2-006481,maria ramos,1894,female,safe_final_identity_cluster,2
persona-15872,HP-00015872,FCL2-007418,prudencio mancco,1894,male,safe_final_identity_cluster,2
persona-15873,HP-00015873,FCL2-007418,alejo mancco,1894,male,safe_final_identity_cluster,2
persona-15885,HP-00011261,FCL2-005298,pedro ramos,1894,male,safe_final_identity_cluster,6
persona-15886,HP-00011262,FCL2-005298,manuela vega,1894,female,safe_final_identity_cluster,6
persona-15889,HP-00010943,FCL2-005143,mariano ramos,1894,male,safe_final_identity_cluster,6
persona-15890,HP-00010944,FCL2-005143,catalina santiago,1894,female,safe_final_identity_cluster,6
persona-15900,HP-00015900,FCL2-007428,patrocinio chalco,1894,male,safe_final_identity_cluster,2
persona-15901,HP-00015901,FCL2-007428,fidel chalco,1894,male,safe_final_identity_cluster,2
persona-15902,HP-00015902,FCL2-007428,felipa zarate,1894,female,safe_final_identity_cluster,2
persona-15909,HP-00015087,FCL2-007065,manuel huamani,1894,male,safe_final_identity_cluster,4
persona-15910,HP-00015088,FCL2-007065,maria flores,1894,female,safe_final_identity_cluster,4
persona-15913,HP-00015913,FCL2-020375,pedro arango,1894,male,safe_final_identity_cluster,3
persona-15914,HP-00015914,FCL2-020375,bacilia chalco,1894,female,safe_final_identity_cluster,3
persona-15930,HP-00012321,FCL2-005805,bacilia llamocca,1894,female,safe_final_identity_cluster,4
persona-15936,HP-00015936,FCL2-007442,juan cerilo quispe,1894,male,safe_final_identity_cluster,2
persona-15937,HP-00015937,FCL2-007442,eulogio quispe,1894,male,safe_final_identity_cluster,2
persona-15938,HP-00015938,FCL2-007442,cristina collahua,1894,female,safe_final_identity_cluster,2
persona-15941,HP-00010760,FCL2-005060,simon ramos,1894,male,safe_final_identity_cluster,4
persona-15961,HP-00010899,FCL2-005124,pedro ccochachi,1895,male,safe_final_identity_cluster,3
persona-15973,HP-00011035,FCL2-005189,jose flores,1895,male,safe_final_identity_cluster,4
persona-15974,HP-00011036,FCL2-005189,eustaquia santiago,1895,female,safe_final_identity_cluster,4
persona-15982,HP-00015982,FCL2-018364,pascuala quispe,1895,female,safe_final_identity_cluster,5
persona-15986,HP-00012986,FCL2-006120,petronila ramos,1895,female,safe_final_identity_cluster,3
persona-16000,HP-00016000,FCL2-021912,baldomero serrano,1895,male,safe_final_identity_cluster,2
persona-16005,HP-00012802,FCL2-018218,evaristo huamani,1895,male,safe_final_identity_cluster,6
persona-16017,HP-00014663,FCL2-006878,ysidoro ramos,1895,male,safe_final_identity_cluster,2
persona-16020,HP-00016020,FCL2-015256,marcelina serrano,1895,female,safe_final_identity_cluster,2
persona-16025,HP-00013727,FCL2-019054,juan de dios suyca,1895,male,safe_final_identity_cluster,3
persona-16026,HP-00013728,FCL2-019054,ynes asto,1895,female,safe_final_identity_cluster,3
persona-16030,HP-00014748,FCL2-006915,tiburcia oscco,1895,female,safe_final_identity_cluster,3
persona-16037,HP-00016037,FCL2-019609,calisto ccochachi,1895,male,safe_final_identity_cluster,3
persona-16038,HP-00016038,FCL2-019609,juliana abalos,1895,female,safe_final_identity_cluster,3
persona-16042,HP-00013368,FCL2-006304,manuela huamani,1895,female,safe_final_identity_cluster,5
persona-16057,HP-00013991,FCL2-006572,fernando coyllo,1895,male,safe_final_identity_cluster,2
persona-16085,HP-00011571,FCL2-005447,carmelo quispe,1895,male,safe_final_identity_cluster,2
persona-16086,HP-00011572,FCL2-005447,petronila poma,1895,female,safe_final_identity_cluster,2
persona-16088,HP-00016088,FCL2-007503,gabriela ccoyllo,1895,female,safe_final_identity_cluster,3
persona-16089,HP-00016089,FCL2-007504,mariano ccoyllo,1895,male,safe_final_identity_cluster,2
persona-16133,HP-00012957,FCL2-006106,marcos poma,1895,male,safe_final_identity_cluster,6
persona-16134,HP-00012958,FCL2-006106,antonia roque,1895,female,safe_final_identity_cluster,6
persona-16137,HP-00015638,FCL2-007315,alverto chalco,1895,male,safe_final_identity_cluster,2
persona-16146,HP-00016146,FCL2-007530,francisca sanches,1895,female,safe_final_identity_cluster,2
persona-16173,HP-00015203,FCL2-007115,fernando ccoyllo,1895,male,safe_final_identity_cluster,2
persona-16181,HP-00010720,FCL2-015653,daniel romero,1895,male,safe_final_identity_cluster,6
persona-16182,HP-00010721,FCL2-015653,juana huamani,1895,female,safe_final_identity_cluster,6
persona-16222,HP-00015120,FCL2-007079,jacinta bellido,1895,female,safe_final_identity_cluster,2
persona-16229,HP-00013699,FCL2-006450,tomas achamisa,1895,male,safe_final_identity_cluster,2
persona-16250,HP-00016250,FCL2-007576,victoria ramos,1895,female,safe_final_identity_cluster,2
persona-16254,HP-00016250,FCL2-007576,victoria ramos,1895,female,safe_final_identity_cluster,2
persona-16268,HP-00016268,FCL2-007585,cipriana ccanto,1895,female,safe_final_identity_cluster,2
persona-16270,HP-00016270,FCL2-007585,francisca abalos,1895,female,safe_final_identity_cluster,2
persona-16302,HP-00015778,FCL2-007377,brijida urbano,1895,female,safe_final_identity_cluster,2
persona-16305,HP-00012005,FCL2-005660,rudesindo leon,1895,male,safe_final_identity_cluster,3
persona-16313,HP-00011922,FCL2-005619,agustin asto,1895,male,safe_final_identity_cluster,4
persona-16314,HP-00011923,FCL2-005619,rafaela santiago,1895,female,safe_final_identity_cluster,3
persona-16326,HP-00011016,FCL2-005179,espirita abalos,1895,female,safe_final_identity_cluster,3
persona-16341,HP-00015713,FCL2-007346,manuel jabier,1895,male,safe_final_identity_cluster,2
persona-16342,HP-00015714,FCL2-007347,celestina llacsamanta,1895,female,safe_final_identity_cluster,3
persona-16348,HP-00016348,FCL2-019311,tiburcio chinchay,1895,male,safe_final_identity_cluster,2
persona-16349,HP-00015374,FCL2-019311,francisco chinchay,1895,male,safe_final_identity_cluster,4
persona-16350,HP-00015375,FCL2-019311,jacinta nina,1895,female,safe_final_identity_cluster,4
persona-16365,HP-00013089,FCL2-006172,francisco rodrigues,1895,male,safe_final_identity_cluster,2
persona-16368,HP-00016368,FCL2-019810,aurelia champa,1895,female,safe_final_identity_cluster,2
persona-16402,HP-00016402,FCL2-017974,francisca sanchez,1895,female,safe_final_identity_cluster,4
persona-16414,HP-00015391,FCL2-007201,petronila chinchay,1895,female,safe_final_identity_cluster,2
persona-16453,HP-00010740,FCL2-005050,santos santiago,1895,male,safe_final_identity_cluster,3
persona-16454,HP-00010741,FCL2-005050,asunta dias,1895,female,safe_final_identity_cluster,3
persona-16489,HP-00015518,FCL2-007259,marcos huarcaya,1895,male,safe_final_identity_cluster,3
persona-16498,HP-00010554,FCL2-004959,juana ortiz,1895,female,safe_final_identity_cluster,2
persona-16524,HP-00016524,FCL2-014985,florisa lopez,1895,female,safe_final_identity_cluster,2
persona-16566,HP-00014580,FCL2-006842,rosalia huayta,1895,female,safe_final_identity_cluster,2
persona-16580,HP-00016580,FCL2-015492,saturnina solier,1895,female,safe_final_identity_cluster,2
persona-16581,HP-00016581,FCL2-015492,tomas solier,1895,male,safe_final_identity_cluster,2
persona-16589,HP-00010812,FCL2-005085,domingo espinoza,1895,male,safe_final_identity_cluster,3
persona-16602,HP-00012675,FCL2-005974,ynocencia chaves,1895,female,safe_final_identity_cluster,2
persona-16641,HP-00011134,FCL2-005235,jose vivanco,1895,male,safe_final_identity_cluster,2
persona-16642,HP-00011135,FCL2-005235,bonifacia romero,1895,female,safe_final_identity_cluster,2
persona-16657,HP-00012260,FCL2-005776,luis palomino,1895,male,safe_final_identity_cluster,3
persona-16658,HP-00012261,FCL2-005776,nasaria montero,1895,female,safe_final_identity_cluster,3
persona-16678,HP-00015168,FCL2-007101,juana bacas,1895,female,safe_final_identity_cluster,4
persona-16688,HP-00016688,FCL2-015300,ygnacio urbano,1895,male,safe_final_identity_cluster,2
persona-16709,HP-00016037,FCL2-019609,calisto ccochachi,1896,male,safe_final_identity_cluster,3
persona-16710,HP-00016038,FCL2-019609,juliana abalos,1896,female,safe_final_identity_cluster,3
persona-16754,HP-00015579,FCL2-007288,asuncion asto,1896,female,safe_final_identity_cluster,2
persona-16761,HP-00015785,FCL2-007381,ramon suica,1896,male,safe_final_identity_cluster,2
persona-16762,HP-00015786,FCL2-007381,vicenta cuse,1896,female,safe_final_identity_cluster,2
persona-16781,HP-00010383,FCL2-004874,paula sanchez,1895,female,safe_final_identity_cluster,2
persona-16800,HP-00011385,FCL2-005356,santiago chavez,1895,male,safe_final_identity_cluster,2
persona-16801,HP-00011386,FCL2-005356,concepcion huarcaya,1895,female,safe_final_identity_cluster,2
persona-16809,HP-00011190,FCL2-005262,luisa zotelo,1896,female,safe_final_identity_cluster,2
persona-16817,HP-00012620,FCL2-005947,manuela cupe,1896,female,safe_final_identity_cluster,5
persona-16821,HP-00014544,FCL2-006824,benedicta cucho,1896,female,safe_final_identity_cluster,2
persona-16837,HP-00013952,FCL2-022374,cristina ayme,1896,female,safe_final_identity_cluster,3
persona-16841,HP-00015982,FCL2-018364,pascuala quispe,1896,female,safe_final_identity_cluster,5
persona-16844,HP-00013547,FCL2-018809,mariano tito,1896,male,safe_final_identity_cluster,3
persona-16845,HP-00013548,FCL2-018809,tomasa quispe,1896,female,safe_final_identity_cluster,6
persona-16856,HP-00016856,FCL2-007847,mariano huallpatuiro,1896,male,safe_final_identity_cluster,2
persona-16859,HP-00016859,FCL2-007849,lazaro morales,1896,male,safe_final_identity_cluster,2
persona-16872,HP-00013683,FCL2-006442,fuljencio barrientos,1896,male,safe_final_identity_cluster,3
persona-16883,HP-00016883,FCL2-016486,eulalia huamani,1896,female,safe_final_identity_cluster,2
persona-16884,HP-00015706,FCL2-022977,marcelo huamani,1896,male,safe_final_identity_cluster,4
persona-16885,HP-00015707,FCL2-022977,ygnacia barrientos,1896,female,safe_final_identity_cluster,4
persona-16899,HP-00016899,FCL2-007867,jose quispe,1846,male,safe_final_identity_cluster,2
persona-16912,HP-00016912,FCL2-007873,isidora quispe,1846,female,safe_final_identity_cluster,2
persona-16915,HP-00016915,FCL2-007875,pablo huacca,1846,male,safe_final_identity_cluster,2
persona-16916,HP-00016916,FCL2-007875,maria tito,1846,female,safe_final_identity_cluster,2
persona-16928,HP-00016928,FCL2-007881,isabel barrientos,1846,female,safe_final_identity_cluster,2
persona-16935,HP-00016935,FCL2-007885,mariano ramos,1846,male,safe_final_identity_cluster,3
persona-16936,HP-00016936,FCL2-007885,gregoria huarcaia,1846,female,safe_final_identity_cluster,3
persona-16971,HP-00016971,FCL2-007903,francisca huallpatuiro,1846,female,safe_final_identity_cluster,2
persona-16978,HP-00016978,FCL2-013510,hipolito bautista,1846,male,safe_final_identity_cluster,4
persona-16979,HP-00016979,FCL2-013510,silveria urbano,1846,female,safe_final_identity_cluster,4
persona-17018,HP-00017018,FCL2-007926,francisca huachaca,1847,female,safe_final_identity_cluster,2
persona-17035,HP-00017035,FCL2-007934,santiago barrientos,1847,male,safe_final_identity_cluster,2
persona-17036,HP-00017036,FCL2-007934,bacilia huallpatuiro,1847,female,safe_final_identity_cluster,2
persona-17042,HP-00017042,FCL2-007938,eulalia ccoillo,1847,female,safe_final_identity_cluster,3
persona-17059,HP-00017059,FCL2-007946,manuel espinoza,1847,male,safe_final_identity_cluster,3
persona-17078,HP-00017078,FCL2-007956,felipe bustillos,1847,male,safe_final_identity_cluster,2
persona-17079,HP-00017079,FCL2-007956,gregoria ccoillo,1847,female,safe_final_identity_cluster,2
persona-17091,HP-00017091,FCL2-007963,gabriela perez,1847,female,safe_final_identity_cluster,2
persona-17118,HP-00008789,FCL2-004135,tomas poma,1847,male,safe_final_identity_cluster,3
persona-17119,HP-00008790,FCL2-004135,mauricia quispe,1847,female,safe_final_identity_cluster,3
persona-17122,HP-00008801,FCL2-004141,eustaquio quispe,1847,male,safe_final_identity_cluster,2
persona-17123,HP-00008802,FCL2-004141,ursula ccoyllo,1847,female,safe_final_identity_cluster,2
persona-17126,HP-00017126,FCL2-018210,gregorio asto,1847,male,safe_final_identity_cluster,5
persona-17127,HP-00017127,FCL2-018210,carmen lupa,1847,female,safe_final_identity_cluster,4
persona-17130,HP-00017130,FCL2-007980,asencio asto,1847,male,safe_final_identity_cluster,2
persona-17138,HP-00017138,FCL2-007984,asencio ramos,1847,male,safe_final_identity_cluster,2
persona-17139,HP-00017139,FCL2-007984,lucia javier,1847,female,safe_final_identity_cluster,2
persona-17142,HP-00017142,FCL2-007986,juan de dios ayme,1847,male,safe_final_identity_cluster,2
persona-17143,HP-00017143,FCL2-007986,santona barrientos,1847,female,safe_final_identity_cluster,2
persona-17182,HP-00017182,FCL2-008006,eustaquio polanco,1848,male,safe_final_identity_cluster,2
persona-17183,HP-00017183,FCL2-008006,ignacia bustillos,1848,female,safe_final_identity_cluster,2
persona-17191,HP-00017191,FCL2-008010,ageda sanchez,1848,female,safe_final_identity_cluster,2
persona-17210,HP-00017210,FCL2-008020,manuel poma,1848,male,safe_final_identity_cluster,2
persona-17211,HP-00017211,FCL2-008020,lucia condori,1848,female,safe_final_identity_cluster,2
persona-17219,HP-00016912,FCL2-007873,isidora quispe,1848,female,safe_final_identity_cluster,2
persona-17225,HP-00017225,FCL2-021175,mariano santiago,1848,male,safe_final_identity_cluster,2
persona-17226,HP-00009258,FCL2-021175,francisco santiago,1848,male,safe_final_identity_cluster,5
persona-17259,HP-00017259,FCL2-008042,ysidora quispe,1848,female,safe_final_identity_cluster,2
persona-17267,HP-00017267,FCL2-008046,francisca flores,1848,female,safe_final_identity_cluster,2
persona-17287,HP-00017287,FCL2-008056,placida quispe,1848,female,safe_final_identity_cluster,2
persona-17297,HP-00017297,FCL2-008061,nicolasa huauya,1848,female,safe_final_identity_cluster,3
persona-17300,HP-00009641,FCL2-004522,alberto huamani,1848,male,safe_final_identity_cluster,2
persona-17301,HP-00009642,FCL2-004522,lorensa cusi,1848,female,safe_final_identity_cluster,2
persona-17308,HP-00017308,FCL2-008066,anselmo urbano,1848,male,safe_final_identity_cluster,2
persona-17399,HP-00010042,FCL2-004709,mariano leon,1848,male,safe_final_identity_cluster,4
persona-17400,HP-00010043,FCL2-004709,francisca palomino,1848,female,safe_final_identity_cluster,4
persona-17416,HP-00017287,FCL2-008056,blacina quispe,1849,female,safe_final_identity_cluster,2
persona-17424,HP-00017297,FCL2-008061,nicolasa huauya,1849,female,safe_final_identity_cluster,3
persona-17439,HP-00017035,FCL2-007934,santiago barrientos,1849,male,safe_final_identity_cluster,2
persona-17440,HP-00017036,FCL2-007934,bacilia huallpatuiro,1849,female,safe_final_identity_cluster,2
persona-17463,HP-00006877,FCL2-008139,narciso sanches,1849,male,safe_final_identity_cluster,5
persona-17464,HP-00017464,FCL2-008139,leandra huarancca,1849,female,safe_final_identity_cluster,4
persona-17480,HP-00017480,FCL2-008146,martina huauya,1849,female,safe_final_identity_cluster,2
persona-17483,HP-00017483,FCL2-008148,cristobal ortiz,1849,male,safe_final_identity_cluster,2
persona-17484,HP-00017484,FCL2-008148,alejandra urbano,1849,female,safe_final_identity_cluster,2
persona-17491,HP-00010277,FCL2-004823,sebastian huarancca,1849,male,safe_final_identity_cluster,6
persona-17508,HP-00017018,FCL2-007926,francisca huachacca,1849,female,safe_final_identity_cluster,2
persona-17522,HP-00017522,FCL2-008166,manuel espinoza,1849,male,safe_final_identity_cluster,2
persona-17526,HP-00017126,FCL2-018210,gregorio asto,1849,male,safe_final_identity_cluster,5
persona-17527,HP-00017127,FCL2-018210,carmen lupa,1849,female,safe_final_identity_cluster,4
persona-17567,HP-00009960,FCL2-004669,pablo gavilan,1849,male,safe_final_identity_cluster,3
persona-17568,HP-00009961,FCL2-004669,gregoria chinchay,1849,female,safe_final_identity_cluster,3
persona-17584,HP-00017584,FCL2-008192,paula huarcaya,1849,female,safe_final_identity_cluster,2
persona-17610,HP-00008463,FCL2-003975,magdalena perez,1849,female,safe_final_identity_cluster,2
persona-17623,HP-00017623,FCL2-008210,manuel misajel,1849,male,safe_final_identity_cluster,2
persona-17624,HP-00017624,FCL2-008210,ysidora ramos,1849,female,safe_final_identity_cluster,2
persona-17641,HP-00017641,FCL2-008218,tomaza roque,1850,female,safe_final_identity_cluster,2
persona-17663,HP-00017059,FCL2-007946,manuel espinoza,1850,male,safe_final_identity_cluster,3
persona-17679,HP-00017679,FCL2-008234,yetrudis allcca,1850,female,safe_final_identity_cluster,2
persona-17687,HP-00017641,FCL2-008218,tomasa roque,1850,female,safe_final_identity_cluster,2
persona-17694,HP-00017138,FCL2-007984,asencio ramos,1850,male,safe_final_identity_cluster,2
persona-17695,HP-00017139,FCL2-007984,lucia javier,1850,female,safe_final_identity_cluster,2
persona-17702,HP-00017702,FCL2-008243,teodor gavilan,1850,male,safe_final_identity_cluster,2
persona-17714,HP-00017522,FCL2-008166,manuel espinoza,1850,male,safe_final_identity_cluster,2
persona-17734,HP-00017130,FCL2-007980,acensio asto,1850,male,safe_final_identity_cluster,2
persona-17759,HP-00017759,FCL2-008269,maria huamani,1850,female,safe_final_identity_cluster,2
persona-17775,HP-00016971,FCL2-007903,francisca huallpatuiro,1850,female,safe_final_identity_cluster,2
persona-17778,HP-00016899,FCL2-007867,joce quispe,1850,male,safe_final_identity_cluster,2
persona-17783,HP-00016928,FCL2-007881,isabel barrientos,1850,female,safe_final_identity_cluster,2
persona-17790,HP-00017210,FCL2-008020,manuel poma,1850,male,safe_final_identity_cluster,2
persona-17791,HP-00017211,FCL2-008020,lucia condori,1850,female,safe_final_identity_cluster,2
persona-17802,HP-00009358,FCL2-004392,pedro condori,1850,male,safe_final_identity_cluster,2
persona-17803,HP-00009359,FCL2-004392,manuela tito,1850,female,safe_final_identity_cluster,2
persona-17818,HP-00017078,FCL2-007956,felipe bustillos,1850,male,safe_final_identity_cluster,2
persona-17819,HP-00017079,FCL2-007956,gregoria ccoillo,1850,female,safe_final_identity_cluster,2
persona-17834,HP-00017834,FCL2-008300,francisca nolasco,1850,female,safe_final_identity_cluster,3
persona-17849,HP-00016978,FCL2-013510,hipolito bautista,1850,male,safe_final_identity_cluster,4
persona-17850,HP-00016979,FCL2-013510,silveria urbano,1850,female,safe_final_identity_cluster,4
persona-17901,HP-00010277,FCL2-004823,sebastian huarancca,1851,male,safe_final_identity_cluster,6
persona-17910,HP-00017910,FCL2-008335,manuela sanches,1851,female,safe_final_identity_cluster,4
persona-17914,HP-00017267,FCL2-008046,francisca florez,1851,female,safe_final_identity_cluster,2
persona-17925,HP-00017925,FCL2-008342,domingo abalos,1851,male,safe_final_identity_cluster,2
persona-17926,HP-00017926,FCL2-008342,manuela ramos,1851,female,safe_final_identity_cluster,2
persona-17945,HP-00017945,FCL2-008352,nieves sanches,1851,female,safe_final_identity_cluster,3
persona-17949,HP-00017584,FCL2-008192,paula huarcaia,1851,female,safe_final_identity_cluster,2
persona-17952,HP-00017952,FCL2-008355,mariano condori,1851,male,safe_final_identity_cluster,3
persona-17992,HP-00017992,FCL2-008375,juan condori,1851,male,safe_final_identity_cluster,2
persona-17993,HP-00017993,FCL2-008375,rosa solis,1851,female,safe_final_identity_cluster,2
persona-18000,HP-00018000,FCL2-008379,pablo sebidola,1851,male,safe_final_identity_cluster,2
persona-18001,HP-00018001,FCL2-008379,santona damian,1851,female,safe_final_identity_cluster,2
persona-18040,HP-00018040,FCL2-008398,manuela sanchez,1852,female,safe_final_identity_cluster,2
persona-18056,HP-00017297,FCL2-008061,nicolasa huauya,1852,female,safe_final_identity_cluster,3
persona-18063,HP-00017142,FCL2-007986,juan de dios ayme,1852,male,safe_final_identity_cluster,2
persona-18064,HP-00017143,FCL2-007986,santona barrientos,1852,female,safe_final_identity_cluster,2
persona-18068,HP-00017679,FCL2-008234,yetrudis allca,1852,female,safe_final_identity_cluster,2
persona-18075,HP-00017623,FCL2-008210,manuel misajel,1852,male,safe_final_identity_cluster,2
persona-18076,HP-00017624,FCL2-008210,ysidora ramos,1852,female,safe_final_identity_cluster,2
persona-18107,HP-00018000,FCL2-008379,pablo sebidola,1852,male,safe_final_identity_cluster,2
persona-18108,HP-00018001,FCL2-008379,santona damian,1852,female,safe_final_identity_cluster,2
persona-18139,HP-00018139,FCL2-008442,pascual cruz,1852,male,safe_final_identity_cluster,2
persona-18140,HP-00018140,FCL2-008442,micaela ramos,1852,female,safe_final_identity_cluster,2
persona-18183,HP-00009960,FCL2-004669,pablo gavilan,1852,male,safe_final_identity_cluster,3
persona-18184,HP-00009961,FCL2-004669,gregoria chinchay,1852,female,safe_final_identity_cluster,3
persona-18187,HP-00018187,FCL2-008465,mariano chinchai,1852,male,safe_final_identity_cluster,3
persona-18192,HP-00017834,FCL2-008300,francisca nolasco,1852,female,safe_final_identity_cluster,3
persona-18195,HP-00018195,FCL2-008468,leandro chinchai,1852,male,safe_final_identity_cluster,2
persona-18196,HP-00018196,FCL2-008468,carmen santiago,1852,female,safe_final_identity_cluster,2
persona-18199,HP-00017059,FCL2-007946,manuel espinoza,1852,male,safe_final_identity_cluster,3
persona-18211,HP-00018211,FCL2-008475,tomas quispe,1852,male,safe_final_identity_cluster,2
persona-18212,HP-00018212,FCL2-008475,maria espinosa,1852,female,safe_final_identity_cluster,2
persona-18223,HP-00010277,FCL2-004823,sebastian huarancca,1852,male,safe_final_identity_cluster,6
persona-18248,HP-00017759,FCL2-008269,maria huamani,1852,female,safe_final_identity_cluster,2
persona-18256,HP-00018256,FCL2-008495,juana nazaret,1852,female,safe_final_identity_cluster,2
persona-18260,HP-00018260,FCL2-008497,ysabel sanchez,1853,female,safe_final_identity_cluster,2
persona-18271,HP-00017182,FCL2-008006,eustaquio polanco,1853,male,safe_final_identity_cluster,2
persona-18272,HP-00017183,FCL2-008006,ignacia bustillos,1853,female,safe_final_identity_cluster,2
persona-18279,HP-00018279,FCL2-008506,carlos tueros,1853,male,safe_final_identity_cluster,2
persona-18328,HP-00017702,FCL2-008243,teodoro gavilan,1853,male,safe_final_identity_cluster,2
persona-18352,HP-00018352,FCL2-008541,marcos chamopa,1853,male,safe_final_identity_cluster,2
persona-18396,HP-00018396,FCL2-008562,juan javier,1853,male,safe_final_identity_cluster,4
persona-18397,HP-00018397,FCL2-008562,santona condori,1853,female,safe_final_identity_cluster,4
persona-18452,HP-00018452,FCL2-008590,pedro ccoillo,1854,male,safe_final_identity_cluster,2
persona-18453,HP-00018453,FCL2-008591,fausta tito,1854,female,safe_final_identity_cluster,2
persona-18456,HP-00018211,FCL2-008475,tomas quispe,1854,male,safe_final_identity_cluster,2
persona-18457,HP-00018212,FCL2-008475,maria espinosa,1854,female,safe_final_identity_cluster,2
persona-18465,HP-00018465,FCL2-008596,eulalia huauya,1854,female,safe_final_identity_cluster,2
persona-18468,HP-00018468,FCL2-008598,martin sanches,1854,male,safe_final_identity_cluster,4
persona-18488,HP-00017945,FCL2-008352,nieves sanches,1854,female,safe_final_identity_cluster,3
persona-18506,HP-00018396,FCL2-008562,juan javier,1854,male,safe_final_identity_cluster,4
persona-18507,HP-00018397,FCL2-008562,santona condori,1854,female,safe_final_identity_cluster,4
persona-18515,HP-00018515,FCL2-008620,paula achamisa,1854,female,safe_final_identity_cluster,2
persona-18538,HP-00018139,FCL2-008442,pascual cruz,1854,male,safe_final_identity_cluster,2
persona-18539,HP-00018140,FCL2-008442,micaela ramos,1854,female,safe_final_identity_cluster,2
persona-18553,HP-00018553,FCL2-017577,josefa chinchay,1854,female,safe_final_identity_cluster,2
persona-18558,HP-00017126,FCL2-018210,gregorio asto,1854,male,safe_final_identity_cluster,5
persona-18559,HP-00017127,FCL2-018210,carmen lupa,1854,female,safe_final_identity_cluster,4
persona-18578,HP-00018578,FCL2-008649,mariano abalos,1854,male,safe_final_identity_cluster,3
persona-18601,HP-00018601,FCL2-019456,pedro champa,1854,male,safe_final_identity_cluster,2
persona-18619,HP-00018468,FCL2-008598,martin sanches,1854,male,safe_final_identity_cluster,4
persona-18702,HP-00018702,FCL2-008709,miguel ccoillo,1855,male,safe_final_identity_cluster,3
persona-18703,HP-00018703,FCL2-008709,jacinta huauia,1855,female,safe_final_identity_cluster,2
persona-18719,HP-00017480,FCL2-008146,martina huauya,1855,female,safe_final_identity_cluster,2
persona-18745,HP-00018396,FCL2-008562,juan javier,1855,male,safe_final_identity_cluster,4
persona-18746,HP-00018397,FCL2-008562,santona condori,1855,female,safe_final_identity_cluster,4
persona-18799,HP-00016915,FCL2-007875,pablo huacca,1856,male,safe_final_identity_cluster,2
persona-18800,HP-00016916,FCL2-007875,maria tito,1856,female,safe_final_identity_cluster,2
persona-18803,HP-00017925,FCL2-008342,domingo abalos,1856,male,safe_final_identity_cluster,2
persona-18804,HP-00017926,FCL2-008342,manuela ramos,1856,female,safe_final_identity_cluster,2
persona-18811,HP-00017952,FCL2-008355,mariano condori,1856,male,safe_final_identity_cluster,3
persona-18838,HP-00018578,FCL2-008649,mariano abalos,1856,male,safe_final_identity_cluster,3
persona-18854,HP-00018352,FCL2-008541,marcos champa,1856,male,safe_final_identity_cluster,2
persona-18879,HP-00017910,FCL2-008335,manuela sanches,1856,female,safe_final_identity_cluster,4
persona-18887,HP-00018465,FCL2-008596,eulalia huauya,1856,female,safe_final_identity_cluster,2
persona-18915,HP-00018915,FCL2-008806,calista llamoca,1857,female,safe_final_identity_cluster,3
persona-18930,HP-00010042,FCL2-004709,mariano leon,1857,male,safe_final_identity_cluster,4
persona-18931,HP-00010043,FCL2-004709,francisca palomino,1857,female,safe_final_identity_cluster,4
persona-18935,HP-00017091,FCL2-007963,gabriela perez,1857,female,safe_final_identity_cluster,2
persona-18968,HP-00018968,FCL2-017685,pedro huamani,1857,male,safe_final_identity_cluster,2
persona-18994,HP-00017259,FCL2-008042,ysidora quispe,1857,female,safe_final_identity_cluster,2
persona-19002,HP-00019002,FCL2-008848,micaela peres,1857,female,safe_final_identity_cluster,3
persona-19009,HP-00018195,FCL2-008468,leandro chinchai,1857,male,safe_final_identity_cluster,2
persona-19010,HP-00018196,FCL2-008468,carmen santiago,1857,female,safe_final_identity_cluster,2
persona-19021,HP-00019021,FCL2-008857,nicolas cerrano,1858,male,safe_final_identity_cluster,3
persona-19034,HP-00019034,FCL2-008863,jocefa damian,1858,female,safe_final_identity_cluster,2
persona-19038,HP-00019038,FCL2-008865,cristina vega,1858,female,safe_final_identity_cluster,3
persona-19045,HP-00018702,FCL2-008709,miguel ccoillo,1858,male,safe_final_identity_cluster,3
persona-19046,HP-00018703,FCL2-008709,jacinta huauia,1858,female,safe_final_identity_cluster,2
persona-19062,HP-00019062,FCL2-017016,leocadia roque,1858,female,safe_final_identity_cluster,2
persona-19064,HP-00019064,FCL2-018115,rufino urbano,1858,male,safe_final_identity_cluster,2
persona-19065,HP-00019065,FCL2-018115,benito urbano,1858,male,safe_final_identity_cluster,2
persona-19073,HP-00019073,FCL2-016726,eusebio llamocca,1858,male,safe_final_identity_cluster,4
persona-19074,HP-00019074,FCL2-016726,juliana condori,1858,female,safe_final_identity_cluster,4
persona-19089,HP-00015087,FCL2-007065,manuel huamani,1858,male,safe_final_identity_cluster,4
persona-19090,HP-00015088,FCL2-007065,maria flores,1858,female,safe_final_identity_cluster,4
persona-19101,HP-00009500,FCL2-008890,mariano sanches,1858,male,safe_final_identity_cluster,3
persona-19102,HP-00019102,FCL2-008890,maria condori,1858,female,safe_final_identity_cluster,2
persona-19125,HP-00019125,FCL2-008902,domingo chalco,1858,male,safe_final_identity_cluster,3
persona-19181,HP-00018187,FCL2-008465,mariano chinchai,1860,male,safe_final_identity_cluster,3
persona-19210,HP-00019034,FCL2-008863,jocefa damian,1860,female,safe_final_identity_cluster,2
persona-19233,HP-00019233,FCL2-017158,jose aybar,1861,male,safe_final_identity_cluster,2
persona-19234,HP-00019234,FCL2-017158,gabina allcari,1861,female,safe_final_identity_cluster,2
persona-19257,HP-00019257,FCL2-008965,andres chaves,1862,male,safe_final_identity_cluster,2
persona-19258,HP-00019258,FCL2-008965,francisca huachaca,1862,female,safe_final_identity_cluster,2
persona-19273,HP-00017126,FCL2-018210,gregorio asto,1862,male,safe_final_identity_cluster,5
persona-19274,HP-00017127,FCL2-018210,carmen lupa,1862,female,safe_final_identity_cluster,4
persona-19282,HP-00019282,FCL2-008976,manuela asebedo,1862,female,safe_final_identity_cluster,2
persona-19286,HP-00017834,FCL2-008300,francisca nolasco,1862,female,safe_final_identity_cluster,3
persona-19289,HP-00019289,FCL2-008979,mariano tito,1862,male,safe_final_identity_cluster,2
persona-19290,HP-00019290,FCL2-008979,micaela ramos,1862,female,safe_final_identity_cluster,2
persona-19303,HP-00019303,FCL2-008987,nasario mancco,1864,male,safe_final_identity_cluster,3
persona-19304,HP-00019304,FCL2-008987,asencia huarcaya,1864,female,safe_final_identity_cluster,3
persona-19315,HP-00019315,FCL2-008993,lorenzo dias,1864,male,safe_final_identity_cluster,2
persona-19331,HP-00019125,FCL2-008902,domingo chalco,1864,male,safe_final_identity_cluster,3
persona-19377,HP-00019377,FCL2-009022,baleriana huauya,1864,female,safe_final_identity_cluster,2
persona-19465,HP-00019038,FCL2-008865,cristina vega,1864,female,safe_final_identity_cluster,3
persona-19469,HP-00019469,FCL2-009066,juana ramos,1864,female,safe_final_identity_cluster,4
persona-19476,HP-00019476,FCL2-019189,marcos ramos,1864,male,safe_final_identity_cluster,4
persona-19477,HP-00019477,FCL2-019189,benita polanco,1864,female,safe_final_identity_cluster,4
persona-19481,HP-00019481,FCL2-009071,brijida quispe,1864,female,safe_final_identity_cluster,2
persona-19525,HP-00018040,FCL2-008398,manuela sanchez,1864,female,safe_final_identity_cluster,2
persona-19532,HP-00019532,FCL2-009096,pablo huachaca,1864,male,safe_final_identity_cluster,5
persona-19533,HP-00019533,FCL2-009096,santona condori,1864,female,safe_final_identity_cluster,5
persona-19536,HP-00019536,FCL2-009098,pablo sevidola,1864,male,safe_final_identity_cluster,2
persona-19557,HP-00012875,FCL2-006070,yldefonsa sanches,1865,female,safe_final_identity_cluster,3
persona-19572,HP-00019572,FCL2-009115,melchor roca y sotelo,1865,male,safe_final_identity_cluster,2
persona-19586,HP-00019586,FCL2-009122,asencia servantes,1865,female,safe_final_identity_cluster,2
persona-19594,HP-00019594,FCL2-009126,toribia abalos,1865,female,safe_final_identity_cluster,2
persona-19610,HP-00019610,FCL2-009134,paula achamisa,1865,female,safe_final_identity_cluster,2
persona-19621,HP-00019621,FCL2-019004,feliz sanches,1865,male,safe_final_identity_cluster,2
persona-19645,HP-00017952,FCL2-008355,mariano condori,1865,male,safe_final_identity_cluster,3
persona-19654,HP-00018260,FCL2-008497,ysabel sanchez,1865,female,safe_final_identity_cluster,2
persona-19662,HP-00019662,FCL2-009157,evarista quispe,1865,female,safe_final_identity_cluster,2
persona-19677,HP-00019289,FCL2-008979,mariano tito,1865,male,safe_final_identity_cluster,2
persona-19678,HP-00019290,FCL2-008979,micaela ramos,1865,female,safe_final_identity_cluster,2
persona-19682,HP-00019682,FCL2-009165,feliciana alvarado,1865,female,safe_final_identity_cluster,3
persona-19698,HP-00019698,FCL2-016879,vicenta leon,1865,female,safe_final_identity_cluster,3
persona-19702,HP-00019702,FCL2-009173,juliana muchari,1865,female,safe_final_identity_cluster,3
persona-19758,HP-00019758,FCL2-009202,fernanda huauya,1865,female,safe_final_identity_cluster,3
persona-19777,HP-00019777,FCL2-009212,alejo espinosa,1865,male,safe_final_identity_cluster,3
persona-19778,HP-00019778,FCL2-009212,natividad tito,1865,female,safe_final_identity_cluster,3
persona-19782,HP-00019377,FCL2-009022,baleriana huauya,1865,female,safe_final_identity_cluster,2
persona-19794,HP-00019794,FCL2-009219,manuela asevedo,1865,female,safe_final_identity_cluster,2
persona-19805,HP-00010042,FCL2-004709,mariano leon,1865,male,safe_final_identity_cluster,4
persona-19806,HP-00010043,FCL2-004709,francisca palomino,1865,female,safe_final_identity_cluster,4
persona-19822,HP-00019822,FCL2-009231,maria suica,1865,female,safe_final_identity_cluster,2
persona-19829,HP-00019536,FCL2-009098,pablo sevidola,1865,male,safe_final_identity_cluster,2
persona-19850,HP-00019850,FCL2-009244,leandra sevidola,1865,female,safe_final_identity_cluster,2
persona-19870,HP-00019002,FCL2-008848,micaela peres,1865,female,safe_final_identity_cluster,3
persona-19897,HP-00018279,FCL2-008506,carlos tueros,1865,male,safe_final_identity_cluster,2
persona-19901,HP-00019901,FCL2-009268,lorenso dias,1866,male,safe_final_identity_cluster,2
persona-19914,HP-00019914,FCL2-009274,fernanda marcacusco,1866,female,safe_final_identity_cluster,4
persona-19922,HP-00019922,FCL2-009278,ynes urvano,1866,female,safe_final_identity_cluster,2
persona-19930,HP-00018256,FCL2-008495,juana nazaret,1866,female,safe_final_identity_cluster,2
persona-19945,HP-00019945,FCL2-009289,luis fernandez,1866,male,safe_final_identity_cluster,2
persona-19946,HP-00019946,FCL2-009289,paula perez,1866,female,safe_final_identity_cluster,2
persona-19949,HP-00019949,FCL2-009291,manuel mejia,1866,male,safe_final_identity_cluster,4
persona-19954,HP-00019469,FCL2-009066,juana ramos,1866,female,safe_final_identity_cluster,4
persona-19974,HP-00019974,FCL2-009302,eustaquia huamani,1866,female,safe_final_identity_cluster,2
persona-19977,HP-00011365,FCL2-005346,fermin huamani,1866,male,safe_final_identity_cluster,4
persona-19978,HP-00011366,FCL2-005346,sinforosa ramos,1866,female,safe_final_identity_cluster,4
persona-19981,HP-00019981,FCL2-009305,ynosencio huamani,1866,male,safe_final_identity_cluster,2
persona-20022,HP-00020022,FCL2-009324,isabel sanches,1866,female,safe_final_identity_cluster,2
persona-20037,HP-00020037,FCL2-017146,julian sanches,1866,male,safe_final_identity_cluster,3
persona-20038,HP-00020038,FCL2-017146,josefa ramos,1866,female,safe_final_identity_cluster,3
persona-20041,HP-00020041,FCL2-009333,custodio cucho,1866,male,safe_final_identity_cluster,2
persona-20042,HP-00020042,FCL2-009333,trinidad misajel,1866,female,safe_final_identity_cluster,2
persona-20048,HP-00020048,FCL2-009337,asencio chumbile,1866,male,safe_final_identity_cluster,2
persona-20053,HP-00020053,FCL2-017322,evaristo ayme,1866,male,safe_final_identity_cluster,2
persona-20068,HP-00020068,FCL2-009348,silveria silva,1866,female,safe_final_identity_cluster,2
persona-20069,HP-00020069,FCL2-009349,pablo silva,1866,male,safe_final_identity_cluster,2
persona-20077,HP-00020077,FCL2-009354,santiago bustios,1866,male,safe_final_identity_cluster,3
persona-20078,HP-00020078,FCL2-009354,estefa ayme,1866,female,safe_final_identity_cluster,3
persona-20088,HP-00012480,FCL2-005877,francisco sanches,1866,male,safe_final_identity_cluster,3
persona-20089,HP-00012481,FCL2-005877,santona tito,1866,female,safe_final_identity_cluster,3
persona-20155,HP-00020155,FCL2-019189,agustina ramos,1866,female,safe_final_identity_cluster,2
persona-20156,HP-00019476,FCL2-019189,marcos ramos,1866,male,safe_final_identity_cluster,4
persona-20157,HP-00019477,FCL2-019189,benita polanco,1866,female,safe_final_identity_cluster,4
persona-20196,HP-00019125,FCL2-008902,domingo chalco,1866,male,safe_final_identity_cluster,3
persona-20211,HP-00020211,FCL2-009417,mateo huachaca,1866,male,safe_final_identity_cluster,2
persona-20212,HP-00019532,FCL2-009096,pablo huachaca,1866,male,safe_final_identity_cluster,5
persona-20213,HP-00019533,FCL2-009096,santona condori,1866,female,safe_final_identity_cluster,5
persona-20231,HP-00020231,FCL2-018508,damian huamani,1866,male,safe_final_identity_cluster,2
persona-20235,HP-00020235,FCL2-009428,andrea asto,1866,female,safe_final_identity_cluster,2
persona-20236,HP-00020236,FCL2-009429,pedro asto,1866,male,safe_final_identity_cluster,2
persona-20260,HP-00020260,FCL2-009441,cecilio sanches,1866,male,safe_final_identity_cluster,3
persona-20261,HP-00020261,FCL2-009441,rosa barrientos,1866,female,safe_final_identity_cluster,3
persona-20264,HP-00018468,FCL2-008598,martin sanches,1866,male,safe_final_identity_cluster,4
persona-20268,HP-00019777,FCL2-009212,alejo espinosa,1866,male,safe_final_identity_cluster,3
persona-20269,HP-00019778,FCL2-009212,natividad tito,1866,female,safe_final_identity_cluster,3
persona-20292,HP-00020292,FCL2-009455,jose condori,1867,male,safe_final_identity_cluster,2
persona-20293,HP-00020293,FCL2-009455,maria roque,1867,female,safe_final_identity_cluster,2
persona-20300,HP-00020300,FCL2-009459,nicolas sanches,1867,male,safe_final_identity_cluster,2
persona-20323,HP-00013548,FCL2-018809,tomasa quispe,1867,female,safe_final_identity_cluster,6
persona-20324,HP-00020324,FCL2-009470,eustaquio quispe,1867,male,safe_final_identity_cluster,2
persona-20344,HP-00020344,FCL2-009481,juan de dios ramos,1867,male,safe_final_identity_cluster,2
persona-20352,HP-00020352,FCL2-009485,bernardo ramos,1867,male,safe_final_identity_cluster,2
persona-20353,HP-00020353,FCL2-009485,maria huamani,1867,female,safe_final_identity_cluster,2
persona-20369,HP-00017910,FCL2-008335,manuela sanches,1867,female,safe_final_identity_cluster,4
persona-20383,HP-00020383,FCL2-019064,leandra huallpatuero,1867,female,safe_final_identity_cluster,2
persona-20399,HP-00020399,FCL2-020432,manuel vivanco,1867,male,safe_final_identity_cluster,2
persona-20412,HP-00020412,FCL2-009512,juan marcacusco,1867,male,safe_final_identity_cluster,3
persona-20413,HP-00020413,FCL2-009512,natividad javier,1867,female,safe_final_identity_cluster,3
persona-20421,HP-00019662,FCL2-009157,evarista quispe,1867,female,safe_final_identity_cluster,2
persona-20429,HP-00020429,FCL2-009519,bictoria choccehuanca,1867,female,safe_final_identity_cluster,3
persona-20433,HP-00013704,FCL2-006452,felipa huallpatuero,1867,female,safe_final_identity_cluster,3
persona-20440,HP-00020440,FCL2-009524,jervacio roque,1867,male,safe_final_identity_cluster,3
persona-20464,HP-00020464,FCL2-009536,ynosencio sanches,1867,male,safe_final_identity_cluster,2
persona-20465,HP-00020465,FCL2-009536,manuela poma,1867,female,safe_final_identity_cluster,2
persona-20480,HP-00019572,FCL2-009115,melchor roca y zotelo,1867,male,safe_final_identity_cluster,2
persona-20488,HP-00020488,FCL2-017593,ygnacio sebidola,1867,male,safe_final_identity_cluster,3
persona-20491,HP-00020491,FCL2-009548,pablo barrientos,1867,male,safe_final_identity_cluster,2
persona-20493,HP-00020493,FCL2-009549,juana ramos,1867,female,safe_final_identity_cluster,5
persona-20513,HP-00019594,FCL2-009126,toribia abalos,1867,female,safe_final_identity_cluster,2
persona-20523,HP-00020523,FCL2-009564,cristobal fernandes,1867,male,safe_final_identity_cluster,2
persona-20524,HP-00020524,FCL2-009564,luis fernandes,1867,male,safe_final_identity_cluster,2
persona-20525,HP-00020525,FCL2-009564,paula peres,1867,female,safe_final_identity_cluster,2
persona-20528,HP-00020528,FCL2-009566,jose cucho,1867,male,safe_final_identity_cluster,2
persona-20529,HP-00020529,FCL2-009566,rosalia bacas,1867,female,safe_final_identity_cluster,2
persona-20536,HP-00019073,FCL2-016726,eusebio llamocca,1867,male,safe_final_identity_cluster,4
persona-20537,HP-00019074,FCL2-016726,juliana condori,1867,female,safe_final_identity_cluster,4
persona-20548,HP-00020548,FCL2-009575,martin chinchai,1867,male,safe_final_identity_cluster,2
persona-20549,HP-00020549,FCL2-009575,manuela cruz,1867,female,safe_final_identity_cluster,2
persona-20569,HP-00020569,FCL2-009584,rosa garivay,1867,female,safe_final_identity_cluster,2
persona-20600,HP-00020600,FCL2-021997,nicolas ccanto,1867,male,safe_final_identity_cluster,4
persona-20607,HP-00011922,FCL2-005619,agustin asto,1867,male,safe_final_identity_cluster,4
persona-20608,HP-00020608,FCL2-018789,gregorio asto,1867,male,safe_final_identity_cluster,4
persona-20609,HP-00020609,FCL2-018789,manuela espinosa,1867,female,safe_final_identity_cluster,3
persona-20617,HP-00019586,FCL2-009122,asencia servantes,1867,female,safe_final_identity_cluster,2
persona-20623,HP-00020623,FCL2-018933,miguel ccanto,1867,male,safe_final_identity_cluster,2
persona-20624,HP-00020624,FCL2-018933,juan ccanto,1867,male,safe_final_identity_cluster,2
persona-20631,HP-00013531,FCL2-018994,ciprian quispe,1867,male,safe_final_identity_cluster,3
persona-20633,HP-00020633,FCL2-009612,rofina llamocca,1867,female,safe_final_identity_cluster,3
persona-20661,HP-00020661,FCL2-009626,felipa gavillan,1867,female,safe_final_identity_cluster,3
persona-20696,HP-00020077,FCL2-009354,santiago bustios,1867,male,safe_final_identity_cluster,3
persona-20697,HP-00020078,FCL2-009354,estefa ayme,1867,female,safe_final_identity_cluster,3
persona-20703,HP-00020703,FCL2-009646,juan de la cruz,1867,male,safe_final_identity_cluster,2
persona-20708,HP-00020708,FCL2-009649,melchor belasque,1867,male,safe_final_identity_cluster,2
persona-20711,HP-00020711,FCL2-015633,pedro arimana,1867,male,safe_final_identity_cluster,2
persona-20712,HP-00014671,FCL2-006882,felipe arimana,1867,male,safe_final_identity_cluster,4
persona-20732,HP-00020732,FCL2-009659,andres jimenes,1868,male,safe_final_identity_cluster,2
persona-20733,HP-00020733,FCL2-009659,maria sanches,1868,female,safe_final_identity_cluster,2
persona-20755,HP-00019038,FCL2-008865,cristina vega,1868,female,safe_final_identity_cluster,3
persona-20776,HP-00020776,FCL2-009679,manuela dias,1868,female,safe_final_identity_cluster,2
persona-20777,HP-00019901,FCL2-009268,lorenso dias,1868,male,safe_final_identity_cluster,2
persona-20793,HP-00019949,FCL2-009291,manuel mejia,1868,male,safe_final_identity_cluster,4
persona-20802,HP-00019822,FCL2-009231,maria suica,1868,female,safe_final_identity_cluster,2
persona-20810,HP-00020022,FCL2-009324,ysabel sanches,1868,female,safe_final_identity_cluster,2
persona-20813,HP-00020813,FCL2-009694,santos ramos,1868,male,safe_final_identity_cluster,3
persona-20814,HP-00020814,FCL2-009694,ynes huauya,1868,female,safe_final_identity_cluster,3
persona-20826,HP-00019469,FCL2-009066,juana ramos,1868,female,safe_final_identity_cluster,4
persona-20829,HP-00012480,FCL2-005877,francisco sanches,1868,male,safe_final_identity_cluster,3
persona-20830,HP-00012481,FCL2-005877,santona tito,1868,female,safe_final_identity_cluster,3
persona-20849,HP-00015642,FCL2-007317,mariano huamani,1868,male,safe_final_identity_cluster,3
persona-20862,HP-00020862,FCL2-009715,cosebida serpa,1868,female,safe_final_identity_cluster,2
persona-20865,HP-00020865,FCL2-009717,eujenio flores,1868,male,safe_final_identity_cluster,2
persona-20894,HP-00019282,FCL2-008976,manuela asebedo,1868,female,safe_final_identity_cluster,2
persona-20896,HP-00020896,FCL2-009732,mauricia cucho,1868,female,safe_final_identity_cluster,4
persona-20898,HP-00020898,FCL2-009733,manuela ccoyllo,1868,female,safe_final_identity_cluster,6
persona-20918,HP-00019922,FCL2-009278,ynes urvano,1868,female,safe_final_identity_cluster,2
persona-20937,HP-00019476,FCL2-019189,marcos ramos,1868,male,safe_final_identity_cluster,4
persona-20938,HP-00019477,FCL2-019189,benita polanco,1868,female,safe_final_identity_cluster,4
persona-20945,HP-00020945,FCL2-009754,juan barrientos,1868,male,safe_final_identity_cluster,2
persona-20946,HP-00020946,FCL2-009754,maria cruz,1868,female,safe_final_identity_cluster,2
persona-20949,HP-00013767,FCL2-006479,pedro quispe,1868,male,safe_final_identity_cluster,3
persona-20960,HP-00020960,FCL2-017110,remijio sanches,1868,male,safe_final_identity_cluster,2
persona-20964,HP-00020964,FCL2-009763,marcos ccanto,1868,male,safe_final_identity_cluster,2
persona-20969,HP-00020260,FCL2-009441,cecilio sanches,1868,male,safe_final_identity_cluster,3
persona-20970,HP-00020261,FCL2-009441,rosa barrientos,1868,female,safe_final_identity_cluster,3
persona-20982,HP-00019481,FCL2-009071,brijida quispe,1868,female,safe_final_identity_cluster,2
persona-20993,HP-00020708,FCL2-009649,melchor belasque,1868,male,safe_final_identity_cluster,2
persona-21001,HP-00019303,FCL2-008987,nasario mancco,1868,male,safe_final_identity_cluster,3
persona-21002,HP-00019304,FCL2-008987,asencia huarcaya,1868,female,safe_final_identity_cluster,3
persona-21008,HP-00021008,FCL2-009782,catalina no conocido,1868,female,safe_final_identity_cluster,2
persona-21032,HP-00020041,FCL2-009333,custodio cucho,1868,male,safe_final_identity_cluster,2
persona-21033,HP-00020042,FCL2-009333,trinidad misajel,1868,female,safe_final_identity_cluster,2
persona-21039,HP-00021039,FCL2-018922,dionicio ayme,1868,male,safe_final_identity_cluster,2
persona-21041,HP-00021041,FCL2-009799,florentina sanches,1868,female,safe_final_identity_cluster,2
persona-21047,HP-00021047,FCL2-018423,feliciana quispe,1868,female,safe_final_identity_cluster,2
persona-21052,HP-00021052,FCL2-019239,damaso huayta,1869,male,safe_final_identity_cluster,2
persona-21053,HP-00021053,FCL2-019239,ynosencia ayme,1869,female,safe_final_identity_cluster,2
persona-21068,HP-00020077,FCL2-009354,santiago bustios,1868,male,safe_final_identity_cluster,3
persona-21069,HP-00020078,FCL2-009354,estefa ayme,1868,female,safe_final_identity_cluster,3
persona-21079,HP-00021079,FCL2-009564,gregoria jimenes,1868,female,safe_final_identity_cluster,2
persona-21080,HP-00021080,FCL2-009816,francisco jimenes,1868,male,safe_final_identity_cluster,3
persona-21081,HP-00021081,FCL2-009816,caetana ramos,1868,female,safe_final_identity_cluster,2
persona-21116,HP-00021116,FCL2-009832,ysabel tito,1869,female,safe_final_identity_cluster,3
persona-21118,HP-00021008,FCL2-009782,catalina no conocido,1869,female,safe_final_identity_cluster,2
persona-21130,HP-00021130,FCL2-019200,benjamin huamani,1869,male,safe_final_identity_cluster,2
persona-21179,HP-00018468,FCL2-008598,martin sanches,1869,male,safe_final_identity_cluster,4
persona-21191,HP-00021191,FCL2-022774,bartolome condori,1869,male,safe_final_identity_cluster,3
persona-21203,HP-00021203,FCL2-009873,ildefonso sanches,1869,male,safe_final_identity_cluster,2
persona-21211,HP-00020352,FCL2-009485,bernardo ramos,1869,male,safe_final_identity_cluster,2
persona-21212,HP-00020353,FCL2-009485,maria huamani,1869,female,safe_final_identity_cluster,2
persona-21223,HP-00021223,FCL2-009881,juan ccanto,1869,male,safe_final_identity_cluster,2
persona-21224,HP-00021224,FCL2-009881,seberina peres,1869,female,safe_final_identity_cluster,2
persona-21227,HP-00019315,FCL2-008993,lorenzo dias,1869,male,safe_final_identity_cluster,2
persona-21243,HP-00021243,FCL2-019285,marcos cruz,1869,male,safe_final_identity_cluster,4
persona-21247,HP-00012957,FCL2-006106,marcos poma,1869,male,safe_final_identity_cluster,6
persona-21248,HP-00012958,FCL2-006106,antonia roque,1869,female,safe_final_identity_cluster,6
persona-21256,HP-00020429,FCL2-009519,victoria choccehuanca,1869,female,safe_final_identity_cluster,3
persona-21275,HP-00021275,FCL2-009903,torivio espinosa,1869,male,safe_final_identity_cluster,2
persona-21276,HP-00021276,FCL2-009903,hilaria sanches,1869,female,safe_final_identity_cluster,2
persona-21292,HP-00019702,FCL2-009173,juliana muchari,1869,female,safe_final_identity_cluster,3
persona-21295,HP-00020412,FCL2-009512,juan marcacusco,1869,male,safe_final_identity_cluster,3
persona-21296,HP-00020413,FCL2-009512,natividad javier,1869,female,safe_final_identity_cluster,3
persona-21303,HP-00020300,FCL2-009459,nicolas sanches,1869,male,safe_final_identity_cluster,2
persona-21324,HP-00019850,FCL2-009244,leandra sevidola,1869,female,safe_final_identity_cluster,2
persona-21335,HP-00019981,FCL2-009305,ynosencio huamani,1869,male,safe_final_identity_cluster,2
persona-21343,HP-00013799,FCL2-006495,juan sanches,1869,male,safe_final_identity_cluster,3
persona-21360,HP-00013704,FCL2-006452,felipa huallpatuero,1869,female,safe_final_identity_cluster,3
persona-21368,HP-00021368,FCL2-009941,casimira cruz,1869,female,safe_final_identity_cluster,4
persona-21383,HP-00021383,FCL2-009949,remigio javier,1869,male,safe_final_identity_cluster,3
persona-21384,HP-00021384,FCL2-009949,agustina carbajal,1869,female,safe_final_identity_cluster,3
persona-21393,HP-00021393,FCL2-009954,brijida suyca,1869,female,safe_final_identity_cluster,2
persona-21396,HP-00019945,FCL2-009289,luis fernandez,1869,male,safe_final_identity_cluster,2
persona-21397,HP-00019946,FCL2-009289,paula perez,1869,female,safe_final_identity_cluster,2
persona-21405,HP-00020493,FCL2-009549,juana ramos,1869,female,safe_final_identity_cluster,5
persona-21407,HP-00021407,FCL2-018939,ynosencia avalos,1869,female,safe_final_identity_cluster,2
persona-21408,HP-00021408,FCL2-018939,juan avalos,1869,male,safe_final_identity_cluster,2
persona-21425,HP-00021116,FCL2-009832,ysabel tito,1870,female,safe_final_identity_cluster,3
persona-21428,HP-00021428,FCL2-009967,diego millan roca,1870,male,safe_final_identity_cluster,2
persona-21429,HP-00021429,FCL2-009967,juliana gutierres,1870,female,safe_final_identity_cluster,2
persona-21453,HP-00020661,FCL2-009626,felipa gavilan,1870,female,safe_final_identity_cluster,3
persona-21455,HP-00021455,FCL2-018789,sebastiana asto,1870,female,safe_final_identity_cluster,2
persona-21456,HP-00020608,FCL2-018789,gregorio asto,1870,male,safe_final_identity_cluster,4
persona-21457,HP-00020609,FCL2-018789,manuela espinosa,1870,female,safe_final_identity_cluster,3
persona-21472,HP-00015406,FCL2-007208,calisto huallpatuero,1870,male,safe_final_identity_cluster,2
persona-21473,HP-00015407,FCL2-007208,paulina huauya,1870,female,safe_final_identity_cluster,2
persona-21485,HP-00019610,FCL2-009134,paula achamisa,1870,female,safe_final_identity_cluster,2
persona-21492,HP-00019777,FCL2-009212,alejo espinosa,1870,male,safe_final_identity_cluster,3
persona-21493,HP-00019778,FCL2-009212,natividad tito,1870,female,safe_final_identity_cluster,3
persona-21500,HP-00021500,FCL2-009997,antonio huarcaya,1870,male,safe_final_identity_cluster,3
persona-21518,HP-00021518,FCL2-019074,victoria huallpatuero,1870,female,safe_final_identity_cluster,2
persona-21520,HP-00021520,FCL2-010006,juana ramos,1870,female,safe_final_identity_cluster,2
persona-21552,HP-00021552,FCL2-010022,carmen castro,1870,female,safe_final_identity_cluster,2
persona-21563,HP-00019021,FCL2-008857,nicolas cerrano,1870,male,safe_final_identity_cluster,3
persona-21567,HP-00011365,FCL2-005346,fermin huamani,1870,male,safe_final_identity_cluster,4
persona-21568,HP-00011366,FCL2-005346,sinforosa ramos,1870,female,safe_final_identity_cluster,4
persona-21589,HP-00021589,FCL2-018854,sebastian huallpatuero,1870,male,safe_final_identity_cluster,2
persona-21590,HP-00021590,FCL2-010039,andres huallpatuero,1870,male,safe_final_identity_cluster,2
persona-21599,HP-00021599,FCL2-019684,estefa polanco,1870,female,safe_final_identity_cluster,3
persona-21638,HP-00020945,FCL2-009754,juan barrientos,1870,male,safe_final_identity_cluster,2
persona-21639,HP-00020946,FCL2-009754,maria cruz,1870,female,safe_final_identity_cluster,2
persona-21654,HP-00020412,FCL2-009512,juan marcacusco,1870,male,safe_final_identity_cluster,3
persona-21655,HP-00020413,FCL2-009512,natividad javier,1870,female,safe_final_identity_cluster,3
persona-21663,HP-00021520,FCL2-010006,juana ramos,1870,female,safe_final_identity_cluster,2
persona-21724,HP-00020898,FCL2-009733,manuela ccoyllo,1870,female,safe_final_identity_cluster,6
persona-21735,HP-00020464,FCL2-009536,ynosencio sanches,1870,male,safe_final_identity_cluster,2
persona-21736,HP-00020465,FCL2-009536,manuela poma,1870,female,safe_final_identity_cluster,2
persona-21750,HP-00019532,FCL2-009096,pablo huachaca,1870,male,safe_final_identity_cluster,5
persona-21751,HP-00019533,FCL2-009096,santona condori,1870,female,safe_final_identity_cluster,5
persona-21762,HP-00020344,FCL2-009481,juan de dios ramos,1870,male,safe_final_identity_cluster,2
persona-21765,HP-00019257,FCL2-008965,andres chaves,1870,male,safe_final_identity_cluster,2
persona-21766,HP-00019258,FCL2-008965,francisca huachaca,1870,female,safe_final_identity_cluster,2
persona-21778,HP-00019469,FCL2-009066,juana ramos,1870,female,safe_final_identity_cluster,4
persona-21781,HP-00021781,FCL2-010124,juan ccoyllo,1871,male,safe_final_identity_cluster,2
persona-21782,HP-00021782,FCL2-010124,benita cucho,1871,female,safe_final_identity_cluster,2
persona-21784,HP-00021784,FCL2-010126,manuela ramos,1871,female,safe_final_identity_cluster,2
persona-21786,HP-00021786,FCL2-010126,maria suyca,1871,female,safe_final_identity_cluster,2
persona-21788,HP-00021788,FCL2-010128,manuela ccoyllo,1871,female,safe_final_identity_cluster,2
persona-21792,HP-00021792,FCL2-010130,manuela pacheco,1871,female,safe_final_identity_cluster,2
persona-21794,HP-00021794,FCL2-010130,santona quizpe,1871,female,safe_final_identity_cluster,2
persona-21796,HP-00021796,FCL2-019323,andres poma,1871,male,safe_final_identity_cluster,3
persona-21802,HP-00021802,FCL2-010133,calista arellano,1871,female,safe_final_identity_cluster,2
persona-21806,HP-00021806,FCL2-010135,juana lopes,1871,female,safe_final_identity_cluster,2
persona-21813,HP-00021813,FCL2-010138,pablo ramos,1871,male,safe_final_identity_cluster,2
persona-21814,HP-00021814,FCL2-010138,rufina,1871,female,safe_final_identity_cluster,2
persona-21829,HP-00020488,FCL2-017593,ygnacio sebidola,1871,male,safe_final_identity_cluster,3
persona-21834,HP-00019002,FCL2-008848,micaela peres,1871,female,safe_final_identity_cluster,3
persona-21837,HP-00021837,FCL2-010148,jose chumbile,1871,male,safe_final_identity_cluster,2
persona-21838,HP-00021838,FCL2-010148,matiasa huayapa,1871,female,safe_final_identity_cluster,2
persona-21853,HP-00019949,FCL2-009291,manuel mejia,1871,male,safe_final_identity_cluster,4
persona-21870,HP-00012875,FCL2-006070,yldefonsa sanches,1871,female,safe_final_identity_cluster,3
persona-21889,HP-00021781,FCL2-010124,juan ccoyllo,1871,male,safe_final_identity_cluster,2
persona-21890,HP-00021782,FCL2-010124,benita cucho,1871,female,safe_final_identity_cluster,2
persona-21892,HP-00021784,FCL2-010126,manuela ramos,1871,female,safe_final_identity_cluster,2
persona-21894,HP-00021786,FCL2-010126,maria suyca,1871,female,safe_final_identity_cluster,2
persona-21896,HP-00021788,FCL2-010128,manuela ccoyllo,1871,female,safe_final_identity_cluster,2
persona-21900,HP-00021792,FCL2-010130,manuela pacheco,1871,female,safe_final_identity_cluster,2
persona-21902,HP-00021794,FCL2-010130,santona quizpe,1871,female,safe_final_identity_cluster,2
persona-21904,HP-00021796,FCL2-019323,andres poma,1871,male,safe_final_identity_cluster,3
persona-21906,HP-00019758,FCL2-009202,fernanda huauya,1871,female,safe_final_identity_cluster,3
persona-21910,HP-00021802,FCL2-010133,calista arellana,1871,female,safe_final_identity_cluster,2
persona-21914,HP-00021806,FCL2-010135,juna lopes,1871,female,safe_final_identity_cluster,2
persona-21921,HP-00021813,FCL2-010138,pablo ramos,1871,male,safe_final_identity_cluster,2
persona-21922,HP-00021814,FCL2-010138,rufina,1871,female,safe_final_identity_cluster,2
persona-21953,HP-00021953,FCL2-010193,alejo ychacaya,1871,male,safe_final_identity_cluster,2
persona-21969,HP-00020813,FCL2-009694,santos ramos,1871,male,safe_final_identity_cluster,3
persona-21970,HP-00020814,FCL2-009694,ynes huauya,1871,female,safe_final_identity_cluster,3
persona-21973,HP-00020732,FCL2-009659,andres jimenes,1871,male,safe_final_identity_cluster,2
persona-21974,HP-00020733,FCL2-009659,maria sanches,1871,female,safe_final_identity_cluster,2
persona-22032,HP-00020292,FCL2-009455,jose condori,1871,male,safe_final_identity_cluster,2
persona-22033,HP-00020293,FCL2-009455,maria roque,1871,female,safe_final_identity_cluster,2
persona-22055,HP-00022055,FCL2-018965,rosa tito,1871,female,safe_final_identity_cluster,2
persona-22061,HP-00013400,FCL2-022763,rufina llamoca,1871,female,safe_final_identity_cluster,3
persona-22072,HP-00022072,FCL2-010245,rumualdo huamani,1871,male,safe_final_identity_cluster,2
persona-22073,HP-00022073,FCL2-010245,juana huamani,1871,female,safe_final_identity_cluster,2
persona-22099,HP-00022099,FCL2-018884,pablo lopes,1871,male,safe_final_identity_cluster,2
persona-22101,HP-00022101,FCL2-018884,gregoria chalco,1871,female,safe_final_identity_cluster,2
persona-22109,HP-00020862,FCL2-009715,concebida serpa,1871,female,safe_final_identity_cluster,2
persona-22135,HP-00015168,FCL2-007101,juana bacas,1871,female,safe_final_identity_cluster,4
persona-22136,HP-00022136,FCL2-010274,mariano bacas,1871,male,safe_final_identity_cluster,2
persona-22173,HP-00022173,FCL2-010292,tomasa ortiz,1871,female,safe_final_identity_cluster,2
persona-22192,HP-00021052,FCL2-019239,damaso huayta,1871,male,safe_final_identity_cluster,2
persona-22204,HP-00021080,FCL2-009816,francisco jimenes,1871,male,safe_final_identity_cluster,3
persona-22205,HP-00021081,FCL2-009816,caetana ramos,1871,female,safe_final_identity_cluster,2
persona-22226,HP-00020429,FCL2-009519,victoria choccehuanca,1871,female,safe_final_identity_cluster,3
persona-22229,HP-00021275,FCL2-009903,torivio espinosa,1871,male,safe_final_identity_cluster,2
persona-22230,HP-00021276,FCL2-009903,hilaria sanches,1871,female,safe_final_identity_cluster,2
persona-22247,HP-00022247,FCL2-019285,bacilio cruz,1871,male,safe_final_identity_cluster,2
persona-22248,HP-00021243,FCL2-019285,marcos cruz,1871,male,safe_final_identity_cluster,4
persona-22256,HP-00022256,FCL2-010328,leandro yturvide,1871,male,safe_final_identity_cluster,2
persona-22285,HP-00019914,FCL2-009274,fernanda marcacusco,1871,female,safe_final_identity_cluster,4
persona-22290,HP-00022290,FCL2-019345,nicolas roca,1871,male,safe_final_identity_cluster,2
persona-22291,HP-00022291,FCL2-010345,diego roca,1871,male,safe_final_identity_cluster,2
persona-22296,HP-00019914,FCL2-009274,fernanda marcacusco,1871,female,safe_final_identity_cluster,4
persona-22304,HP-00022173,FCL2-010292,tomasa ortiz,1871,female,safe_final_identity_cluster,2
persona-22356,HP-00019914,FCL2-009274,fernanda marcacusco,1875,female,safe_final_identity_cluster,4
persona-22382,HP-00021953,FCL2-010193,alejo ychacaya,1875,male,safe_final_identity_cluster,2
persona-22387,HP-00022387,FCL2-010389,jasinta llamocca,1875,female,safe_final_identity_cluster,2
persona-22393,HP-00022393,FCL2-010393,santos sanches,1875,male,safe_final_identity_cluster,2
persona-22394,HP-00022394,FCL2-010394,eusebio sanches,1875,male,safe_final_identity_cluster,2
persona-22403,HP-00022403,FCL2-017606,mersedes javier,1875,female,safe_final_identity_cluster,3
persona-22414,HP-00022072,FCL2-010245,rumualdo huamani,1875,male,safe_final_identity_cluster,2
persona-22415,HP-00022073,FCL2-010245,juana huamani,1875,female,safe_final_identity_cluster,2
persona-22430,HP-00022430,FCL2-010411,domingo espinosa,1875,male,safe_final_identity_cluster,2
persona-22431,HP-00022431,FCL2-010411,agustina guillen,1875,female,safe_final_identity_cluster,2
persona-22433,HP-00022433,FCL2-014862,damaso de la cruz,1875,male,safe_final_identity_cluster,2
persona-22446,HP-00012957,FCL2-006106,marcos poma,1875,male,safe_final_identity_cluster,6
persona-22447,HP-00012958,FCL2-006106,antonia roque,1875,female,safe_final_identity_cluster,6
persona-22499,HP-00014116,FCL2-006629,estefa condori,1877,female,safe_final_identity_cluster,3
persona-22502,HP-00022502,FCL2-010445,manuel condori,1882,male,safe_final_identity_cluster,2
persona-22530,HP-00013368,FCL2-006304,manuela huamani,1882,female,safe_final_identity_cluster,5
persona-22536,HP-00012734,FCL2-006003,francisco mendoza,1882,male,safe_final_identity_cluster,3
persona-22549,HP-00015267,FCL2-007146,manuela cupi,1882,female,safe_final_identity_cluster,2
persona-22555,HP-00011007,FCL2-005175,lucas espinosa,1882,male,safe_final_identity_cluster,3
persona-22556,HP-00011008,FCL2-005175,martina huamani,1882,female,safe_final_identity_cluster,3
persona-22568,HP-00022568,FCL2-010472,clemencia origuela,1882,female,safe_final_identity_cluster,2
persona-22589,HP-00022589,FCL2-010482,romaldo quispe,1882,male,safe_final_identity_cluster,2
persona-22594,HP-00014512,FCL2-006809,visenta espinosa,1882,female,safe_final_identity_cluster,2
persona-22597,HP-00022597,FCL2-010485,calisto llamocca,1882,male,safe_final_identity_cluster,2
persona-22598,HP-00022598,FCL2-010485,isabel tito,1882,female,safe_final_identity_cluster,2
persona-22609,HP-00022609,FCL2-010490,brigida ccoyllo,1882,female,safe_final_identity_cluster,2
persona-22649,HP-00022649,FCL2-010508,juana chavez,1882,female,safe_final_identity_cluster,2
persona-22652,HP-00015518,FCL2-007259,marcos huarcaya,1882,male,safe_final_identity_cluster,3
persona-22668,HP-00022668,FCL2-020665,florentino bendezu,1882,male,safe_final_identity_cluster,2
persona-22676,HP-00021500,FCL2-009997,antonio huarcaya,1882,male,safe_final_identity_cluster,3
persona-22680,HP-00019021,FCL2-008857,nicolas cerrano,1882,male,safe_final_identity_cluster,3
persona-22700,HP-00022430,FCL2-010411,domingo espinosa,1882,male,safe_final_identity_cluster,2
persona-22701,HP-00022431,FCL2-010411,agustina guillen,1882,female,safe_final_identity_cluster,2
persona-22712,HP-00022712,FCL2-010533,santos tito,1883,male,safe_final_identity_cluster,2
persona-22713,HP-00022713,FCL2-010533,juana espinosa,1883,female,safe_final_identity_cluster,2
persona-22768,HP-00022649,FCL2-010508,juana chavez,1883,female,safe_final_identity_cluster,2
persona-22771,HP-00022771,FCL2-022546,carlos rojas,1883,male,safe_final_identity_cluster,2
persona-22772,HP-00022772,FCL2-022546,martina cuevas,1883,female,safe_final_identity_cluster,2
persona-22776,HP-00021599,FCL2-019684,estefa polanco,1883,female,safe_final_identity_cluster,3
persona-22810,HP-00022810,FCL2-010578,cesareo chalco,1883,male,safe_final_identity_cluster,2
persona-22812,HP-00022812,FCL2-010580,natividad mendoza,1883,female,safe_final_identity_cluster,2
persona-22827,HP-00022827,FCL2-022736,lorenzo ccoillo,1883,male,safe_final_identity_cluster,2
persona-22828,HP-00022828,FCL2-022736,manuela salinas,1883,female,safe_final_identity_cluster,2
persona-22831,HP-00012778,FCL2-006026,pablo quispe,1883,male,safe_final_identity_cluster,2
persona-22843,HP-00022843,FCL2-010594,cipriano berrocal,1883,male,safe_final_identity_cluster,2
persona-22844,HP-00022844,FCL2-010594,juana dongo,1883,female,safe_final_identity_cluster,2
persona-22855,HP-00022855,FCL2-010600,mariano huaman,1883,male,safe_final_identity_cluster,2
persona-22859,HP-00012678,FCL2-005976,marcelo damian,1883,male,safe_final_identity_cluster,2
persona-22860,HP-00012679,FCL2-005976,nicolasa urbano,1883,female,safe_final_identity_cluster,2
persona-22871,HP-00022855,FCL2-010600,mariano huaman,1883,male,safe_final_identity_cluster,2
persona-22900,HP-00020633,FCL2-009612,rofina llamocca,1883,female,safe_final_identity_cluster,3
persona-22912,HP-00013272,FCL2-006258,maria javier,1883,female,safe_final_identity_cluster,2
persona-22963,HP-00020633,FCL2-009612,rofina llamocca,1883,female,safe_final_identity_cluster,3
persona-23010,HP-00013432,FCL2-006331,paula jimenes,1883,female,safe_final_identity_cluster,2
persona-23016,HP-00023016,FCL2-021025,matiasa ccanto,1883,female,safe_final_identity_cluster,2
persona-23034,HP-00012217,FCL2-005755,ysidora flores,1883,female,safe_final_identity_cluster,4
persona-23048,HP-00023048,FCL2-017805,corpus quispe,1883,male,safe_final_identity_cluster,4
persona-23049,HP-00023049,FCL2-017805,maria condori,1883,female,safe_final_identity_cluster,4
persona-23053,HP-00010602,FCL2-004982,manuela huallpatuiro,1883,female,safe_final_identity_cluster,3
persona-23056,HP-00020548,FCL2-009575,martin chinchai,1883,male,safe_final_identity_cluster,2
persona-23057,HP-00020549,FCL2-009575,manuela cruz,1883,female,safe_final_identity_cluster,2
persona-23084,HP-00023084,FCL2-010701,norverta buitron,1883,female,safe_final_identity_cluster,3
persona-23091,HP-00023091,FCL2-010705,clara acharte,1883,female,safe_final_identity_cluster,2
persona-23106,HP-00016856,FCL2-007847,mariano huallpatuiro,1883,male,safe_final_identity_cluster,2
persona-23110,HP-00020600,FCL2-021997,nicolas ccanto,1883,male,safe_final_identity_cluster,4
persona-23115,HP-00022387,FCL2-010389,jasinta llamocca,1883,female,safe_final_identity_cluster,2
persona-23122,HP-00010720,FCL2-015653,daniel romero,1883,male,safe_final_identity_cluster,6
persona-23123,HP-00010721,FCL2-015653,juana huamani,1883,female,safe_final_identity_cluster,6
persona-23127,HP-00010821,FCL2-005088,jasinta vellido,1883,female,safe_final_identity_cluster,3
persona-23190,HP-00013507,FCL2-006362,lino urvano,1884,male,safe_final_identity_cluster,2
persona-23231,HP-00023231,FCL2-010768,salvinia romero,1884,female,safe_final_identity_cluster,2
persona-23262,HP-00023262,FCL2-010784,mariano ramos,1884,male,safe_final_identity_cluster,3
persona-23263,HP-00023263,FCL2-010784,maria dias,1884,female,safe_final_identity_cluster,3
persona-23266,HP-00014891,FCL2-006976,reymundo vivanco,1884,male,safe_final_identity_cluster,2
persona-23290,HP-00023262,FCL2-010784,mariano ramos,1884,male,safe_final_identity_cluster,3
persona-23291,HP-00023263,FCL2-010784,maria dias,1884,female,safe_final_identity_cluster,3
persona-23302,HP-00015087,FCL2-007065,manuel huamani,1883,male,safe_final_identity_cluster,4
persona-23303,HP-00015088,FCL2-007065,maria flores,1883,female,safe_final_identity_cluster,4
persona-23330,HP-00012957,FCL2-006106,marcos poma,1884,male,safe_final_identity_cluster,6
persona-23331,HP-00012958,FCL2-006106,antonia roque,1884,female,safe_final_identity_cluster,6
persona-23335,HP-00013672,FCL2-006436,fernanda espinosa,1884,female,safe_final_identity_cluster,2
persona-23345,HP-00023345,FCL2-010821,sotera gavilan,1884,female,safe_final_identity_cluster,2
persona-23346,HP-00023346,FCL2-010821,eujenio gavilan,1884,male,safe_final_identity_cluster,2
persona-23347,HP-00023347,FCL2-010821,atanacia dias,1884,female,safe_final_identity_cluster,2
persona-23349,HP-00023349,FCL2-010822,senon mendosa,1883,male,safe_final_identity_cluster,2
persona-23353,HP-00023353,FCL2-010824,leonidas yturbide,1883,male,safe_final_identity_cluster,2
persona-23357,HP-00023345,FCL2-010821,sotera gavilan,1884,female,safe_final_identity_cluster,2
persona-23358,HP-00023346,FCL2-010821,eujenio gavilan,1884,male,safe_final_identity_cluster,2
persona-23359,HP-00023347,FCL2-010821,atanacia dias,1884,female,safe_final_identity_cluster,2
persona-23361,HP-00023349,FCL2-010822,senon mendosa,1884,male,safe_final_identity_cluster,2
persona-23365,HP-00023353,FCL2-010824,leonidas yturbide,1884,male,safe_final_identity_cluster,2
persona-23374,HP-00014615,FCL2-006860,rufino urvano,1884,male,safe_final_identity_cluster,2
persona-23382,HP-00022609,FCL2-010490,brigida ccoyllo,1884,female,safe_final_identity_cluster,2
persona-23413,HP-00013799,FCL2-006495,juan sanches,1884,male,safe_final_identity_cluster,3
persona-23424,HP-00023424,FCL2-020375,felipa arango,1884,female,safe_final_identity_cluster,2
persona-23425,HP-00015913,FCL2-020375,pedro arango,1884,male,safe_final_identity_cluster,3
persona-23426,HP-00015914,FCL2-020375,bacilia chalco,1884,female,safe_final_identity_cluster,3
persona-23433,HP-00023433,FCL2-010856,manuel coyllo,1884,male,safe_final_identity_cluster,2
persona-23434,HP-00023434,FCL2-010856,rufina cucho,1884,female,safe_final_identity_cluster,2
persona-23441,HP-00012802,FCL2-018218,evaristo huamani,1884,male,safe_final_identity_cluster,6
persona-23454,HP-00016402,FCL2-017974,francisca sanchez,1884,female,safe_final_identity_cluster,4
persona-23462,HP-00020661,FCL2-009626,felipa gavilan,1884,female,safe_final_identity_cluster,3
persona-23481,HP-00023481,FCL2-010875,gregorio anyosa,1884,male,safe_final_identity_cluster,2
persona-23491,HP-00023491,FCL2-015819,santos urbano,1884,male,safe_final_identity_cluster,2
persona-23496,HP-00023496,FCL2-016090,andres avalos,1884,male,safe_final_identity_cluster,2
persona-23500,HP-00021191,FCL2-022774,bartolome condori,1884,male,safe_final_identity_cluster,3
persona-23504,HP-00020813,FCL2-009694,santos ramos,1884,male,safe_final_identity_cluster,3
persona-23505,HP-00020814,FCL2-009694,ynes huauya,1884,female,safe_final_identity_cluster,3
persona-23572,HP-00023572,FCL2-010917,cecilio tito,1884,male,safe_final_identity_cluster,2
persona-23573,HP-00023573,FCL2-010917,juana chinchay,1884,female,safe_final_identity_cluster,2
persona-23583,HP-00011261,FCL2-005298,pedro ramos,1884,male,safe_final_identity_cluster,6
persona-23584,HP-00011262,FCL2-005298,manuela vega,1884,female,safe_final_identity_cluster,6
persona-23659,HP-00023659,FCL2-020843,mariano bautista,1884,male,safe_final_identity_cluster,2
persona-23744,HP-00012567,FCL2-005921,santos polanco,1885,male,safe_final_identity_cluster,3
persona-23745,HP-00012568,FCL2-005921,concepcion quispe,1885,female,safe_final_identity_cluster,2
persona-23756,HP-00012786,FCL2-006030,manuel chaves,1885,male,safe_final_identity_cluster,5
persona-23760,HP-00021837,FCL2-010148,jose chumbile,1885,male,safe_final_identity_cluster,2
persona-23761,HP-00021838,FCL2-010148,matiasa huayapa,1885,female,safe_final_identity_cluster,2
persona-23784,HP-00022589,FCL2-010482,romoaldo quispe,1885,male,safe_final_identity_cluster,2
persona-23816,HP-00014215,FCL2-006677,esteban ramos,1885,male,safe_final_identity_cluster,2
persona-23851,HP-00022843,FCL2-010594,cipriano berrocal,1885,male,safe_final_identity_cluster,2
persona-23852,HP-00022844,FCL2-010594,juana dongo,1885,female,safe_final_identity_cluster,2
persona-23860,HP-00023860,FCL2-011050,damiana fernandes,1885,female,safe_final_identity_cluster,2
persona-23887,HP-00022502,FCL2-010445,manuel condori,1885,male,safe_final_identity_cluster,2
persona-23892,HP-00012321,FCL2-005805,bacilia llamocca,1885,female,safe_final_identity_cluster,4
persona-23900,HP-00023900,FCL2-011068,eulalia ccoyllo,1885,female,safe_final_identity_cluster,2
persona-23907,HP-00012854,FCL2-006061,gregorio quispe,1885,male,safe_final_identity_cluster,2
persona-23922,HP-00021223,FCL2-009881,juan ccanto,1885,male,safe_final_identity_cluster,2
persona-23923,HP-00021224,FCL2-009881,seberina peres,1885,female,safe_final_identity_cluster,2
persona-23925,HP-00020703,FCL2-009646,juan de la cruz,1885,male,safe_final_identity_cluster,2
persona-23952,HP-00012200,FCL2-005748,luis huarancca,1885,male,safe_final_identity_cluster,3
persona-23953,HP-00012201,FCL2-005748,francisca ochoa,1885,female,safe_final_identity_cluster,3
persona-23972,HP-00023972,FCL2-011100,jose huarcaya,1885,male,safe_final_identity_cluster,3
persona-23997,HP-00012962,FCL2-006108,vicenta espinosa,1885,female,safe_final_identity_cluster,3
persona-24000,HP-00021203,FCL2-009873,ildefonso sanches,1885,male,safe_final_identity_cluster,2
persona-24007,HP-00012754,FCL2-006014,jose polanco,1886,male,safe_final_identity_cluster,3
persona-24008,HP-00012755,FCL2-006014,juana barrientos,1886,female,safe_final_identity_cluster,3
persona-24027,HP-00011261,FCL2-005298,pedro ramos,1886,male,safe_final_identity_cluster,6
persona-24028,HP-00011262,FCL2-005298,manuela vega,1886,female,safe_final_identity_cluster,6
persona-24032,HP-00024032,FCL2-011126,paulina jimenes,1886,female,safe_final_identity_cluster,2
persona-24036,HP-00024036,FCL2-018266,yldefonsa llacsamanta,1886,female,safe_final_identity_cluster,2
persona-24056,HP-00014116,FCL2-006629,estefa condori,1886,female,safe_final_identity_cluster,3
persona-24059,HP-00024059,FCL2-011138,rufino sanches,1886,male,safe_final_identity_cluster,2
persona-24060,HP-00024060,FCL2-011138,gregoria quispe,1886,female,safe_final_identity_cluster,2
persona-24091,HP-00021500,FCL2-009997,antonio huarcaya,1886,male,safe_final_identity_cluster,3
persona-24100,HP-00023084,FCL2-010701,norberta buitron,1886,female,safe_final_identity_cluster,3
persona-24102,HP-00024102,FCL2-006034,paula urbano,1887,female,safe_final_identity_cluster,2
persona-24103,HP-00012794,FCL2-006034,mariano urbano,1887,male,safe_final_identity_cluster,4
persona-24108,HP-00012731,FCL2-006001,mercedes javier,1887,female,safe_final_identity_cluster,2
persona-24115,HP-00010720,FCL2-015653,daniel romero,1887,male,safe_final_identity_cluster,6
persona-24116,HP-00010721,FCL2-015653,juana huamani,1887,female,safe_final_identity_cluster,6
persona-24119,HP-00012714,FCL2-018445,damian chinchay,1887,male,safe_final_identity_cluster,4
persona-24120,HP-00012715,FCL2-018445,lorenza vivanco,1887,female,safe_final_identity_cluster,4
persona-24126,HP-00024102,FCL2-006034,paula urbano,1887,female,safe_final_identity_cluster,2
persona-24127,HP-00012794,FCL2-006034,mariano urbano,1887,male,safe_final_identity_cluster,4
persona-24183,HP-00014671,FCL2-006882,felipe arimana,1887,male,safe_final_identity_cluster,4
persona-24191,HP-00022256,FCL2-010328,leandro yturvide,1887,male,safe_final_identity_cluster,2
persona-24208,HP-00012608,FCL2-005940,maria chaves,1887,female,safe_final_identity_cluster,4
persona-24231,HP-00011181,FCL2-015783,simeon perez,1887,male,safe_final_identity_cluster,5
persona-24235,HP-00012786,FCL2-006030,manuel chaves,1887,male,safe_final_identity_cluster,5
persona-24242,HP-00012288,FCL2-005790,simon cucho,1887,male,safe_final_identity_cluster,3
persona-24247,HP-00011398,FCL2-005362,dionicia huamani,1887,female,safe_final_identity_cluster,3
persona-24277,HP-00024277,FCL2-011234,antonio huallpatuero,1887,male,safe_final_identity_cluster,2
persona-24283,HP-00012986,FCL2-006120,petronila ramos,1887,female,safe_final_identity_cluster,3
persona-24294,HP-00013359,FCL2-006300,javier huallpatuero,1887,male,safe_final_identity_cluster,2
persona-24295,HP-00013360,FCL2-006300,gregoria roque,1887,female,safe_final_identity_cluster,2
persona-24298,HP-00024298,FCL2-011242,romualdo quispe,1887,male,safe_final_identity_cluster,2
persona-24315,HP-00015515,FCL2-018520,ynocencia chavez,1887,female,safe_final_identity_cluster,3
persona-24319,HP-00023231,FCL2-010768,salvinia romero,1887,female,safe_final_identity_cluster,2
persona-24353,HP-00024353,FCL2-022969,mateo aiquipa,1887,male,safe_final_identity_cluster,2
persona-24354,HP-00024354,FCL2-022969,valeriana espinosa,1887,female,safe_final_identity_cluster,2
persona-24357,HP-00024357,FCL2-011268,aparicio huamani,1887,male,safe_final_identity_cluster,2
persona-24358,HP-00024358,FCL2-011268,no conocido,1887,female,safe_final_identity_cluster,2
persona-24361,HP-00024357,FCL2-011268,aparicio huamani,1887,male,safe_final_identity_cluster,2
persona-24362,HP-00024358,FCL2-011268,no conocido,1887,female,safe_final_identity_cluster,2
persona-24374,HP-00012891,FCL2-006078,marcelina huamani,1887,female,safe_final_identity_cluster,2
persona-24376,HP-00024376,FCL2-011276,francisco serrano,1887,male,safe_final_identity_cluster,2
persona-24378,HP-00024378,FCL2-011278,bonifacia huamani,1887,female,safe_final_identity_cluster,2
persona-24386,HP-00015479,FCL2-007243,valentina condori,1887,female,safe_final_identity_cluster,2
persona-24404,HP-00024404,FCL2-021573,francisco urbano,1887,male,safe_final_identity_cluster,2
persona-24405,HP-00024405,FCL2-021573,rufino urbano,1887,male,safe_final_identity_cluster,2
persona-24413,HP-00023262,FCL2-010784,mariano ramos,1887,male,safe_final_identity_cluster,3
persona-24414,HP-00023263,FCL2-010784,maria dias,1887,female,safe_final_identity_cluster,3
persona-24425,HP-00010493,FCL2-004930,felix ccoillo,1888,male,safe_final_identity_cluster,3
persona-24437,HP-00012642,FCL2-005958,tadeo huamani,1888,male,safe_final_identity_cluster,2
persona-24438,HP-00012643,FCL2-005958,ursula yacca,1888,female,safe_final_identity_cluster,2
persona-24446,HP-00024446,FCL2-011308,ambrocia fernandes,1888,female,safe_final_identity_cluster,2
persona-24499,HP-00013255,FCL2-021035,pedro poma,1888,male,safe_final_identity_cluster,3
persona-24511,HP-00015642,FCL2-007317,mariano huamani,1888,male,safe_final_identity_cluster,3
persona-24527,HP-00023048,FCL2-017805,corpus quispe,1888,male,safe_final_identity_cluster,4
persona-24528,HP-00023049,FCL2-017805,maria condori,1888,female,safe_final_identity_cluster,4
persona-24534,HP-00024534,FCL2-014534,antonio huamani,1888,male,safe_final_identity_cluster,2
persona-24550,HP-00024550,FCL2-011356,victoria lopez,1888,female,safe_final_identity_cluster,2
persona-24552,HP-00024552,FCL2-011356,anatacia soica,1888,female,safe_final_identity_cluster,2
persona-24556,HP-00015029,FCL2-007039,evarista damian,1888,female,safe_final_identity_cluster,2
persona-24574,HP-00024574,FCL2-020429,dorotea puma,1888,female,safe_final_identity_cluster,2
persona-24575,HP-00024575,FCL2-020429,buenaventura puma,1888,male,safe_final_identity_cluster,2
persona-24576,HP-00024576,FCL2-020429,ambrocia sanchez,1888,female,safe_final_identity_cluster,2
persona-24579,HP-00024579,FCL2-017968,fernando condori,1888,male,safe_final_identity_cluster,3
persona-24580,HP-00024580,FCL2-017968,benita roque,1888,female,safe_final_identity_cluster,3
persona-24595,HP-00012810,FCL2-021831,guillermo tueros,1888,male,safe_final_identity_cluster,3
persona-24600,HP-00024600,FCL2-011376,jacinta vellido,1888,female,safe_final_identity_cluster,2
persona-24611,HP-00011261,FCL2-005298,pedro ramos,1888,male,safe_final_identity_cluster,6
persona-24612,HP-00011262,FCL2-005298,manuela vega,1888,female,safe_final_identity_cluster,6
persona-24623,HP-00023572,FCL2-010917,cecilio tito,1888,male,safe_final_identity_cluster,2
persona-24624,HP-00023573,FCL2-010917,juana chinchay,1888,female,safe_final_identity_cluster,2
persona-24631,HP-00011181,FCL2-015783,simeon perez,1888,male,safe_final_identity_cluster,5
persona-24635,HP-00015706,FCL2-022977,marcelo huamani,1888,male,safe_final_identity_cluster,4
persona-24636,HP-00015707,FCL2-022977,ygnacia barrientos,1888,female,safe_final_identity_cluster,4
persona-24638,HP-00024550,FCL2-011356,victoria lopez,1888,female,safe_final_identity_cluster,2
persona-24640,HP-00024552,FCL2-011356,anastacia soica,1888,female,safe_final_identity_cluster,2
persona-24647,HP-00013599,FCL2-006402,felis avalos,1888,male,safe_final_identity_cluster,3
persona-24663,HP-00020493,FCL2-009549,juana ramos,1888,female,safe_final_identity_cluster,5
persona-24672,HP-00024672,FCL2-015709,gregorio tito,1888,male,safe_final_identity_cluster,2
persona-24677,HP-00011365,FCL2-005346,fermin huamani,1888,male,safe_final_identity_cluster,4
persona-24678,HP-00011366,FCL2-005346,sinforosa ramos,1888,female,safe_final_identity_cluster,4
persona-24697,HP-00013475,FCL2-006350,rudecindo leon,1888,male,safe_final_identity_cluster,2
persona-24733,HP-00012638,FCL2-005956,silvestre mejia,1888,male,safe_final_identity_cluster,2
persona-24734,HP-00012639,FCL2-005956,luisa vivanco,1888,female,safe_final_identity_cluster,2
persona-24773,HP-00016146,FCL2-007530,francisca sanches,1888,female,safe_final_identity_cluster,2
persona-24779,HP-00024779,FCL2-015487,leon bautista,1888,male,safe_final_identity_cluster,3
persona-24789,HP-00012962,FCL2-006108,vicenta espinosa,1888,female,safe_final_identity_cluster,3
persona-24796,HP-00015322,FCL2-007171,simeon vega,1888,male,safe_final_identity_cluster,2
persona-24808,HP-00012734,FCL2-006003,francisco mendoza,1888,male,safe_final_identity_cluster,3
persona-24817,HP-00024817,FCL2-011468,francisca avalos,1888,female,safe_final_identity_cluster,2
persona-24836,HP-00024836,FCL2-022632,severino marcacuzco,1888,male,safe_final_identity_cluster,2
persona-24837,HP-00024837,FCL2-022632,narcisa aivar,1888,female,safe_final_identity_cluster,2
persona-24840,HP-00013128,FCL2-023073,andres avalos,1888,male,safe_final_identity_cluster,3
persona-24864,HP-00012591,FCL2-005933,barbaron espinosa,1888,male,safe_final_identity_cluster,2
persona-24869,HP-00012385,FCL2-005835,andrea sevilora,1888,female,safe_final_identity_cluster,2
persona-24871,HP-00024871,FCL2-014702,mercedes serrano,1888,female,safe_final_identity_cluster,2
persona-24895,HP-00024895,FCL2-014826,antonio quispe,1888,male,safe_final_identity_cluster,2
persona-24901,HP-00015475,FCL2-007241,paula quispe,1888,female,safe_final_identity_cluster,5
persona-24953,HP-00024032,FCL2-011126,paulina jimenes,1888,female,safe_final_identity_cluster,2
persona-24964,HP-00023481,FCL2-010875,gregorio anyosa,1888,male,safe_final_identity_cluster,2
persona-24988,HP-00000498,FCL2-011549,juana rodrigues,1816,female,safe_final_identity_cluster,2
persona-24996,HP-00000499,FCL2-000260,pedro rodrigues,1816,male,safe_final_identity_cluster,2
persona-25162,HP-00001660,FCL2-011643,petrona gomes,1817,female,safe_final_identity_cluster,2
persona-25170,HP-00001661,FCL2-011643,mariano gomes,1817,male,safe_final_identity_cluster,2
persona-25171,HP-00001662,FCL2-011643,ysavel peres,1817,female,safe_final_identity_cluster,2
persona-25193,HP-00000595,FCL2-000308,bibiana ramos,1817,female,safe_final_identity_cluster,2
persona-25237,HP-00003189,FCL2-011680,rosa palomino,1817,female,safe_final_identity_cluster,2
persona-25258,HP-00001977,FCL2-011693,marcelo cuchu,1817,male,safe_final_identity_cluster,2
persona-25311,HP-00025311,FCL2-011716,bonifacio cosi,1817,male,safe_final_identity_cluster,2
persona-25345,HP-00002195,FCL2-011741,juan roque,1818,male,safe_final_identity_cluster,2
persona-25352,HP-00002196,FCL2-001066,pablo roque,1818,male,safe_final_identity_cluster,2
persona-25410,HP-00025410,FCL2-012131,laureano sanches,1818,male,safe_final_identity_cluster,2
persona-25442,HP-00001479,FCL2-000736,ylaria urbano,1818,female,safe_final_identity_cluster,2
persona-25476,HP-00002340,FCL2-011818,bibiana quispe,1818,female,safe_final_identity_cluster,2
persona-25486,HP-00002415,FCL2-011827,sebastian arango,1819,male,safe_final_identity_cluster,2
persona-25493,HP-00002416,FCL2-001167,juan arango,1819,male,safe_final_identity_cluster,4
persona-25570,HP-00001953,FCL2-011876,dionisia peres,1819,female,safe_final_identity_cluster,2
persona-25578,HP-00001954,FCL2-000955,guillermo peres,1819,male,safe_final_identity_cluster,2
persona-25606,HP-00002028,FCL2-011901,blas espinosa,1819,male,safe_final_identity_cluster,2
persona-25607,HP-00001496,FCL2-011901,nicolasa urbano,1819,female,safe_final_identity_cluster,2
persona-25614,HP-00002030,FCL2-011901,sebastiana huauya,1819,female,safe_final_identity_cluster,2
persona-25646,HP-00000542,FCL2-011929,gabriel nolasco,1819,male,safe_final_identity_cluster,2
persona-25705,HP-00025311,FCL2-011716,bonifacio cosi,1819,male,safe_final_identity_cluster,2
persona-25721,HP-00002037,FCL2-000993,christoval urbano,1819,male,safe_final_identity_cluster,2
persona-25726,HP-00003516,FCL2-011978,petrona paucar,1819,female,safe_final_identity_cluster,2
persona-25784,HP-00003028,FCL2-001427,manuel rojas,1820,male,safe_final_identity_cluster,2
persona-25886,HP-00003488,FCL2-012075,blacina huauya,1820,female,safe_final_identity_cluster,2
persona-25905,HP-00002348,FCL2-012088,eulalia antay,1820,female,safe_final_identity_cluster,2
persona-25912,HP-00002349,FCL2-012088,bonifacio antay,1820,male,safe_final_identity_cluster,3
persona-25913,HP-00002350,FCL2-012088,agueda huamani,1820,female,safe_final_identity_cluster,3
persona-25915,HP-00000791,FCL2-012094,susana hermosa,1820,female,safe_final_identity_cluster,2
persona-25922,HP-00000792,FCL2-000405,juan hermosa,1820,male,safe_final_identity_cluster,2
persona-25982,HP-00025410,FCL2-012131,laureano sanches,1820,male,safe_final_identity_cluster,2
persona-25998,HP-00000526,FCL2-012143,eugenia barrientos,1820,female,safe_final_identity_cluster,2
persona-26037,HP-00005186,FCL2-002450,manuela lupa,1820,female,safe_final_identity_cluster,2
persona-26215,HP-00000802,FCL2-012266,andres llacsamanta,1821,male,safe_final_identity_cluster,2
persona-26317,HP-00002604,FCL2-000673,gregorio condori,1823,male,safe_final_identity_cluster,2
persona-26318,HP-00001348,FCL2-000673,pasquala poma,1823,female,safe_final_identity_cluster,2
persona-26326,HP-00001349,FCL2-000674,juan poma,1823,male,safe_final_identity_cluster,3
persona-26365,HP-00000909,FCL2-012356,francisca gavilan,1823,female,safe_final_identity_cluster,3
persona-26390,HP-00002655,FCL2-012378,alverto guamani,1823,male,safe_final_identity_cluster,2
persona-26408,HP-00026408,FCL2-012385,sebastian condori,1823,male,safe_final_identity_cluster,2
persona-26443,HP-00003681,FCL2-012410,pablo gavilan,1823,male,safe_final_identity_cluster,2
persona-26572,HP-00004668,FCL2-012482,norverto peres,1823,male,safe_final_identity_cluster,2
persona-26588,HP-00003492,FCL2-012494,maria chinchay,1823,female,safe_final_identity_cluster,2
persona-26758,HP-00007843,FCL2-012591,estefa nunes,1824,female,safe_final_identity_cluster,4
persona-26767,HP-00026767,FCL2-012597,tomas urbano,1824,male,safe_final_identity_cluster,2
persona-26768,HP-00026768,FCL2-012597,felipa huamani,1824,female,safe_final_identity_cluster,2
persona-26798,HP-00005201,FCL2-012609,luis llacsamanta,1824,male,safe_final_identity_cluster,2
persona-26839,HP-00008530,FCL2-004007,marsela osorio,1825,female,safe_final_identity_cluster,3
persona-26887,HP-00008402,FCL2-003946,tomas chinchay,1825,male,safe_final_identity_cluster,2
persona-26888,HP-00008403,FCL2-003946,manuela carrion,1825,female,safe_final_identity_cluster,2
persona-27051,HP-00027051,FCL2-012810,alexo hayme,1825,male,safe_final_identity_cluster,2
persona-27114,HP-00027114,FCL2-012862,domingo gutierres,1826,male,safe_final_identity_cluster,2
persona-27115,HP-00027115,FCL2-012862,juana carbajal,1826,female,safe_final_identity_cluster,2
persona-27136,HP-00008530,FCL2-004007,marsela osorio,1826,female,safe_final_identity_cluster,3
persona-27170,HP-00008088,FCL2-003794,felis tito,1826,male,safe_final_identity_cluster,4
persona-27218,HP-00007906,FCL2-003706,lucia huallpatuiro,1827,female,safe_final_identity_cluster,2
persona-27252,HP-00027114,FCL2-012862,domingo gutierres,1828,male,safe_final_identity_cluster,2
persona-27253,HP-00027115,FCL2-012862,juana carbajal,1828,female,safe_final_identity_cluster,2
persona-27316,HP-00007843,FCL2-012591,estefa nunes,1828,female,safe_final_identity_cluster,4
persona-27350,HP-00026767,FCL2-012597,tomas urbano,1828,male,safe_final_identity_cluster,2
persona-27351,HP-00026768,FCL2-012597,felipa huamani,1828,female,safe_final_identity_cluster,2
persona-27462,HP-00007877,FCL2-003693,rumualdo poma,1829,male,safe_final_identity_cluster,2
persona-27463,HP-00007878,FCL2-003693,margarita sanches,1829,female,safe_final_identity_cluster,2
persona-27519,HP-00008789,FCL2-004135,tomas poma,1829,male,safe_final_identity_cluster,3
persona-27520,HP-00008790,FCL2-004135,mauricia quispe,1829,female,safe_final_identity_cluster,3
persona-27678,HP-00027051,FCL2-012810,alexo hayme,1830,male,safe_final_identity_cluster,2
persona-27732,HP-00006678,FCL2-013359,bernarda chinchay,1832,female,safe_final_identity_cluster,2
persona-27764,HP-00005970,FCL2-013375,casimira tito,1833,female,safe_final_identity_cluster,3
persona-27880,HP-00027880,FCL2-013439,eusevio flores,1833,male,safe_final_identity_cluster,2
persona-27881,HP-00027881,FCL2-013439,maria ynca,1833,female,safe_final_identity_cluster,2
persona-27918,HP-00027880,FCL2-013439,eusevio flores,1833,male,safe_final_identity_cluster,2
persona-27919,HP-00027881,FCL2-013439,maria ynca,1833,female,safe_final_identity_cluster,2
persona-27995,HP-00016978,FCL2-013510,hipolito bautista,1834,male,safe_final_identity_cluster,4
persona-27996,HP-00016979,FCL2-013510,silveria urbano,1834,female,safe_final_identity_cluster,4
persona-28205,HP-00007054,FCL2-013634,domingo chalco,1835,male,safe_final_identity_cluster,2
persona-28226,HP-00007002,FCL2-013647,mariano sanches,1836,male,safe_final_identity_cluster,2
persona-28238,HP-00006928,FCL2-003246,paula quispe,1836,female,safe_final_identity_cluster,2
persona-28330,HP-00006490,FCL2-013710,julian cruz,1837,male,safe_final_identity_cluster,2
persona-28337,HP-00006491,FCL2-003048,custodio cruz,1837,male,safe_final_identity_cluster,2
persona-28351,HP-00028351,FCL2-013717,rosa quispe,1838,female,safe_final_identity_cluster,2
persona-28357,HP-00028357,FCL2-013728,nicolas urbano,1838,male,safe_final_identity_cluster,2
persona-28358,HP-00028358,FCL2-013728,maria chalco,1838,female,safe_final_identity_cluster,2
persona-28375,HP-00026408,FCL2-012385,sebastian condori,1838,male,safe_final_identity_cluster,2
persona-28388,HP-00028388,FCL2-013807,nicolas poma,1838,male,safe_final_identity_cluster,2
persona-28389,HP-00028389,FCL2-013807,ysidora quispe,1838,female,safe_final_identity_cluster,2
persona-28395,HP-00028395,FCL2-013747,jacinto poma,1838,male,safe_final_identity_cluster,2
persona-28397,HP-00028397,FCL2-013807,jose quispe,1838,male,safe_final_identity_cluster,2
persona-28400,HP-00028351,FCL2-013717,rosa quispe,1838,female,safe_final_identity_cluster,2
persona-28417,HP-00005984,FCL2-013766,asencio asto,1838,male,safe_final_identity_cluster,2
persona-28492,HP-00028388,FCL2-013807,nicolas poma,1838,male,safe_final_identity_cluster,2
persona-28493,HP-00028389,FCL2-013807,ysidora quispe,1838,female,safe_final_identity_cluster,2
persona-28499,HP-00028395,FCL2-013747,jacinto poma,1838,male,safe_final_identity_cluster,2
persona-28501,HP-00028397,FCL2-013807,jose quispe,1838,male,safe_final_identity_cluster,2
persona-28614,HP-00028614,FCL2-013881,gabriela peres,1838,female,safe_final_identity_cluster,2
persona-28633,HP-00006877,FCL2-008139,narciso sanches,1838,male,safe_final_identity_cluster,5
persona-28634,HP-00017464,FCL2-008139,leandra huarancca,1838,female,safe_final_identity_cluster,4
persona-28640,HP-00006878,FCL2-003225,julian sanches,1838,male,safe_final_identity_cluster,3
persona-29007,HP-00029007,FCL2-019477,jose quispe,1883,male,safe_final_identity_cluster,2
persona-29060,HP-00012620,FCL2-005947,manuela cupe,1884,female,safe_final_identity_cluster,5
persona-29066,HP-00029066,FCL2-014145,sebastian huamani,1884,male,safe_final_identity_cluster,2
persona-29734,HP-00029734,FCL2-014504,jesusa sanchez,1908,female,safe_final_identity_cluster,2
persona-29777,HP-00029777,FCL2-014526,sebastian condori,1908,male,safe_final_identity_cluster,2
persona-29788,HP-00024534,FCL2-014534,antonio huamani,1908,male,safe_final_identity_cluster,2
persona-29817,HP-00029817,FCL2-016136,justo cucho,1908,male,safe_final_identity_cluster,2
persona-29819,HP-00029819,FCL2-014546,esteban avalos,1908,male,safe_final_identity_cluster,2
persona-29855,HP-00029855,FCL2-014566,lorensa de la cruz,1908,female,safe_final_identity_cluster,2
persona-29861,HP-00011181,FCL2-015783,simeon perez,1908,male,safe_final_identity_cluster,5
persona-29864,HP-00029864,FCL2-014573,basilia echaccaya,1908,female,safe_final_identity_cluster,2
persona-29953,HP-00029953,FCL2-014631,doroteo cucho,1908,male,safe_final_identity_cluster,2
persona-29954,HP-00029954,FCL2-014631,alberta sanchez,1908,female,safe_final_identity_cluster,2
persona-29960,HP-00029960,FCL2-014629,diego cucho,1908,male,safe_final_identity_cluster,2
persona-29993,HP-00011043,FCL2-014650,jose huamani,1908,male,safe_final_identity_cluster,2
persona-29997,HP-00029997,FCL2-005996,timoteo fernandez,1908,male,safe_final_identity_cluster,2
persona-29998,HP-00012721,FCL2-005996,mercedes huarcaya,1908,female,safe_final_identity_cluster,3
persona-30006,HP-00012722,FCL2-015885,jose huarcaya,1908,male,safe_final_identity_cluster,3
persona-30075,HP-00024871,FCL2-014702,mercedes serrano,1909,female,safe_final_identity_cluster,2
persona-30096,HP-00030096,FCL2-014716,pablo sanchez,1909,male,safe_final_identity_cluster,2
persona-30097,HP-00030097,FCL2-014716,emilia espinosa,1909,female,safe_final_identity_cluster,2
persona-30103,HP-00030103,FCL2-014714,francisco sanchez,1909,male,safe_final_identity_cluster,2
persona-30107,HP-00024779,FCL2-015487,leon bautista,1909,male,safe_final_identity_cluster,3
persona-30115,HP-00030115,FCL2-015487,eduarda sanchez,1909,female,safe_final_identity_cluster,2
persona-30116,HP-00030116,FCL2-014722,jose javier,1909,male,safe_final_identity_cluster,2
persona-30129,HP-00030129,FCL2-015197,jesus barrientos,1909,male,safe_final_identity_cluster,2
persona-30130,HP-00030130,FCL2-015197,mercedes quispe,1909,female,safe_final_identity_cluster,2
persona-30136,HP-00030136,FCL2-015197,sinforino barrientos,1909,male,safe_final_identity_cluster,2
persona-30138,HP-00030138,FCL2-015197,silvestre quispe,1909,male,safe_final_identity_cluster,2
persona-30141,HP-00014953,FCL2-014740,cipriana urbano,1909,female,safe_final_identity_cluster,2
persona-30151,HP-00030151,FCL2-014746,norberto villegas,1909,male,safe_final_identity_cluster,2
persona-30160,HP-00030160,FCL2-014747,mariano sanchez,1909,male,safe_final_identity_cluster,3
persona-30169,HP-00030169,FCL2-014754,simon quispe,1909,male,safe_final_identity_cluster,2
persona-30170,HP-00030170,FCL2-014755,maria ramos,1909,female,safe_final_identity_cluster,2
persona-30172,HP-00030172,FCL2-014756,eduarda avalos,1909,female,safe_final_identity_cluster,2
persona-30185,HP-00014426,FCL2-014768,evarista mancco,1909,female,safe_final_identity_cluster,2
persona-30193,HP-00014427,FCL2-006771,alejo mancco,1909,male,safe_final_identity_cluster,2
persona-30200,HP-00030200,FCL2-014773,simon ramos,1909,male,safe_final_identity_cluster,2
persona-30201,HP-00030201,FCL2-014774,josefa huamani,1909,female,safe_final_identity_cluster,2
persona-30215,HP-00030215,FCL2-014789,porfirio cucho,1909,male,safe_final_identity_cluster,2
persona-30249,HP-00012685,FCL2-005980,tomasa gavilan,1910,female,safe_final_identity_cluster,2
persona-30258,HP-00012687,FCL2-005980,segunda llaccsamanta,1910,female,safe_final_identity_cluster,3
persona-30281,HP-00024895,FCL2-014826,antonio quispe,1909,male,safe_final_identity_cluster,2
persona-30324,HP-00030324,FCL2-014848,florentina zarate,1910,female,safe_final_identity_cluster,2
persona-30336,HP-00022433,FCL2-014862,damaso de la cruz,1910,male,safe_final_identity_cluster,2
persona-30348,HP-00016088,FCL2-007503,gabriela ccoyllo,1910,female,safe_final_identity_cluster,3
persona-30355,HP-00030355,FCL2-015403,leocadia quispe,1910,female,safe_final_identity_cluster,2
persona-30356,HP-00016089,FCL2-007504,mariano ccoyllo,1910,male,safe_final_identity_cluster,2
persona-30391,HP-00030391,FCL2-014892,crisostomo vega,1910,male,safe_final_identity_cluster,2
persona-30392,HP-00030392,FCL2-014892,betsabe quispe,1910,female,safe_final_identity_cluster,2
persona-30400,HP-00030400,FCL2-014892,romualdo quispe,1910,male,safe_final_identity_cluster,2
persona-30401,HP-00030401,FCL2-014892,norberta chinchay,1910,female,safe_final_identity_cluster,2
persona-30420,HP-00030420,FCL2-014904,esteban urbano,1910,male,safe_final_identity_cluster,2
persona-30436,HP-00012435,FCL2-014918,victoria dias,1910,female,safe_final_identity_cluster,2
persona-30444,HP-00012436,FCL2-014918,mariano dias,1910,male,safe_final_identity_cluster,2
persona-30445,HP-00012437,FCL2-014918,santona quispe,1910,female,safe_final_identity_cluster,2
persona-30498,HP-00030498,FCL2-009954,mariano cucho,1910,male,safe_final_identity_cluster,2
persona-30509,HP-00030509,FCL2-014954,ancelmo lopez,1910,male,safe_final_identity_cluster,2
persona-30510,HP-00030510,FCL2-014955,marcelina castro,1910,female,safe_final_identity_cluster,2
persona-30523,HP-00014018,FCL2-014967,josefa ccanto,1910,female,safe_final_identity_cluster,2
persona-30556,HP-00016524,FCL2-014985,florisa lopez,1911,female,safe_final_identity_cluster,2
persona-30620,HP-00030620,FCL2-015408,nasario quispe,1911,male,safe_final_identity_cluster,2
persona-30643,HP-00030643,FCL2-015025,severina perez,1911,female,safe_final_identity_cluster,2
persona-30671,HP-00030671,FCL2-015663,vicente ccoillo,1912,male,safe_final_identity_cluster,2
persona-30672,HP-00030672,FCL2-015663,agustina urbano,1912,female,safe_final_identity_cluster,2
persona-30693,HP-00024277,FCL2-011234,antonio huallpatuero,1912,male,safe_final_identity_cluster,2
persona-30701,HP-00030701,FCL2-015055,tiburcio condori,1912,male,safe_final_identity_cluster,2
persona-30702,HP-00030702,FCL2-015056,saturnina garcia,1912,female,safe_final_identity_cluster,2
persona-30704,HP-00014678,FCL2-015061,josefa serrano,1911,female,safe_final_identity_cluster,2
persona-30722,HP-00030722,FCL2-015068,clara siancas,1912,female,safe_final_identity_cluster,2
persona-30730,HP-00030730,FCL2-015073,maria santiago,1912,female,safe_final_identity_cluster,2
persona-30733,HP-00030733,FCL2-015694,augusto siancas,1912,male,safe_final_identity_cluster,2
persona-30734,HP-00030734,FCL2-015694,leocadia champa,1912,female,safe_final_identity_cluster,2
persona-30739,HP-00030739,FCL2-015694,tomas siancas,1912,male,safe_final_identity_cluster,2
persona-30741,HP-00030741,FCL2-015694,gaspar champa,1912,male,safe_final_identity_cluster,2
persona-30742,HP-00030742,FCL2-015694,felipa huamani,1912,female,safe_final_identity_cluster,2
persona-30753,HP-00030753,FCL2-015087,cristobal aiquipa,1912,male,safe_final_identity_cluster,2
persona-30769,HP-00030769,FCL2-015093,francisco cusi,1912,male,safe_final_identity_cluster,3
persona-30770,HP-00030770,FCL2-015094,andrea aiquipa,1912,female,safe_final_identity_cluster,3
persona-30804,HP-00030804,FCL2-015116,marcela condori,1912,female,safe_final_identity_cluster,2
persona-30809,HP-00030809,FCL2-015114,fulgencio quispe,1912,male,safe_final_identity_cluster,2
persona-30812,HP-00030812,FCL2-015116,petronila huallpatuero,1912,female,safe_final_identity_cluster,2
persona-30821,HP-00030821,FCL2-019285,manuel carbajal,1912,male,safe_final_identity_cluster,2
persona-30834,HP-00015669,FCL2-015130,monica quispe,1912,female,safe_final_identity_cluster,2
persona-30842,HP-00015671,FCL2-015130,marcela condori,1912,female,safe_final_identity_cluster,2
persona-30889,HP-00030889,FCL2-015155,celedonio buitron,1912,male,safe_final_identity_cluster,2
persona-30890,HP-00030890,FCL2-015156,natividad arango,1912,female,safe_final_identity_cluster,2
persona-30940,HP-00030940,FCL2-016141,candelaria quispe,1912,female,safe_final_identity_cluster,2
persona-30971,HP-00030138,FCL2-015197,silvestre quispe,1912,male,safe_final_identity_cluster,2
persona-30993,HP-00030993,FCL2-015214,julian huamani,1912,male,safe_final_identity_cluster,2
persona-30994,HP-00030994,FCL2-015214,mercedes urbano,1912,female,safe_final_identity_cluster,2
persona-30999,HP-00030999,FCL2-015212,luis huamani,1912,male,safe_final_identity_cluster,4
persona-31052,HP-00031052,FCL2-015246,petronila quispe,1913,female,safe_final_identity_cluster,2
persona-31058,HP-00031058,FCL2-015245,manuela huamani,1913,female,safe_final_identity_cluster,2
persona-31070,HP-00031070,FCL2-015251,antonia urbano,1913,female,safe_final_identity_cluster,2
persona-31072,HP-00016020,FCL2-015256,marcelina serrano,1913,female,safe_final_identity_cluster,2
persona-31087,HP-00031087,FCL2-015261,jose vega,1913,male,safe_final_identity_cluster,2
persona-31088,HP-00031088,FCL2-015262,francisca sanchez,1913,female,safe_final_identity_cluster,2
persona-31092,HP-00031092,FCL2-015270,margarita sanchez,1913,female,safe_final_identity_cluster,2
persona-31097,HP-00031097,FCL2-015268,victor quispe,1913,male,safe_final_identity_cluster,2
persona-31098,HP-00031098,FCL2-015269,basilia urbano,1913,female,safe_final_identity_cluster,2
persona-31101,HP-00031101,FCL2-015276,julian huamani,1913,male,safe_final_identity_cluster,2
persona-31102,HP-00031102,FCL2-015276,ysidora sanchez,1913,female,safe_final_identity_cluster,2
persona-31107,HP-00030999,FCL2-015212,luis huamani,1913,male,safe_final_identity_cluster,4
persona-31148,HP-00031148,FCL2-020413,juana sanchez,1913,female,safe_final_identity_cluster,2
persona-31151,HP-00016688,FCL2-015300,ygnacio urbano,1913,male,safe_final_identity_cluster,2
persona-31182,HP-00016368,FCL2-019810,aurelia champa,1913,female,safe_final_identity_cluster,2
persona-31187,HP-00031187,FCL2-019810,andres echaccaya,1913,male,safe_final_identity_cluster,2
persona-31188,HP-00031188,FCL2-019810,juliana ccoillo,1913,female,safe_final_identity_cluster,2
persona-31212,HP-00031212,FCL2-015331,juliana sanchez,1913,female,safe_final_identity_cluster,2
persona-31217,HP-00031217,FCL2-015329,andres poma,1913,male,safe_final_identity_cluster,2
persona-31218,HP-00031218,FCL2-015330,basilia vega,1913,female,safe_final_identity_cluster,2
persona-31307,HP-00031307,FCL2-016229,celedonio bautista,1913,male,safe_final_identity_cluster,2
persona-31308,HP-00031308,FCL2-016229,eduarda sanchez,1913,female,safe_final_identity_cluster,2
persona-31311,HP-00031311,FCL2-015382,simon huallpatuero,1913,male,safe_final_identity_cluster,2
persona-31312,HP-00031312,FCL2-015382,manuela condori,1913,female,safe_final_identity_cluster,2
persona-31318,HP-00031318,FCL2-015381,petronila chinchay,1913,female,safe_final_identity_cluster,2
persona-31320,HP-00031320,FCL2-015382,damiana llamocca,1913,female,safe_final_identity_cluster,2
persona-31330,HP-00014748,FCL2-006915,tiburcia oscco,1913,female,safe_final_identity_cluster,3
persona-31331,HP-00015146,FCL2-015393,nasario sanchez,1913,male,safe_final_identity_cluster,2
persona-31358,HP-00030355,FCL2-015403,leocadia quispe,1913,female,safe_final_identity_cluster,2
persona-31367,HP-00030620,FCL2-015408,nasario quispe,1913,male,safe_final_identity_cluster,2
persona-31402,HP-00031402,FCL2-015430,brigida quispe,1914,female,safe_final_identity_cluster,2
persona-31407,HP-00030769,FCL2-015093,francisco cusi,1914,male,safe_final_identity_cluster,3
persona-31408,HP-00030770,FCL2-015094,andrea aiquipa,1914,female,safe_final_identity_cluster,3
persona-31428,HP-00031428,FCL2-019279,patricia medina,1914,female,safe_final_identity_cluster,2
persona-31475,HP-00031475,FCL2-015462,mariano arango,1914,male,safe_final_identity_cluster,2
persona-31487,HP-00031487,FCL2-015467,patricio berrocal,1914,male,safe_final_identity_cluster,2
persona-31488,HP-00031488,FCL2-015467,benita ochoa,1914,female,safe_final_identity_cluster,2
persona-31490,HP-00014474,FCL2-015472,nicolasa vilca,1914,female,safe_final_identity_cluster,2
persona-31499,HP-00031499,FCL2-015477,francisco mancco,1914,male,safe_final_identity_cluster,2
persona-31500,HP-00031500,FCL2-015477,beatriz cuevas,1914,female,safe_final_identity_cluster,2
persona-31507,HP-00031507,FCL2-015477,felipe cuevas,1914,male,safe_final_identity_cluster,2
persona-31508,HP-00031508,FCL2-015477,feliciana cucho,1914,female,safe_final_identity_cluster,2
persona-31526,HP-00030115,FCL2-015487,eduarda sanchez,1914,female,safe_final_identity_cluster,2
persona-31530,HP-00016580,FCL2-015492,saturnina solier,1914,female,safe_final_identity_cluster,2
persona-31537,HP-00016581,FCL2-015492,tomas solier,1914,male,safe_final_identity_cluster,2
persona-31569,HP-00031569,FCL2-015508,policarpo quispe,1914,male,safe_final_identity_cluster,2
persona-31577,HP-00031577,FCL2-015513,juan sanchez,1914,male,safe_final_identity_cluster,2
persona-31590,HP-00013914,FCL2-015524,doroteo huarcaya,1914,male,safe_final_identity_cluster,2
persona-31719,HP-00031719,FCL2-015592,gregoria diaz,1914,female,safe_final_identity_cluster,2
persona-31724,HP-00031724,FCL2-015590,fernando mancco,1914,male,safe_final_identity_cluster,3
persona-31725,HP-00031725,FCL2-015591,pascuala cruz,1914,female,safe_final_identity_cluster,3
persona-31746,HP-00031746,FCL2-015603,alvino roque,1915,male,safe_final_identity_cluster,3
persona-31747,HP-00031747,FCL2-015604,monica barrientos,1915,female,safe_final_identity_cluster,3
persona-31768,HP-00031768,FCL2-006619,raimundo polanco,1915,male,safe_final_identity_cluster,2
persona-31769,HP-00014094,FCL2-006619,alejandra quispe,1915,female,safe_final_identity_cluster,3
persona-31775,HP-00031775,FCL2-015620,petronila sanchez,1915,female,safe_final_identity_cluster,2
persona-31789,HP-00031789,FCL2-015633,petronila vivanco,1915,female,safe_final_identity_cluster,2
persona-31794,HP-00031794,FCL2-015631,carlos ccoillo,1915,male,safe_final_identity_cluster,3
persona-31795,HP-00031795,FCL2-015632,magdalena valencia,1915,female,safe_final_identity_cluster,3
persona-31796,HP-00031796,FCL2-015633,fernando vivanco,1915,male,safe_final_identity_cluster,2
persona-31797,HP-00031797,FCL2-015633,bernabe chinchay,1915,female,safe_final_identity_cluster,2
persona-31818,HP-00013714,FCL2-015648,andres mancco,1915,male,safe_final_identity_cluster,2
persona-31825,HP-00031825,FCL2-015648,petronila asto,1915,female,safe_final_identity_cluster,2
persona-31829,HP-00010719,FCL2-015653,sofia romero,1915,female,safe_final_identity_cluster,2
persona-31836,HP-00010720,FCL2-015653,daniel romero,1915,male,safe_final_identity_cluster,6
persona-31837,HP-00010721,FCL2-015653,juana huamani,1915,female,safe_final_identity_cluster,6
persona-31854,HP-00030671,FCL2-015663,vicente ccoillo,1915,male,safe_final_identity_cluster,2
persona-31855,HP-00030672,FCL2-015663,agustina urbano,1915,female,safe_final_identity_cluster,2
persona-31858,HP-00031858,FCL2-016154,daniel bautista,1915,male,safe_final_identity_cluster,2
persona-31859,HP-00031859,FCL2-016154,salome ochoa,1915,female,safe_final_identity_cluster,2
persona-31864,HP-00031864,FCL2-016154,celedonio bautista,1915,male,safe_final_identity_cluster,2
persona-31865,HP-00031865,FCL2-016154,eduarda sanchez,1915,female,safe_final_identity_cluster,2
persona-31866,HP-00031866,FCL2-016154,jeronimo ochoa,1915,male,safe_final_identity_cluster,2
persona-31867,HP-00031867,FCL2-016154,facunda espinosa,1915,female,safe_final_identity_cluster,2
persona-31868,HP-00031868,FCL2-015674,sabeliano sanchez,1916,male,safe_final_identity_cluster,2
persona-31869,HP-00031869,FCL2-015674,maria achamisa,1916,female,safe_final_identity_cluster,2
persona-31914,HP-00030739,FCL2-015694,tomas siancas,1916,male,safe_final_identity_cluster,2
persona-31938,HP-00024672,FCL2-015709,gregorio tito,1916,male,safe_final_identity_cluster,2
persona-31948,HP-00031948,FCL2-015714,victor suica,1916,male,safe_final_identity_cluster,2
persona-31949,HP-00031949,FCL2-015714,faustina polanco,1916,female,safe_final_identity_cluster,2
persona-31954,HP-00031954,FCL2-015714,esteban suica,1916,male,safe_final_identity_cluster,2
persona-32009,HP-00032009,FCL2-015742,paula polanco,1917,female,safe_final_identity_cluster,2
persona-32014,HP-00032014,FCL2-019080,dionicio vega,1917,male,safe_final_identity_cluster,2
persona-32055,HP-00032055,FCL2-015766,segunda jimenez,1917,female,safe_final_identity_cluster,2
persona-32058,HP-00032058,FCL2-015773,mariano champa,1917,male,safe_final_identity_cluster,2
persona-32059,HP-00013478,FCL2-015773,antonia serrano,1917,female,safe_final_identity_cluster,3
persona-32067,HP-00013480,FCL2-015773,espirita palomino,1917,female,safe_final_identity_cluster,5
persona-32078,HP-00032078,FCL2-015783,francisco perez,1917,male,safe_final_identity_cluster,2
persona-32079,HP-00032079,FCL2-015783,cristina cucho,1917,female,safe_final_identity_cluster,2
persona-32084,HP-00011181,FCL2-015783,simeon perez,1917,male,safe_final_identity_cluster,5
persona-32086,HP-00032086,FCL2-015783,feliz cucho,1917,male,safe_final_identity_cluster,2
persona-32087,HP-00032087,FCL2-015783,lorenza ccanto,1917,female,safe_final_identity_cluster,2
persona-32118,HP-00013254,FCL2-021035,tomas poma,1917,male,safe_final_identity_cluster,2
persona-32124,HP-00013255,FCL2-021035,pedro poma,1917,male,safe_final_identity_cluster,3
persona-32126,HP-00032126,FCL2-021035,martin quispe,1917,male,safe_final_identity_cluster,2
persona-32129,HP-00014262,FCL2-015807,maria huarcaya,1917,female,safe_final_identity_cluster,2
persona-32148,HP-00023491,FCL2-015819,santos urbano,1918,male,safe_final_identity_cluster,2
persona-32164,HP-00032164,FCL2-020489,nasario quispe,1918,male,safe_final_identity_cluster,2
persona-32245,HP-00032245,FCL2-015866,marcelina canales,1918,female,safe_final_identity_cluster,2
persona-32286,HP-00012722,FCL2-015885,jose huarcaya,1918,male,safe_final_identity_cluster,3
persona-32289,HP-00014996,FCL2-015890,maximiliana morales,1918,female,safe_final_identity_cluster,2
persona-32297,HP-00014998,FCL2-015890,candelaria palomino,1918,female,safe_final_identity_cluster,2
persona-32323,HP-00014239,FCL2-006686,esteban huarcaya,1918,male,safe_final_identity_cluster,3
persona-32324,HP-00032324,FCL2-015905,encarnacion evangelista,1918,female,safe_final_identity_cluster,2
persona-32424,HP-00032424,FCL2-015251,luis huamani,1918,male,safe_final_identity_cluster,2
persona-32438,HP-00032438,FCL2-015970,delacruz quispe,1918,male,safe_final_identity_cluster,2
persona-32439,HP-00032439,FCL2-015970,aurelia condori,1918,female,safe_final_identity_cluster,2
persona-32446,HP-00032446,FCL2-015970,aniceto condori,1918,male,safe_final_identity_cluster,2
persona-32447,HP-00032447,FCL2-015970,francisca tito,1918,female,safe_final_identity_cluster,2
persona-32478,HP-00032478,FCL2-015990,domingo ccanto,1918,male,safe_final_identity_cluster,2
persona-32479,HP-00032479,FCL2-015990,serafina ccochachi,1918,female,safe_final_identity_cluster,2
persona-32484,HP-00032484,FCL2-015990,laurencio ccanto,1918,male,safe_final_identity_cluster,2
persona-32485,HP-00032485,FCL2-015990,nicolasa gonzalez,1918,female,safe_final_identity_cluster,2
persona-32557,HP-00030812,FCL2-015116,petronila huallpatuero,1918,female,safe_final_identity_cluster,2
persona-32675,HP-00012373,FCL2-016090,candelaria cucho,1919,female,safe_final_identity_cluster,3
persona-32676,HP-00023496,FCL2-016090,andres avalos,1919,male,safe_final_identity_cluster,2
persona-32698,HP-00032698,FCL2-016107,paulino bendezu,1919,male,safe_final_identity_cluster,2
persona-32699,HP-00032699,FCL2-016107,sofia cardenas,1919,female,safe_final_identity_cluster,2
persona-32704,HP-00032704,FCL2-016105,jose j bendezu,1919,male,safe_final_identity_cluster,2
persona-32706,HP-00032706,FCL2-016107,jacinto cardenas,1919,male,safe_final_identity_cluster,2
persona-32707,HP-00032707,FCL2-016107,raimunda medina,1919,female,safe_final_identity_cluster,2
persona-32716,HP-00032716,FCL2-016112,jose cucho,1919,male,safe_final_identity_cluster,2
persona-32717,HP-00032717,FCL2-016112,felipa gavilan,1919,female,safe_final_identity_cluster,2
persona-32764,HP-00029817,FCL2-016136,justo cucho,1919,male,safe_final_identity_cluster,2
persona-32775,HP-00030940,FCL2-016141,candelaria quispe,1919,female,safe_final_identity_cluster,2
persona-32802,HP-00031864,FCL2-016154,celedonio bautista,1919,male,safe_final_identity_cluster,2
persona-32803,HP-00031865,FCL2-016154,eduarda sanchez,1919,female,safe_final_identity_cluster,2
persona-32834,HP-00032706,FCL2-016107,jacinto cardenas,1919,male,safe_final_identity_cluster,2
persona-32835,HP-00032707,FCL2-016107,raimunda medina,1919,female,safe_final_identity_cluster,2
persona-32917,HP-00011228,FCL2-016212,benigna ramos,1919,female,safe_final_identity_cluster,2
persona-32952,HP-00031307,FCL2-016229,celedonio bautista,1919,male,safe_final_identity_cluster,2
persona-32953,HP-00031308,FCL2-016229,eduarda sanchez,1919,female,safe_final_identity_cluster,2
persona-33006,HP-00010496,FCL2-016260,wenceslao pacheco,1919,male,safe_final_identity_cluster,2
persona-33014,HP-00033014,FCL2-016260,manuel bendezu,1919,male,safe_final_identity_cluster,2
persona-33015,HP-00033015,FCL2-016260,melchora huamani,1919,female,safe_final_identity_cluster,2
persona-33106,HP-00020711,FCL2-015633,pedro arimana,1920,male,safe_final_identity_cluster,2
persona-33114,HP-00031796,FCL2-015633,fernando vivanco,1920,male,safe_final_identity_cluster,2
persona-33115,HP-00031797,FCL2-015633,bernabe chinchay,1920,female,safe_final_identity_cluster,2
persona-33167,HP-00014250,FCL2-016339,alejandra huallpatuero,1920,female,safe_final_identity_cluster,2
persona-33176,HP-00010922,FCL2-016344,luis cuevas,1920,male,safe_final_identity_cluster,2
persona-33183,HP-00010924,FCL2-016344,feliciana cucho,1920,female,safe_final_identity_cluster,4
persona-33252,HP-00014239,FCL2-006686,esteban huarcaya,1920,male,safe_final_identity_cluster,3
persona-33253,HP-00032324,FCL2-015905,encarnacion evangelista,1920,female,safe_final_identity_cluster,2
persona-33303,HP-00012954,FCL2-014756,baltazara huallpatuero,1920,female,safe_final_identity_cluster,2
persona-33305,HP-00030172,FCL2-014756,eduarda avalos,1920,female,safe_final_identity_cluster,2
persona-33396,HP-00016348,FCL2-019311,tiburcio chinchay,1920,male,safe_final_identity_cluster,2
persona-33402,HP-00015374,FCL2-019311,francisco chinchay,1920,male,safe_final_identity_cluster,4
persona-33403,HP-00015375,FCL2-019311,jacinta nina,1920,female,safe_final_identity_cluster,4
persona-33467,HP-00016883,FCL2-016486,eulalia huamani,1920,female,safe_final_identity_cluster,2
persona-33560,HP-00032424,FCL2-015251,luis huamani,1921,male,safe_final_identity_cluster,2
persona-33563,HP-00031070,FCL2-015251,antonia urbano,1921,female,safe_final_identity_cluster,2
persona-33581,HP-00007929,FCL2-016540,andres ccanto,1846,male,safe_final_identity_cluster,2
persona-33654,HP-00007620,FCL2-003570,jose quispe,1846,male,safe_final_identity_cluster,2
persona-33673,HP-00009695,FCL2-016594,juan sanches,1846,male,safe_final_identity_cluster,2
persona-33704,HP-00008973,FCL2-016612,maria huamani,1846,female,safe_final_identity_cluster,2
persona-33712,HP-00008974,FCL2-016612,andres huamani,1846,male,safe_final_identity_cluster,2
persona-33713,HP-00008975,FCL2-016612,ursula nunes,1846,female,safe_final_identity_cluster,2
persona-33791,HP-00009432,FCL2-004426,manuela quispe,1847,female,safe_final_identity_cluster,2
persona-33797,HP-00008793,FCL2-004137,luciano quispe,1847,male,safe_final_identity_cluster,3
persona-33820,HP-00007799,FCL2-016679,petrona quispe,1847,female,safe_final_identity_cluster,2
persona-33904,HP-00019073,FCL2-016726,eusebio llamocca,1849,male,safe_final_identity_cluster,4
persona-33905,HP-00019074,FCL2-016726,juliana condori,1849,female,safe_final_identity_cluster,4
persona-33934,HP-00033934,FCL2-016737,paula chinchay,1850,female,safe_final_identity_cluster,2
persona-34067,HP-00009692,FCL2-016813,cicilio ccanto,1852,male,safe_final_identity_cluster,2
persona-34071,HP-00009281,FCL2-004357,luis huarancca,1852,male,safe_final_identity_cluster,2
persona-34098,HP-00009219,FCL2-016829,victoria condori,1852,female,safe_final_identity_cluster,2
persona-34147,HP-00010160,FCL2-004355,marcelo quispe,1852,male,safe_final_identity_cluster,2
persona-34157,HP-00009279,FCL2-004355,ynes ayme,1852,female,safe_final_identity_cluster,2
persona-34177,HP-00019698,FCL2-016879,visenta leon,1852,female,safe_final_identity_cluster,3
persona-34275,HP-00008910,FCL2-016941,juan barrientos,1856,male,safe_final_identity_cluster,2
persona-34281,HP-00008911,FCL2-016941,tomas barrientos,1856,male,safe_final_identity_cluster,2
persona-34282,HP-00008912,FCL2-016941,bibiana huarcaya,1856,female,safe_final_identity_cluster,2
persona-34349,HP-00034349,FCL2-016985,martin huamani,1857,male,safe_final_identity_cluster,2
persona-34350,HP-00034350,FCL2-016985,josefa caballero,1857,female,safe_final_identity_cluster,2
persona-34358,HP-00034358,FCL2-016985,paula samora,1857,female,safe_final_identity_cluster,2
persona-34392,HP-00019062,FCL2-017016,leocadia roque,1858,female,safe_final_identity_cluster,2
persona-34402,HP-00008293,FCL2-017023,marcelo huamani,1859,male,safe_final_identity_cluster,2
persona-34488,HP-00009500,FCL2-008890,mariano sanches,1860,male,safe_final_identity_cluster,3
persona-34489,HP-00019102,FCL2-008890,maria condori,1860,female,safe_final_identity_cluster,2
persona-34546,HP-00034546,FCL2-017110,julian quispe,1861,male,safe_final_identity_cluster,2
persona-34576,HP-00034576,FCL2-017131,bernardo huamani,1862,male,safe_final_identity_cluster,2
persona-34577,HP-00034577,FCL2-017131,maria suica,1862,female,safe_final_identity_cluster,2
persona-34600,HP-00020037,FCL2-017146,julian sanches,1862,male,safe_final_identity_cluster,3
persona-34601,HP-00020038,FCL2-017146,josefa ramos,1862,female,safe_final_identity_cluster,3
persona-34608,HP-00007607,FCL2-017146,tiburcio ramos,1862,male,safe_final_identity_cluster,2
persona-34620,HP-00019233,FCL2-017158,jose aybar,1862,male,safe_final_identity_cluster,2
persona-34621,HP-00019234,FCL2-017158,gabina allcari,1862,female,safe_final_identity_cluster,2
persona-34656,HP-00010277,FCL2-004823,sebastian huarancca,1862,male,safe_final_identity_cluster,6
persona-34686,HP-00007885,FCL2-017196,pablo cruz,1862,male,safe_final_identity_cluster,2
persona-34909,HP-00009558,FCL2-004485,cecilia calatayud,1867,female,safe_final_identity_cluster,2
persona-34912,HP-00020053,FCL2-017322,evaristo ayme,1867,male,safe_final_identity_cluster,2
persona-34949,HP-00020493,FCL2-009549,juana ramos,1867,female,safe_final_identity_cluster,5
persona-35154,HP-00035154,FCL2-017458,cristoval huamani,1869,male,safe_final_identity_cluster,3
persona-35155,HP-00035155,FCL2-017458,francisca huallpatuero,1869,female,safe_final_identity_cluster,3
persona-35187,HP-00035187,FCL2-017477,asunta vuitron,1869,female,safe_final_identity_cluster,2
persona-35332,HP-00035332,FCL2-017564,marcos champa,1869,male,safe_final_identity_cluster,2
persona-35357,HP-00018553,FCL2-017577,josefa chinchay,1870,female,safe_final_identity_cluster,2
persona-35381,HP-00035381,FCL2-017588,lucia orihuela,1870,female,safe_final_identity_cluster,2
persona-35382,HP-00020488,FCL2-017593,ygnacio sebidola,1870,male,safe_final_identity_cluster,3
persona-35403,HP-00022403,FCL2-017606,mersedes javier,1870,female,safe_final_identity_cluster,3
persona-35419,HP-00035419,FCL2-017611,clemencia javier,1870,female,safe_final_identity_cluster,2
persona-35486,HP-00035486,FCL2-017650,bernave condori,1870,male,safe_final_identity_cluster,2
persona-35532,HP-00018968,FCL2-017685,pedro huamani,1870,male,safe_final_identity_cluster,2
persona-35563,HP-00033934,FCL2-016737,paula chinchay,1870,female,safe_final_identity_cluster,2
persona-35593,HP-00035593,FCL2-017715,mariana castro,1871,female,safe_final_identity_cluster,2
persona-35646,HP-00035646,FCL2-017753,ynosencio quispe,1871,male,safe_final_identity_cluster,2
persona-35740,HP-00023048,FCL2-017805,corpus quispe,1875,male,safe_final_identity_cluster,4
persona-35741,HP-00023049,FCL2-017805,maria condori,1875,female,safe_final_identity_cluster,4
persona-35826,HP-00035826,FCL2-017846,felipa alvarado,1877,female,safe_final_identity_cluster,2
persona-35880,HP-00035880,FCL2-017872,barbara bendezu,1877,female,safe_final_identity_cluster,2
persona-35899,HP-00035899,FCL2-017588,manuel damian,1877,male,safe_final_identity_cluster,2
persona-35906,HP-00035381,FCL2-017588,lucia orihuela,1877,female,safe_final_identity_cluster,2
persona-35942,HP-00018452,FCL2-008590,pedro ccoillo,1878,male,safe_final_identity_cluster,2
persona-35943,HP-00018453,FCL2-008591,fausta tito,1878,female,safe_final_identity_cluster,2
persona-35984,HP-00031746,FCL2-015603,alvino roque,1879,male,safe_final_identity_cluster,3
persona-35985,HP-00031747,FCL2-015604,monica barrientos,1879,female,safe_final_identity_cluster,3
persona-35993,HP-00035993,FCL2-017932,josefa aiquipa,1878,female,safe_final_identity_cluster,2
persona-36032,HP-00018702,FCL2-008709,miguel ccoillo,1880,male,safe_final_identity_cluster,3
persona-36034,HP-00036034,FCL2-019323,carlos vega,1880,male,safe_final_identity_cluster,2
persona-36056,HP-00024579,FCL2-017968,fernando condori,1880,male,safe_final_identity_cluster,3
persona-36057,HP-00024580,FCL2-017968,benita roque,1880,female,safe_final_identity_cluster,3
persona-36067,HP-00016402,FCL2-017974,francisca sanchez,1880,female,safe_final_identity_cluster,4
persona-36093,HP-00036093,FCL2-017985,tadea nolasco,1880,female,safe_final_identity_cluster,2
persona-36147,HP-00017042,FCL2-007938,eulalia ccoillo,1880,female,safe_final_identity_cluster,3
persona-36196,HP-00036196,FCL2-018045,domingo quispe,1880,male,safe_final_identity_cluster,2
persona-36197,HP-00036197,FCL2-018045,simona llamocca,1880,female,safe_final_identity_cluster,2
persona-36222,HP-00036222,FCL2-019911,santiago urbano,1880,male,safe_final_identity_cluster,2
persona-36267,HP-00012998,FCL2-006126,petrona ccoillo,1882,female,safe_final_identity_cluster,3
persona-36327,HP-00019064,FCL2-018115,rufino urbano,1882,male,safe_final_identity_cluster,2
persona-36333,HP-00019065,FCL2-018115,benito urbano,1882,male,safe_final_identity_cluster,2
persona-36354,HP-00036354,FCL2-018125,antonia barrientos,1882,female,safe_final_identity_cluster,2
persona-36357,HP-00036357,FCL2-018131,saturnino santa cruz,1882,male,safe_final_identity_cluster,2
persona-36417,HP-00036417,FCL2-018163,jose huarcaya,1884,male,safe_final_identity_cluster,2
persona-36418,HP-00036418,FCL2-018163,laureana cucho,1884,female,safe_final_identity_cluster,2
persona-36423,HP-00036423,FCL2-018163,francisco huarcaya,1884,male,safe_final_identity_cluster,2
persona-36424,HP-00036424,FCL2-018163,juana munoz,1884,female,safe_final_identity_cluster,2
persona-36425,HP-00036425,FCL2-018163,miguel cucho,1884,male,safe_final_identity_cluster,2
persona-36426,HP-00036426,FCL2-018163,micaela peres,1884,female,safe_final_identity_cluster,2
persona-36427,HP-00036427,FCL2-018164,luis javier,1884,male,safe_final_identity_cluster,2
persona-36434,HP-00036434,FCL2-018169,ysabel lonasco,1884,female,safe_final_identity_cluster,2
persona-36435,HP-00020440,FCL2-009524,jervacio roque,1884,male,safe_final_identity_cluster,3
persona-36436,HP-00036436,FCL2-018170,visenta osorio,1884,female,safe_final_identity_cluster,2
persona-36502,HP-00017126,FCL2-018210,gregorio asto,1884,male,safe_final_identity_cluster,5
persona-36512,HP-00036512,FCL2-018215,alejo sanchez,1884,male,safe_final_identity_cluster,2
persona-36513,HP-00036513,FCL2-018216,maria cucho,1884,female,safe_final_identity_cluster,2
persona-36516,HP-00012802,FCL2-018218,ebaristo huamani,1884,male,safe_final_identity_cluster,6
persona-36522,HP-00036417,FCL2-018163,jose huarcaya,1884,male,safe_final_identity_cluster,2
persona-36523,HP-00036418,FCL2-018163,laureana cucho,1884,female,safe_final_identity_cluster,2
persona-36528,HP-00036423,FCL2-018163,francisco huarcaya,1884,male,safe_final_identity_cluster,2
persona-36529,HP-00036424,FCL2-018163,juana munoz,1884,female,safe_final_identity_cluster,2
persona-36530,HP-00036425,FCL2-018163,miguel cucho,1884,male,safe_final_identity_cluster,2
persona-36531,HP-00036426,FCL2-018163,micaela peres,1884,female,safe_final_identity_cluster,2
persona-36532,HP-00036427,FCL2-018164,luis javier,1884,male,safe_final_identity_cluster,2
persona-36539,HP-00036434,FCL2-018169,ysabel lonasco,1884,female,safe_final_identity_cluster,2
persona-36540,HP-00020440,FCL2-009524,jervacio roque,1884,male,safe_final_identity_cluster,3
persona-36541,HP-00036436,FCL2-018170,visenta osorio,1884,female,safe_final_identity_cluster,2
persona-36565,HP-00036565,FCL2-009954,juan ramos,1885,male,safe_final_identity_cluster,2
persona-36569,HP-00036569,FCL2-018251,rudecindo chalco,1885,male,safe_final_identity_cluster,2
persona-36577,HP-00036577,FCL2-018252,sebastian serrano,1885,male,safe_final_identity_cluster,2
persona-36590,HP-00024036,FCL2-018266,yldefonsa llacsamanta,1886,female,safe_final_identity_cluster,2
persona-36742,HP-00036742,FCL2-018350,clemente rojas,1887,male,safe_final_identity_cluster,2
persona-36753,HP-00033014,FCL2-016260,manuel bendezu,1887,male,safe_final_identity_cluster,2
persona-36754,HP-00033015,FCL2-016260,melchora huamani,1887,female,safe_final_identity_cluster,2
persona-36756,HP-00015982,FCL2-018364,pascuala quispe,1887,female,safe_final_identity_cluster,5
persona-36761,HP-00036761,FCL2-018362,laurencio mancco,1887,male,safe_final_identity_cluster,2
persona-36763,HP-00036763,FCL2-018364,andres quispe,1887,male,safe_final_identity_cluster,2
persona-36764,HP-00036764,FCL2-018364,pascuala cruz,1887,female,safe_final_identity_cluster,2
persona-36776,HP-00011298,FCL2-018378,francisca sanchez,1887,female,safe_final_identity_cluster,3
persona-36781,HP-00036781,FCL2-018376,carlos vega,1887,male,safe_final_identity_cluster,2
persona-36832,HP-00036832,FCL2-018403,leocadia roque,1887,female,safe_final_identity_cluster,2
persona-36841,HP-00036841,FCL2-018409,nicolas sanchez,1887,male,safe_final_identity_cluster,2
persona-36865,HP-00021047,FCL2-018423,feliciana quispe,1887,female,safe_final_identity_cluster,2
persona-36901,HP-00036901,FCL2-018438,bernarda choccehuanca,1887,female,safe_final_identity_cluster,2
persona-36904,HP-00012714,FCL2-018445,damian chinchay,1888,male,safe_final_identity_cluster,4
persona-36905,HP-00012715,FCL2-018445,lorenza vivanco,1888,female,safe_final_identity_cluster,4
persona-36967,HP-00018515,FCL2-008620,paula achamisa,1888,female,safe_final_identity_cluster,2
persona-37012,HP-00020231,FCL2-018508,damian huamani,1888,male,safe_final_identity_cluster,2
persona-37035,HP-00015515,FCL2-018520,ynocencia chavez,1888,female,safe_final_identity_cluster,3
persona-37064,HP-00036357,FCL2-018131,saturno santa cruz,1888,male,safe_final_identity_cluster,2
persona-37098,HP-00012627,FCL2-018556,santos condori,1888,male,safe_final_identity_cluster,4
persona-37099,HP-00012628,FCL2-018556,juana quispe,1888,female,safe_final_identity_cluster,4
persona-37108,HP-00037108,FCL2-018558,pascuala cruz,1888,female,safe_final_identity_cluster,2
persona-37116,HP-00037116,FCL2-018564,santos aiquipa,1888,male,safe_final_identity_cluster,2
persona-37117,HP-00037117,FCL2-018565,cecilia polanco,1888,female,safe_final_identity_cluster,2
persona-37120,HP-00020523,FCL2-009564,cristobal fernandes,1888,male,safe_final_identity_cluster,2
persona-37121,HP-00021079,FCL2-009564,gregoria jimenes,1888,female,safe_final_identity_cluster,2
persona-37127,HP-00020524,FCL2-009564,luis fernandes,1888,male,safe_final_identity_cluster,2
persona-37128,HP-00020525,FCL2-009564,paula peres,1888,female,safe_final_identity_cluster,2
persona-37129,HP-00021080,FCL2-009816,francisco jimenes,1888,male,safe_final_identity_cluster,3
persona-37141,HP-00037141,FCL2-018581,manuela ccoillo,1888,female,safe_final_identity_cluster,2
persona-37149,HP-00037149,FCL2-018588,ambrocio cucho,1888,male,safe_final_identity_cluster,2
persona-37193,HP-00037193,FCL2-018620,ubaldo guillen,1888,male,safe_final_identity_cluster,2
persona-37202,HP-00037202,FCL2-018621,trinidad roca,1888,male,safe_final_identity_cluster,2
persona-37235,HP-00037235,FCL2-018642,mariano aime,1889,male,safe_final_identity_cluster,2
persona-37310,HP-00037310,FCL2-018687,narciso guillen,1889,male,safe_final_identity_cluster,2
persona-37322,HP-00035419,FCL2-017611,clemencia javier,1889,female,safe_final_identity_cluster,2
persona-37378,HP-00037378,FCL2-019966,juan ccanto,1889,male,safe_final_identity_cluster,2
persona-37380,HP-00037380,FCL2-018725,jervacio canchari,1889,male,safe_final_identity_cluster,2
persona-37387,HP-00037387,FCL2-018731,manuel canchari,1889,male,safe_final_identity_cluster,2
persona-37460,HP-00037460,FCL2-018777,manuel mejia,1890,male,safe_final_identity_cluster,2
persona-37461,HP-00037461,FCL2-018777,josefa espinosa,1890,female,safe_final_identity_cluster,2
persona-37471,HP-00021455,FCL2-018789,sebastiana asto,1890,female,safe_final_identity_cluster,2
persona-37479,HP-00020608,FCL2-018789,gregorio asto,1890,male,safe_final_identity_cluster,4
persona-37480,HP-00020609,FCL2-018789,manuela espinosa,1890,female,safe_final_identity_cluster,3
persona-37489,HP-00037489,FCL2-018795,catalina quispe,1890,female,safe_final_identity_cluster,2
persona-37491,HP-00037491,FCL2-018797,juana huarcaya,1890,female,safe_final_identity_cluster,2
persona-37504,HP-00013548,FCL2-018809,tomasa quispe,1890,female,safe_final_identity_cluster,6
persona-37512,HP-00020324,FCL2-009470,eustaquio quispe,1890,male,safe_final_identity_cluster,2
persona-37521,HP-00037521,FCL2-018816,manuel medina,1890,male,safe_final_identity_cluster,2
persona-37545,HP-00037545,FCL2-018834,gabriela vega,1890,female,safe_final_identity_cluster,2
persona-37574,HP-00021589,FCL2-018854,sebastian huallpatuero,1890,male,safe_final_identity_cluster,2
persona-37580,HP-00021590,FCL2-010039,andres huallpatuero,1890,male,safe_final_identity_cluster,2
persona-37631,HP-00022099,FCL2-018884,pablo lopes,1891,male,safe_final_identity_cluster,2
persona-37637,HP-00022101,FCL2-018884,gregoria chalco,1891,female,safe_final_identity_cluster,2
persona-37692,HP-00021039,FCL2-018922,dionicio ayme,1891,male,safe_final_identity_cluster,2
persona-37699,HP-00021041,FCL2-009799,florentina sanches,1891,female,safe_final_identity_cluster,2
persona-37712,HP-00020623,FCL2-018933,miguel ccanto,1891,male,safe_final_identity_cluster,2
persona-37719,HP-00020624,FCL2-018933,juan ccanto,1891,male,safe_final_identity_cluster,2
persona-37721,HP-00037721,FCL2-018934,juan avalos,1891,male,safe_final_identity_cluster,3
persona-37724,HP-00021407,FCL2-018939,ynosencia avalos,1891,female,safe_final_identity_cluster,2
persona-37730,HP-00021408,FCL2-018939,juan avalos,1891,male,safe_final_identity_cluster,2
persona-37768,HP-00022055,FCL2-018965,rosa tito,1891,female,safe_final_identity_cluster,2
persona-37815,HP-00013531,FCL2-018994,ciprian quispe,1891,male,safe_final_identity_cluster,3
persona-37816,HP-00013532,FCL2-018994,santosa condori,1891,female,safe_final_identity_cluster,2
persona-37832,HP-00019682,FCL2-009165,feliciana alvarado,1891,female,safe_final_identity_cluster,3
persona-37841,HP-00019621,FCL2-019004,feliz sanches,1891,male,safe_final_identity_cluster,2
persona-37855,HP-00020491,FCL2-009548,pablo barrientos,1891,male,safe_final_identity_cluster,2
persona-37871,HP-00037871,FCL2-019021,juan urvano,1891,male,safe_final_identity_cluster,2
persona-37885,HP-00037871,FCL2-019021,juan urvano,1891,male,safe_final_identity_cluster,2
persona-37923,HP-00013727,FCL2-019054,juan de dios suyca,1891,male,safe_final_identity_cluster,3
persona-37924,HP-00013728,FCL2-019054,ynes asto,1891,female,safe_final_identity_cluster,3
persona-37939,HP-00020600,FCL2-021997,nicolas ccanto,1891,male,safe_final_identity_cluster,4
persona-37944,HP-00020383,FCL2-019064,leandra huallpatuero,1891,female,safe_final_identity_cluster,2
persona-37962,HP-00021518,FCL2-019074,victoria huallpatuero,1891,female,safe_final_identity_cluster,2
persona-37977,HP-00032014,FCL2-019080,dionicio vega,1891,male,safe_final_identity_cluster,2
persona-37999,HP-00032245,FCL2-015866,marcelina canales,1891,female,safe_final_identity_cluster,2
persona-38003,HP-00020235,FCL2-009428,andrea asto,1892,female,safe_final_identity_cluster,2
persona-38010,HP-00020236,FCL2-009429,pedro asto,1892,male,safe_final_identity_cluster,2
persona-38038,HP-00010943,FCL2-005143,mariano ramos,1892,male,safe_final_identity_cluster,6
persona-38039,HP-00010944,FCL2-005143,catalina santiago,1892,female,safe_final_identity_cluster,6
persona-38044,HP-00038044,FCL2-020260,jose ramos,1892,male,safe_final_identity_cluster,3
persona-38046,HP-00038046,FCL2-019122,mariano santiago,1892,male,safe_final_identity_cluster,2
persona-38058,HP-00010860,FCL2-019133,blas ynca,1892,male,safe_final_identity_cluster,4
persona-38069,HP-00015128,FCL2-007083,marcela avalos,1892,female,safe_final_identity_cluster,3
persona-38076,HP-00038076,FCL2-019142,juan avalos,1892,male,safe_final_identity_cluster,2
persona-38107,HP-00015475,FCL2-007241,paula quispe,1892,female,safe_final_identity_cluster,5
persona-38113,HP-00038113,FCL2-019164,luisa poma,1892,female,safe_final_identity_cluster,2
persona-38135,HP-00021116,FCL2-009832,ysabel tito,1892,female,safe_final_identity_cluster,3
persona-38137,HP-00013764,FCL2-006477,alverta ayme,1892,female,safe_final_identity_cluster,2
persona-38145,HP-00020155,FCL2-019189,agustina ramos,1892,female,safe_final_identity_cluster,2
persona-38152,HP-00019476,FCL2-019189,marcos ramos,1892,male,safe_final_identity_cluster,4
persona-38153,HP-00019477,FCL2-019189,benita polanco,1892,female,safe_final_identity_cluster,4
persona-38164,HP-00021130,FCL2-019200,benjamin huamani,1892,male,safe_final_identity_cluster,2
persona-38210,HP-00014191,FCL2-019225,pedro ccochache,1892,male,safe_final_identity_cluster,2
persona-38218,HP-00038218,FCL2-019226,jose cucho,1892,male,safe_final_identity_cluster,2
persona-38221,HP-00015168,FCL2-007101,juana bacas,1893,female,safe_final_identity_cluster,4
persona-38228,HP-00022136,FCL2-010274,mariano bacas,1893,male,safe_final_identity_cluster,2
persona-38237,HP-00021053,FCL2-019239,ynosencia ayme,1893,female,safe_final_identity_cluster,2
persona-38261,HP-00020960,FCL2-017110,remijio sanches,1893,male,safe_final_identity_cluster,2
persona-38270,HP-00034546,FCL2-017110,julian quispe,1893,male,safe_final_identity_cluster,2
persona-38283,HP-00012069,FCL2-020951,rufino quispe,1893,male,safe_final_identity_cluster,3
persona-38284,HP-00012070,FCL2-020951,brijida ccoillo,1893,female,safe_final_identity_cluster,3
persona-38291,HP-00038291,FCL2-020951,josefa sanches,1893,female,safe_final_identity_cluster,2
persona-38313,HP-00031428,FCL2-019279,patricia medina,1893,female,safe_final_identity_cluster,2
persona-38316,HP-00022247,FCL2-019285,bacilio cruz,1893,male,safe_final_identity_cluster,2
persona-38323,HP-00021243,FCL2-019285,marcos cruz,1893,male,safe_final_identity_cluster,4
persona-38325,HP-00030821,FCL2-019285,manuel carbajal,1893,male,safe_final_identity_cluster,2
persona-38327,HP-00010943,FCL2-005143,mariano ramos,1893,male,safe_final_identity_cluster,6
persona-38328,HP-00010944,FCL2-005143,catalina santiago,1893,female,safe_final_identity_cluster,6
persona-38334,HP-00038044,FCL2-020260,jose ramos,1893,male,safe_final_identity_cluster,3
persona-38335,HP-00038335,FCL2-020260,manuela urbano,1893,female,safe_final_identity_cluster,2
persona-38336,HP-00038046,FCL2-019122,mariano santiago,1893,male,safe_final_identity_cluster,2
persona-38338,HP-00013299,FCL2-019297,pedro monge,1893,male,safe_final_identity_cluster,2
persona-38360,HP-00015374,FCL2-019311,francisco chinchay,1894,male,safe_final_identity_cluster,4
persona-38361,HP-00015375,FCL2-019311,jacinta nina,1894,female,safe_final_identity_cluster,4
persona-38382,HP-00021796,FCL2-019323,andres poma,1894,male,safe_final_identity_cluster,3
persona-38390,HP-00019758,FCL2-009202,fernanda huauya,1894,female,safe_final_identity_cluster,3
persona-38391,HP-00036034,FCL2-019323,carlos vega,1894,male,safe_final_identity_cluster,2
persona-38415,HP-00022290,FCL2-019345,nicolas roca,1894,male,safe_final_identity_cluster,2
persona-38422,HP-00022291,FCL2-010345,diego roca,1894,male,safe_final_identity_cluster,2
persona-38448,HP-00015793,FCL2-019363,carmelo lopez,1894,male,safe_final_identity_cluster,2
persona-38505,HP-00038505,FCL2-019394,bacilia echaccaya,1894,female,safe_final_identity_cluster,2
persona-38512,HP-00038512,FCL2-019401,magdalena alvizuri,1894,female,safe_final_identity_cluster,2
persona-38522,HP-00038522,FCL2-020695,santiago ccoyllo,1894,male,safe_final_identity_cluster,2
persona-38563,HP-00038563,FCL2-020871,damian vega,1894,male,safe_final_identity_cluster,2
persona-38564,HP-00038564,FCL2-020871,barbara quispe,1894,female,safe_final_identity_cluster,2
persona-38587,HP-00038587,FCL2-019441,victoriano polanco,1894,male,safe_final_identity_cluster,2
persona-38607,HP-00018601,FCL2-019456,pedro champa,1894,male,safe_final_identity_cluster,2
persona-38629,HP-00037489,FCL2-018795,catalina quispe,1894,female,safe_final_identity_cluster,2
persona-38649,HP-00029007,FCL2-019477,jose quispe,1894,male,safe_final_identity_cluster,2
persona-38736,HP-00038736,FCL2-019525,catalina quispe,1894,female,safe_final_identity_cluster,2
persona-38739,HP-00038739,FCL2-019527,calisto lopez,1894,male,safe_final_identity_cluster,2
persona-38748,HP-00014295,FCL2-006711,dionicio barrientos,1894,male,safe_final_identity_cluster,2
persona-38762,HP-00038762,FCL2-019541,ysidora canchari,1895,female,safe_final_identity_cluster,2
persona-38768,HP-00035332,FCL2-017564,marcos champa,1895,male,safe_final_identity_cluster,2
persona-38770,HP-00038770,FCL2-019548,juan canchari,1895,male,safe_final_identity_cluster,2
persona-38804,HP-00011922,FCL2-005619,agustin asto,1895,male,safe_final_identity_cluster,4
persona-38805,HP-00011923,FCL2-005619,rafaela santiago,1895,female,safe_final_identity_cluster,3
persona-38811,HP-00020608,FCL2-018789,gregorio asto,1895,male,safe_final_identity_cluster,4
persona-38827,HP-00038827,FCL2-019586,simona ayvar,1895,female,safe_final_identity_cluster,2
persona-38833,HP-00019303,FCL2-008987,nasario mancco,1895,male,safe_final_identity_cluster,3
persona-38834,HP-00019304,FCL2-008987,asencia huarcaya,1895,female,safe_final_identity_cluster,3
persona-38868,HP-00016037,FCL2-019609,calisto ccochachi,1895,male,safe_final_identity_cluster,3
persona-38869,HP-00016038,FCL2-019609,juliana abalos,1895,female,safe_final_identity_cluster,3
persona-38910,HP-00031746,FCL2-015603,alvino roque,1895,male,safe_final_identity_cluster,3
persona-38911,HP-00031747,FCL2-015604,monica barrientos,1895,female,safe_final_identity_cluster,3
persona-38931,HP-00038931,FCL2-019640,andrea huauya,1895,female,safe_final_identity_cluster,2
persona-38941,HP-00038941,FCL2-019647,corpus quispe,1895,male,safe_final_identity_cluster,2
persona-38997,HP-00021599,FCL2-019684,estefa polanco,1895,female,safe_final_identity_cluster,3
persona-39020,HP-00039020,FCL2-019700,felipe huarcaya,1895,male,safe_final_identity_cluster,2
persona-39021,HP-00039021,FCL2-019700,ysabel congalla,1895,female,safe_final_identity_cluster,2
persona-39027,HP-00039027,FCL2-019700,santiago huarcaya,1895,male,safe_final_identity_cluster,2
persona-39028,HP-00039028,FCL2-019700,dolores morales,1895,female,safe_final_identity_cluster,2
persona-39049,HP-00039049,FCL2-019711,alejo echaccaya,1895,male,safe_final_identity_cluster,2
persona-39117,HP-00021552,FCL2-010022,carmen castro,1896,female,safe_final_identity_cluster,2
persona-39118,HP-00039118,FCL2-019754,francisco rodriguez,1896,male,safe_final_identity_cluster,2
persona-39119,HP-00039119,FCL2-019755,cecilia romero,1896,female,safe_final_identity_cluster,2
persona-39127,HP-00036565,FCL2-009954,juan ramos,1896,male,safe_final_identity_cluster,2
persona-39129,HP-00030498,FCL2-009954,mariano cucho,1896,male,safe_final_identity_cluster,2
persona-39130,HP-00021393,FCL2-009954,brijida suyca,1896,female,safe_final_identity_cluster,2
persona-39138,HP-00039138,FCL2-020553,nicolas serrano,1896,male,safe_final_identity_cluster,2
persona-39153,HP-00015678,FCL2-019777,jose hualpatuiro,1896,male,safe_final_identity_cluster,3
persona-39162,HP-00039162,FCL2-019778,santos polanco,1896,male,safe_final_identity_cluster,2
persona-39163,HP-00039163,FCL2-019779,basilia pomallihua,1896,female,safe_final_identity_cluster,2
persona-39191,HP-00030160,FCL2-014747,mariano sanchez,1896,male,safe_final_identity_cluster,3
persona-39211,HP-00031187,FCL2-019810,andres echaccaya,1896,male,safe_final_identity_cluster,2
persona-39212,HP-00031188,FCL2-019810,juliana ccoillo,1896,female,safe_final_identity_cluster,2
persona-39225,HP-00014484,FCL2-019826,rosalia suyca,1896,female,safe_final_identity_cluster,2
persona-39267,HP-00031320,FCL2-015382,damiana llamocca,1896,female,safe_final_identity_cluster,2
persona-39287,HP-00038827,FCL2-019586,simona ayvar,1896,female,safe_final_identity_cluster,2
persona-39379,HP-00036222,FCL2-019911,santiago urbano,1897,male,safe_final_identity_cluster,2
persona-39383,HP-00039383,FCL2-019919,nasario ccanto,1897,male,safe_final_identity_cluster,2
persona-39384,HP-00039384,FCL2-019919,gregoria gavilan,1897,female,safe_final_identity_cluster,2
persona-39391,HP-00039391,FCL2-019918,francisca quispe,1897,female,safe_final_identity_cluster,2
persona-39441,HP-00039441,FCL2-019944,juan de dios guillen,1898,male,safe_final_identity_cluster,2
persona-39442,HP-00039442,FCL2-019944,manuela oscco,1898,female,safe_final_identity_cluster,2
persona-39479,HP-00037378,FCL2-019966,juan ccanto,1899,male,safe_final_identity_cluster,2
persona-39499,HP-00032716,FCL2-016112,jose cucho,1899,male,safe_final_identity_cluster,2
persona-39500,HP-00032717,FCL2-016112,felipa gavilan,1899,female,safe_final_identity_cluster,2
persona-39502,HP-00039502,FCL2-019976,cristina condore,1899,female,safe_final_identity_cluster,2
persona-39507,HP-00031724,FCL2-015590,fernando mancco,1899,male,safe_final_identity_cluster,3
persona-39508,HP-00031725,FCL2-015591,pascuala cruz,1899,female,safe_final_identity_cluster,3
persona-39551,HP-00023860,FCL2-011050,damiana fernandes,1900,female,safe_final_identity_cluster,2
persona-39563,HP-00011425,FCL2-020016,feliz ccoillo,1901,male,safe_final_identity_cluster,2
persona-39564,HP-00011426,FCL2-020016,juana poma,1901,female,safe_final_identity_cluster,2
persona-39583,HP-00039583,FCL2-020024,gabriel palomino,1901,male,safe_final_identity_cluster,2
persona-39629,HP-00039629,FCL2-020059,andres sanchez,1901,male,safe_final_identity_cluster,2
persona-39661,HP-00039661,FCL2-020072,juana ramos,1901,female,safe_final_identity_cluster,2
persona-39716,HP-00039716,FCL2-020103,celedonia vacas,1901,female,safe_final_identity_cluster,2
persona-39717,HP-00011773,FCL2-020109,jose quispe,1901,male,safe_final_identity_cluster,3
persona-39726,HP-00037721,FCL2-018934,juan avalos,1901,male,safe_final_identity_cluster,3
persona-39761,HP-00039761,FCL2-020135,froilan polanco,1901,male,safe_final_identity_cluster,2
persona-39762,HP-00039762,FCL2-020135,gavina aime,1901,female,safe_final_identity_cluster,2
persona-39770,HP-00039770,FCL2-020135,calixto aime,1901,male,safe_final_identity_cluster,2
persona-39771,HP-00039771,FCL2-020135,gabriela quispe,1901,female,safe_final_identity_cluster,2
persona-39877,HP-00039877,FCL2-020194,segundo quispe,1901,male,safe_final_identity_cluster,2
persona-39944,HP-00031825,FCL2-015648,petronila asto,1901,female,safe_final_identity_cluster,2
persona-39963,HP-00039963,FCL2-020241,damaso gutierrez,1901,male,safe_final_identity_cluster,2
persona-39964,HP-00039964,FCL2-020242,catalina javier,1901,female,safe_final_identity_cluster,2
persona-39988,HP-00011047,FCL2-020260,mariano ramos,1901,male,safe_final_identity_cluster,2
persona-39989,HP-00011048,FCL2-020260,evarista huamani,1901,female,safe_final_identity_cluster,2
persona-39995,HP-00038044,FCL2-020260,jose ramos,1901,male,safe_final_identity_cluster,3
persona-39996,HP-00038335,FCL2-020260,manuela urbano,1901,female,safe_final_identity_cluster,2
persona-40010,HP-00011245,FCL2-005290,angelino huarcaya,1902,male,safe_final_identity_cluster,2
persona-40021,HP-00040021,FCL2-020281,marcelino huarcaya,1902,male,safe_final_identity_cluster,2
persona-40022,HP-00040022,FCL2-020281,maximiliana arango,1902,female,safe_final_identity_cluster,2
persona-40039,HP-00040039,FCL2-020287,pablo allccari,1902,male,safe_final_identity_cluster,2
persona-40044,HP-00040044,FCL2-020288,angelina huarcaya,1902,female,safe_final_identity_cluster,2
persona-40047,HP-00031794,FCL2-015631,carlos ccoillo,1902,male,safe_final_identity_cluster,3
persona-40048,HP-00031795,FCL2-015632,magdalena valencia,1902,female,safe_final_identity_cluster,3
persona-40081,HP-00030730,FCL2-015073,maria santiago,1902,female,safe_final_identity_cluster,2
persona-40162,HP-00023091,FCL2-010705,clara acharte,1902,female,safe_final_identity_cluster,2
persona-40191,HP-00023424,FCL2-020375,felipa arango,1902,female,safe_final_identity_cluster,2
persona-40198,HP-00015913,FCL2-020375,pedro arango,1902,male,safe_final_identity_cluster,3
persona-40199,HP-00015914,FCL2-020375,bacilia chalco,1902,female,safe_final_identity_cluster,3
persona-40270,HP-00031148,FCL2-020413,juana sanchez,1903,female,safe_final_identity_cluster,2
persona-40302,HP-00024574,FCL2-020429,dorotea puma,1903,female,safe_final_identity_cluster,2
persona-40307,HP-00024575,FCL2-020429,buenaventura puma,1903,male,safe_final_identity_cluster,2
persona-40308,HP-00024576,FCL2-020429,ambrocia sanchez,1903,female,safe_final_identity_cluster,2
persona-40309,HP-00020399,FCL2-020432,manuel vivanco,1903,male,safe_final_identity_cluster,2
persona-40328,HP-00012363,FCL2-020440,antonia huamani,1903,female,safe_final_identity_cluster,2
persona-40338,HP-00040338,FCL2-020441,paula rojas,1903,female,safe_final_identity_cluster,2
persona-40462,HP-00032164,FCL2-020489,nasario quispe,1903,male,safe_final_identity_cluster,2
persona-40475,HP-00040475,FCL2-020497,tiburcia huamani,1903,female,safe_final_identity_cluster,2
persona-40480,HP-00040480,FCL2-020497,andres huamani,1903,male,safe_final_identity_cluster,2
persona-40481,HP-00040481,FCL2-020497,eustaquia palomino,1903,female,safe_final_identity_cluster,2
persona-40482,HP-00040482,FCL2-020501,pio huarcaya,1903,male,safe_final_identity_cluster,2
persona-40483,HP-00040483,FCL2-020501,dolores rojas,1903,female,safe_final_identity_cluster,2
persona-40486,HP-00023972,FCL2-011100,jose huarcaya,1903,male,safe_final_identity_cluster,3
persona-40515,HP-00040515,FCL2-020511,eugenia rodrigues,1903,female,safe_final_identity_cluster,2
persona-40520,HP-00031475,FCL2-015462,mariano arango,1903,male,safe_final_identity_cluster,2
persona-40523,HP-00040523,FCL2-020518,pascuala aguilar,1903,female,safe_final_identity_cluster,2
persona-40610,HP-00039138,FCL2-020553,nicolas serrano,1904,male,safe_final_identity_cluster,2
persona-40652,HP-00040652,FCL2-020891,severino dias,1904,male,safe_final_identity_cluster,2
persona-40662,HP-00040662,FCL2-020573,epifanio vega,1904,male,safe_final_identity_cluster,2
persona-40663,HP-00040663,FCL2-020573,eustaquia quispe,1904,female,safe_final_identity_cluster,2
persona-40668,HP-00040668,FCL2-020573,simon quispe,1904,male,safe_final_identity_cluster,2
persona-40684,HP-00040684,FCL2-020581,damian chinchay,1904,male,safe_final_identity_cluster,2
persona-40686,HP-00040686,FCL2-020584,francisco vacas,1904,male,safe_final_identity_cluster,2
persona-40687,HP-00040687,FCL2-020584,maria coro,1904,female,safe_final_identity_cluster,2
persona-40695,HP-00040695,FCL2-020590,victoria huarcaya,1904,female,safe_final_identity_cluster,2
persona-40724,HP-00030701,FCL2-015055,tiburcio condori,1904,male,safe_final_identity_cluster,2
persona-40725,HP-00030702,FCL2-015056,saturnina garcia,1904,female,safe_final_identity_cluster,2
persona-40733,HP-00035826,FCL2-017846,felipa alvarado,1904,female,safe_final_identity_cluster,2
persona-40744,HP-00039441,FCL2-019944,juan de dios guillen,1904,male,safe_final_identity_cluster,2
persona-40745,HP-00039442,FCL2-019944,manuela oscco,1904,female,safe_final_identity_cluster,2
persona-40796,HP-00040796,FCL2-015467,adriano fuentes,1904,male,safe_final_identity_cluster,2
persona-40797,HP-00040797,FCL2-015467,juliana berrocal,1904,female,safe_final_identity_cluster,2
persona-40804,HP-00031487,FCL2-015467,patricio berrocal,1904,male,safe_final_identity_cluster,2
persona-40805,HP-00031488,FCL2-015467,benita ochoa,1904,female,safe_final_identity_cluster,2
persona-40852,HP-00037460,FCL2-018777,manuel mejia,1904,male,safe_final_identity_cluster,2
persona-40853,HP-00037461,FCL2-018777,josefa espinosa,1904,female,safe_final_identity_cluster,2
persona-40866,HP-00022668,FCL2-020665,florentino bendezu,1904,male,safe_final_identity_cluster,2
persona-40927,HP-00038522,FCL2-020695,santiago ccoyllo,1905,male,safe_final_identity_cluster,2
persona-40981,HP-00012534,FCL2-020724,sixto chalco,1905,male,safe_final_identity_cluster,2
persona-41035,HP-00041035,FCL2-020750,carlos espinosa,1905,male,safe_final_identity_cluster,2
persona-41056,HP-00041056,FCL2-020764,dionicia pulanco,1905,female,safe_final_identity_cluster,2
persona-41074,HP-00041074,FCL2-020780,lorenza champa,1905,female,safe_final_identity_cluster,2
persona-41149,HP-00041149,FCL2-022878,juan huamani,1906,male,safe_final_identity_cluster,2
persona-41170,HP-00023900,FCL2-011068,eulalia ccoyllo,1906,female,safe_final_identity_cluster,2
persona-41193,HP-00023659,FCL2-020843,mariano bautista,1906,male,safe_final_identity_cluster,2
persona-41203,HP-00041203,FCL2-020850,candelaria quispe,1906,female,safe_final_identity_cluster,2
persona-41213,HP-00041213,FCL2-020857,tomas chinchay,1906,male,safe_final_identity_cluster,2
persona-41226,HP-00030509,FCL2-014954,ancelmo lopez,1906,male,safe_final_identity_cluster,2
persona-41227,HP-00030510,FCL2-014955,marcelina castro,1906,female,safe_final_identity_cluster,2
persona-41235,HP-00038563,FCL2-020871,damian vega,1906,male,safe_final_identity_cluster,2
persona-41236,HP-00038564,FCL2-020871,barbara quispe,1906,female,safe_final_identity_cluster,2
persona-41240,HP-00012243,FCL2-020877,simona condori,1906,female,safe_final_identity_cluster,2
persona-41258,HP-00041258,FCL2-020884,narciso bustillos,1906,male,safe_final_identity_cluster,2
persona-41269,HP-00040652,FCL2-020891,severino dias,1906,male,safe_final_identity_cluster,2
persona-41327,HP-00012387,FCL2-005260,monica champa,1906,female,safe_final_identity_cluster,4
persona-41336,HP-00011186,FCL2-005260,gabriela ramos,1906,female,safe_final_identity_cluster,5
persona-41378,HP-00038291,FCL2-020951,josefa sanches,1906,female,safe_final_identity_cluster,2
persona-41392,HP-00012741,FCL2-020963,pablo rojas,1906,male,safe_final_identity_cluster,3
persona-41393,HP-00041393,FCL2-020963,ysabel huarcaya,1906,female,safe_final_identity_cluster,2
persona-41399,HP-00012742,FCL2-006007,manuel rojas,1906,male,safe_final_identity_cluster,3
persona-41443,HP-00041443,FCL2-020987,tiburcio serrano,1906,male,safe_final_identity_cluster,2
persona-41458,HP-00041458,FCL2-021001,martin urbano,1907,male,safe_final_identity_cluster,2
persona-41503,HP-00023016,FCL2-021025,matiasa ccanto,1907,female,safe_final_identity_cluster,2
persona-41513,HP-00041513,FCL2-021035,pedro urbano,1907,male,safe_final_identity_cluster,2
persona-41514,HP-00041514,FCL2-021035,carmen quispe,1907,female,safe_final_identity_cluster,2
persona-41522,HP-00032126,FCL2-021035,martin quispe,1907,male,safe_final_identity_cluster,2
persona-41598,HP-00038736,FCL2-019525,catalina quispe,1907,female,safe_final_identity_cluster,2
persona-41602,HP-00012701,FCL2-021086,jesus mancco,1907,female,safe_final_identity_cluster,2
persona-41644,HP-00039716,FCL2-020103,celedonia vacas,1908,female,safe_final_identity_cluster,2
persona-41682,HP-00008069,FCL2-003784,martina condori,1846,female,safe_final_identity_cluster,4
persona-41704,HP-00028358,FCL2-013728,maria chalco,1848,female,safe_final_identity_cluster,2
persona-41705,HP-00028357,FCL2-013728,nicolas urbano,1848,male,safe_final_identity_cluster,2
persona-41738,HP-00017191,FCL2-008010,agueda sanchez,1851,female,safe_final_identity_cluster,2
persona-41776,HP-00017483,FCL2-008148,cristobal ortiz,1864,male,safe_final_identity_cluster,2
persona-41777,HP-00017484,FCL2-008148,alejandra urbano,1864,female,safe_final_identity_cluster,2
persona-41790,HP-00016979,FCL2-013510,silveria urbano,1864,female,safe_final_identity_cluster,4
persona-41791,HP-00016978,FCL2-013510,hipolito bautista,1864,male,safe_final_identity_cluster,4
persona-41800,HP-00017225,FCL2-021175,mariano santiago,1864,male,safe_final_identity_cluster,2
persona-41801,HP-00009258,FCL2-021175,francisco santiago,1864,male,safe_final_identity_cluster,5
persona-41923,HP-00020048,FCL2-009337,asencio chumbile,1866,male,safe_final_identity_cluster,2
persona-41926,HP-00020211,FCL2-009417,mateo huachaca,1866,male,safe_final_identity_cluster,2
persona-41941,HP-00017993,FCL2-008375,rosa solis,1866,female,safe_final_identity_cluster,2
persona-41942,HP-00017992,FCL2-008375,juan condori,1866,male,safe_final_identity_cluster,2
persona-41977,HP-00019073,FCL2-016726,eusebio llamocca,1867,male,safe_final_identity_cluster,4
persona-41978,HP-00019074,FCL2-016726,juliana condori,1867,female,safe_final_identity_cluster,4
persona-42026,HP-00042026,FCL2-021261,fernanda huallpatuero,1867,female,safe_final_identity_cluster,2
persona-42045,HP-00020776,FCL2-009679,manuela dias,1868,female,safe_final_identity_cluster,2
persona-42096,HP-00042026,FCL2-021261,fernanda huallpatuero,1868,female,safe_final_identity_cluster,2
persona-42108,HP-00042108,FCL2-021292,torivia avalos,1868,female,safe_final_identity_cluster,3
persona-42109,HP-00042109,FCL2-021293,mariano huallpatuero,1868,male,safe_final_identity_cluster,3
persona-42110,HP-00042110,FCL2-021294,rafaela huamani,1868,female,safe_final_identity_cluster,3
persona-42111,HP-00042111,FCL2-021295,angela sevidola,1869,female,safe_final_identity_cluster,3
persona-42112,HP-00042112,FCL2-021296,serafin avalos,1869,male,safe_final_identity_cluster,3
persona-42113,HP-00042113,FCL2-021297,feliciana,1869,female,safe_final_identity_cluster,2
persona-42116,HP-00042116,FCL2-021299,pablo espinoza,1869,male,safe_final_identity_cluster,2
persona-42117,HP-00042117,FCL2-021299,silverio espinoza,1869,male,safe_final_identity_cluster,2
persona-42118,HP-00042118,FCL2-021299,santona ccoyllo,1869,female,safe_final_identity_cluster,2
persona-42119,HP-00042119,FCL2-021300,isidora ccoyllo,1869,female,safe_final_identity_cluster,3
persona-42121,HP-00042121,FCL2-021301,asencio huarancca,1869,male,safe_final_identity_cluster,2
persona-42122,HP-00042122,FCL2-021301,gabriel huarancca,1869,male,safe_final_identity_cluster,2
persona-42126,HP-00042126,FCL2-021302,alverto lopa,1869,male,safe_final_identity_cluster,3
persona-42127,HP-00042127,FCL2-021303,nicolasa bautista,1869,female,safe_final_identity_cluster,3
persona-42128,HP-00042128,FCL2-021304,francisca espinoza,1869,female,safe_final_identity_cluster,3
persona-42129,HP-00042129,FCL2-021305,torivio espinoza,1869,male,safe_final_identity_cluster,3
persona-42130,HP-00042130,FCL2-021306,eulalia sanchez,1869,female,safe_final_identity_cluster,2
persona-42136,HP-00042136,FCL2-021308,gabriela quizpe,1869,female,safe_final_identity_cluster,3
persona-42140,HP-00042140,FCL2-021310,lorenzo ccoyllo,1869,male,safe_final_identity_cluster,3
persona-42142,HP-00021368,FCL2-009941,casimira cruz,1869,female,safe_final_identity_cluster,4
persona-42150,HP-00042150,FCL2-021314,gregorio avalos,1869,male,safe_final_identity_cluster,3
persona-42151,HP-00042151,FCL2-021315,josefa cucho,1869,female,safe_final_identity_cluster,3
persona-42152,HP-00042152,FCL2-021315,seberino cucho,1869,male,safe_final_identity_cluster,3
persona-42153,HP-00042153,FCL2-021315,marcela huamani,1869,female,safe_final_identity_cluster,3
persona-42160,HP-00042160,FCL2-021318,victorio poma,1869,male,safe_final_identity_cluster,2
persona-42161,HP-00042161,FCL2-021318,jose poma,1869,male,safe_final_identity_cluster,2
persona-42162,HP-00042162,FCL2-021318,fernanda huauya,1869,female,safe_final_identity_cluster,2
persona-42164,HP-00042164,FCL2-021319,vacilio rayme,1869,male,safe_final_identity_cluster,3
persona-42165,HP-00042165,FCL2-021319,victoria sanches,1869,female,safe_final_identity_cluster,3
persona-42172,HP-00042172,FCL2-021322,andres ichaccaya,1869,male,safe_final_identity_cluster,2
persona-42173,HP-00042173,FCL2-021323,josefa ccanto,1869,female,safe_final_identity_cluster,2
persona-42174,HP-00042174,FCL2-021324,juana cerrano,1869,female,safe_final_identity_cluster,3
persona-42175,HP-00042175,FCL2-021324,manuel cerrano,1869,male,safe_final_identity_cluster,3
persona-42176,HP-00042176,FCL2-021324,bernarda choccehuanca,1869,female,safe_final_identity_cluster,3
persona-42182,HP-00042182,FCL2-021327,calisto dias,1869,male,safe_final_identity_cluster,3
persona-42183,HP-00042183,FCL2-021327,pedro dias,1869,male,safe_final_identity_cluster,3
persona-42184,HP-00042184,FCL2-021327,agustina sanches,1869,female,safe_final_identity_cluster,3
persona-42185,HP-00020896,FCL2-009732,mauricia cucho,1869,female,safe_final_identity_cluster,4
persona-42189,HP-00042189,FCL2-021331,antonia ramos,1869,female,safe_final_identity_cluster,3
persona-42190,HP-00042190,FCL2-021331,pascual ramos,1869,male,safe_final_identity_cluster,3
persona-42191,HP-00042191,FCL2-021331,manuela huamani,1869,female,safe_final_identity_cluster,3
persona-42194,HP-00042194,FCL2-021333,gervacio roque,1870,male,safe_final_identity_cluster,2
persona-42199,HP-00042194,FCL2-021333,gervacio roque,1870,male,safe_final_identity_cluster,2
persona-42210,HP-00017910,FCL2-008335,manuela sanches,1870,female,safe_final_identity_cluster,4
persona-42213,HP-00042213,FCL2-021339,juliana ochasi,1870,female,safe_final_identity_cluster,2
persona-42218,HP-00042109,FCL2-021293,mariano huallpatuero,1870,male,safe_final_identity_cluster,3
persona-42219,HP-00042110,FCL2-021294,rafaela huamani,1870,female,safe_final_identity_cluster,3
persona-42226,HP-00042119,FCL2-021300,isidora ccoyllo,1870,female,safe_final_identity_cluster,3
persona-42231,HP-00042128,FCL2-021304,francisca espinoza,1870,female,safe_final_identity_cluster,3
persona-42232,HP-00042129,FCL2-021305,torivio espinoza,1870,male,safe_final_identity_cluster,3
persona-42237,HP-00042237,FCL2-021308,inosencio urbano,1870,male,safe_final_identity_cluster,2
persona-42238,HP-00042238,FCL2-021308,hilario urbano,1870,male,safe_final_identity_cluster,2
persona-42239,HP-00042136,FCL2-021308,gabriela quizpe,1870,female,safe_final_identity_cluster,3
persona-42243,HP-00042140,FCL2-021310,lorenzo ccoyllo,1870,male,safe_final_identity_cluster,3
persona-42244,HP-00042244,FCL2-021345,corpus ccoyllo,1870,male,safe_final_identity_cluster,2
persona-42245,HP-00021368,FCL2-009941,casimira cruz,1870,female,safe_final_identity_cluster,4
persona-42246,HP-00042246,FCL2-021346,benterurina quizpe,1870,female,safe_final_identity_cluster,2
persona-42248,HP-00042248,FCL2-021346,josefa sanchez,1870,female,safe_final_identity_cluster,2
persona-42250,HP-00042213,FCL2-021339,juliana ochasi,1870,female,safe_final_identity_cluster,2
persona-42252,HP-00042108,FCL2-021292,torivia avalos,1870,female,safe_final_identity_cluster,3
persona-42253,HP-00042111,FCL2-021295,angela sevidola,1870,female,safe_final_identity_cluster,3
persona-42254,HP-00042112,FCL2-021296,serafin avalos,1870,male,safe_final_identity_cluster,3
persona-42257,HP-00042257,FCL2-021347,encarnacion cerrano,1870,female,safe_final_identity_cluster,2
persona-42258,HP-00042258,FCL2-021347,asencio cerrano,1870,male,safe_final_identity_cluster,2
persona-42259,HP-00042259,FCL2-021347,atanacia ccanto,1870,female,safe_final_identity_cluster,2
persona-42261,HP-00042150,FCL2-021314,gregorio avalos,1870,male,safe_final_identity_cluster,3
persona-42262,HP-00042151,FCL2-021315,josefa cucho,1870,female,safe_final_identity_cluster,3
persona-42263,HP-00042152,FCL2-021315,seberino cucho,1870,male,safe_final_identity_cluster,3
persona-42264,HP-00042153,FCL2-021315,marcela huamani,1870,female,safe_final_identity_cluster,3
persona-42265,HP-00042265,FCL2-021319,jasinta rayme,1870,female,safe_final_identity_cluster,2
persona-42266,HP-00042164,FCL2-021319,vacilio rayme,1870,male,safe_final_identity_cluster,3
persona-42267,HP-00042165,FCL2-021319,victoria sanches,1870,female,safe_final_identity_cluster,3
persona-42271,HP-00042172,FCL2-021322,andres ichaccaya,1870,male,safe_final_identity_cluster,2
persona-42272,HP-00042173,FCL2-021323,josefa ccanto,1870,female,safe_final_identity_cluster,2
persona-42273,HP-00042174,FCL2-021324,juana cerrano,1870,female,safe_final_identity_cluster,3
persona-42274,HP-00042175,FCL2-021324,manuel cerrano,1870,male,safe_final_identity_cluster,3
persona-42275,HP-00042176,FCL2-021324,bernarda choccehuanca,1870,female,safe_final_identity_cluster,3
persona-42276,HP-00020896,FCL2-009732,mauricia cucho,1870,female,safe_final_identity_cluster,4
persona-42278,HP-00020898,FCL2-009733,manuela ccoyllo,1870,female,safe_final_identity_cluster,6
persona-42279,HP-00042189,FCL2-021331,antonia ramos,1870,female,safe_final_identity_cluster,3
persona-42280,HP-00042190,FCL2-021331,pascual ramos,1870,male,safe_final_identity_cluster,3
persona-42281,HP-00042191,FCL2-021331,manuela huamani,1870,female,safe_final_identity_cluster,3
persona-42282,HP-00042126,FCL2-021302,alverto lopa,1870,male,safe_final_identity_cluster,3
persona-42283,HP-00042127,FCL2-021303,nicolasa bautista,1870,female,safe_final_identity_cluster,3
persona-42284,HP-00042284,FCL2-021349,valentin flores,1870,male,safe_final_identity_cluster,2
persona-42286,HP-00042286,FCL2-021349,catalina achamisa,1870,female,safe_final_identity_cluster,2
persona-42287,HP-00042287,FCL2-021350,bacilia lopa,1870,female,safe_final_identity_cluster,2
persona-42288,HP-00042288,FCL2-021350,melchor lopa,1870,male,safe_final_identity_cluster,2
persona-42289,HP-00042289,FCL2-021350,yldefonsa asto,1870,female,safe_final_identity_cluster,2
persona-42290,HP-00042182,FCL2-021327,calisto dias,1870,male,safe_final_identity_cluster,3
persona-42291,HP-00042183,FCL2-021327,pedro dias,1870,male,safe_final_identity_cluster,3
persona-42292,HP-00042184,FCL2-021327,agustina sanches,1870,female,safe_final_identity_cluster,3
persona-42296,HP-00042296,FCL2-021352,eusevio huamani,1870,male,safe_final_identity_cluster,2
persona-42297,HP-00042297,FCL2-021352,crisostomo huamani,1870,male,safe_final_identity_cluster,2
persona-42298,HP-00042298,FCL2-021352,juliana urbano,1870,female,safe_final_identity_cluster,2
persona-42300,HP-00042300,FCL2-021353,juan ramos,1871,male,safe_final_identity_cluster,2
persona-42301,HP-00019532,FCL2-009096,pablo huachaca,1871,male,safe_final_identity_cluster,5
persona-42302,HP-00019533,FCL2-009096,santona condori,1871,female,safe_final_identity_cluster,5
persona-42304,HP-00042304,FCL2-021354,manuela azevedo,1871,female,safe_final_identity_cluster,2
persona-42305,HP-00042305,FCL2-021355,juan llamocca,1871,male,safe_final_identity_cluster,4
persona-42306,HP-00042306,FCL2-021355,eusevio llamocca,1871,male,safe_final_identity_cluster,4
persona-42307,HP-00042307,FCL2-021355,juliana condori,1871,female,safe_final_identity_cluster,4
persona-42308,HP-00042308,FCL2-021356,juana ramos,1871,female,safe_final_identity_cluster,2
persona-42309,HP-00042309,FCL2-021356,juan ramos,1871,male,safe_final_identity_cluster,2
persona-42312,HP-00042312,FCL2-021357,paula quizpe,1871,female,safe_final_identity_cluster,2
persona-42315,HP-00009915,FCL2-004646,antonio barrientos,1871,male,safe_final_identity_cluster,3
persona-42316,HP-00009916,FCL2-004646,gregoria romani,1871,female,safe_final_identity_cluster,3
persona-42317,HP-00042317,FCL2-021358,marrta,1871,female,safe_final_identity_cluster,2
persona-42318,HP-00042318,FCL2-021358,apolinario quizpe,1871,male,safe_final_identity_cluster,2
persona-42319,HP-00042319,FCL2-021358,visenta huallpatuero,1871,female,safe_final_identity_cluster,2
persona-42320,HP-00042320,FCL2-021359,natividad urbano,1871,female,safe_final_identity_cluster,2
persona-42321,HP-00042321,FCL2-021359,carmelo urbano,1871,male,safe_final_identity_cluster,2
persona-42322,HP-00042322,FCL2-021359,juana ccoyllo,1871,female,safe_final_identity_cluster,2
persona-42324,HP-00042324,FCL2-021360,maria sancas,1871,female,safe_final_identity_cluster,2
persona-42325,HP-00042305,FCL2-021355,juan llamocca,1871,male,safe_final_identity_cluster,4
persona-42326,HP-00042306,FCL2-021355,eusevio llamocca,1871,male,safe_final_identity_cluster,4
persona-42327,HP-00042307,FCL2-021355,juliana condori,1871,female,safe_final_identity_cluster,4
persona-42331,HP-00042331,FCL2-021362,gabriela ayme,1871,female,safe_final_identity_cluster,2
persona-42332,HP-00042332,FCL2-021362,mariano ayme,1871,male,safe_final_identity_cluster,2
persona-42333,HP-00042333,FCL2-021362,cristina bega,1871,female,safe_final_identity_cluster,2
persona-42334,HP-00042334,FCL2-021363,pedro condori,1871,male,safe_final_identity_cluster,2
persona-42335,HP-00042335,FCL2-021363,bernave condori,1871,male,safe_final_identity_cluster,2
persona-42336,HP-00042336,FCL2-021363,magdalena ramos,1871,female,safe_final_identity_cluster,2
persona-42339,HP-00042339,FCL2-021364,mariano berrnaula,1871,male,safe_final_identity_cluster,2
persona-42340,HP-00042340,FCL2-021364,ysabel,1871,female,safe_final_identity_cluster,2
persona-42342,HP-00042342,FCL2-021365,manuela quizpe,1871,female,safe_final_identity_cluster,2
persona-42344,HP-00020898,FCL2-009733,manuela ccoyllo,1871,female,safe_final_identity_cluster,6
persona-42345,HP-00017464,FCL2-008139,leandra huarancca,1871,female,safe_final_identity_cluster,4
persona-42346,HP-00006877,FCL2-008139,narciso sanches,1871,male,safe_final_identity_cluster,5
persona-42347,HP-00042347,FCL2-021366,mariano,1871,male,safe_final_identity_cluster,2
persona-42348,HP-00042348,FCL2-021366,andres condori,1871,male,safe_final_identity_cluster,2
persona-42349,HP-00042349,FCL2-021366,martina cruz,1871,female,safe_final_identity_cluster,2
persona-42350,HP-00042350,FCL2-021367,lauriana espinoza,1871,female,safe_final_identity_cluster,2
persona-42351,HP-00042351,FCL2-021367,alejo espinoza,1871,male,safe_final_identity_cluster,2
persona-42352,HP-00042352,FCL2-021367,natividad tito,1871,female,safe_final_identity_cluster,2
persona-42353,HP-00042353,FCL2-021368,asencio cerrano,1871,male,safe_final_identity_cluster,2
persona-42355,HP-00042355,FCL2-021369,valerio berrocal,1871,male,safe_final_identity_cluster,2
persona-42356,HP-00042356,FCL2-021369,estevan berrocal,1871,male,safe_final_identity_cluster,2
persona-42357,HP-00042357,FCL2-021369,monica leon,1871,female,safe_final_identity_cluster,2
persona-42362,HP-00042109,FCL2-021293,mariano huallpatuero,1871,male,safe_final_identity_cluster,3
persona-42363,HP-00042110,FCL2-021294,rafaela huamani,1871,female,safe_final_identity_cluster,3
persona-42364,HP-00042113,FCL2-021297,feliciana,1871,female,safe_final_identity_cluster,2
persona-42367,HP-00042116,FCL2-021299,pablo espinoza,1871,male,safe_final_identity_cluster,2
persona-42368,HP-00042117,FCL2-021299,silverio espinoza,1871,male,safe_final_identity_cluster,2
persona-42369,HP-00042118,FCL2-021299,santona ccoyllo,1871,female,safe_final_identity_cluster,2
persona-42370,HP-00042119,FCL2-021300,isidora ccoyllo,1871,female,safe_final_identity_cluster,3
persona-42372,HP-00042121,FCL2-021301,asencio huarancca,1871,male,safe_final_identity_cluster,2
persona-42373,HP-00042122,FCL2-021301,gabriel huarancca,1871,male,safe_final_identity_cluster,2
persona-42375,HP-00042128,FCL2-021304,francisca espinoza,1871,female,safe_final_identity_cluster,3
persona-42376,HP-00042129,FCL2-021305,torivio espinoza,1871,male,safe_final_identity_cluster,3
persona-42377,HP-00042130,FCL2-021306,eulalia sanchez,1871,female,safe_final_identity_cluster,2
persona-42381,HP-00042237,FCL2-021308,inosencio urbano,1871,male,safe_final_identity_cluster,2
persona-42382,HP-00042238,FCL2-021308,hilario urbano,1871,male,safe_final_identity_cluster,2
persona-42383,HP-00042136,FCL2-021308,gabriela quizpe,1871,female,safe_final_identity_cluster,3
persona-42387,HP-00042140,FCL2-021310,lorenzo ccoyllo,1871,male,safe_final_identity_cluster,3
persona-42388,HP-00042244,FCL2-021345,corpus ccoyllo,1871,male,safe_final_identity_cluster,2
persona-42389,HP-00021368,FCL2-009941,casimira cruz,1871,female,safe_final_identity_cluster,4
persona-42390,HP-00042246,FCL2-021346,benterurina quizpe,1871,female,safe_final_identity_cluster,2
persona-42392,HP-00042248,FCL2-021346,josefa sanchez,1871,female,safe_final_identity_cluster,2
persona-42394,HP-00019702,FCL2-009173,juliana muchari,1871,female,safe_final_identity_cluster,3
persona-42395,HP-00042160,FCL2-021318,victorio poma,1871,male,safe_final_identity_cluster,2
persona-42396,HP-00042161,FCL2-021318,jose poma,1871,male,safe_final_identity_cluster,2
persona-42397,HP-00042162,FCL2-021318,fernanda huauya,1871,female,safe_final_identity_cluster,2
persona-42399,HP-00042108,FCL2-021292,torivia avalos,1871,female,safe_final_identity_cluster,3
persona-42400,HP-00042111,FCL2-021295,angela sevidola,1871,female,safe_final_identity_cluster,3
persona-42401,HP-00042112,FCL2-021296,serafin avalos,1871,male,safe_final_identity_cluster,3
persona-42404,HP-00042257,FCL2-021347,encarnacion cerrano,1871,female,safe_final_identity_cluster,2
persona-42405,HP-00042258,FCL2-021347,asencio cerrano,1871,male,safe_final_identity_cluster,2
persona-42406,HP-00042259,FCL2-021347,atanacia ccanto,1871,female,safe_final_identity_cluster,2
persona-42408,HP-00042150,FCL2-021314,gregorio avalos,1871,male,safe_final_identity_cluster,3
persona-42409,HP-00042151,FCL2-021315,josefa cucho,1871,female,safe_final_identity_cluster,3
persona-42410,HP-00042152,FCL2-021315,seberino cucho,1871,male,safe_final_identity_cluster,3
persona-42411,HP-00042153,FCL2-021315,marcela huamani,1871,female,safe_final_identity_cluster,3
persona-42412,HP-00042265,FCL2-021319,jasinta rayme,1871,female,safe_final_identity_cluster,2
persona-42413,HP-00042164,FCL2-021319,vacilio rayme,1871,male,safe_final_identity_cluster,3
persona-42414,HP-00042165,FCL2-021319,victoria sanches,1871,female,safe_final_identity_cluster,3
persona-42415,HP-00042174,FCL2-021324,juana cerrano,1871,female,safe_final_identity_cluster,3
persona-42416,HP-00042175,FCL2-021324,manuel cerrano,1871,male,safe_final_identity_cluster,3
persona-42417,HP-00042176,FCL2-021324,bernarda choccehuanca,1871,female,safe_final_identity_cluster,3
persona-42418,HP-00020896,FCL2-009732,mauricia cucho,1871,female,safe_final_identity_cluster,4
persona-42420,HP-00020898,FCL2-009733,manuela ccoyllo,1871,female,safe_final_identity_cluster,6
persona-42421,HP-00042189,FCL2-021331,antonia ramos,1871,female,safe_final_identity_cluster,3
persona-42422,HP-00042190,FCL2-021331,pascual ramos,1871,male,safe_final_identity_cluster,3
persona-42423,HP-00042191,FCL2-021331,manuela huamani,1871,female,safe_final_identity_cluster,3
persona-42424,HP-00042126,FCL2-021302,alverto lopa,1871,male,safe_final_identity_cluster,3
persona-42425,HP-00042127,FCL2-021303,nicolasa bautista,1871,female,safe_final_identity_cluster,3
persona-42426,HP-00042284,FCL2-021349,valentin flores,1871,male,safe_final_identity_cluster,2
persona-42428,HP-00042286,FCL2-021349,catalina achamisa,1871,female,safe_final_identity_cluster,2
persona-42429,HP-00042287,FCL2-021350,bacilia lopa,1871,female,safe_final_identity_cluster,2
persona-42430,HP-00042288,FCL2-021350,melchor lopa,1871,male,safe_final_identity_cluster,2
persona-42431,HP-00042289,FCL2-021350,yldefonsa asto,1871,female,safe_final_identity_cluster,2
persona-42432,HP-00042182,FCL2-021327,calisto dias,1871,male,safe_final_identity_cluster,3
persona-42433,HP-00042183,FCL2-021327,pedro dias,1871,male,safe_final_identity_cluster,3
persona-42434,HP-00042184,FCL2-021327,agustina sanches,1871,female,safe_final_identity_cluster,3
persona-42438,HP-00042296,FCL2-021352,eusevio huamani,1871,male,safe_final_identity_cluster,2
persona-42439,HP-00042297,FCL2-021352,crisostomo huamani,1871,male,safe_final_identity_cluster,2
persona-42440,HP-00042298,FCL2-021352,juliana urbano,1871,female,safe_final_identity_cluster,2
persona-42442,HP-00042300,FCL2-021353,juan ramos,1871,male,safe_final_identity_cluster,2
persona-42443,HP-00019532,FCL2-009096,pablo huachaca,1871,male,safe_final_identity_cluster,5
persona-42444,HP-00019533,FCL2-009096,santona condori,1871,female,safe_final_identity_cluster,5
persona-42446,HP-00042304,FCL2-021354,manuela azevedo,1871,female,safe_final_identity_cluster,2
persona-42447,HP-00042305,FCL2-021355,juan llamocca,1871,male,safe_final_identity_cluster,4
persona-42448,HP-00042306,FCL2-021355,eusevio llamocca,1871,male,safe_final_identity_cluster,4
persona-42449,HP-00042307,FCL2-021355,juliana condori,1871,female,safe_final_identity_cluster,4
persona-42450,HP-00042308,FCL2-021356,juana ramos,1871,female,safe_final_identity_cluster,2
persona-42451,HP-00042309,FCL2-021356,juan ramos,1871,male,safe_final_identity_cluster,2
persona-42454,HP-00042312,FCL2-021357,paula quizpe,1871,female,safe_final_identity_cluster,2
persona-42457,HP-00009915,FCL2-004646,antonio barrientos,1871,male,safe_final_identity_cluster,3
persona-42458,HP-00009916,FCL2-004646,gregoria romani,1871,female,safe_final_identity_cluster,3
persona-42459,HP-00042317,FCL2-021358,marrta,1871,female,safe_final_identity_cluster,2
persona-42460,HP-00042318,FCL2-021358,apolinario quizpe,1871,male,safe_final_identity_cluster,2
persona-42461,HP-00042319,FCL2-021358,visenta huallpatuero,1871,female,safe_final_identity_cluster,2
persona-42462,HP-00042320,FCL2-021359,natividad urbano,1871,female,safe_final_identity_cluster,2
persona-42463,HP-00042321,FCL2-021359,carmelo urbano,1871,male,safe_final_identity_cluster,2
persona-42464,HP-00042322,FCL2-021359,juana ccoyllo,1871,female,safe_final_identity_cluster,2
persona-42466,HP-00042324,FCL2-021360,maria sancas,1871,female,safe_final_identity_cluster,2
persona-42467,HP-00042305,FCL2-021355,juan llamocca,1871,male,safe_final_identity_cluster,4
persona-42468,HP-00042306,FCL2-021355,eusevio llamocca,1871,male,safe_final_identity_cluster,4
persona-42469,HP-00042307,FCL2-021355,juliana condori,1871,female,safe_final_identity_cluster,4
persona-42472,HP-00042331,FCL2-021362,gabriela ayme,1871,female,safe_final_identity_cluster,2
persona-42473,HP-00042332,FCL2-021362,mariano ayme,1871,male,safe_final_identity_cluster,2
persona-42474,HP-00042333,FCL2-021362,cristina bega,1871,female,safe_final_identity_cluster,2
persona-42475,HP-00042334,FCL2-021363,pedro condori,1871,male,safe_final_identity_cluster,2
persona-42476,HP-00042335,FCL2-021363,bernave condori,1871,male,safe_final_identity_cluster,2
persona-42477,HP-00042336,FCL2-021363,magdalena ramos,1871,female,safe_final_identity_cluster,2
persona-42480,HP-00042339,FCL2-021364,mariano berrnaula,1871,male,safe_final_identity_cluster,2
persona-42481,HP-00042340,FCL2-021364,ysabel,1871,female,safe_final_identity_cluster,2
persona-42483,HP-00042342,FCL2-021365,manuela quizpe,1871,female,safe_final_identity_cluster,2
persona-42485,HP-00020898,FCL2-009733,manuela ccoyllo,1871,female,safe_final_identity_cluster,6
persona-42486,HP-00017464,FCL2-008139,leandra huarancca,1871,female,safe_final_identity_cluster,4
persona-42487,HP-00006877,FCL2-008139,narciso sanches,1871,male,safe_final_identity_cluster,5
persona-42488,HP-00042347,FCL2-021366,mariano,1871,male,safe_final_identity_cluster,2
persona-42489,HP-00042348,FCL2-021366,andres condori,1871,male,safe_final_identity_cluster,2
persona-42490,HP-00042349,FCL2-021366,martina cruz,1871,female,safe_final_identity_cluster,2
persona-42491,HP-00042350,FCL2-021367,lauriana espinoza,1871,female,safe_final_identity_cluster,2
persona-42492,HP-00042351,FCL2-021367,alejo espinoza,1871,male,safe_final_identity_cluster,2
persona-42493,HP-00042352,FCL2-021367,natividad tito,1871,female,safe_final_identity_cluster,2
persona-42494,HP-00042353,FCL2-021368,asencio cerrano,1871,male,safe_final_identity_cluster,2
persona-42496,HP-00042355,FCL2-021369,valerio berrocal,1871,male,safe_final_identity_cluster,2
persona-42497,HP-00042356,FCL2-021369,estevan berrocal,1871,male,safe_final_identity_cluster,2
persona-42498,HP-00042357,FCL2-021369,monica leon,1871,female,safe_final_identity_cluster,2
persona-42501,HP-00035155,FCL2-017458,francisca huallpatuero,1871,female,safe_final_identity_cluster,3
persona-42502,HP-00035154,FCL2-017458,cristoval huamani,1871,male,safe_final_identity_cluster,3
persona-42513,HP-00035154,FCL2-017458,cristoval huamani,1871,male,safe_final_identity_cluster,3
persona-42514,HP-00035155,FCL2-017458,francisca huallpatuero,1871,female,safe_final_identity_cluster,3
persona-42515,HP-00017308,FCL2-008066,anselmo urbano,1871,male,safe_final_identity_cluster,2
persona-42524,HP-00020038,FCL2-017146,josefa ramos,1871,female,safe_final_identity_cluster,3
persona-42525,HP-00020037,FCL2-017146,julian sanches,1871,male,safe_final_identity_cluster,3
persona-42531,HP-00020569,FCL2-009584,rosa garivay,1871,female,safe_final_identity_cluster,2
persona-42534,HP-00042534,FCL2-021386,ysabel davalos,1875,female,safe_final_identity_cluster,2
persona-42535,HP-00042535,FCL2-021386,mariano davalos,1875,male,safe_final_identity_cluster,2
persona-42536,HP-00042536,FCL2-021386,nicolasa urbano,1875,female,safe_final_identity_cluster,2
persona-42537,HP-00016935,FCL2-007885,mariano ramos,1875,male,safe_final_identity_cluster,3
persona-42538,HP-00016936,FCL2-007885,gregoria huarcaia,1875,female,safe_final_identity_cluster,3
persona-42541,HP-00021384,FCL2-009949,agustina carbajal,1875,female,safe_final_identity_cluster,3
persona-42542,HP-00021383,FCL2-009949,remigio javier,1875,male,safe_final_identity_cluster,3
persona-42615,HP-00018187,FCL2-008465,mariano chinchai,1875,male,safe_final_identity_cluster,3
persona-42620,HP-00042534,FCL2-021386,ysabel davalos,1875,female,safe_final_identity_cluster,2
persona-42621,HP-00042535,FCL2-021386,mariano davalos,1875,male,safe_final_identity_cluster,2
persona-42622,HP-00042536,FCL2-021386,nicolasa urbano,1875,female,safe_final_identity_cluster,2
persona-42623,HP-00016935,FCL2-007885,mariano ramos,1875,male,safe_final_identity_cluster,3
persona-42624,HP-00016936,FCL2-007885,gregoria huarcaia,1875,female,safe_final_identity_cluster,3
persona-42635,HP-00022393,FCL2-010393,santos sanches,1875,male,safe_final_identity_cluster,2
persona-42636,HP-00022394,FCL2-010394,eusebio sanches,1875,male,safe_final_identity_cluster,2
persona-42639,HP-00021384,FCL2-009949,agustina carbajal,1875,female,safe_final_identity_cluster,3
persona-42640,HP-00021383,FCL2-009949,remigio javier,1875,male,safe_final_identity_cluster,3
persona-42693,HP-00036196,FCL2-018045,domingo quispe,1882,male,safe_final_identity_cluster,2
persona-42694,HP-00036197,FCL2-018045,simona llamocca,1882,female,safe_final_identity_cluster,2
persona-42709,HP-00022597,FCL2-010485,calisto llamocca,1882,male,safe_final_identity_cluster,2
persona-42710,HP-00022598,FCL2-010485,isabel tito,1882,female,safe_final_identity_cluster,2
persona-42735,HP-00021428,FCL2-009967,diego millan roca,1883,male,safe_final_identity_cluster,2
persona-42736,HP-00021429,FCL2-009967,juliana gutierres,1883,female,safe_final_identity_cluster,2
persona-42776,HP-00018578,FCL2-008649,mariano abalos,1885,male,safe_final_identity_cluster,3
persona-42792,HP-00018396,FCL2-008562,juan javier,1886,male,safe_final_identity_cluster,4
persona-42793,HP-00018397,FCL2-008562,santona condori,1886,female,safe_final_identity_cluster,4
persona-42849,HP-00024404,FCL2-021573,francisco urbano,1888,male,safe_final_identity_cluster,2
persona-42850,HP-00024405,FCL2-021573,rufino urbano,1888,male,safe_final_identity_cluster,2
persona-42904,HP-00024446,FCL2-011308,ambrocia fernandes,1889,female,safe_final_identity_cluster,2
persona-42906,HP-00012199,FCL2-005748,justina huarancca,1889,female,safe_final_identity_cluster,2
persona-42907,HP-00012200,FCL2-005748,luis huarancca,1889,male,safe_final_identity_cluster,3
persona-42908,HP-00012201,FCL2-005748,francisca ochoa,1889,female,safe_final_identity_cluster,3
persona-42919,HP-00012251,FCL2-005772,cecilia tito,1889,female,safe_final_identity_cluster,2
persona-42922,HP-00022810,FCL2-010578,cesareo chalco,1889,male,safe_final_identity_cluster,2
persona-42924,HP-00022812,FCL2-010580,natividad mendoza,1889,female,safe_final_identity_cluster,2
persona-42933,HP-00036577,FCL2-018252,sebastian serrano,1889,male,safe_final_identity_cluster,2
persona-42942,HP-00012356,FCL2-005823,mariano echevarria,1889,male,safe_final_identity_cluster,2
persona-42948,HP-00023084,FCL2-010701,norberta buitron,1889,female,safe_final_identity_cluster,3
persona-42961,HP-00022403,FCL2-017606,mersedes javier,1890,female,safe_final_identity_cluster,3
persona-42988,HP-00012566,FCL2-005920,brijida polanco,1890,female,safe_final_identity_cluster,2
persona-42989,HP-00012567,FCL2-005921,santos polanco,1890,male,safe_final_identity_cluster,3
persona-42994,HP-00012913,FCL2-021658,virginia huamani,1890,female,safe_final_identity_cluster,2
persona-43022,HP-00023049,FCL2-017805,maria condori,1890,female,safe_final_identity_cluster,4
persona-43023,HP-00023048,FCL2-017805,corpus quispe,1890,male,safe_final_identity_cluster,4
persona-43026,HP-00012445,FCL2-005862,leocadia mancco,1890,female,safe_final_identity_cluster,2
persona-43027,HP-00013088,FCL2-006171,ciriana rodrigues,1891,female,safe_final_identity_cluster,2
persona-43030,HP-00023434,FCL2-010856,rufina cucho,1891,female,safe_final_identity_cluster,2
persona-43031,HP-00023433,FCL2-010856,manuel coyllo,1891,male,safe_final_identity_cluster,2
persona-43039,HP-00024376,FCL2-011276,francisco serrano,1891,male,safe_final_identity_cluster,2
persona-43041,HP-00024378,FCL2-011278,bonifacia huamani,1891,female,safe_final_identity_cluster,2
persona-43045,HP-00013222,FCL2-006235,catalina baca,1891,female,safe_final_identity_cluster,2
persona-43046,HP-00013223,FCL2-006235,damaso baca,1891,male,safe_final_identity_cluster,2
persona-43056,HP-00012612,FCL2-005943,barbara oscco,1891,female,safe_final_identity_cluster,2
persona-43089,HP-00020865,FCL2-009717,eujenio flores,1891,male,safe_final_identity_cluster,2
persona-43105,HP-00035899,FCL2-017588,manuel damyan,1891,male,safe_final_identity_cluster,2
persona-43109,HP-00012392,FCL2-005838,leon ramos,1891,male,safe_final_identity_cluster,2
persona-43110,HP-00012393,FCL2-005838,hilaria sevilora,1891,female,safe_final_identity_cluster,2
persona-43113,HP-00035646,FCL2-017753,ynosencio quispe,1891,male,safe_final_identity_cluster,2
persona-43122,HP-00013006,FCL2-006130,trinidad cuevas,1891,female,safe_final_identity_cluster,2
persona-43133,HP-00013196,FCL2-006220,ysavel condori,1891,female,safe_final_identity_cluster,2
persona-43136,HP-00013827,FCL2-021703,fransisco ochoa,1892,male,safe_final_identity_cluster,2
persona-43138,HP-00013582,FCL2-006394,juana rosa gutierres,1892,female,safe_final_identity_cluster,2
persona-43139,HP-00013583,FCL2-006394,tuvias gutierres,1892,male,safe_final_identity_cluster,2
persona-43157,HP-00024059,FCL2-011138,rufino sanches,1892,male,safe_final_identity_cluster,2
persona-43158,HP-00024060,FCL2-011138,gregoria quispe,1892,female,safe_final_identity_cluster,2
persona-43181,HP-00013214,FCL2-006230,nicolasa quispe,1892,female,safe_final_identity_cluster,2
persona-43212,HP-00024579,FCL2-017968,fernando condori,1892,male,safe_final_identity_cluster,3
persona-43213,HP-00024580,FCL2-017968,benita roque,1892,female,safe_final_identity_cluster,3
persona-43217,HP-00018915,FCL2-008806,calista llamoca,1892,female,safe_final_identity_cluster,3
persona-43218,HP-00014134,FCL2-006639,juan ccanto,1892,male,safe_final_identity_cluster,2
persona-43219,HP-00014135,FCL2-006640,patricio ccanto,1892,male,safe_final_identity_cluster,2
persona-43226,HP-00012905,FCL2-021733,encarnacion tito,1892,female,safe_final_identity_cluster,2
persona-43240,HP-00013327,FCL2-006285,seledonio buitron,1892,male,safe_final_identity_cluster,2
persona-43241,HP-00013328,FCL2-006285,natividad arango,1892,female,safe_final_identity_cluster,2
persona-43249,HP-00022568,FCL2-010472,clemencia origuela,1892,female,safe_final_identity_cluster,2
persona-43259,HP-00020528,FCL2-009566,jose cucho,1892,male,safe_final_identity_cluster,2
persona-43260,HP-00020529,FCL2-009566,rosalia bacas,1892,female,safe_final_identity_cluster,2
persona-43264,HP-00018915,FCL2-008806,calista llamoca,1892,female,safe_final_identity_cluster,3
persona-43270,HP-00019949,FCL2-009291,manuel mejia,1892,male,safe_final_identity_cluster,4
persona-43271,HP-00043271,FCL2-021747,antonio ramos,1892,male,safe_final_identity_cluster,2
persona-43272,HP-00043272,FCL2-021748,ygnacia bustios,1892,female,safe_final_identity_cluster,2
persona-43274,HP-00019974,FCL2-009302,eustaquia huamani,1893,female,safe_final_identity_cluster,2
persona-43290,HP-00034577,FCL2-017131,maria suica,1893,female,safe_final_identity_cluster,2
persona-43291,HP-00034576,FCL2-017131,bernardo huamani,1893,male,safe_final_identity_cluster,2
persona-43298,HP-00043271,FCL2-021747,antonio ramos,1893,male,safe_final_identity_cluster,2
persona-43299,HP-00043272,FCL2-021748,ygnacia bustios,1893,female,safe_final_identity_cluster,2
persona-43318,HP-00020068,FCL2-009348,silveria silva,1893,female,safe_final_identity_cluster,2
persona-43319,HP-00020069,FCL2-009349,pablo silva,1893,male,safe_final_identity_cluster,2
persona-43336,HP-00012843,FCL2-006055,gabriela sanches,1893,female,safe_final_identity_cluster,2
persona-43350,HP-00014622,FCL2-021778,blas huarancca,1893,male,safe_final_identity_cluster,2
persona-43380,HP-00013415,FCL2-021794,tivurcio sanches,1894,male,safe_final_identity_cluster,2
persona-43400,HP-00028614,FCL2-013881,gabriela peres,1894,female,safe_final_identity_cluster,2
persona-43418,HP-00015693,FCL2-007336,elena guillen,1894,female,safe_final_identity_cluster,2
persona-43420,HP-00015695,FCL2-007338,eusevia roca,1894,female,safe_final_identity_cluster,2
persona-43438,HP-00014462,FCL2-006789,tomas huamani,1894,male,safe_final_identity_cluster,2
persona-43441,HP-00014070,FCL2-021828,aniceta ortis,1894,female,safe_final_identity_cluster,2
persona-43442,HP-00014071,FCL2-021828,nasario ortis,1894,male,safe_final_identity_cluster,3
persona-43450,HP-00012809,FCL2-021831,gabino tueros,1894,male,safe_final_identity_cluster,2
persona-43451,HP-00012810,FCL2-021831,guillermo tueros,1894,male,safe_final_identity_cluster,3
persona-43456,HP-00013159,FCL2-021833,eduarda ortiz,1894,female,safe_final_identity_cluster,2
persona-43462,HP-00015712,FCL2-007345,jacinto jabier,1894,male,safe_final_identity_cluster,2
persona-43473,HP-00015265,FCL2-007145,guillerma huamani,1894,female,safe_final_identity_cluster,2
persona-43489,HP-00014322,FCL2-021849,juan mancco,1894,male,safe_final_identity_cluster,2
persona-43512,HP-00015433,FCL2-007221,constantina egocheaga,1894,female,safe_final_identity_cluster,2
persona-43513,HP-00015434,FCL2-007221,vicente egocheaga,1894,male,safe_final_identity_cluster,2
persona-43514,HP-00015435,FCL2-007221,jesus medina,1894,female,safe_final_identity_cluster,2
persona-43515,HP-00012526,FCL2-005900,mariano bendezu,1894,male,safe_final_identity_cluster,2
persona-43524,HP-00015872,FCL2-007418,prudencio mancco,1894,male,safe_final_identity_cluster,2
persona-43525,HP-00015873,FCL2-007418,alejo mancco,1894,male,safe_final_identity_cluster,2
persona-43528,HP-00020261,FCL2-009441,rosa barrientos,1894,female,safe_final_identity_cluster,3
persona-43529,HP-00020260,FCL2-009441,cecilio sanches,1894,male,safe_final_identity_cluster,3
persona-43530,HP-00015936,FCL2-007442,juan cerilo quispe,1895,male,safe_final_identity_cluster,2
persona-43531,HP-00015937,FCL2-007442,eulogio quispe,1895,male,safe_final_identity_cluster,2
persona-43532,HP-00015938,FCL2-007442,cristina collahua,1895,female,safe_final_identity_cluster,2
persona-43533,HP-00015597,FCL2-007297,ciriaca lopez,1895,female,safe_final_identity_cluster,2
persona-43534,HP-00015598,FCL2-007297,pablo lopez,1895,male,safe_final_identity_cluster,2
persona-43535,HP-00015599,FCL2-007297,norverta ramos,1895,female,safe_final_identity_cluster,2
persona-43552,HP-00013754,FCL2-006472,gregorio dias,1895,male,safe_final_identity_cluster,2
persona-43566,HP-00012837,FCL2-021877,teresa condori,1895,female,safe_final_identity_cluster,2
persona-43567,HP-00012838,FCL2-021877,remigio condori,1895,male,safe_final_identity_cluster,2
persona-43613,HP-00015714,FCL2-007347,celestina llacsamanta,1895,female,safe_final_identity_cluster,3
persona-43630,HP-00016000,FCL2-021912,baldomero serrano,1895,male,safe_final_identity_cluster,2
persona-43633,HP-00016268,FCL2-007585,cipriana ccanto,1895,female,safe_final_identity_cluster,2
persona-43635,HP-00016270,FCL2-007585,francisca abalos,1895,female,safe_final_identity_cluster,2
persona-43641,HP-00017945,FCL2-008352,nieves sanches,1895,female,safe_final_identity_cluster,3
persona-43665,HP-00037491,FCL2-018797,juana huarcaya,1893,female,safe_final_identity_cluster,2
persona-43715,HP-00012507,FCL2-005891,fulgencio barrientos,1900,male,safe_final_identity_cluster,2
persona-43825,HP-00020600,FCL2-021997,nicolas ccanto,1901,male,safe_final_identity_cluster,4
persona-43844,HP-00035993,FCL2-017932,josefa aiquipa,1902,female,safe_final_identity_cluster,2
persona-43889,HP-00012288,FCL2-005790,simon cucho,1902,male,safe_final_identity_cluster,3
persona-44063,HP-00012793,FCL2-006034,blas urbano,1905,male,safe_final_identity_cluster,2
persona-44064,HP-00012794,FCL2-006034,mariano urbano,1905,male,safe_final_identity_cluster,4
persona-44092,HP-00019794,FCL2-009219,manuela asevedo,1905,female,safe_final_identity_cluster,2
persona-44118,HP-00012713,FCL2-018445,estefa chinchay,1906,female,safe_final_identity_cluster,2
persona-44119,HP-00012714,FCL2-018445,damian chinchay,1906,male,safe_final_identity_cluster,4
persona-44120,HP-00012715,FCL2-018445,lorenza vivanco,1906,female,safe_final_identity_cluster,4
persona-44159,HP-00040475,FCL2-020497,tiburcia huamani,1906,female,safe_final_identity_cluster,2
persona-44160,HP-00040480,FCL2-020497,andres huamani,1906,male,safe_final_identity_cluster,2
persona-44161,HP-00040481,FCL2-020497,eustaquia palomino,1906,female,safe_final_identity_cluster,2
persona-44301,HP-00035593,FCL2-017715,mariana castro,1903,female,safe_final_identity_cluster,2
persona-44327,HP-00024817,FCL2-011468,francisca avalos,1909,female,safe_final_identity_cluster,2
persona-44358,HP-00013368,FCL2-006304,manuela huamani,1910,female,safe_final_identity_cluster,5
persona-44380,HP-00012267,FCL2-005780,domingo huallpatuero,1910,male,safe_final_identity_cluster,2
persona-44388,HP-00022713,FCL2-010533,juana espinosa,1910,female,safe_final_identity_cluster,2
persona-44389,HP-00022712,FCL2-010533,santos tito,1910,male,safe_final_identity_cluster,2
persona-44391,HP-00040039,FCL2-020287,pablo allccari,1910,male,safe_final_identity_cluster,2
persona-44396,HP-00030129,FCL2-015197,jesus barrientos,1910,male,safe_final_identity_cluster,2
persona-44397,HP-00030136,FCL2-015197,sinforino barrientos,1910,male,safe_final_identity_cluster,2
persona-44398,HP-00030130,FCL2-015197,mercedes quispe,1910,female,safe_final_identity_cluster,2
persona-44402,HP-00029777,FCL2-014526,sebastian condori,1910,male,safe_final_identity_cluster,2
persona-44412,HP-00040796,FCL2-015467,adriano fuentes,1911,male,safe_final_identity_cluster,2
persona-44413,HP-00040797,FCL2-015467,juliana berrocal,1911,female,safe_final_identity_cluster,2
persona-44416,HP-00029734,FCL2-014504,jesus sanchez,1911,female,safe_final_identity_cluster,2
persona-44423,HP-00040044,FCL2-020288,angela huarcaya,1911,female,safe_final_identity_cluster,2
persona-44463,HP-00044463,FCL2-022320,carmelon marcacuzco,1911,male,safe_final_identity_cluster,2
persona-44464,HP-00044464,FCL2-022320,rufina chinchay,1911,female,safe_final_identity_cluster,2
persona-44466,HP-00044463,FCL2-022320,carmelon marcacuzco,1911,male,safe_final_identity_cluster,2
persona-44467,HP-00044464,FCL2-022320,rufina chinchay,1911,female,safe_final_identity_cluster,2
persona-44566,HP-00015159,FCL2-007098,francisco huallpatuero,1911,male,safe_final_identity_cluster,2
persona-44576,HP-00012741,FCL2-020963,pablo rojas,1911,male,safe_final_identity_cluster,3
persona-44577,HP-00012742,FCL2-006007,manuel rojas,1911,male,safe_final_identity_cluster,3
persona-44578,HP-00012743,FCL2-006008,eduarda mancco,1911,female,safe_final_identity_cluster,2
persona-44579,HP-00041393,FCL2-020963,ysabel huarcaya,1911,female,safe_final_identity_cluster,2
persona-44584,HP-00040515,FCL2-020511,eujenia rodriguez,1911,female,safe_final_identity_cluster,2
persona-44586,HP-00040523,FCL2-020518,pascuala aguilar,1911,female,safe_final_identity_cluster,2
persona-44588,HP-00035187,FCL2-017477,asunta buitron,1911,female,safe_final_identity_cluster,2
persona-44615,HP-00037545,FCL2-018834,laureana vega,1911,female,safe_final_identity_cluster,2
persona-44623,HP-00013952,FCL2-022374,cristina ayme,1912,female,safe_final_identity_cluster,3
persona-44646,HP-00029066,FCL2-014145,sebastian huamani,1912,male,safe_final_identity_cluster,2
persona-44648,HP-00012620,FCL2-005947,manuela cupe,1912,female,safe_final_identity_cluster,5
persona-44653,HP-00041458,FCL2-021001,martin urbano,1912,male,safe_final_identity_cluster,2
persona-44666,HP-00013767,FCL2-006479,pedro quispe,1912,male,safe_final_identity_cluster,3
persona-44674,HP-00020964,FCL2-009763,marcos ccanto,1912,male,safe_final_identity_cluster,2
persona-44688,HP-00036512,FCL2-018215,alejo sanchez,1912,male,safe_final_identity_cluster,2
persona-44689,HP-00036513,FCL2-018216,maria cucho,1912,female,safe_final_identity_cluster,2
persona-44704,HP-00039661,FCL2-020072,juana ramos,1912,female,safe_final_identity_cluster,2
persona-44707,HP-00039583,FCL2-020024,gabriel palomino,1912,male,safe_final_identity_cluster,2
persona-44714,HP-00039502,FCL2-019976,cristina condori,1912,female,safe_final_identity_cluster,2
persona-44725,HP-00030116,FCL2-014722,jose javier,1912,male,safe_final_identity_cluster,2
persona-44727,HP-00024779,FCL2-015487,leon bautista,1912,male,safe_final_identity_cluster,3
persona-44738,HP-00016402,FCL2-017974,francisca sanchez,1912,female,safe_final_identity_cluster,4
persona-44742,HP-00013548,FCL2-018809,tomasa quispe,1912,female,safe_final_identity_cluster,6
persona-44750,HP-00036841,FCL2-018409,nicolas sanchez,1912,male,safe_final_identity_cluster,2
persona-44756,HP-00014627,FCL2-022416,santiago avalos,1912,male,safe_final_identity_cluster,2
persona-44759,HP-00014628,FCL2-022416,maria poma,1912,female,safe_final_identity_cluster,2
persona-44816,HP-00036781,FCL2-018376,carlos vega,1913,male,safe_final_identity_cluster,2
persona-44818,HP-00011298,FCL2-018378,francisca sanchez,1913,female,safe_final_identity_cluster,3
persona-44821,HP-00019682,FCL2-009165,feliciana alvarado,1913,female,safe_final_identity_cluster,3
persona-44826,HP-00012337,FCL2-005813,vicenta huallpatuero,1913,female,safe_final_identity_cluster,2
persona-44827,HP-00038762,FCL2-019541,ysidora canchari,1913,female,safe_final_identity_cluster,2
persona-44828,HP-00038770,FCL2-019548,juan canchari,1913,male,safe_final_identity_cluster,2
persona-44838,HP-00016088,FCL2-007503,grabiela ccoillo,1913,female,safe_final_identity_cluster,3
persona-44845,HP-00015290,FCL2-022445,sebastian flores,1913,male,safe_final_identity_cluster,2
persona-44848,HP-00015291,FCL2-022445,silvestra condori,1913,female,safe_final_identity_cluster,2
persona-44851,HP-00037141,FCL2-018581,manuela ccoillo,1913,female,safe_final_identity_cluster,2
persona-44865,HP-00038218,FCL2-019226,jose cucho,1913,male,safe_final_identity_cluster,2
persona-44867,HP-00010899,FCL2-005124,pedro ccochachi,1913,male,safe_final_identity_cluster,3
persona-44880,HP-00012910,FCL2-022455,felix avalos,1914,male,safe_final_identity_cluster,2
persona-44887,HP-00031097,FCL2-015268,victor quispe,1914,male,safe_final_identity_cluster,2
persona-44888,HP-00031098,FCL2-015269,basilia urbano,1914,female,safe_final_identity_cluster,2
persona-44889,HP-00031092,FCL2-015270,margarita sanchez,1914,female,safe_final_identity_cluster,2
persona-44900,HP-00015106,FCL2-007074,maximiliano ynca,1914,male,safe_final_identity_cluster,2
persona-44902,HP-00015108,FCL2-007076,gregoria huarcaya,1914,female,safe_final_identity_cluster,2
persona-44930,HP-00015065,FCL2-022470,paulina jimenez,1914,female,safe_final_identity_cluster,2
persona-44937,HP-00030734,FCL2-015694,leocadia champa,1914,female,safe_final_identity_cluster,2
persona-44938,HP-00030741,FCL2-015694,gaspar champa,1914,male,safe_final_identity_cluster,2
persona-44939,HP-00030742,FCL2-015694,felipa huamani,1914,female,safe_final_identity_cluster,2
persona-44940,HP-00030733,FCL2-015694,augusto siancas,1914,male,safe_final_identity_cluster,2
persona-44964,HP-00036569,FCL2-018251,rudecindo chalco,1914,male,safe_final_identity_cluster,2
persona-44978,HP-00038505,FCL2-019394,rosalia echaccaya,1914,female,safe_final_identity_cluster,2
persona-45006,HP-00015900,FCL2-007428,patrocinio chalco,1915,male,safe_final_identity_cluster,2
persona-45007,HP-00015901,FCL2-007428,fidel chalco,1915,male,safe_final_identity_cluster,2
persona-45008,HP-00015902,FCL2-007428,felipa zarate,1915,female,safe_final_identity_cluster,2
persona-45026,HP-00012683,FCL2-005978,rafaela bacas,1915,female,safe_final_identity_cluster,3
persona-45069,HP-00029855,FCL2-014566,lorenza delacruz,1915,female,safe_final_identity_cluster,2
persona-45071,HP-00029864,FCL2-014573,basilia echaccaya,1915,female,safe_final_identity_cluster,2
persona-45101,HP-00031577,FCL2-015513,juan sanchez,1915,male,safe_final_identity_cluster,2
persona-45103,HP-00031569,FCL2-015508,policarpo quispe,1915,male,safe_final_identity_cluster,2
persona-45129,HP-00022772,FCL2-022546,martina cuevas,,female,safe_final_identity_cluster,2
persona-45131,HP-00022771,FCL2-022546,carlos rojas,,male,safe_final_identity_cluster,2
persona-45137,HP-00038931,FCL2-019640,andrea huauya,1921,female,safe_final_identity_cluster,2
persona-45152,HP-00040338,FCL2-020441,paula rojas,1921,female,safe_final_identity_cluster,2
persona-45156,HP-00035486,FCL2-017650,bernabe condori,1915,male,safe_final_identity_cluster,2
persona-45180,HP-00012710,FCL2-022568,jacinto barrientos,1915,male,safe_final_identity_cluster,3
persona-45183,HP-00012711,FCL2-022568,clemencia huarcaya,1915,female,safe_final_identity_cluster,3
persona-45261,HP-00021243,FCL2-019285,marcos cruz,1916,male,safe_final_identity_cluster,4
persona-45265,HP-00030753,FCL2-015087,cristobal aiquipa,1916,male,safe_final_identity_cluster,2
persona-45288,HP-00045288,FCL2-022601,trinidad misagel,1916,female,safe_final_identity_cluster,2
persona-45291,HP-00045291,FCL2-022828,justo cucho,1916,male,safe_final_identity_cluster,2
persona-45320,HP-00037202,FCL2-018621,trinidad roca,1916,male,safe_final_identity_cluster,2
persona-45322,HP-00037193,FCL2-018620,ubaldo guillen,1916,male,safe_final_identity_cluster,2
persona-45323,HP-00041035,FCL2-020750,carlos espinoza,1916,male,safe_final_identity_cluster,2
persona-45336,HP-00040684,FCL2-020581,damian chinchay,1916,male,safe_final_identity_cluster,2
persona-45355,HP-00045355,FCL2-022628,hermenegildo avalos,1916,male,safe_final_identity_cluster,2
persona-45356,HP-00036901,FCL2-018438,bernarda choccehuanca,1916,female,safe_final_identity_cluster,2
persona-45359,HP-00045355,FCL2-022628,hermenegildo avalos,1916,male,safe_final_identity_cluster,2
persona-45364,HP-00024837,FCL2-022632,narcisa aivar,1916,female,safe_final_identity_cluster,2
persona-45367,HP-00024836,FCL2-022632,severino marcacuzco,1916,male,safe_final_identity_cluster,2
persona-45368,HP-00015982,FCL2-018364,pascuala quispe,1916,female,safe_final_identity_cluster,5
persona-45369,HP-00036763,FCL2-018364,andres quispe,1916,male,safe_final_identity_cluster,2
persona-45370,HP-00036764,FCL2-018364,pascuala cruz,1916,female,safe_final_identity_cluster,2
persona-45383,HP-00031311,FCL2-015382,simon huallpatuero,1916,male,safe_final_identity_cluster,2
persona-45385,HP-00031318,FCL2-015381,petronila chinchay,1916,female,safe_final_identity_cluster,2
persona-45386,HP-00031312,FCL2-015382,manuela condori,1916,female,safe_final_identity_cluster,2
persona-45401,HP-00039118,FCL2-019754,francisco rodriguez,1916,male,safe_final_identity_cluster,2
persona-45402,HP-00039119,FCL2-019755,cecilia romero,1916,female,safe_final_identity_cluster,2
persona-45417,HP-00036093,FCL2-017985,tadea nolasco,1916,female,safe_final_identity_cluster,2
persona-45418,HP-00024600,FCL2-011376,jacinta vellido,1916,female,safe_final_identity_cluster,2
persona-45419,HP-00041513,FCL2-021035,pedro urbano,1916,male,safe_final_identity_cluster,2
persona-45422,HP-00041514,FCL2-021035,carmen quispe,1916,female,safe_final_identity_cluster,2
persona-45437,HP-00024298,FCL2-011242,romualdo quispe,1916,male,safe_final_identity_cluster,2
persona-45447,HP-00039049,FCL2-019711,alejo echaccaya,1916,male,safe_final_identity_cluster,2
persona-45449,HP-00014108,FCL2-006625,hipolita espinosa,1916,female,safe_final_identity_cluster,2
persona-45450,HP-00029953,FCL2-014631,doroteo cucho,1916,male,safe_final_identity_cluster,2
persona-45451,HP-00029960,FCL2-014629,diego cucho,1916,male,safe_final_identity_cluster,2
persona-45453,HP-00029954,FCL2-014631,alberta sanchez,1916,female,safe_final_identity_cluster,2
persona-45468,HP-00030809,FCL2-015114,fulgencio quispe,1916,male,safe_final_identity_cluster,2
persona-45470,HP-00030804,FCL2-015116,marcela condori,1916,female,safe_final_identity_cluster,2
persona-45483,HP-00045483,FCL2-022669,mariano huarancca,1916,male,safe_final_identity_cluster,2
persona-45484,HP-00045484,FCL2-022669,jacinta venegas,1916,female,safe_final_identity_cluster,2
persona-45498,HP-00039383,FCL2-019919,nasario ccanto,1916,male,safe_final_identity_cluster,2
persona-45500,HP-00039391,FCL2-019918,francisca quispe,1916,female,safe_final_identity_cluster,2
persona-45501,HP-00039384,FCL2-019919,gregoria gavilan,1916,female,safe_final_identity_cluster,2
persona-45515,HP-00030722,FCL2-015068,clara siancas,1916,female,safe_final_identity_cluster,2
persona-45517,HP-00037380,FCL2-018725,gervacio canchari,1916,male,safe_final_identity_cluster,2
persona-45518,HP-00037387,FCL2-018731,manuel canchari,1916,male,safe_final_identity_cluster,2
persona-45525,HP-00012620,FCL2-005947,manuela cupe,1916,female,safe_final_identity_cluster,5
persona-45538,HP-00040695,FCL2-020590,victoria huarcaya,1916,female,safe_final_identity_cluster,2
persona-45568,HP-00045483,FCL2-022669,mariano huarancca,1916,male,safe_final_identity_cluster,2
persona-45569,HP-00045484,FCL2-022669,jacinta venegas,1916,female,safe_final_identity_cluster,2
persona-45570,HP-00029997,FCL2-005996,timoteo fernandez,1916,male,safe_final_identity_cluster,2
persona-45573,HP-00012721,FCL2-005996,mercedes huarcaya,1916,female,safe_final_identity_cluster,3
persona-45597,HP-00036761,FCL2-018362,laurencio mancco,1917,male,safe_final_identity_cluster,2
persona-45599,HP-00015982,FCL2-018364,pascuala quispe,1917,female,safe_final_identity_cluster,5
persona-45604,HP-00030169,FCL2-014754,simon quispe,1917,male,safe_final_identity_cluster,2
persona-45605,HP-00030170,FCL2-014755,maria ramos,1917,female,safe_final_identity_cluster,2
persona-45607,HP-00017042,FCL2-007938,eulalia ccoillo,1917,female,safe_final_identity_cluster,3
persona-45619,HP-00030889,FCL2-015155,celedonio buitron,1917,male,safe_final_identity_cluster,2
persona-45620,HP-00030890,FCL2-015156,natividad arango,1917,female,safe_final_identity_cluster,2
persona-45625,HP-00031859,FCL2-016154,salome ochoa,1917,female,safe_final_identity_cluster,2
persona-45626,HP-00031866,FCL2-016154,jeronimo ochoa,1917,male,safe_final_identity_cluster,2
persona-45627,HP-00031867,FCL2-016154,facunda espinosa,1917,female,safe_final_identity_cluster,2
persona-45628,HP-00031858,FCL2-016154,daniel bautista,1917,male,safe_final_identity_cluster,2
persona-45642,HP-00032009,FCL2-015742,paulo polanco,1917,male,safe_final_identity_cluster,2
persona-45683,HP-00022828,FCL2-022736,manuela salinas,1917,female,safe_final_identity_cluster,2
persona-45686,HP-00022827,FCL2-022736,lorenzo ccoillo,1917,male,safe_final_identity_cluster,2
persona-45690,HP-00012635,FCL2-005954,natividad ramos,1917,female,safe_final_identity_cluster,3
persona-45724,HP-00045724,FCL2-022749,celsa jaime,1917,female,safe_final_identity_cluster,2
persona-45742,HP-00036354,FCL2-018125,antonia barrientos,1917,female,safe_final_identity_cluster,2
persona-45746,HP-00036832,FCL2-018403,leocadia roque,1917,female,safe_final_identity_cluster,2
persona-45765,HP-00013400,FCL2-022763,rufina llamoca,1917,female,safe_final_identity_cluster,3
persona-45798,HP-00021191,FCL2-022774,bartolome condori,1917,male,safe_final_identity_cluster,3
persona-45835,HP-00036742,FCL2-018350,clemente rojas,1917,male,safe_final_identity_cluster,2
persona-45875,HP-00030643,FCL2-015025,severina perez,1917,female,safe_final_identity_cluster,2
persona-45892,HP-00045892,FCL2-022806,herminia vega,1917,female,safe_final_identity_cluster,2
persona-45893,HP-00045893,FCL2-022807,mauricio vega,1917,male,safe_final_identity_cluster,2
persona-45904,HP-00031500,FCL2-015477,beatriz cuevas,1917,female,safe_final_identity_cluster,2
persona-45905,HP-00031507,FCL2-015477,felipe cuevas,1917,male,safe_final_identity_cluster,2
persona-45906,HP-00031508,FCL2-015477,feliciana cucho,1917,female,safe_final_identity_cluster,2
persona-45907,HP-00031499,FCL2-015477,francisco mancco,1917,male,safe_final_identity_cluster,2
persona-45914,HP-00019698,FCL2-016879,vicenta leon,1917,female,safe_final_identity_cluster,3
persona-45919,HP-00029819,FCL2-014546,esteban avalos,1917,male,safe_final_identity_cluster,2
persona-45927,HP-00038512,FCL2-019401,magdalena alvizuri,1917,female,safe_final_identity_cluster,2
persona-45942,HP-00012998,FCL2-006126,petronila ccoillo,1917,female,safe_final_identity_cluster,3
persona-45953,HP-00013478,FCL2-015773,antonia serrano,1917,female,safe_final_identity_cluster,3
persona-45955,HP-00013480,FCL2-015773,espirita palomino,1917,female,safe_final_identity_cluster,5
persona-45956,HP-00032058,FCL2-015773,mariano champa,1917,male,safe_final_identity_cluster,2
persona-45957,HP-00045291,FCL2-022828,justo cucho,1917,male,safe_final_identity_cluster,2
persona-45960,HP-00045288,FCL2-022601,trinidad misagel,1917,female,safe_final_identity_cluster,2
persona-45984,HP-00031768,FCL2-006619,raimundo polanco,1918,male,safe_final_identity_cluster,2
persona-45986,HP-00031775,FCL2-015620,petronila sanchez,1918,female,safe_final_identity_cluster,2
persona-45987,HP-00014094,FCL2-006619,alejandra quispe,1918,female,safe_final_identity_cluster,3
persona-45992,HP-00030160,FCL2-014747,mariano sanchez,1918,male,safe_final_identity_cluster,3
persona-45994,HP-00030151,FCL2-014746,norberto villegas,1918,male,safe_final_identity_cluster,2
persona-45995,HP-00045892,FCL2-022806,herminia vega,1917,female,safe_final_identity_cluster,2
persona-45996,HP-00045893,FCL2-022807,mauricio vega,1917,male,safe_final_identity_cluster,2
persona-46004,HP-00020493,FCL2-009549,juana ramos,1917,female,safe_final_identity_cluster,5
persona-46054,HP-00014671,FCL2-006882,felipe arimana,1918,male,safe_final_identity_cluster,4
persona-46055,HP-00031101,FCL2-015276,julian huamani,1918,male,safe_final_identity_cluster,2
persona-46056,HP-00030999,FCL2-015212,luis huamani,1918,male,safe_final_identity_cluster,4
persona-46058,HP-00031102,FCL2-015276,ysidora sanchez,1918,female,safe_final_identity_cluster,2
persona-46073,HP-00041443,FCL2-020987,tiburcio serrano,1918,male,safe_final_identity_cluster,2
persona-46076,HP-00031868,FCL2-015674,sabeliano sanchez,1918,male,safe_final_identity_cluster,2
persona-46077,HP-00046077,FCL2-022869,rosas sanchez,1918,male,safe_final_identity_cluster,2
persona-46078,HP-00046078,FCL2-022869,maria asturima,1918,female,safe_final_identity_cluster,2
persona-46079,HP-00031869,FCL2-015674,maria achamisa,1918,female,safe_final_identity_cluster,2
persona-46081,HP-00046077,FCL2-022869,rosas sanchez,1918,male,safe_final_identity_cluster,2
persona-46082,HP-00046078,FCL2-022869,maria asturima,1918,female,safe_final_identity_cluster,2
persona-46090,HP-00031087,FCL2-015261,jose vega,1918,male,safe_final_identity_cluster,2
persona-46091,HP-00031088,FCL2-015262,francisca sanchez,1918,female,safe_final_identity_cluster,2
persona-46104,HP-00031948,FCL2-015714,victor suica,1918,male,safe_final_identity_cluster,2
persona-46105,HP-00031954,FCL2-015714,esteban suica,1918,male,safe_final_identity_cluster,2
persona-46107,HP-00031949,FCL2-015714,faustina polanco,1918,female,safe_final_identity_cluster,2
persona-46109,HP-00041149,FCL2-022878,juan huamani,1918,male,safe_final_identity_cluster,2
persona-46116,HP-00038739,FCL2-019527,calixto lopez,1918,male,safe_final_identity_cluster,2
persona-46122,HP-00032055,FCL2-015766,segunda jimenez,1918,female,safe_final_identity_cluster,2
persona-46133,HP-00037116,FCL2-018564,santos aiquipa,1918,male,safe_final_identity_cluster,2
persona-46134,HP-00037117,FCL2-018565,cecilia polanco,1918,female,safe_final_identity_cluster,2
persona-46140,HP-00015475,FCL2-007241,paula quispe,1918,female,safe_final_identity_cluster,5
persona-46148,HP-00037310,FCL2-018687,narciso guillen,1918,male,safe_final_identity_cluster,2
persona-46169,HP-00035880,FCL2-017872,barbara bendezu,1918,female,safe_final_identity_cluster,2
persona-46173,HP-00041056,FCL2-020764,dionisia polanco,1918,female,safe_final_identity_cluster,2
persona-46179,HP-00038113,FCL2-019164,luisa poma,1918,female,safe_final_identity_cluster,2
persona-46180,HP-00015475,FCL2-007241,paula quispe,1918,female,safe_final_identity_cluster,5
persona-46182,HP-00041258,FCL2-020884,narciso bustillos,1918,male,safe_final_identity_cluster,2
persona-46196,HP-00037149,FCL2-018588,ambrosio cucho,1918,male,safe_final_identity_cluster,2
persona-46212,HP-00037721,FCL2-018934,juan avalos,1918,male,safe_final_identity_cluster,3
persona-46214,HP-00011773,FCL2-020109,jose quispe,1918,male,safe_final_identity_cluster,3
persona-46218,HP-00040687,FCL2-020584,maria coro,1918,female,safe_final_identity_cluster,2
persona-46221,HP-00040686,FCL2-020584,francisco vacas,1918,male,safe_final_identity_cluster,2
persona-46257,HP-00030200,FCL2-014773,simon ramos,1918,male,safe_final_identity_cluster,2
persona-46258,HP-00030201,FCL2-014774,josefa huamani,1918,female,safe_final_identity_cluster,2
persona-46263,HP-00030215,FCL2-014789,perfecto cucho,1918,male,safe_final_identity_cluster,2
persona-46268,HP-00038941,FCL2-019647,corpus quispe,1918,male,safe_final_identity_cluster,2
persona-46276,HP-00011106,FCL2-005222,lorenzo roque,1918,male,safe_final_identity_cluster,2
persona-46283,HP-00041074,FCL2-020780,lorenza champa,1918,female,safe_final_identity_cluster,2
persona-46288,HP-00012387,FCL2-005260,monica champa,1918,female,safe_final_identity_cluster,4
persona-46311,HP-00031794,FCL2-015631,carlos ccoillo,1919,male,safe_final_identity_cluster,3
persona-46312,HP-00031795,FCL2-015632,magdalena valencia,1919,female,safe_final_identity_cluster,3
persona-46313,HP-00031789,FCL2-015633,petronila vivanco,1919,female,safe_final_identity_cluster,2
persona-46317,HP-00012628,FCL2-018556,juana quispe,1919,female,safe_final_identity_cluster,4
persona-46319,HP-00037108,FCL2-018558,pascuala cruz,1919,female,safe_final_identity_cluster,2
persona-46320,HP-00012627,FCL2-018556,santos condori,1919,male,safe_final_identity_cluster,4
persona-46373,HP-00024354,FCL2-022969,valeriana espinosa,1919,female,safe_final_identity_cluster,2
persona-46376,HP-00024353,FCL2-022969,mateo aiquipa,1919,male,safe_final_identity_cluster,2
persona-46377,HP-00030392,FCL2-014892,betsabe quispe,1919,female,safe_final_identity_cluster,2
persona-46378,HP-00030400,FCL2-014892,romualdo quispe,1919,male,safe_final_identity_cluster,2
persona-46379,HP-00030401,FCL2-014892,norberta chinchay,1919,female,safe_final_identity_cluster,2
persona-46380,HP-00030391,FCL2-014892,crisostomo vega,1919,male,safe_final_identity_cluster,2
persona-46392,HP-00015707,FCL2-022977,ygnacia barrientos,1919,female,safe_final_identity_cluster,4
persona-46395,HP-00015706,FCL2-022977,marcelo huamani,1919,male,safe_final_identity_cluster,4
persona-46397,HP-00039162,FCL2-019778,santos polanco,1919,male,safe_final_identity_cluster,2
persona-46398,HP-00039163,FCL2-019779,basilia pomallihua,1919,female,safe_final_identity_cluster,2
persona-46399,HP-00015678,FCL2-019777,jose huallpatuero,1919,male,safe_final_identity_cluster,3
persona-46409,HP-00041203,FCL2-020850,candelaria quispe,1919,female,safe_final_identity_cluster,2
persona-46454,HP-00037521,FCL2-018816,manuel medina,1919,male,safe_final_identity_cluster,2
persona-46470,HP-00034350,FCL2-016985,josefa caballero,1919,female,safe_final_identity_cluster,2
persona-46472,HP-00034358,FCL2-016985,paula samora,1919,female,safe_final_identity_cluster,2
persona-46473,HP-00034349,FCL2-016985,martin huamani,1919,male,safe_final_identity_cluster,2
persona-46478,HP-00030993,FCL2-015214,julian huamani,1919,male,safe_final_identity_cluster,2
persona-46479,HP-00030999,FCL2-015212,luis huamani,1919,male,safe_final_identity_cluster,4
persona-46481,HP-00030994,FCL2-015214,mercedes urbano,1919,female,safe_final_identity_cluster,2
persona-46482,HP-00030096,FCL2-014716,pablo sanchez,1919,male,safe_final_identity_cluster,2
persona-46483,HP-00030103,FCL2-014714,francisco sanchez,1919,male,safe_final_identity_cluster,2
persona-46485,HP-00030097,FCL2-014716,emilia espinosa,1919,female,safe_final_identity_cluster,2
persona-46486,HP-00040663,FCL2-020573,eustaquia quispe,1919,female,safe_final_identity_cluster,2
persona-46487,HP-00040668,FCL2-020573,simon quispe,1919,male,safe_final_identity_cluster,2
persona-46489,HP-00040662,FCL2-020573,epifanio vega,1919,male,safe_final_identity_cluster,2
persona-46490,HP-00039629,FCL2-020059,corsino sanchez,1919,male,safe_final_identity_cluster,2
persona-46500,HP-00046500,FCL2-023010,lusinda tacsi,1919,female,safe_final_identity_cluster,2
persona-46501,HP-00046500,FCL2-023010,lucinda tacsi,1919,female,safe_final_identity_cluster,2
persona-46505,HP-00040482,FCL2-020501,pio huarcaya,1919,male,safe_final_identity_cluster,2
persona-46506,HP-00023972,FCL2-011100,jose huarcaya,1919,male,safe_final_identity_cluster,3
persona-46508,HP-00040483,FCL2-020501,dolores rojas,1919,female,safe_final_identity_cluster,2
persona-46540,HP-00016859,FCL2-007849,lazaro morales,1919,male,safe_final_identity_cluster,2
persona-46547,HP-00041213,FCL2-020857,tomas chinchay,1919,male,safe_final_identity_cluster,2
persona-46560,HP-00039020,FCL2-019700,felipe huarcaya,1919,male,safe_final_identity_cluster,2
persona-46561,HP-00039027,FCL2-019700,santiago huarcaya,1919,male,safe_final_identity_cluster,2
persona-46562,HP-00039028,FCL2-019700,dolores morales,1919,female,safe_final_identity_cluster,2
persona-46563,HP-00039021,FCL2-019700,ysabel congalla,1919,female,safe_final_identity_cluster,2
persona-46564,HP-00032698,FCL2-016107,paulino bendezu,1919,male,safe_final_identity_cluster,2
persona-46565,HP-00032704,FCL2-016105,jose j bendezu,1919,male,safe_final_identity_cluster,2
persona-46567,HP-00032699,FCL2-016107,sofia cardenas,1919,female,safe_final_identity_cluster,2
persona-46587,HP-00039762,FCL2-020135,gavina aime,1919,female,safe_final_identity_cluster,2
persona-46588,HP-00039770,FCL2-020135,calixto aime,1919,male,safe_final_identity_cluster,2
persona-46589,HP-00039771,FCL2-020135,gabriela quispe,1919,female,safe_final_identity_cluster,2
persona-46590,HP-00039761,FCL2-020135,froilan polanco,1919,male,safe_final_identity_cluster,2
persona-46626,HP-00037235,FCL2-018642,mariano aime,1919,male,safe_final_identity_cluster,2
persona-46632,HP-00040021,FCL2-020281,marcelino huarcaya,1919,male,safe_final_identity_cluster,2
persona-46635,HP-00040022,FCL2-020281,maximiliana arango,1919,female,safe_final_identity_cluster,2
persona-46646,HP-00038587,FCL2-019441,victoriano polanco,1919,male,safe_final_identity_cluster,2
persona-46656,HP-00031217,FCL2-015329,andres poma,1919,male,safe_final_identity_cluster,2
persona-46657,HP-00031218,FCL2-015330,basilia vega,1919,female,safe_final_identity_cluster,2
persona-46658,HP-00031212,FCL2-015331,julia sanchez,1919,female,safe_final_identity_cluster,2
persona-46659,HP-00015128,FCL2-007083,marcela avalos,1919,female,safe_final_identity_cluster,3
persona-46660,HP-00038076,FCL2-019142,juan avalos,1919,male,safe_final_identity_cluster,2
persona-46686,HP-00030324,FCL2-014848,florentina zarate,1919,female,safe_final_identity_cluster,2
persona-46694,HP-00031058,FCL2-015245,manuela huamani,1919,female,safe_final_identity_cluster,2
persona-46695,HP-00031052,FCL2-015246,petronila quispe,1919,female,safe_final_identity_cluster,2
persona-46696,HP-00013128,FCL2-023073,andres avalos,1919,male,safe_final_identity_cluster,3
persona-46722,HP-00012387,FCL2-005260,monica champa,1919,female,safe_final_identity_cluster,4
persona-46724,HP-00011186,FCL2-005260,gabriela ramos,1919,female,safe_final_identity_cluster,5
persona-46743,HP-00032439,FCL2-015970,aurelia condori,1919,female,safe_final_identity_cluster,2
persona-46744,HP-00032446,FCL2-015970,aniceto condori,1919,male,safe_final_identity_cluster,2
persona-46745,HP-00032447,FCL2-015970,francisca tito,1919,female,safe_final_identity_cluster,2
persona-46746,HP-00032438,FCL2-015970,delacruz quispe,1919,male,safe_final_identity_cluster,2
persona-46771,HP-00045724,FCL2-022749,celsa jaime,1919,female,safe_final_identity_cluster,2
persona-46773,HP-00039877,FCL2-020194,segundo quispe,1919,male,safe_final_identity_cluster,2
persona-46875,HP-00030769,FCL2-015093,francisco cusi,1920,male,safe_final_identity_cluster,3
persona-46876,HP-00030770,FCL2-015094,andrea aiquipa,1920,female,safe_final_identity_cluster,3
persona-46877,HP-00031402,FCL2-015430,brigida quispe,1920,female,safe_final_identity_cluster,2
persona-46936,HP-00031724,FCL2-015590,fernando mancco,1920,male,safe_final_identity_cluster,3
persona-46937,HP-00031725,FCL2-015591,pascuala cruz,1920,female,safe_final_identity_cluster,3
persona-46938,HP-00031719,FCL2-015592,gregoria diaz,1920,female,safe_final_identity_cluster,2
persona-46939,HP-00032079,FCL2-015783,cristina cucho,1920,female,safe_final_identity_cluster,2
persona-46940,HP-00032086,FCL2-015783,feliz cucho,1920,male,safe_final_identity_cluster,2
persona-46941,HP-00032087,FCL2-015783,lorenza ccanto,1920,female,safe_final_identity_cluster,2
persona-46942,HP-00032078,FCL2-015783,francisco perez,1920,male,safe_final_identity_cluster,2
persona-46944,HP-00030420,FCL2-014904,esteban urbano,1920,male,safe_final_identity_cluster,2
persona-46949,HP-00032478,FCL2-015990,domingo ccanto,1920,male,safe_final_identity_cluster,2
persona-46950,HP-00032484,FCL2-015990,laurencio ccanto,1920,male,safe_final_identity_cluster,2
persona-46951,HP-00032485,FCL2-015990,nicolasa gonzalez,1920,female,safe_final_identity_cluster,2
persona-46952,HP-00032479,FCL2-015990,serafina ccochachi,1920,female,safe_final_identity_cluster,2
persona-47032,HP-00039963,FCL2-020241,damaso gutierrez,1920,male,safe_final_identity_cluster,2
persona-47033,HP-00039964,FCL2-020242,catalina javier,1920,female,safe_final_identity_cluster,2
persona-47041,HP-00015649,FCL2-023183,julian quispe,1920,male,safe_final_identity_cluster,2
