"candidate_type","parent_pair_key","father_full_name_key","mother_full_name_key","marriage_identifier","marriage_event_date","spouse_role","spouse_gender","spouse_name_raw","spouse_lastname_raw","spouse_birth_date","spouse_birth_year","marriage_age_years","baptism_identifier","baptism_event_date","baptism_place_raw","child_name_raw","child_lastname_raw","child_birth_date","child_timing_year","child_timing_source","birth_year_gap","within_birth_window","birth_before_marriage_allowed","same_normalized_place","review_decision","review_reason","automatic_identity_cluster_change"
"potential_sibling","alberto huarcaya | juana marcacusco","alberto huarcaya","juana marcacusco","M398","1904-08-25","wife","female","victoria","huarcaya","1872-09-01","1872","32","B1377","1875-07-18","","maria","huarcaya","1875-07-17","1875","recorded_birth_year","3","True","True","False","needs_review","same_named_parent_pair and child/spouse timing within professor-approved ±15-year window; no marriage-date exclusion applied","False"
"potential_sibling","alberto huarcaya | juana marcacusco","alberto huarcaya","juana marcacusco","M444","1906-03-28","wife","female","carmen","huarcaya","1876-04-03","1876","30","B1377","1875-07-18","","maria","huarcaya","1875-07-17","1875","recorded_birth_year","1","True","True","False","needs_review","same_named_parent_pair and child/spouse timing within professor-approved ±15-year window; no marriage-date exclusion applied","False"
"potential_sibling","alberto huarcaya | juana marcacusco","alberto huarcaya","juana marcacusco","M468","1906-10-14","wife","female","ysabel","huarcaya","1886-10-18","1886","20","B1377","1875-07-18","","maria","huarcaya","1875-07-17","1875","recorded_birth_year","11","True","True","False","needs_review","same_named_parent_pair and child/spouse timing within professor-approved ±15-year window; no marriage-date exclusion applied","False"
"potential_sibling","alverto huarcaya | damiana fernandez","alverto huarcaya","damiana fernandez","M320","1902-02-15","husband","male","angelino","huarcaya","1872-02-22","1872","30","B1344","1871-10-02","Aucará","angel","huarcaya","1871-10-01","1871","recorded_birth_year","1","True","True","True","needs_review","same_named_parent_pair and child/spouse timing within professor-approved ±15-year window; no marriage-date exclusion applied","False"
"potential_sibling","ambrosio polanco | petrona ramos","ambrosio polanco","petrona ramos","M011","1908-08-25","husband","male","josé santos","polanco","1884-08-30","1884","24","B1476","1883-01-11","","juliana","polanco","1883-01-06","1883","recorded_birth_year","1","True","True","False","needs_review","same_named_parent_pair and child/spouse timing within professor-approved ±15-year window; no marriage-date exclusion applied","False"
"potential_sibling","ancelmo tito | eustaquia condori","ancelmo tito","eustaquia condori","M017","1908-08-30","wife","female","laureana","tito","1889-09-03","1889","19","B00198","1890-05-03","Aucara","daniel","tito","1890-04-06","1890","recorded_birth_year","1","True","True","True","needs_review","same_named_parent_pair and child/spouse timing within professor-approved ±15-year window; no marriage-date exclusion applied","False"
"potential_sibling","ancelmo tito | eustaquia condori","ancelmo tito","eustaquia condori","M392","1904-08-01","husband","male","francisco","tito","1884-08-05","1884","20","B00198","1890-05-03","Aucara","daniel","tito","1890-04-06","1890","recorded_birth_year","6","True","True","False","needs_review","same_named_parent_pair and child/spouse timing within professor-approved ±15-year window; no marriage-date exclusion applied","False"
"potential_sibling","andres avalos | lorenza champa","andres avalos","lorenza champa","M289","1919-03-02","wife","female","maria","ávalos","1900-03-06","1900","19","B00243","1890-09-28","Aucara","genaro avalos","avalos","1890-09-22","1890","recorded_birth_year","10","True","True","False","needs_review","same_named_parent_pair and child/spouse timing within professor-approved ±15-year window; no marriage-date exclusion applied","False"
"potential_sibling","andres avalos | lorenza champa","andres avalos","lorenza champa","M289","1919-03-02","wife","female","maria","ávalos","1900-03-06","1900","19","B2010","1888-09-05","Aucará","rosa de vitervo","avalos","","1888","baptism_event_year_fallback","12","True","True","False","needs_review","same_named_parent_pair and child/spouse timing within professor-approved ±15-year window; no marriage-date exclusion applied","False"
"potential_sibling","andres avalos | lorenza champa","andres avalos","lorenza champa","M431","1905-06-25","wife","female","rosa","avalos","1885-06-29","1885","20","B00243","1890-09-28","Aucara","genaro avalos","avalos","1890-09-22","1890","recorded_birth_year","5","True","True","False","needs_review","same_named_parent_pair and child/spouse timing within professor-approved ±15-year window; no marriage-date exclusion applied","False"
"potential_sibling","andres avalos | lorenza champa","andres avalos","lorenza champa","M431","1905-06-25","wife","female","rosa","avalos","1885-06-29","1885","20","B2010","1888-09-05","Aucará","rosa de vitervo","avalos","","1888","baptism_event_year_fallback","3","True","True","False","needs_review","same_named_parent_pair and child/spouse timing within professor-approved ±15-year window; no marriage-date exclusion applied","False"
"potential_sibling","andres choccehuanca | fermina quispe","andres choccehuanca","fermina quispe","M080","1911-08-20","husband","male","tomas","choccehuanca","1882-08-26","1882","29","B00044","1896-10-04","Pampamarca|santa iglesia viceparroquial","ramon","choccehuanca","1896-09-04","1896","recorded_birth_year","14","True","True","False","needs_review","same_named_parent_pair and child/spouse timing within professor-approved ±15-year window; no marriage-date exclusion applied","False"
"potential_sibling","andres choccehuanca | fermina quispe","andres choccehuanca","fermina quispe","M080","1911-08-20","husband","male","tomas","choccehuanca","1882-08-26","1882","29","B00536","1892-07-21","Aucara","berna choccehuanca","choccehuanca","1892-06-21","1892","recorded_birth_year","10","True","True","False","needs_review","same_named_parent_pair and child/spouse timing within professor-approved ±15-year window; no marriage-date exclusion applied","False"
"potential_sibling","andres choccehuanca | fermina quispe","andres choccehuanca","fermina quispe","M080","1911-08-20","husband","male","tomas","choccehuanca","1882-08-26","1882","29","B01183","1896-03-07","Pampamarca|santa iglesia viceparroquial","octavia choccehuanca","choccehuanca","1896-02-01","1896","recorded_birth_year","14","True","True","False","needs_review","same_named_parent_pair and child/spouse timing within professor-approved ±15-year window; no marriage-date exclusion applied","False"
"potential_sibling","andres echaccaya | josefa ccanto","andres echaccaya","josefa ccanto","M067","1910-08-20","husband","male","patricio","echaccaya","1885-08-25","1885","25","B1880","1887-11-05","Iglesia de Aucará","lucila","echaccaya","1887-10-30","1887","recorded_birth_year","2","True","True","False","needs_review","same_named_parent_pair and child/spouse timing within professor-approved ±15-year window; no marriage-date exclusion applied","False"
"potential_sibling","andres huamani | eustaquia palomino","andres huamani","eustaquia palomino","M139","1913-09-08","wife","female","dorotea","huamani","1894-09-12","1894","19","B00046","1896-10-05","Pampamarca|santa iglesia viceparroquial","francisca","huamani","1896-10-05","1896","recorded_birth_year","2","True","True","False","needs_review","same_named_parent_pair and child/spouse timing within professor-approved ±15-year window; no marriage-date exclusion applied","False"
"potential_sibling","andres huamani | eustaquia palomino","andres huamani","eustaquia palomino","M139","1913-09-08","wife","female","dorotea","huamani","1894-09-12","1894","19","B00386","1902-06-06","Cabana","benedicta","huamani","1902-05-07","1902","recorded_birth_year","8","True","True","False","needs_review","same_named_parent_pair and child/spouse timing within professor-approved ±15-year window; no marriage-date exclusion applied","False"
"potential_sibling","andres huamani | eustaquia palomino","andres huamani","eustaquia palomino","M139","1913-09-08","wife","female","dorotea","huamani","1894-09-12","1894","19","B00453","1892-02-23","Aucara","doroteo huamani","huamani","1892-02-15","1892","recorded_birth_year","2","True","True","False","needs_review","same_named_parent_pair and child/spouse timing within professor-approved ±15-year window; no marriage-date exclusion applied","False"
"potential_sibling","andres huamani | eustaquia palomino","andres huamani","eustaquia palomino","M139","1913-09-08","wife","female","dorotea","huamani","1894-09-12","1894","19","B00747","1893-12-01","Aucara","valerio huamaní","huamaní","1893-11-23","1893","recorded_birth_year","1","True","True","False","needs_review","same_named_parent_pair and child/spouse timing within professor-approved ±15-year window; no marriage-date exclusion applied","False"
"potential_sibling","andres huamani | eustaquia palomino","andres huamani","eustaquia palomino","M139","1913-09-08","wife","female","dorotea","huamani","1894-09-12","1894","19","B1549","1883-09-23","Pueblo de Aucará","teda","huamani","1883-09-22","1883","recorded_birth_year","11","True","True","False","needs_review","same_named_parent_pair and child/spouse timing within professor-approved ±15-year window; no marriage-date exclusion applied","False"
"potential_sibling","andres huamani | eustaquia palomino","andres huamani","eustaquia palomino","M273","1918-09-19","husband","male","valentin","huamani","1893-09-24","1893","25","B00046","1896-10-05","Pampamarca|santa iglesia viceparroquial","francisca","huamani","1896-10-05","1896","recorded_birth_year","3","True","True","False","needs_review","same_named_parent_pair and child/spouse timing within professor-approved ±15-year window; no marriage-date exclusion applied","False"
"potential_sibling","andres huamani | eustaquia palomino","andres huamani","eustaquia palomino","M273","1918-09-19","husband","male","valentin","huamani","1893-09-24","1893","25","B00386","1902-06-06","Cabana","benedicta","huamani","1902-05-07","1902","recorded_birth_year","9","True","True","False","needs_review","same_named_parent_pair and child/spouse timing within professor-approved ±15-year window; no marriage-date exclusion applied","False"
"potential_sibling","andres huamani | eustaquia palomino","andres huamani","eustaquia palomino","M273","1918-09-19","husband","male","valentin","huamani","1893-09-24","1893","25","B00453","1892-02-23","Aucara","doroteo huamani","huamani","1892-02-15","1892","recorded_birth_year","1","True","True","False","needs_review","same_named_parent_pair and child/spouse timing within professor-approved ±15-year window; no marriage-date exclusion applied","False"
"potential_sibling","andres huamani | eustaquia palomino","andres huamani","eustaquia palomino","M273","1918-09-19","husband","male","valentin","huamani","1893-09-24","1893","25","B00747","1893-12-01","Aucara","valerio huamaní","huamaní","1893-11-23","1893","recorded_birth_year","0","True","True","False","needs_review","same_named_parent_pair and child/spouse timing within professor-approved ±15-year window; no marriage-date exclusion applied","False"
"potential_sibling","andres huamani | eustaquia palomino","andres huamani","eustaquia palomino","M273","1918-09-19","husband","male","valentin","huamani","1893-09-24","1893","25","B1549","1883-09-23","Pueblo de Aucará","teda","huamani","1883-09-22","1883","recorded_birth_year","10","True","True","False","needs_review","same_named_parent_pair and child/spouse timing within professor-approved ±15-year window; no marriage-date exclusion applied","False"
"potential_sibling","andres palomino | benita cucho","andres palomino","benita cucho","M145","1913-09-26","husband","male","fausto","palomino","1893-09-30","1893","20","B00597","1893-01-15","Aucara","luciano palomino","palomino","1893-01-07","1893","recorded_birth_year","0","True","True","False","needs_review","same_named_parent_pair and child/spouse timing within professor-approved ±15-year window; no marriage-date exclusion applied","False"
"potential_sibling","antonio guillen | faustina bustillos","antonio guillen","faustina bustillos","M185","1914-09-28","wife","female","francisca","guillen","1896-10-01","1896","18","B00330","1902-01-13","Aucara","julia guillen","guillen","1902-01-10","1902","recorded_birth_year","6","True","True","True","needs_review","same_named_parent_pair and child/spouse timing within professor-approved ±15-year window; no marriage-date exclusion applied","False"
"potential_sibling","antonio guillen | faustina bustillos","antonio guillen","faustina bustillos","M185","1914-09-28","wife","female","francisca","guillen","1896-10-01","1896","18","B00902","1894-10-17","Aucara","calisto fortunato guillen","guillen","","1894","baptism_event_year_fallback","2","True","True","True","needs_review","same_named_parent_pair and child/spouse timing within professor-approved ±15-year window; no marriage-date exclusion applied","False"
"potential_sibling","antonio guillen | faustina bustillos","antonio guillen","faustina bustillos","M185","1914-09-28","wife","female","francisca","guillen","1896-10-01","1896","18","B2035","1888-11-10","Aucará","florinda","guillen","1888-11-07","1888","recorded_birth_year","8","True","True","True","needs_review","same_named_parent_pair and child/spouse timing within professor-approved ±15-year window; no marriage-date exclusion applied","False"
"potential_sibling","antonio guillen | faustina bustillos","antonio guillen","faustina bustillos","M290","1901-08-10","wife","female","matiaza","guillen","1876-08-15","1876","25","B2035","1888-11-10","Aucará","florinda","guillen","1888-11-07","1888","recorded_birth_year","12","True","True","True","needs_review","same_named_parent_pair and child/spouse timing within professor-approved ±15-year window; no marriage-date exclusion applied","False"
"potential_sibling","antonio guillen | faustina bustillos","antonio guillen","faustina bustillos","M485","1907-10-14","husband","male","urbano","guillen","1878-10-20","1878","29","B2035","1888-11-10","Aucará","florinda","guillen","1888-11-07","1888","recorded_birth_year","10","True","True","True","needs_review","same_named_parent_pair and child/spouse timing within professor-approved ±15-year window; no marriage-date exclusion applied","False"
"potential_sibling","apolinario mancco | pascuala quispe","apolinario mancco","pascuala quispe","M319","1919-10-08","husband","male","faustino","mancco","1899-10-12","1899","20","B00958","1895-02-05","Aucara","andres corcino mancco","mancco","1895-02-03","1895","recorded_birth_year","4","True","True","False","needs_review","same_named_parent_pair and child/spouse timing within professor-approved ±15-year window; no marriage-date exclusion applied","False"
"potential_sibling","apolinario mancco | pascuala quispe","apolinario mancco","pascuala quispe","M319","1919-10-08","husband","male","faustino","mancco","1899-10-12","1899","20","B01173","1896-02-28","Pampamarca|santa iglesia viceparroquial","cesario mancco","mancco","1896-02-24","1896","recorded_birth_year","3","True","True","False","needs_review","same_named_parent_pair and child/spouse timing within professor-approved ±15-year window; no marriage-date exclusion applied","False"
"potential_sibling","asencio condori | petronila huallpatuero","asencio condori","petronila huallpatuero","M277","1918-10-18","wife","female","marcela","condori","1898-10-22","1898","20","B1992","1888-07-20","Pampamarca","santiago","condori","1888-07-14","1888","recorded_birth_year","10","True","True","False","needs_review","same_named_parent_pair and child/spouse timing within professor-approved ±15-year window; no marriage-date exclusion applied","False"
"potential_sibling","asunto marcacusco | victoria gavilan","asunto marcacusco","victoria gavilan","M476","1907-07-10","wife","female","clara","marcacusco","1882-07-15","1882","25","B00322","1891-06-02","Aucara","marselino marcacusco","marcacusco","1891-05-31","1891","recorded_birth_year","9","True","True","True","needs_review","same_named_parent_pair and child/spouse timing within professor-approved ±15-year window; no marriage-date exclusion applied","False"
"potential_sibling","barbaron espinosa | rafaela medina","barbaron espinosa","rafaela medina","M476","1907-07-10","husband","male","santos","espinosa","1879-07-16","1879","28","B00108","1889-11-02","Aucara","pedro pascual espinosa","espinosa","1889-10-23","1889","recorded_birth_year","10","True","True","True","needs_review","same_named_parent_pair and child/spouse timing within professor-approved ±15-year window; no marriage-date exclusion applied","False"
"potential_sibling","barbaron espinosa | rafaela medina","barbaron espinosa","rafaela medina","M476","1907-07-10","husband","male","santos","espinosa","1879-07-16","1879","28","B2016","1888-09-21","Aucará","eustaquio","espinosa","","1888","baptism_event_year_fallback","9","True","True","True","needs_review","same_named_parent_pair and child/spouse timing within professor-approved ±15-year window; no marriage-date exclusion applied","False"
"potential_sibling","bartolome ccanto | nieves vega","bartolome ccanto","nieves vega","M195","1915-01-23","wife","female","andrea","ccanto","1899-01-26","1899","16","B00232","1901-07-17","Pampamarca","maximiliano ccanto","ccanto","1901-06-17","1901","recorded_birth_year","2","True","True","False","needs_review","same_named_parent_pair and child/spouse timing within professor-approved ±15-year window; no marriage-date exclusion applied","False"
"potential_sibling","bartolome ccanto | nieves vega","bartolome ccanto","nieves vega","M349","1920-07-20","husband","male","emilio","ccanto","1896-07-25","1896","24","B00232","1901-07-17","Pampamarca","maximiliano ccanto","ccanto","1901-06-17","1901","recorded_birth_year","5","True","True","False","needs_review","same_named_parent_pair and child/spouse timing within professor-approved ±15-year window; no marriage-date exclusion applied","False"
"potential_sibling","bartolome ccoillo | simona urbano","bartolome ccoillo","simona urbano","M289","1882-07-31","wife","female","petrona","ccoillo","1864-08-04","1864","18","B0488","1856-02-06","Aucará","tomasa","ccoillo","","1856","baptism_event_year_fallback","8","True","True","True","needs_review","same_named_parent_pair and child/spouse timing within professor-approved ±15-year window; no marriage-date exclusion applied","False"
"potential_sibling","bartolome guillen | jacinta vellido","bartolome guillen","jacinta vellido","M171","1914-06-15","husband","male","silvestre","guillen","1892-06-19","1892","22","B1949","1888-04-20","Aucará","ines","guillen","","1888","baptism_event_year_fallback","4","True","True","True","needs_review","same_named_parent_pair and child/spouse timing within professor-approved ±15-year window; no marriage-date exclusion applied","False"
"potential_sibling","bartolome guillen | jacinta vellido","bartolome guillen","jacinta vellido","M295","1919-06-26","husband","male","tomás","guillén","1899-06-30","1899","20","B1949","1888-04-20","Aucará","ines","guillen","","1888","baptism_event_year_fallback","11","True","True","False","needs_review","same_named_parent_pair and child/spouse timing within professor-approved ±15-year window; no marriage-date exclusion applied","False"
"potential_sibling","benito osorio | rosalia mejia","benito osorio","rosalia mejia","M331","1920-02-12","wife","female","maría santos","osorio","1901-02-16","1901","19","B00504","1892-05-21","Aucara","patrocinio osorio","osorio","1892-05-11","1892","recorded_birth_year","9","True","True","True","needs_review","same_named_parent_pair and child/spouse timing within professor-approved ±15-year window; no marriage-date exclusion applied","False"
"potential_sibling","benito serrano | manuela quispe","benito serrano","manuela quispe","M280","1880-10-29","husband","male","marcos","serrano","1852-11-05","1852","28","B0813","1866-08-11","Aucará","toribio","serrano","1866-08-06","1866","recorded_birth_year","14","True","True","True","needs_review","same_named_parent_pair and child/spouse timing within professor-approved ±15-year window; no marriage-date exclusion applied","False"
"potential_sibling","blas ynca | bartola huarcaya","blas ynca","bartola huarcaya","M205","1915-12-10","husband","male","yenon","ynca","1896-12-13","1896","19","B00130","1899-02-06","Aucara","ygnacio","ynca","1899-02-06","1899","recorded_birth_year","3","True","True","True","needs_review","same_named_parent_pair and child/spouse timing within professor-approved ±15-year window; no marriage-date exclusion applied","False"
"potential_sibling","blas ynca | bartola huarcaya","blas ynca","bartola huarcaya","M205","1915-12-10","husband","male","yenon","ynca","1896-12-13","1896","19","B00419","1891-12-24","Aucara","nicolas ynca","ynca","1891-12-24","1891","recorded_birth_year","5","True","True","True","needs_review","same_named_parent_pair and child/spouse timing within professor-approved ±15-year window; no marriage-date exclusion applied","False"
"potential_sibling","blas ynca | bartola huarcaya","blas ynca","bartola huarcaya","M205","1915-12-10","husband","male","yenon","ynca","1896-12-13","1896","19","B00837","1894-04-16","Aucara","máximo ynca","ynca","1894-04-11","1894","recorded_birth_year","2","True","True","True","needs_review","same_named_parent_pair and child/spouse timing within professor-approved ±15-year window; no marriage-date exclusion applied","False"
"potential_sibling","bruno huamani | manuela cupi","bruno huamani","manuela cupi","M442","1906-02-07","wife","female","reymunda","huamani","1878-02-13","1878","28","B1429","1882-09-06","","faustina","huamani","1882-09-05","1882","recorded_birth_year","4","True","True","False","needs_review","same_named_parent_pair and child/spouse timing within professor-approved ±15-year window; no marriage-date exclusion applied","False"
"potential_sibling","calisto llamocca | ysabel tito","calisto llamocca","ysabel tito","M240","1876-10-12","wife","female","damiana","llamocca","1856-10-17","1856","20","B1067","1869-02-01","Aucará","eusevia","llamocca","1869-01-02","1869","recorded_birth_year","13","True","True","True","needs_review","same_named_parent_pair and child/spouse timing within professor-approved ±15-year window; no marriage-date exclusion applied","False"
"potential_sibling","calisto llamocca | ysabel tito","calisto llamocca","ysabel tito","M240","1876-10-12","wife","female","damiana","llamocca","1856-10-17","1856","20","B1145","1870-01-01","Aucará","santona","llamocca","1869-12-29","1869","recorded_birth_year","13","True","True","True","needs_review","same_named_parent_pair and child/spouse timing within professor-approved ±15-year window; no marriage-date exclusion applied","False"
"potential_sibling","carlos ayme | paula polanco","carlos ayme","paula polanco","M125","1913-05-05","wife","female","luisa","ayme","1895-05-09","1895","18","B00869","1894-08-05","Pampamarca","nieves ayme","ayme","1894-08-04","1894","recorded_birth_year","1","True","True","True","needs_review","same_named_parent_pair and child/spouse timing within professor-approved ±15-year window; no marriage-date exclusion applied","False"
"potential_sibling","casimiro sanches | hilaria llamocca","casimiro sanches","hilaria llamocca","M472","1906-10-21","wife","female","petronila","sanches","1886-10-25","1886","20","B1803","1886-02-02","Pueblo de Aucará","maria candelaria","sanches","","1886","baptism_event_year_fallback","0","True","True","False","needs_review","same_named_parent_pair and child/spouse timing within professor-approved ±15-year window; no marriage-date exclusion applied","False"
"potential_sibling","climaco caballero | eduarda ccoillo","climaco caballero","eduarda ccoillo","M111","1912-09-09","wife","female","emilia","caballero","1894-09-13","1894","18","B00148","1899-09-02","Aucara","sabino","caballero","1899-08-29","1899","recorded_birth_year","5","True","True","True","needs_review","same_named_parent_pair and child/spouse timing within professor-approved ±15-year window; no marriage-date exclusion applied","False"
"potential_sibling","corpus javier | leandra huallpatuero","corpus javier","leandra huallpatuero","M191","1914-10-28","wife","female","lucia","javier","1892-11-01","1892","22","B00483","1892-04-29","Aucara","epifania javier","javier","1892-02-29","1892","recorded_birth_year","0","True","True","False","needs_review","same_named_parent_pair and child/spouse timing within professor-approved ±15-year window; no marriage-date exclusion applied","False"
"potential_sibling","corpus javier | leandra huallpatuero","corpus javier","leandra huallpatuero","M219","1916-12-21","wife","female","matilde","javier","1898-12-25","1898","18","B00483","1892-04-29","Aucara","epifania javier","javier","1892-02-29","1892","recorded_birth_year","6","True","True","False","needs_review","same_named_parent_pair and child/spouse timing within professor-approved ±15-year window; no marriage-date exclusion applied","False"
"potential_sibling","crisostomo llamocca | manuela polanco","crisostomo llamocca","manuela polanco","M007","1908-08-20","wife","female","emilia","llamocca","1882-08-26","1882","26","B00045","1889-03-31","Aucara","francisco llamocca","llamocca","1889-03-09","1889","recorded_birth_year","7","True","True","False","needs_review","same_named_parent_pair and child/spouse timing within professor-approved ±15-year window; no marriage-date exclusion applied","False"
"potential_sibling","damian chinchay | bentura ramos","damian chinchay","bentura ramos","M396","1904-08-21","wife","female","rufina","chinchay","1878-08-27","1878","26","B1718","1884-12-15","Pueblo de Aucará","eusebia","chinchay","1884-12-14","1884","recorded_birth_year","6","True","True","False","needs_review","same_named_parent_pair and child/spouse timing within professor-approved ±15-year window; no marriage-date exclusion applied","False"
"potential_sibling","damian chinchay | lorenza vivanco","damian chinchay","lorenza vivanco","M077","1911-02-05","husband","male","abdon","chinchay","1887-02-10","1887","24","B00139","1889-12-27","Aucara","estefa chinchay","chinchay","1889-12-27","1889","recorded_birth_year","2","True","True","True","needs_review","same_named_parent_pair and child/spouse timing within professor-approved ±15-year window; no marriage-date exclusion applied","False"
"potential_sibling","damian chinchay | lorenza vivanco","damian chinchay","lorenza vivanco","M077","1911-02-05","husband","male","abdon","chinchay","1887-02-10","1887","24","B1828","1887-08-04","Pueblo de Aucará","pedro advincula","chinchay","1887-08-01","1887","recorded_birth_year","0","True","True","False","needs_review","same_named_parent_pair and child/spouse timing within professor-approved ±15-year window; no marriage-date exclusion applied","False"
"potential_sibling","daniel romero | juana huamani","daniel romero","juana huamani","M149","1913-10-09","wife","female","teodocia","romero","1891-10-14","1891","22","B00095","1897-05-14","Aucara","sofia","romero","1897-04-30","1897","recorded_birth_year","6","True","True","True","needs_review","same_named_parent_pair and child/spouse timing within professor-approved ±15-year window; no marriage-date exclusion applied","False"
"potential_sibling","daniel romero | juana huamani","daniel romero","juana huamani","M149","1913-10-09","wife","female","teodocia","romero","1891-10-14","1891","22","B00131","1899-02-08","Aucara","manuel jesus","romero","1899-01-09","1899","recorded_birth_year","8","True","True","True","needs_review","same_named_parent_pair and child/spouse timing within professor-approved ±15-year window; no marriage-date exclusion applied","False"
"potential_sibling","daniel romero | juana huamani","daniel romero","juana huamani","M149","1913-10-09","wife","female","teodocia","romero","1891-10-14","1891","22","B01008","1895-05-19","Aucara","victoria pudenciana romero","romero","1895-04-30","1895","recorded_birth_year","4","True","True","True","needs_review","same_named_parent_pair and child/spouse timing within professor-approved ±15-year window; no marriage-date exclusion applied","False"
"potential_sibling","daniel romero | juana huamani","daniel romero","juana huamani","M149","1913-10-09","wife","female","teodocia","romero","1891-10-14","1891","22","B1575","1883-12-26","Pueblo de Aucará","estevan","romero","1883-12-25","1883","recorded_birth_year","8","True","True","False","needs_review","same_named_parent_pair and child/spouse timing within professor-approved ±15-year window; no marriage-date exclusion applied","False"
"potential_sibling","daniel romero | juana huamani","daniel romero","juana huamani","M149","1913-10-09","wife","female","teodocia","romero","1891-10-14","1891","22","B1827","1887-08-03","Pueblo de Aucará","anjela","romero","","1887","baptism_event_year_fallback","4","True","True","False","needs_review","same_named_parent_pair and child/spouse timing within professor-approved ±15-year window; no marriage-date exclusion applied","False"
"potential_sibling","daniel romero | juana huamani","daniel romero","juana huamani","M205","1915-12-10","wife","female","sofia","romero","1899-12-13","1899","16","B00131","1899-02-08","Aucara","manuel jesus","romero","1899-01-09","1899","recorded_birth_year","0","True","True","True","needs_review","same_named_parent_pair and child/spouse timing within professor-approved ±15-year window; no marriage-date exclusion applied","False"
"potential_sibling","daniel romero | juana huamani","daniel romero","juana huamani","M205","1915-12-10","wife","female","sofia","romero","1899-12-13","1899","16","B01008","1895-05-19","Aucara","victoria pudenciana romero","romero","1895-04-30","1895","recorded_birth_year","4","True","True","True","needs_review","same_named_parent_pair and child/spouse timing within professor-approved ±15-year window; no marriage-date exclusion applied","False"
"potential_sibling","daniel romero | juana huamani","daniel romero","juana huamani","M205","1915-12-10","wife","female","sofia","romero","1899-12-13","1899","16","B1827","1887-08-03","Pueblo de Aucará","anjela","romero","","1887","baptism_event_year_fallback","12","True","True","False","needs_review","same_named_parent_pair and child/spouse timing within professor-approved ±15-year window; no marriage-date exclusion applied","False"
"potential_sibling","diego aime | ana sanchez","diego aime","ana sanchez","M004","1908-08-03","wife","female","ursula","aime","1890-08-07","1890","18","B00773","1894-02-02","Aucara","maria concepción","aime","1893-12-09","1893","recorded_birth_year","3","True","True","True","needs_review","same_named_parent_pair and child/spouse timing within professor-approved ±15-year window; no marriage-date exclusion applied","False"
"potential_sibling","diego cucho | matiasa quispe","diego cucho","matiasa quispe","M022","1908-10-11","husband","male","doroteo","cucho","1880-10-17","1880","28","B00100","1889-10-04","Aucara","natividad cucho","cucho","1889-09-04","1889","recorded_birth_year","9","True","True","True","needs_review","same_named_parent_pair and child/spouse timing within professor-approved ±15-year window; no marriage-date exclusion applied","False"
"potential_sibling","diego tito | juana ramos","diego tito","juana ramos","M075","1890-07-25","husband","male","mariano","tito","1864-07-31","1864","26","B0654","1864-05-06","Aucará","juana tito","tito","1864-05-05","1864","recorded_birth_year","0","True","True","False","needs_review","same_named_parent_pair and child/spouse timing within professor-approved ±15-year window; no marriage-date exclusion applied","False"
"potential_sibling","diego tito | juana ramos","diego tito","juana ramos","M075","1890-07-25","husband","male","mariano","tito","1864-07-31","1864","26","B0994","1868-07-20","Aucará","felipe","tito","1868-06-20","1868","recorded_birth_year","4","True","True","False","needs_review","same_named_parent_pair and child/spouse timing within professor-approved ±15-year window; no marriage-date exclusion applied","False"
"potential_sibling","diego tito | juana ramos","diego tito","juana ramos","M075","1890-07-25","husband","male","mariano","tito","1864-07-31","1864","26","B1235","1870-12-25","Aucará","leocadia","tito","1870-12-16","1870","recorded_birth_year","6","True","True","False","needs_review","same_named_parent_pair and child/spouse timing within professor-approved ±15-year window; no marriage-date exclusion applied","False"
"potential_sibling","domingo asto | valentina lopez","domingo asto","valentina lopez","M410","1904-10-16","wife","female","felipa","asto","1882-10-21","1882","22","B00097","1889-09-30","Aucara","jerónima asto","asto","1889-09-14","1889","recorded_birth_year","7","True","True","True","needs_review","same_named_parent_pair and child/spouse timing within professor-approved ±15-year window; no marriage-date exclusion applied","False"
"potential_sibling","domingo avalos | juliana cucho","domingo avalos","juliana cucho","M284","1880-11-20","wife","female","juana","cucho","1864-11-24","1864","16","B0219","1850-09-15","Aucará","venancia","avalos","1850-09-07","1850","recorded_birth_year","14","True","True","True","needs_review","same_named_parent_pair and child/spouse timing within professor-approved ±15-year window; no marriage-date exclusion applied","False"
"potential_sibling","domingo llamocca | petrona chinchay","domingo llamocca","petrona chinchay","M020","1908-10-08","wife","female","florinda","llamocca","1882-10-14","1882","26","B1820","1886-03-05","Pueblo de Aucará","francisca","llamocca","1885-12-05","1885","recorded_birth_year","3","True","True","False","needs_review","same_named_parent_pair and child/spouse timing within professor-approved ±15-year window; no marriage-date exclusion applied","False"
"potential_sibling","domingo llamocca | petrona chinchay","domingo llamocca","petrona chinchay","M028","1909-05-03","wife","female","dionisia","llamocca","1880-05-09","1880","29","B1820","1886-03-05","Pueblo de Aucará","francisca","llamocca","1885-12-05","1885","recorded_birth_year","5","True","True","False","needs_review","same_named_parent_pair and child/spouse timing within professor-approved ±15-year window; no marriage-date exclusion applied","False"
"potential_sibling","domingo llamocca | petronila chinchay","domingo llamocca","petronila chinchay","M375","1921-02-16","wife","female","benigna","llamocca","1901-02-21","1901","20","B00096","1889-09-28","Aucara","miguel llamocca","llamocca","1889-09-06","1889","recorded_birth_year","12","True","True","False","needs_review","same_named_parent_pair and child/spouse timing within professor-approved ±15-year window; no marriage-date exclusion applied","False"
"potential_sibling","doroteo huarcaya | eusebia tueros","doroteo huarcaya","eusebia tueros","M181","1914-08-22","husband","male","doroteo","huarcaya","1891-08-27","1891","23","B1676","1884-08-11","Pueblo de Aucará","pedro","huarcaya","1884-08-10","1884","recorded_birth_year","7","True","True","False","needs_review","same_named_parent_pair and child/spouse timing within professor-approved ±15-year window; no marriage-date exclusion applied","False"
"potential_sibling","estanislao quispe | rofina llamocca","estanislao quispe","rofina llamocca","M052","1909-07-26","husband","male","antonio","quispe","1883-08-01","1883","26","B1518","1883-05-06","","juan","quispe","1883-02-05","1883","recorded_birth_year","0","True","True","False","needs_review","same_named_parent_pair and child/spouse timing within professor-approved ±15-year window; no marriage-date exclusion applied","False"
"potential_sibling","estanislao quispe | rofina llamocca","estanislao quispe","rofina llamocca","M052","1909-07-26","husband","male","antonio","quispe","1883-08-01","1883","26","B1534","1883-07-18","Viceparroquia de Pampamarca","maria carmen","quispe","1883-07-10","1883","recorded_birth_year","0","True","True","False","needs_review","same_named_parent_pair and child/spouse timing within professor-approved ±15-year window; no marriage-date exclusion applied","False"
"potential_sibling","esteban ramos | josefa chinchay","esteban ramos","josefa chinchay","M061","1910-07-14","wife","female","patrocinia","ramos","1888-07-18","1888","22","B00515","1892-05-29","Aucara","marsela ramos","ramos","1892-05-13","1892","recorded_birth_year","4","True","True","False","needs_review","same_named_parent_pair and child/spouse timing within professor-approved ±15-year window; no marriage-date exclusion applied","False"
"potential_sibling","esteban ramos | josefa chinchay","esteban ramos","josefa chinchay","M061","1910-07-14","wife","female","patrocinia","ramos","1888-07-18","1888","22","B1751","1885-04-06","Pueblo de Aucará","manuela","ramos","1885-04-03","1885","recorded_birth_year","3","True","True","False","needs_review","same_named_parent_pair and child/spouse timing within professor-approved ±15-year window; no marriage-date exclusion applied","False"
"potential_sibling","esteban urbano | maria ccoyllo","esteban urbano","maria ccoyllo","M064","1910-08-18","husband","male","casimiro","urbano","1884-08-23","1884","26","B1722","1884-12-30","Pueblo de Aucará","josefa","urbano","1884-12-23","1884","recorded_birth_year","0","True","True","False","needs_review","same_named_parent_pair and child/spouse timing within professor-approved ±15-year window; no marriage-date exclusion applied","False"
"potential_sibling","esteban vega | atanacia urbano","esteban vega","atanacia urbano","M125","1913-05-05","husband","male","mauricio","vega","1892-05-09","1892","21","B01001","1895-05-25","Pampamarca|santa iglesia viceparroquial","segundo urbano vega","vega","1895-05-15","1895","recorded_birth_year","3","True","True","False","needs_review","same_named_parent_pair and child/spouse timing within professor-approved ±15-year window; no marriage-date exclusion applied","False"
"potential_sibling","estevan ramos | josefa chinchay","estevan ramos","josefa chinchay","M435","1905-07-27","wife","female","espirita","ramos","1882-08-01","1882","23","B00933","1894-11-25","Aucara","jacinta ramos","ramos","1894-11-19","1894","recorded_birth_year","12","True","True","True","needs_review","same_named_parent_pair and child/spouse timing within professor-approved ±15-year window; no marriage-date exclusion applied","False"
"potential_sibling","eusebio sanches | matiasa barrientos","eusebio sanches","matiasa barrientos","M291","1882-08-11","husband","male","crisóstomo","sanches","1857-08-17","1857","25","B1056","1868-12-08","Aucará","bacilia","sanches","1868-11-23","1868","recorded_birth_year","11","True","True","True","needs_review","same_named_parent_pair and child/spouse timing within professor-approved ±15-year window; no marriage-date exclusion applied","False"
"potential_sibling","eusebio sanchez | damiana fernandez","eusebio sanchez","damiana fernandez","M248","1918-07-07","wife","female","sofia","sanchez","1890-07-13","1890","28","B1946","1888-04-16","Aucará","maria ccofas","sanchez","1888-04-08","1888","recorded_birth_year","2","True","True","True","needs_review","same_named_parent_pair and child/spouse timing within professor-approved ±15-year window; no marriage-date exclusion applied","False"
"potential_sibling","eusebio sanchez | damiana fernandez","eusebio sanchez","damiana fernandez","M262","1918-07-12","wife","female","leocadia","sanchez","1892-07-17","1892","26","B1946","1888-04-16","Aucará","maria ccofas","sanchez","1888-04-08","1888","recorded_birth_year","4","True","True","True","needs_review","same_named_parent_pair and child/spouse timing within professor-approved ±15-year window; no marriage-date exclusion applied","False"
"potential_sibling","eusebio sanchez | damiana fernandez","eusebio sanchez","damiana fernandez","M299","1901-09-07","wife","female","salomé","sanchez","1881-09-11","1881","20","B1946","1888-04-16","Aucará","maria ccofas","sanchez","1888-04-08","1888","recorded_birth_year","7","True","True","False","needs_review","same_named_parent_pair and child/spouse timing within professor-approved ±15-year window; no marriage-date exclusion applied","False"
"potential_sibling","felipe cuevas | feliciana cucho","felipe cuevas","feliciana cucho","M109","1912-09-06","husband","male","vicente","cuevas","1892-09-10","1892","20","B00146","1899-08-04","Aucara","luis","cuevas","1899-07-30","1899","recorded_birth_year","7","True","True","True","needs_review","same_named_parent_pair and child/spouse timing within professor-approved ±15-year window; no marriage-date exclusion applied","False"
"potential_sibling","felipe cuevas | feliciana cucho","felipe cuevas","feliciana cucho","M109","1912-09-06","husband","male","vicente","cuevas","1892-09-10","1892","20","B00679","1893-07-25","Aucara","visente cuevas","cuevas","1893-07-18","1893","recorded_birth_year","1","True","True","True","needs_review","same_named_parent_pair and child/spouse timing within professor-approved ±15-year window; no marriage-date exclusion applied","False"
"potential_sibling","felipe cuevas | feliciana cucho","felipe cuevas","feliciana cucho","M172","1914-06-30","wife","female","beatriz","cuevas","1895-07-04","1895","19","B00146","1899-08-04","Aucara","luis","cuevas","1899-07-30","1899","recorded_birth_year","4","True","True","False","needs_review","same_named_parent_pair and child/spouse timing within professor-approved ±15-year window; no marriage-date exclusion applied","False"
"potential_sibling","felipe cuevas | feliciana cucho","felipe cuevas","feliciana cucho","M172","1914-06-30","wife","female","beatriz","cuevas","1895-07-04","1895","19","B00679","1893-07-25","Aucara","visente cuevas","cuevas","1893-07-18","1893","recorded_birth_year","2","True","True","False","needs_review","same_named_parent_pair and child/spouse timing within professor-approved ±15-year window; no marriage-date exclusion applied","False"
"potential_sibling","felipe cuevas | feliciana cucho","felipe cuevas","feliciana cucho","M340","1920-06-06","husband","male","luis","cuevas","1900-06-11","1900","20","B00679","1893-07-25","Aucara","visente cuevas","cuevas","1893-07-18","1893","recorded_birth_year","7","True","True","True","needs_review","same_named_parent_pair and child/spouse timing within professor-approved ±15-year window; no marriage-date exclusion applied","False"
"potential_sibling","felipe quispe | baleriana ccoillo","felipe quispe","baleriana ccoillo","M100","1912-07-24","wife","female","escolástica","quispe","1892-07-28","1892","20","B01003","1895-05-05","Pampamarca|santa iglesia viceparroquial","benito ricardo quispe","quispe","1895-04-09","1895","recorded_birth_year","3","True","True","False","needs_review","same_named_parent_pair and child/spouse timing within professor-approved ±15-year window; no marriage-date exclusion applied","False"
"potential_sibling","felix ccoillo | juana quispe","felix ccoillo","juana quispe","M177","1914-07-22","husband","male","josé","ccoillo","1894-07-26","1894","20","B00038","1896-09-29","Aucara","micaela","ccoillo","","1896","baptism_event_year_fallback","2","True","True","False","needs_review","same_named_parent_pair and child/spouse timing within professor-approved ±15-year window; no marriage-date exclusion applied","False"
"potential_sibling","felix ccoillo | juana quispe","felix ccoillo","juana quispe","M177","1914-07-22","husband","male","josé","ccoillo","1894-07-26","1894","20","B00176","1890-03-14","Aucara","emilia","ccoillo","1890-02-27","1890","recorded_birth_year","4","True","True","False","needs_review","same_named_parent_pair and child/spouse timing within professor-approved ±15-year window; no marriage-date exclusion applied","False"
"potential_sibling","felix ccoillo | juana quispe","felix ccoillo","juana quispe","M177","1914-07-22","husband","male","josé","ccoillo","1894-07-26","1894","20","B1905","1888-01-01","Aucará","gregorio","ccoillo","1887-12-12","1887","recorded_birth_year","7","True","True","False","needs_review","same_named_parent_pair and child/spouse timing within professor-approved ±15-year window; no marriage-date exclusion applied","False"
"potential_sibling","felix coro | natividad cucho","felix coro","natividad cucho","M397","1904-08-24","wife","female","maria","coro","1885-08-28","1885","19","B00807","1894-03-24","Aucara","domingo","coro","1894-03-17","1894","recorded_birth_year","9","True","True","False","needs_review","same_named_parent_pair and child/spouse timing within professor-approved ±15-year window; no marriage-date exclusion applied","False"
"potential_sibling","felix coro | natividad cucho","felix coro","natividad cucho","M491","1908-01-15","husband","male","josé","coro","1886-01-19","1886","22","B00807","1894-03-24","Aucara","domingo","coro","1894-03-17","1894","recorded_birth_year","8","True","True","False","needs_review","same_named_parent_pair and child/spouse timing within professor-approved ±15-year window; no marriage-date exclusion applied","False"
"potential_sibling","fermin ccochachi | nieves cucho","fermin ccochachi","nieves cucho","M096","1912-06-28","wife","female","leandra","ccochachi","1891-07-03","1891","21","B00181","1890-03-17","Aucara","camilo","ccochachi","1890-03-02","1890","recorded_birth_year","1","True","True","False","needs_review","same_named_parent_pair and child/spouse timing within professor-approved ±15-year window; no marriage-date exclusion applied","False"
"potential_sibling","fermin ccochachi | nieves cucho","fermin ccochachi","nieves cucho","M139","1913-09-08","husband","male","mariano","ccochachi","1891-09-13","1891","22","B00181","1890-03-17","Aucara","camilo","ccochachi","1890-03-02","1890","recorded_birth_year","1","True","True","False","needs_review","same_named_parent_pair and child/spouse timing within professor-approved ±15-year window; no marriage-date exclusion applied","False"
"potential_sibling","fermin ccochachi | nieves cucho","fermin ccochachi","nieves cucho","M233","1917-10-28","husband","male","lorenzo","ccochachi","1897-11-01","1897","20","B00181","1890-03-17","Aucara","camilo","ccochachi","1890-03-02","1890","recorded_birth_year","7","True","True","False","needs_review","same_named_parent_pair and child/spouse timing within professor-approved ±15-year window; no marriage-date exclusion applied","False"
"potential_sibling","fermin ccochachi | nieves cucho","fermin ccochachi","nieves cucho","M270","1918-08-28","wife","female","serafina","ccochachi","1900-09-01","1900","18","B00181","1890-03-17","Aucara","camilo","ccochachi","1890-03-02","1890","recorded_birth_year","10","True","True","False","needs_review","same_named_parent_pair and child/spouse timing within professor-approved ±15-year window; no marriage-date exclusion applied","False"
"potential_sibling","francisco chinchay | jacinta nina","francisco chinchay","jacinta nina","M290","1919-04-26","wife","female","tomasa","chinchay","1900-04-30","1900","19","B00806","1894-03-29","Aucara","octavio","chinchay","1894-03-17","1894","recorded_birth_year","6","True","True","True","needs_review","same_named_parent_pair and child/spouse timing within professor-approved ±15-year window; no marriage-date exclusion applied","False"
"potential_sibling","francisco chinchay | jacinta nina","francisco chinchay","jacinta nina","M290","1919-04-26","wife","female","tomasa","chinchay","1900-04-30","1900","19","B01050","1895-08-30","Aucara","tiburcio chinchay","chinchay","1895-08-09","1895","recorded_birth_year","5","True","True","True","needs_review","same_named_parent_pair and child/spouse timing within professor-approved ±15-year window; no marriage-date exclusion applied","False"
"potential_sibling","francisco chinchay | jacinta nina","francisco chinchay","jacinta nina","M362","1920-08-29","husband","male","tiburcio","chinchay","1895-09-04","1895","25","B00806","1894-03-29","Aucara","octavio","chinchay","1894-03-17","1894","recorded_birth_year","1","True","True","True","needs_review","same_named_parent_pair and child/spouse timing within professor-approved ±15-year window; no marriage-date exclusion applied","False"
"potential_sibling","francisco huallpatuero | gregoria roque","francisco huallpatuero","gregoria roque","M336","1920-02-23","wife","female","vicenta","huallpatuero","1900-02-27","1900","20","B00752","1893-12-08","Aucara","dionicio huallpatuero","huallpatuero","1893-10-31","1893","recorded_birth_year","7","True","True","True","needs_review","same_named_parent_pair and child/spouse timing within professor-approved ±15-year window; no marriage-date exclusion applied","False"
"potential_sibling","francisco mendoza | emerencia romero","francisco mendoza","emerencia romero","M081","1911-08-10","wife","female","remigia","mendoza","1884-08-15","1884","27","B00144","1890-01-04","Aucara","manuel jesus mendosa","mendoza","1890-01-01","1890","recorded_birth_year","6","True","True","True","needs_review","same_named_parent_pair and child/spouse timing within professor-approved ±15-year window; no marriage-date exclusion applied","False"
"potential_sibling","francisco mendoza | emerencia romero","francisco mendoza","emerencia romero","M081","1911-08-10","wife","female","remigia","mendoza","1884-08-15","1884","27","B1426","1882-09-01","Aucará","virginia","mendoza","1882-08-31","1882","recorded_birth_year","2","True","True","True","needs_review","same_named_parent_pair and child/spouse timing within professor-approved ±15-year window; no marriage-date exclusion applied","False"
"potential_sibling","francisco mendoza | emerencia romero","francisco mendoza","emerencia romero","M081","1911-08-10","wife","female","remigia","mendoza","1884-08-15","1884","27","B2002","1888-08-19","Aucará","antonina","mendoza","1888-08-15","1888","recorded_birth_year","4","True","True","True","needs_review","same_named_parent_pair and child/spouse timing within professor-approved ±15-year window; no marriage-date exclusion applied","False"
"potential_sibling","francisco ochoa | martina arango","francisco ochoa","martina arango","M328","1920-01-16","husband","male","patrocinio","ochoa","1895-01-21","1895","25","B00799","1894-03-09","Aucara","juana de dios","ochoa","1894-03-07","1894","recorded_birth_year","1","True","True","True","needs_review","same_named_parent_pair and child/spouse timing within professor-approved ±15-year window; no marriage-date exclusion applied","False"
"potential_sibling","francisco urbano | celedonia ramos","francisco urbano","celedonia ramos","M034","1909-07-21","husband","male","toribio","urbano","1887-07-26","1887","22","B00005","1896-05-08","Pampamarca|santa iglesia viceparroquial","ambrocio","urbano","1896-04-18","1896","recorded_birth_year","9","True","True","False","needs_review","same_named_parent_pair and child/spouse timing within professor-approved ±15-year window; no marriage-date exclusion applied","False"
"potential_sibling","francisco urbano | celedonia ramos","francisco urbano","celedonia ramos","M034","1909-07-21","husband","male","toribio","urbano","1887-07-26","1887","22","B1668","1884-07-18","Pueblo de Aucará","santos","urbano","1884-06-30","1884","recorded_birth_year","3","True","True","False","needs_review","same_named_parent_pair and child/spouse timing within professor-approved ±15-year window; no marriage-date exclusion applied","False"
"potential_sibling","francisco urbano | celedonia ramos","francisco urbano","celedonia ramos","M039","1909-07-26","wife","female","cipriana","urbano","1891-07-30","1891","18","B00005","1896-05-08","Pampamarca|santa iglesia viceparroquial","ambrocio","urbano","1896-04-18","1896","recorded_birth_year","5","True","True","False","needs_review","same_named_parent_pair and child/spouse timing within professor-approved ±15-year window; no marriage-date exclusion applied","False"
"potential_sibling","francisco urbano | celedonia ramos","francisco urbano","celedonia ramos","M039","1909-07-26","wife","female","cipriana","urbano","1891-07-30","1891","18","B1668","1884-07-18","Pueblo de Aucará","santos","urbano","1884-06-30","1884","recorded_birth_year","7","True","True","False","needs_review","same_named_parent_pair and child/spouse timing within professor-approved ±15-year window; no marriage-date exclusion applied","False"
"potential_sibling","francisco urbano | celedonia ramos","francisco urbano","celedonia ramos","M090","1912-03-03","wife","female","jacinta","urbano","1894-03-07","1894","18","B00005","1896-05-08","Pampamarca|santa iglesia viceparroquial","ambrocio","urbano","1896-04-18","1896","recorded_birth_year","2","True","True","False","needs_review","same_named_parent_pair and child/spouse timing within professor-approved ±15-year window; no marriage-date exclusion applied","False"
"potential_sibling","francisco urbano | celedonia ramos","francisco urbano","celedonia ramos","M090","1912-03-03","wife","female","jacinta","urbano","1894-03-07","1894","18","B1668","1884-07-18","Pueblo de Aucará","santos","urbano","1884-06-30","1884","recorded_birth_year","10","True","True","False","needs_review","same_named_parent_pair and child/spouse timing within professor-approved ±15-year window; no marriage-date exclusion applied","False"
"potential_sibling","francisco urbano | celedonia ramos","francisco urbano","celedonia ramos","M237","1918-02-20","husband","male","santos","urbano","1898-02-24","1898","20","B00005","1896-05-08","Pampamarca|santa iglesia viceparroquial","ambrocio","urbano","1896-04-18","1896","recorded_birth_year","2","True","True","False","needs_review","same_named_parent_pair and child/spouse timing within professor-approved ±15-year window; no marriage-date exclusion applied","False"
"potential_sibling","gaspar champa | felipa huamani","gaspar champa","felipa huamani","M045","1909-08-22","wife","female","cipriana","champa","1873-08-30","1873","36","B1057","1868-12-08","Aucará","nicolasa","champa","1868-12-05","1868","recorded_birth_year","5","True","True","False","needs_review","same_named_parent_pair and child/spouse timing within professor-approved ±15-year window; no marriage-date exclusion applied","False"
"potential_sibling","gaspar champa | felipa huamani","gaspar champa","felipa huamani","M045","1909-08-22","wife","female","cipriana","champa","1873-08-30","1873","36","B1541","1883-08-15","Chacralla","mariano","champa","1883-08-12","1883","recorded_birth_year","10","True","True","False","needs_review","same_named_parent_pair and child/spouse timing within professor-approved ±15-year window; no marriage-date exclusion applied","False"
"potential_sibling","gaspar champa | felipa huamani","gaspar champa","felipa huamani","M045","1909-08-22","wife","female","cipriana","champa","1873-08-30","1873","36","B1593","1884-01-30","Chacralla|Aucará","julian","champa","1884-01-27","1884","recorded_birth_year","11","True","True","False","needs_review","same_named_parent_pair and child/spouse timing within professor-approved ±15-year window; no marriage-date exclusion applied","False"
"potential_sibling","gaspar champa | felipa huamani","gaspar champa","felipa huamani","M045","1909-08-22","wife","female","cipriana","champa","1873-08-30","1873","36","B1677","1884-08-20","Pueblo de Aucará","fernanda","champa","1884-08-19","1884","recorded_birth_year","11","True","True","False","needs_review","same_named_parent_pair and child/spouse timing within professor-approved ±15-year window; no marriage-date exclusion applied","False"
"potential_sibling","gaspar champa | felipa huamani","gaspar champa","felipa huamani","M045","1909-08-22","wife","female","cipriana","champa","1873-08-30","1873","36","B1865","1887-09-30","Iglesia de Aucará","sofia","champa","","1887","baptism_event_year_fallback","14","True","True","False","needs_review","same_named_parent_pair and child/spouse timing within professor-approved ±15-year window; no marriage-date exclusion applied","False"
"potential_sibling","gaspar champa | felipa huamani","gaspar champa","felipa huamani","M095","1912-06-26","wife","female","leocadia","champa","1887-07-02","1887","25","B00257","1890-11-07","Aucara","leonarda champa","champa","1890-11-03","1890","recorded_birth_year","3","True","True","False","needs_review","same_named_parent_pair and child/spouse timing within professor-approved ±15-year window; no marriage-date exclusion applied","False"
"potential_sibling","gaspar champa | felipa huamani","gaspar champa","felipa huamani","M095","1912-06-26","wife","female","leocadia","champa","1887-07-02","1887","25","B01106","1895-11-19","Ishua|santa iglesia viceparroquial","diego champa","champa","1895-11-12","1895","recorded_birth_year","8","True","True","False","needs_review","same_named_parent_pair and child/spouse timing within professor-approved ±15-year window; no marriage-date exclusion applied","False"
"potential_sibling","gaspar champa | felipa huamani","gaspar champa","felipa huamani","M095","1912-06-26","wife","female","leocadia","champa","1887-07-02","1887","25","B1541","1883-08-15","Chacralla","mariano","champa","1883-08-12","1883","recorded_birth_year","4","True","True","True","needs_review","same_named_parent_pair and child/spouse timing within professor-approved ±15-year window; no marriage-date exclusion applied","False"
"potential_sibling","gaspar champa | felipa huamani","gaspar champa","felipa huamani","M095","1912-06-26","wife","female","leocadia","champa","1887-07-02","1887","25","B1593","1884-01-30","Chacralla|Aucará","julian","champa","1884-01-27","1884","recorded_birth_year","3","True","True","False","needs_review","same_named_parent_pair and child/spouse timing within professor-approved ±15-year window; no marriage-date exclusion applied","False"
"potential_sibling","gaspar champa | felipa huamani","gaspar champa","felipa huamani","M095","1912-06-26","wife","female","leocadia","champa","1887-07-02","1887","25","B1677","1884-08-20","Pueblo de Aucará","fernanda","champa","1884-08-19","1884","recorded_birth_year","3","True","True","False","needs_review","same_named_parent_pair and child/spouse timing within professor-approved ±15-year window; no marriage-date exclusion applied","False"
"potential_sibling","gaspar champa | felipa huamani","gaspar champa","felipa huamani","M095","1912-06-26","wife","female","leocadia","champa","1887-07-02","1887","25","B1865","1887-09-30","Iglesia de Aucará","sofia","champa","","1887","baptism_event_year_fallback","0","True","True","False","needs_review","same_named_parent_pair and child/spouse timing within professor-approved ±15-year window; no marriage-date exclusion applied","False"
"potential_sibling","gaspar champa | felipa huamani","gaspar champa","felipa huamani","M459","1906-08-28","wife","female","reynalda","champa","1874-09-04","1874","32","B1057","1868-12-08","Aucará","nicolasa","champa","1868-12-05","1868","recorded_birth_year","6","True","True","False","needs_review","same_named_parent_pair and child/spouse timing within professor-approved ±15-year window; no marriage-date exclusion applied","False"
"potential_sibling","gaspar champa | felipa huamani","gaspar champa","felipa huamani","M459","1906-08-28","wife","female","reynalda","champa","1874-09-04","1874","32","B1541","1883-08-15","Chacralla","mariano","champa","1883-08-12","1883","recorded_birth_year","9","True","True","False","needs_review","same_named_parent_pair and child/spouse timing within professor-approved ±15-year window; no marriage-date exclusion applied","False"
"potential_sibling","gaspar champa | felipa huamani","gaspar champa","felipa huamani","M459","1906-08-28","wife","female","reynalda","champa","1874-09-04","1874","32","B1593","1884-01-30","Chacralla|Aucará","julian","champa","1884-01-27","1884","recorded_birth_year","10","True","True","False","needs_review","same_named_parent_pair and child/spouse timing within professor-approved ±15-year window; no marriage-date exclusion applied","False"
"potential_sibling","gaspar champa | felipa huamani","gaspar champa","felipa huamani","M459","1906-08-28","wife","female","reynalda","champa","1874-09-04","1874","32","B1677","1884-08-20","Pueblo de Aucará","fernanda","champa","1884-08-19","1884","recorded_birth_year","10","True","True","False","needs_review","same_named_parent_pair and child/spouse timing within professor-approved ±15-year window; no marriage-date exclusion applied","False"
"potential_sibling","gaspar champa | felipa huamani","gaspar champa","felipa huamani","M459","1906-08-28","wife","female","reynalda","champa","1874-09-04","1874","32","B1865","1887-09-30","Iglesia de Aucará","sofia","champa","","1887","baptism_event_year_fallback","13","True","True","False","needs_review","same_named_parent_pair and child/spouse timing within professor-approved ±15-year window; no marriage-date exclusion applied","False"
"potential_sibling","gaspar champa | felipa huamani","gaspar champa","felipa huamani","M478","1907-08-10","husband","male","crisostomo","champa","1879-08-16","1879","28","B00257","1890-11-07","Aucara","leonarda champa","champa","1890-11-03","1890","recorded_birth_year","11","True","True","False","needs_review","same_named_parent_pair and child/spouse timing within professor-approved ±15-year window; no marriage-date exclusion applied","False"
"potential_sibling","gaspar champa | felipa huamani","gaspar champa","felipa huamani","M478","1907-08-10","husband","male","crisostomo","champa","1879-08-16","1879","28","B1057","1868-12-08","Aucará","nicolasa","champa","1868-12-05","1868","recorded_birth_year","11","True","True","False","needs_review","same_named_parent_pair and child/spouse timing within professor-approved ±15-year window; no marriage-date exclusion applied","False"
"potential_sibling","gaspar champa | felipa huamani","gaspar champa","felipa huamani","M478","1907-08-10","husband","male","crisostomo","champa","1879-08-16","1879","28","B1541","1883-08-15","Chacralla","mariano","champa","1883-08-12","1883","recorded_birth_year","4","True","True","False","needs_review","same_named_parent_pair and child/spouse timing within professor-approved ±15-year window; no marriage-date exclusion applied","False"
"potential_sibling","gaspar champa | felipa huamani","gaspar champa","felipa huamani","M478","1907-08-10","husband","male","crisostomo","champa","1879-08-16","1879","28","B1593","1884-01-30","Chacralla|Aucará","julian","champa","1884-01-27","1884","recorded_birth_year","5","True","True","False","needs_review","same_named_parent_pair and child/spouse timing within professor-approved ±15-year window; no marriage-date exclusion applied","False"
"potential_sibling","gaspar champa | felipa huamani","gaspar champa","felipa huamani","M478","1907-08-10","husband","male","crisostomo","champa","1879-08-16","1879","28","B1677","1884-08-20","Pueblo de Aucará","fernanda","champa","1884-08-19","1884","recorded_birth_year","5","True","True","False","needs_review","same_named_parent_pair and child/spouse timing within professor-approved ±15-year window; no marriage-date exclusion applied","False"
"potential_sibling","gaspar champa | felipa huamani","gaspar champa","felipa huamani","M478","1907-08-10","husband","male","crisostomo","champa","1879-08-16","1879","28","B1865","1887-09-30","Iglesia de Aucará","sofia","champa","","1887","baptism_event_year_fallback","8","True","True","False","needs_review","same_named_parent_pair and child/spouse timing within professor-approved ±15-year window; no marriage-date exclusion applied","False"
"potential_sibling","gregorio asto | manuela espinosa","gregorio asto","manuela espinosa","M072","1890-06-25","wife","female","sebastiana","asto","1862-07-02","1862","28","B0939","1867-09-06","Aucará","agustin","asto","1867-08-27","1867","recorded_birth_year","5","True","True","False","needs_review","same_named_parent_pair and child/spouse timing within professor-approved ±15-year window; no marriage-date exclusion applied","False"
"potential_sibling","gregorio gavilan | segunda llaccsamanta","gregorio gavilan","segunda llaccsamanta","M049","1910-02-12","wife","female","tomasa","gavilan","1884-02-18","1884","26","B00550","1892-08-30","Aucara","assencion gavilan","gavilan","1892-08-15","1892","recorded_birth_year","8","True","True","True","needs_review","same_named_parent_pair and child/spouse timing within professor-approved ±15-year window; no marriage-date exclusion applied","False"
"potential_sibling","gregorio quispe | maria huamani","gregorio quispe","maria huamani","M047","1909-10-12","wife","female","antonia","quispe","1885-10-17","1885","24","B00174","1890-03-13","Aucara","santos","quispe","1889-10-14","1889","recorded_birth_year","4","True","True","False","needs_review","same_named_parent_pair and child/spouse timing within professor-approved ±15-year window; no marriage-date exclusion applied","False"
"potential_sibling","gregorio quispe | maria huamani","gregorio quispe","maria huamani","M047","1909-10-12","wife","female","antonia","quispe","1885-10-17","1885","24","B1774","1885-05-03","Pueblo de Aucará","simon","quispe","1885-04-16","1885","recorded_birth_year","0","True","True","False","needs_review","same_named_parent_pair and child/spouse timing within professor-approved ±15-year window; no marriage-date exclusion applied","False"
"potential_sibling","gregorio ramos | marcelina huamani","gregorio ramos","marcelina huamani","M182","1914-08-31","wife","female","manonga","ramos","1890-09-05","1890","24","B00183","1890-03-22","Aucara","eusebio","ramos","1890-03-07","1890","recorded_birth_year","0","True","True","False","needs_review","same_named_parent_pair and child/spouse timing within professor-approved ±15-year window; no marriage-date exclusion applied","False"
"potential_sibling","gregorio ramos | marcelina huamani","gregorio ramos","marcelina huamani","M182","1914-08-31","wife","female","manonga","ramos","1890-09-05","1890","24","B1892","1887-12-01","Iglesia de Aucará","saturnino","ramos","1887-11-28","1887","recorded_birth_year","3","True","True","False","needs_review","same_named_parent_pair and child/spouse timing within professor-approved ±15-year window; no marriage-date exclusion applied","False"
"potential_sibling","hilario huarcaya | luisa cucho","hilario huarcaya","luisa cucho","M114","1912-10-03","wife","female","apolinaria","huarcaya","1894-10-07","1894","18","B00637","1893-04-02","Aucara","fransisco huarcaya","huarcaya","1893-03-29","1893","recorded_birth_year","1","True","True","True","needs_review","same_named_parent_pair and child/spouse timing within professor-approved ±15-year window; no marriage-date exclusion applied","False"
"potential_sibling","hilario huarcaya | luisa cucho","hilario huarcaya","luisa cucho","M492","1908-02-15","wife","female","juliana","huarcaya","1886-02-19","1886","22","B00637","1893-04-02","Aucara","fransisco huarcaya","huarcaya","1893-03-29","1893","recorded_birth_year","7","True","True","True","needs_review","same_named_parent_pair and child/spouse timing within professor-approved ±15-year window; no marriage-date exclusion applied","False"
"potential_sibling","jacinto cardenas | raymunda medina","jacinto cardenas","raymunda medina","M069","1910-10-20","wife","female","fidela","cárdenas","1891-10-24","1891","19","B00090","1889-07-31","Aucara","anatolio cárdenas","cárdenas","1889-07-16","1889","recorded_birth_year","2","True","True","True","needs_review","same_named_parent_pair and child/spouse timing within professor-approved ±15-year window; no marriage-date exclusion applied","False"
"potential_sibling","jeronimo javier | encarnacion chinchay","jeronimo javier","encarnacion chinchay","M060","1909-06-06","husband","male","gregorio","javier","1885-06-11","1885","24","B1941","1888-03-27","Aucará","benito","javier","1888-03-20","1888","recorded_birth_year","3","True","True","True","needs_review","same_named_parent_pair and child/spouse timing within professor-approved ±15-year window; no marriage-date exclusion applied","False"
"potential_sibling","jose arango | maria huamani","jose arango","maria huamani","M298","1882-12-04","wife","female","bibiana","arango","1863-12-09","1863","19","B0222","1850-10-13","Aucará","catalina","arango","1850-10-12","1850","recorded_birth_year","13","True","True","True","needs_review","same_named_parent_pair and child/spouse timing within professor-approved ±15-year window; no marriage-date exclusion applied","False"
"potential_sibling","jose arango | maria huamani","jose arango","maria huamani","M298","1882-12-04","wife","female","bibiana","arango","1863-12-09","1863","19","B0345","1852-10-20","Aucará","bríjida","arango","1852-10-10","1852","recorded_birth_year","11","True","True","True","needs_review","same_named_parent_pair and child/spouse timing within professor-approved ±15-year window; no marriage-date exclusion applied","False"
"potential_sibling","jose bautista | catalina quispe","jose bautista","catalina quispe","M073","1890-07-09","husband","male","martin","bautista","1864-07-15","1864","26","B0600","1861-12-31","Aucará","juana","bautista","","1861","baptism_event_year_fallback","3","True","True","False","needs_review","same_named_parent_pair and child/spouse timing within professor-approved ±15-year window; no marriage-date exclusion applied","False"
"potential_sibling","jose cucho | felipa gavilan","jose cucho","felipa gavilan","M293","1919-06-15","wife","female","cecilia","cucho","1884-06-22","1884","35","B1152","1870-01-21","Aucará","ygnacia","cucho","1870-01-20","1870","recorded_birth_year","14","True","True","True","needs_review","same_named_parent_pair and child/spouse timing within professor-approved ±15-year window; no marriage-date exclusion applied","False"
"potential_sibling","jose cucho | felipa gavilan","jose cucho","felipa gavilan","M293","1919-06-15","wife","female","cecilia","cucho","1884-06-22","1884","35","B1660","1884-06-19","Pueblo de Aucará","manuel corpus","cucho","1884-06-18","1884","recorded_birth_year","0","True","True","False","needs_review","same_named_parent_pair and child/spouse timing within professor-approved ±15-year window; no marriage-date exclusion applied","False"
"potential_sibling","jose huamani | vicenta espinosa","jose huamani","vicenta espinosa","M001","1908-07-26","husband","male","jacinto","huamaní","1872-08-03","1872","36","B1797","1885-10-05","Pueblo de Aucará","francisca","huamaní","1885-09-27","1885","recorded_birth_year","13","True","True","False","needs_review","same_named_parent_pair and child/spouse timing within professor-approved ±15-year window; no marriage-date exclusion applied","False"
"potential_sibling","jose huamani | vicenta espinosa","jose huamani","vicenta espinosa","M007","1908-08-20","husband","male","antonio","huamani","1878-08-27","1878","30","B00201","1890-05-04","Aucara","bacilio","huamaní","1890-04-04","1890","recorded_birth_year","12","True","True","False","needs_review","same_named_parent_pair and child/spouse timing within professor-approved ±15-year window; no marriage-date exclusion applied","False"
"potential_sibling","jose huamani | vicenta espinosa","jose huamani","vicenta espinosa","M007","1908-08-20","husband","male","antonio","huamani","1878-08-27","1878","30","B1797","1885-10-05","Pueblo de Aucará","francisca","huamaní","1885-09-27","1885","recorded_birth_year","7","True","True","False","needs_review","same_named_parent_pair and child/spouse timing within professor-approved ±15-year window; no marriage-date exclusion applied","False"
"potential_sibling","jose huamani | vicenta espinosa","jose huamani","vicenta espinosa","M007","1908-08-20","husband","male","antonio","huamani","1878-08-27","1878","30","B1997","1888-07-22","Pampamarca","juan gualberto","huamaní","1888-07-12","1888","recorded_birth_year","10","True","True","False","needs_review","same_named_parent_pair and child/spouse timing within professor-approved ±15-year window; no marriage-date exclusion applied","False"
"potential_sibling","jose huamani | vicenta espinoza","jose huamani","vicenta espinoza","M350","1920-07-24","wife","female","paulina","huamani","1900-07-29","1900","20","B00998","1895-05-23","Pampamarca|santa iglesia viceparroquial","ancelmo huamani","huamaní","1895-05-02","1895","recorded_birth_year","5","True","True","False","needs_review","same_named_parent_pair and child/spouse timing within professor-approved ±15-year window; no marriage-date exclusion applied","False"
"potential_sibling","jose huarcaya | laureana cucho","jose huarcaya","laureana cucho","M326","1920-01-03","husband","male","emilio","huarcaya","1900-01-07","1900","20","B00172","1900-09-14","Cabana","calisto","huarcaya","1900-09-14","1900","recorded_birth_year","0","True","True","False","needs_review","same_named_parent_pair and child/spouse timing within professor-approved ±15-year window; no marriage-date exclusion applied","False"
"potential_sibling","jose huarcaya | laureana cucho","jose huarcaya","laureana cucho","M326","1920-01-03","husband","male","emilio","huarcaya","1900-01-07","1900","20","B00527","1892-06-30","Aucara","maria huarcaya","huarcaya","1892-06-22","1892","recorded_birth_year","8","True","True","True","needs_review","same_named_parent_pair and child/spouse timing within professor-approved ±15-year window; no marriage-date exclusion applied","False"
"potential_sibling","jose huarcaya | laureana cucho","jose huarcaya","laureana cucho","M326","1920-01-03","husband","male","emilio","huarcaya","1900-01-07","1900","20","B1898","1887-12-15","Aucará","eusebio","huarcaya","1887-12-14","1887","recorded_birth_year","13","True","True","True","needs_review","same_named_parent_pair and child/spouse timing within professor-approved ±15-year window; no marriage-date exclusion applied","False"
"potential_sibling","jose javier | maria espinosa","jose javier","maria espinosa","M036","1909-07-24","wife","female","candelaria","javier","1881-07-30","1881","28","B00437","1892-02-02","Aucara","candelaria jabier","javier","1892-01-03","1892","recorded_birth_year","11","True","True","False","needs_review","same_named_parent_pair and child/spouse timing within professor-approved ±15-year window; no marriage-date exclusion applied","False"
"potential_sibling","jose polanco | juana barrientos","jose polanco","juana barrientos","M223","1917-03-11","wife","female","paula","polanco","1877-03-20","1877","40","B00149","1890-02-03","Aucara","valentin polanco","polanco","1889-11-05","1889","recorded_birth_year","12","True","True","False","needs_review","same_named_parent_pair and child/spouse timing within professor-approved ±15-year window; no marriage-date exclusion applied","False"
"potential_sibling","jose polanco | juana barrientos","jose polanco","juana barrientos","M223","1917-03-11","wife","female","paula","polanco","1877-03-20","1877","40","B00373","1891-10-04","Aucara","bacilia polanco","polanco","1891-09-04","1891","recorded_birth_year","14","True","True","False","needs_review","same_named_parent_pair and child/spouse timing within professor-approved ±15-year window; no marriage-date exclusion applied","False"
"potential_sibling","jose polanco | juana barrientos","jose polanco","juana barrientos","M223","1917-03-11","wife","female","paula","polanco","1877-03-20","1877","40","B1800","1886-01-24","Pueblo de Aucará","melchora","polanco","1886-01-12","1886","recorded_birth_year","9","True","True","False","needs_review","same_named_parent_pair and child/spouse timing within professor-approved ±15-year window; no marriage-date exclusion applied","False"
"potential_sibling","jose poma | fernanda huauya","jose poma","fernanda huauya","M164","1914-03-15","wife","female","carmen","poma","1866-03-26","1866","48","B0726","1865-10-05","Aucará","vuenceslao","poma","1865-09-26","1865","recorded_birth_year","1","True","True","False","needs_review","same_named_parent_pair and child/spouse timing within professor-approved ±15-year window; no marriage-date exclusion applied","False"
"potential_sibling","jose poma | fernanda huauya","jose poma","fernanda huauya","M164","1914-03-15","wife","female","carmen","poma","1866-03-26","1866","48","B1267","1871-01-01","Aucará","andres","poma","1870-12-02","1870","recorded_birth_year","4","True","True","False","needs_review","same_named_parent_pair and child/spouse timing within professor-approved ±15-year window; no marriage-date exclusion applied","False"
"potential_sibling","jose poma | fernanda huauya","jose poma","fernanda huauya","M267","1880-08-05","wife","female","damiana","poma","1860-08-10","1860","20","B0726","1865-10-05","Aucará","vuenceslao","poma","1865-09-26","1865","recorded_birth_year","5","True","True","True","needs_review","same_named_parent_pair and child/spouse timing within professor-approved ±15-year window; no marriage-date exclusion applied","False"
"potential_sibling","jose poma | fernanda huauya","jose poma","fernanda huauya","M267","1880-08-05","wife","female","damiana","poma","1860-08-10","1860","20","B1267","1871-01-01","Aucará","andres","poma","1870-12-02","1870","recorded_birth_year","10","True","True","True","needs_review","same_named_parent_pair and child/spouse timing within professor-approved ±15-year window; no marriage-date exclusion applied","False"
"potential_sibling","jose vega | francisca sanches","jose vega","francisca sanches","M482","1907-08-03","wife","female","vicenta","vega","1880-08-08","1880","27","B00999","1895-05-23","Pampamarca|santa iglesia viceparroquial","benancio felis vega","vega","1895-05-14","1895","recorded_birth_year","15","True","True","False","needs_review","same_named_parent_pair and child/spouse timing within professor-approved ±15-year window; no marriage-date exclusion applied","False"
"potential_sibling","jose vega | francisca sanches","jose vega","francisca sanches","M482","1907-08-03","wife","female","vicenta","vega","1880-08-08","1880","27","B1993","1888-07-20","Pampamarca","liverato","vega","1888-07-19","1888","recorded_birth_year","8","True","True","True","needs_review","same_named_parent_pair and child/spouse timing within professor-approved ±15-year window; no marriage-date exclusion applied","False"
"potential_sibling","jose vega | francisca sanchez","jose vega","francisca sanchez","M099","1912-07-21","wife","female","eduarda","vega","1893-07-25","1893","19","B00240","1901-07-30","Pampamarca","beatriz vega","vega","1901-07-28","1901","recorded_birth_year","8","True","True","False","needs_review","same_named_parent_pair and child/spouse timing within professor-approved ±15-year window; no marriage-date exclusion applied","False"
"potential_sibling","jose vega | francisca sanchez","jose vega","francisca sanchez","M130","1913-07-24","husband","male","epifanio","vega","1890-07-29","1890","23","B00240","1901-07-30","Pampamarca","beatriz vega","vega","1901-07-28","1901","recorded_birth_year","11","True","True","True","needs_review","same_named_parent_pair and child/spouse timing within professor-approved ±15-year window; no marriage-date exclusion applied","False"
"potential_sibling","jose vega | francisca sanchez","jose vega","francisca sanchez","M361","1920-08-28","wife","female","marcela","vega","1901-09-02","1901","19","B00240","1901-07-30","Pampamarca","beatriz vega","vega","1901-07-28","1901","recorded_birth_year","0","True","True","False","needs_review","same_named_parent_pair and child/spouse timing within professor-approved ±15-year window; no marriage-date exclusion applied","False"
"potential_sibling","jose vilca | petronila bustillos","jose vilca","petronila bustillos","M171","1914-06-15","wife","female","nicolasa","vilca","1894-06-19","1894","20","B01027","1895-07-05","Aucara","fortunato vilca","vilca","1895-06-09","1895","recorded_birth_year","1","True","True","True","needs_review","same_named_parent_pair and child/spouse timing within professor-approved ±15-year window; no marriage-date exclusion applied","False"
"potential_sibling","jose vilca | petronila bustillos","jose vilca","petronila bustillos","M247","1918-07-07","wife","female","rosalia","vilca","1897-07-11","1897","21","B01027","1895-07-05","Aucara","fortunato vilca","vilca","1895-06-09","1895","recorded_birth_year","2","True","True","True","needs_review","same_named_parent_pair and child/spouse timing within professor-approved ±15-year window; no marriage-date exclusion applied","False"
"potential_sibling","jose vilca | petronila bustillos","jose vilca","petronila bustillos","M295","1919-06-26","wife","female","filomina","vilca","1901-06-30","1901","18","B01027","1895-07-05","Aucara","fortunato vilca","vilca","1895-06-09","1895","recorded_birth_year","6","True","True","False","needs_review","same_named_parent_pair and child/spouse timing within professor-approved ±15-year window; no marriage-date exclusion applied","False"
"potential_sibling","juan avalos | asencia cucho","juan avalos","asencia cucho","M280","1880-10-29","wife","female","fransisca","avalos","1860-11-03","1860","20","B1141","1869-12-28","Aucará","ynosencia","avalos","1869-12-27","1869","recorded_birth_year","9","True","True","True","needs_review","same_named_parent_pair and child/spouse timing within professor-approved ±15-year window; no marriage-date exclusion applied","False"
"potential_sibling","juan buitron | juana huarcaya","juan buitron","juana huarcaya","M240","1918-06-08","husband","male","ysaac","buitrón","1899-06-12","1899","19","B00209","1901-06-01","Aucara","magdalena buitron","buitron","1901-05-27","1901","recorded_birth_year","2","True","True","True","needs_review","same_named_parent_pair and child/spouse timing within professor-approved ±15-year window; no marriage-date exclusion applied","False"
"potential_sibling","juan ccanto | cipriana champa","juan ccanto","cipriana champa","M074","1910-09-02","wife","female","josefa","ccanto","1884-09-07","1884","26","B00983","1895-03-16","Chacralla","leandra ccanto","ccanto","1895-03-12","1895","recorded_birth_year","11","True","True","False","needs_review","same_named_parent_pair and child/spouse timing within professor-approved ±15-year window; no marriage-date exclusion applied","False"
"potential_sibling","juan ccanto | cipriana champa","juan ccanto","cipriana champa","M074","1910-09-02","wife","female","josefa","ccanto","1884-09-07","1884","26","B1978","1888-06-02","Aucará","petronila","ccanto","1888-06-01","1888","recorded_birth_year","4","True","True","True","needs_review","same_named_parent_pair and child/spouse timing within professor-approved ±15-year window; no marriage-date exclusion applied","False"
"potential_sibling","juan ccoillo | pascuala serrano","juan ccoillo","pascuala serrano","M227","1917-08-23","wife","female","francisca","ccoillo","1897-08-27","1897","20","B00062","1889-05-27","Aucara","maria magdalena ccoillo","ccoillo","1889-05-27","1889","recorded_birth_year","8","True","True","False","needs_review","same_named_parent_pair and child/spouse timing within professor-approved ±15-year window; no marriage-date exclusion applied","False"
"potential_sibling","juan ccoillo | pascuala serrano","juan ccoillo","pascuala serrano","M227","1917-08-23","wife","female","francisca","ccoillo","1897-08-27","1897","20","B00380","1902-06-01","Aucara","monica","ccoillo","1902-05-02","1902","recorded_birth_year","5","True","True","False","needs_review","same_named_parent_pair and child/spouse timing within professor-approved ±15-year window; no marriage-date exclusion applied","False"
"potential_sibling","juan ccoillo | pascuala serrano","juan ccoillo","pascuala serrano","M287","1919-03-02","husband","male","benito","ccoillo","1899-03-06","1899","20","B00062","1889-05-27","Aucara","maria magdalena ccoillo","ccoillo","1889-05-27","1889","recorded_birth_year","10","True","True","False","needs_review","same_named_parent_pair and child/spouse timing within professor-approved ±15-year window; no marriage-date exclusion applied","False"
"potential_sibling","juan ccoillo | pascuala serrano","juan ccoillo","pascuala serrano","M287","1919-03-02","husband","male","benito","ccoillo","1899-03-06","1899","20","B00380","1902-06-01","Aucara","monica","ccoillo","1902-05-02","1902","recorded_birth_year","3","True","True","False","needs_review","same_named_parent_pair and child/spouse timing within professor-approved ±15-year window; no marriage-date exclusion applied","False"
"potential_sibling","juan ccoyllo | pascuala serrano","juan ccoyllo","pascuala serrano","M014","1908-08-27","wife","female","silbestra","ccoyllo","1886-09-01","1886","22","B00847","1894-06-11","Aucara","ruperto","ccoyllo","1894-06-06","1894","recorded_birth_year","8","True","True","False","needs_review","same_named_parent_pair and child/spouse timing within professor-approved ±15-year window; no marriage-date exclusion applied","False"
"potential_sibling","juan cucho | paulina jimenez","juan cucho","paulina jimenez","M462","1906-08-29","husband","male","escolástico","cucho","1886-09-02","1886","20","B00728","1893-11-17","Ishua|santa iglesia","crisanto cucho","cucho","1893-11-10","1893","recorded_birth_year","7","True","True","False","needs_review","same_named_parent_pair and child/spouse timing within professor-approved ±15-year window; no marriage-date exclusion applied","False"
"potential_sibling","juan de dios barrientos | tomasa huamani","juan de dios barrientos","tomasa huamani","M005","1908-08-05","wife","female","antonia","barrientos","1883-08-11","1883","25","B00088","1897-03-16","Pampamarca|santa iglesia viceparroquial","francisca","barrientos","1897-03-07","1897","recorded_birth_year","14","True","True","False","needs_review","same_named_parent_pair and child/spouse timing within professor-approved ±15-year window; no marriage-date exclusion applied","False"
"potential_sibling","juan de dios barrientos | tomasa huamani","juan de dios barrientos","tomasa huamani","M005","1908-08-05","wife","female","antonia","barrientos","1883-08-11","1883","25","B00861","1894-08-09","Pampamarca","angelino ysmael","barrientos","1894-07-31","1894","recorded_birth_year","11","True","True","False","needs_review","same_named_parent_pair and child/spouse timing within professor-approved ±15-year window; no marriage-date exclusion applied","False"
"potential_sibling","juan de dios barrientos | tomasa huamani","juan de dios barrientos","tomasa huamani","M105","1912-08-13","husband","male","mariano","barrientos","1892-08-17","1892","20","B00088","1897-03-16","Pampamarca|santa iglesia viceparroquial","francisca","barrientos","1897-03-07","1897","recorded_birth_year","5","True","True","False","needs_review","same_named_parent_pair and child/spouse timing within professor-approved ±15-year window; no marriage-date exclusion applied","False"
"potential_sibling","juan de dios barrientos | tomasa huamani","juan de dios barrientos","tomasa huamani","M105","1912-08-13","husband","male","mariano","barrientos","1892-08-17","1892","20","B00861","1894-08-09","Pampamarca","angelino ysmael","barrientos","1894-07-31","1894","recorded_birth_year","2","True","True","True","needs_review","same_named_parent_pair and child/spouse timing within professor-approved ±15-year window; no marriage-date exclusion applied","False"
"potential_sibling","juan llamocca | josefa barrientos","juan llamocca","josefa barrientos","M001","1908-07-26","wife","female","maxemiliana","llamocca","1878-08-02","1878","30","B0922","1867-07-19","Aucará","asencia","llamocca","1867-06-19","1867","recorded_birth_year","11","True","True","False","needs_review","same_named_parent_pair and child/spouse timing within professor-approved ±15-year window; no marriage-date exclusion applied","False"
"potential_sibling","juan llamocca | josefa barrientos","juan llamocca","josefa barrientos","M001","1908-07-26","wife","female","maxemiliana","llamocca","1878-08-02","1878","30","B1171","1870-03-02","Aucará","estefa","llamocca","1870-01-19","1870","recorded_birth_year","8","True","True","False","needs_review","same_named_parent_pair and child/spouse timing within professor-approved ±15-year window; no marriage-date exclusion applied","False"
"potential_sibling","juan llamocca | josefa barrientos","juan llamocca","josefa barrientos","M278","1880-10-27","wife","female","ylaria","llamocca","1856-11-02","1856","24","B0922","1867-07-19","Aucará","asencia","llamocca","1867-06-19","1867","recorded_birth_year","11","True","True","True","needs_review","same_named_parent_pair and child/spouse timing within professor-approved ±15-year window; no marriage-date exclusion applied","False"
"potential_sibling","juan llamocca | josefa barrientos","juan llamocca","josefa barrientos","M278","1880-10-27","wife","female","ylaria","llamocca","1856-11-02","1856","24","B1171","1870-03-02","Aucará","estefa","llamocca","1870-01-19","1870","recorded_birth_year","14","True","True","True","needs_review","same_named_parent_pair and child/spouse timing within professor-approved ±15-year window; no marriage-date exclusion applied","False"
"potential_sibling","juan llamocca | josefa barrientos","juan llamocca","josefa barrientos","M282","1880-10-14","wife","female","simona","llamocca","1860-10-19","1860","20","B0922","1867-07-19","Aucará","asencia","llamocca","1867-06-19","1867","recorded_birth_year","7","True","True","True","needs_review","same_named_parent_pair and child/spouse timing within professor-approved ±15-year window; no marriage-date exclusion applied","False"
"potential_sibling","juan llamocca | josefa barrientos","juan llamocca","josefa barrientos","M282","1880-10-14","wife","female","simona","llamocca","1860-10-19","1860","20","B1171","1870-03-02","Aucará","estefa","llamocca","1870-01-19","1870","recorded_birth_year","10","True","True","True","needs_review","same_named_parent_pair and child/spouse timing within professor-approved ±15-year window; no marriage-date exclusion applied","False"
"potential_sibling","juan llamocca | josefa barrientos","juan llamocca","josefa barrientos","M289","1901-08-08","husband","male","cecilio","llamocca","1881-08-12","1881","20","B0922","1867-07-19","Aucará","asencia","llamocca","1867-06-19","1867","recorded_birth_year","14","True","True","False","needs_review","same_named_parent_pair and child/spouse timing within professor-approved ±15-year window; no marriage-date exclusion applied","False"
"potential_sibling","juan llamocca | josefa barrientos","juan llamocca","josefa barrientos","M289","1901-08-08","husband","male","cecilio","llamocca","1881-08-12","1881","20","B1171","1870-03-02","Aucará","estefa","llamocca","1870-01-19","1870","recorded_birth_year","11","True","True","False","needs_review","same_named_parent_pair and child/spouse timing within professor-approved ±15-year window; no marriage-date exclusion applied","False"
"potential_sibling","juan ochoa | facunda ramos","juan ochoa","facunda ramos","M138","1913-09-10","husband","male","avelino","ochoa","1892-09-14","1892","21","B00175","1890-03-14","Aucara","policarpo","ochoa","1890-02-07","1890","recorded_birth_year","2","True","True","True","needs_review","same_named_parent_pair and child/spouse timing within professor-approved ±15-year window; no marriage-date exclusion applied","False"
"potential_sibling","juan ochoa | facunda ramos","juan ochoa","facunda ramos","M138","1913-09-10","husband","male","avelino","ochoa","1892-09-14","1892","21","B00537","1892-07-21","Aucara","avelina ochoa","ochoa","1892-07-16","1892","recorded_birth_year","0","True","True","True","needs_review","same_named_parent_pair and child/spouse timing within professor-approved ±15-year window; no marriage-date exclusion applied","False"
"potential_sibling","juan ochoa | facunda ramos","juan ochoa","facunda ramos","M138","1913-09-10","husband","male","avelino","ochoa","1892-09-14","1892","21","B1488","1883-02-07","","romualda","ochoa","1883-01-30","1883","recorded_birth_year","9","True","True","False","needs_review","same_named_parent_pair and child/spouse timing within professor-approved ±15-year window; no marriage-date exclusion applied","False"
"potential_sibling","juan quispe | marcela avalos","juan quispe","marcela avalos","M127","1913-07-14","wife","female","petronila","quispe","1893-07-18","1893","20","B00744","1893-11-29","Aucara","octavio quispe","quispe","1893-11-25","1893","recorded_birth_year","0","True","True","False","needs_review","same_named_parent_pair and child/spouse timing within professor-approved ±15-year window; no marriage-date exclusion applied","False"
"potential_sibling","juan quispe | marcela avalos","juan quispe","marcela avalos","M268","1918-08-22","wife","female","asunción","quispe","1899-08-26","1899","19","B00744","1893-11-29","Aucara","octavio quispe","quispe","1893-11-25","1893","recorded_birth_year","6","True","True","False","needs_review","same_named_parent_pair and child/spouse timing within professor-approved ±15-year window; no marriage-date exclusion applied","False"
"potential_sibling","juan quispe | marcela avalos","juan quispe","marcela avalos","M297","1919-07-15","wife","female","sinforiana","quispe","1901-07-19","1901","18","B00744","1893-11-29","Aucara","octavio quispe","quispe","1893-11-25","1893","recorded_birth_year","8","True","True","False","needs_review","same_named_parent_pair and child/spouse timing within professor-approved ±15-year window; no marriage-date exclusion applied","False"
"potential_sibling","julian javier | ysabel chavez","julian javier","ysabel chavez","M111","1912-09-09","husband","male","pedro a","javier","1893-09-13","1893","19","B00077","1889-06-27","Aucara","juana paula javier","javier","1889-06-25","1889","recorded_birth_year","4","True","True","True","needs_review","same_named_parent_pair and child/spouse timing within professor-approved ±15-year window; no marriage-date exclusion applied","False"
"potential_sibling","julian javier | ysabel chavez","julian javier","ysabel chavez","M232","1917-10-13","wife","female","maria jesús","javier","1898-10-17","1898","19","B00077","1889-06-27","Aucara","juana paula javier","javier","1889-06-25","1889","recorded_birth_year","9","True","True","False","needs_review","same_named_parent_pair and child/spouse timing within professor-approved ±15-year window; no marriage-date exclusion applied","False"
"potential_sibling","julian quispe | eulalia huauya","julian quispe","eulalia huauya","M042","1909-07-26","wife","female","nicolasa","quispe","1885-07-31","1885","24","B00140","1889-12-29","Aucara","lucia","quispe","1889-12-09","1889","recorded_birth_year","4","True","True","False","needs_review","same_named_parent_pair and child/spouse timing within professor-approved ±15-year window; no marriage-date exclusion applied","False"
"potential_sibling","julian quispe | eulalia huauya","julian quispe","eulalia huauya","M042","1909-07-26","wife","female","nicolasa","quispe","1885-07-31","1885","24","B00571","1892-11-02","Aucara","juan quispe","quispe","1892-10-25","1892","recorded_birth_year","7","True","True","False","needs_review","same_named_parent_pair and child/spouse timing within professor-approved ±15-year window; no marriage-date exclusion applied","False"
"potential_sibling","julian quispe | eulalia huauya","julian quispe","eulalia huauya","M042","1909-07-26","wife","female","nicolasa","quispe","1885-07-31","1885","24","B00657","1893-05-11","Aucara","asencion quispe","quispe","1893-05-11","1893","recorded_birth_year","8","True","True","False","needs_review","same_named_parent_pair and child/spouse timing within professor-approved ±15-year window; no marriage-date exclusion applied","False"
"potential_sibling","julian quispe | eulalia huauya","julian quispe","eulalia huauya","M147","1913-10-08","husband","male","santiago","quispe","1892-10-12","1892","21","B00140","1889-12-29","Aucara","lucia","quispe","1889-12-09","1889","recorded_birth_year","3","True","True","False","needs_review","same_named_parent_pair and child/spouse timing within professor-approved ±15-year window; no marriage-date exclusion applied","False"
"potential_sibling","julian quispe | eulalia huauya","julian quispe","eulalia huauya","M147","1913-10-08","husband","male","santiago","quispe","1892-10-12","1892","21","B00571","1892-11-02","Aucara","juan quispe","quispe","1892-10-25","1892","recorded_birth_year","0","True","True","False","needs_review","same_named_parent_pair and child/spouse timing within professor-approved ±15-year window; no marriage-date exclusion applied","False"
"potential_sibling","julian quispe | eulalia huauya","julian quispe","eulalia huauya","M147","1913-10-08","husband","male","santiago","quispe","1892-10-12","1892","21","B00657","1893-05-11","Aucara","asencion quispe","quispe","1893-05-11","1893","recorded_birth_year","1","True","True","False","needs_review","same_named_parent_pair and child/spouse timing within professor-approved ±15-year window; no marriage-date exclusion applied","False"
"potential_sibling","julian urbano | antonia barrientos","julian urbano","antonia barrientos","M297","1882-12-04","husband","male","francisco","urbano","1858-12-10","1858","24","B1260","1871-01-01","Aucará","andres","urbano","1870-12-02","1870","recorded_birth_year","12","True","True","True","needs_review","same_named_parent_pair and child/spouse timing within professor-approved ±15-year window; no marriage-date exclusion applied","False"
"potential_sibling","julian urbano | antonia barrientos","julian urbano","antonia barrientos","M455","1906-07-30","husband","male","gabriel","urbano","1866-08-08","1866","40","B1260","1871-01-01","Aucará","andres","urbano","1870-12-02","1870","recorded_birth_year","4","True","True","True","needs_review","same_named_parent_pair and child/spouse timing within professor-approved ±15-year window; no marriage-date exclusion applied","False"
"potential_sibling","laurencio ccanto | francisca quispe","laurencio ccanto","francisca quispe","M018","1908-09-09","husband","male","angelino","ccanto","1883-09-15","1883","25","B00191","1889-03-07","Aucara","bacilia","ccanto","1889-03-06","1889","recorded_birth_year","6","True","True","True","needs_review","same_named_parent_pair and child/spouse timing within professor-approved ±15-year window; no marriage-date exclusion applied","False"
"potential_sibling","laurencio ccanto | francisca quispe","laurencio ccanto","francisca quispe","M319","1902-02-04","husband","male","pedro","ccanto","1880-02-09","1880","22","B00191","1889-03-07","Aucara","bacilia","ccanto","1889-03-06","1889","recorded_birth_year","9","True","True","True","needs_review","same_named_parent_pair and child/spouse timing within professor-approved ±15-year window; no marriage-date exclusion applied","False"
"potential_sibling","laurencio ramos | juana sanches","laurencio ramos","juana sanches","M258","1878-08-07","husband","male","mariano","ramos","1850-08-14","1850","28","B0463","1855-01-20","Aucará","mariano presentacion","ramos","","1855","baptism_event_year_fallback","5","True","True","True","needs_review","same_named_parent_pair and child/spouse timing within professor-approved ±15-year window; no marriage-date exclusion applied","False"
"potential_sibling","leon ramos | hilaria sevilora","leon ramos","hilaria sevilora","M410","1904-10-16","husband","male","victorio","ramos","1884-10-20","1884","20","B00058","1889-05-17","Aucara","pascuala ramos","rámos","1889-05-17","1889","recorded_birth_year","5","True","True","True","needs_review","same_named_parent_pair and child/spouse timing within professor-approved ±15-year window; no marriage-date exclusion applied","False"
"potential_sibling","leon ramos | hilaria sevilora","leon ramos","hilaria sevilora","M410","1904-10-16","husband","male","victorio","ramos","1884-10-20","1884","20","B00455","1892-03-03","Aucara","polinaria ramos","ramos","1892-02-22","1892","recorded_birth_year","8","True","True","True","needs_review","same_named_parent_pair and child/spouse timing within professor-approved ±15-year window; no marriage-date exclusion applied","False"
"potential_sibling","leon rojas | justa dias","leon rojas","justa dias","M463","1906-09-21","wife","female","nicolasa","rojas","1882-09-26","1882","24","B00247","1890-10-21","Aucara","eduardo rojas","rojas","1890-10-13","1890","recorded_birth_year","8","True","True","True","needs_review","same_named_parent_pair and child/spouse timing within professor-approved ±15-year window; no marriage-date exclusion applied","False"
"potential_sibling","leon rojas | justa dias","leon rojas","justa dias","M463","1906-09-21","wife","female","nicolasa","rojas","1882-09-26","1882","24","B1664","1884-07-09","Pueblo de Aucará","nicolas","rojas","1884-07-08","1884","recorded_birth_year","2","True","True","False","needs_review","same_named_parent_pair and child/spouse timing within professor-approved ±15-year window; no marriage-date exclusion applied","False"
"potential_sibling","leon rojas | justa dias","leon rojas","justa dias","M463","1906-09-21","wife","female","nicolasa","rojas","1882-09-26","1882","24","B1919","1888-01-23","Aucará","josefa","rojas","1888-01-17","1888","recorded_birth_year","6","True","True","True","needs_review","same_named_parent_pair and child/spouse timing within professor-approved ±15-year window; no marriage-date exclusion applied","False"
"potential_sibling","leon urbano | cristina aime","leon urbano","cristina aime","M065","1910-08-18","husband","male","eduardo","urbano","1886-08-23","1886","24","B00064","1889-05-29","Aucara","juan urbano","urbano","1889-05-09","1889","recorded_birth_year","3","True","True","False","needs_review","same_named_parent_pair and child/spouse timing within professor-approved ±15-year window; no marriage-date exclusion applied","False"
"potential_sibling","lorenzo ccoillo | teresa quispe","lorenzo ccoillo","teresa quispe","M311","1919-08-23","wife","female","florinda","ccoillo","1901-08-27","1901","18","B00153","1899-10-23","Pampamarca","florentina","ccoillo","","1899","baptism_event_year_fallback","2","True","True","False","needs_review","same_named_parent_pair and child/spouse timing within professor-approved ±15-year window; no marriage-date exclusion applied","False"
"potential_sibling","lorenzo quispe | lucia condori","lorenzo quispe","lucia condori","M440","1905-09-04","wife","female","micaila","quispe","1880-09-09","1880","25","B00079","1889-07-10","Aucara","francisco quispe","quispe","1889-06-10","1889","recorded_birth_year","9","True","True","False","needs_review","same_named_parent_pair and child/spouse timing within professor-approved ±15-year window; no marriage-date exclusion applied","False"
"potential_sibling","lorenzo quispe | lucia condori","lorenzo quispe","lucia condori","M440","1905-09-04","husband","male","victor","roque","1875-09-11","1875","30","B00079","1889-07-10","Aucara","francisco quispe","quispe","1889-06-10","1889","recorded_birth_year","14","True","True","False","needs_review","same_named_parent_pair and child/spouse timing within professor-approved ±15-year window; no marriage-date exclusion applied","False"
"potential_sibling","luciano champa | gabriela ramos","luciano champa","gabriela ramos","M462","1906-08-29","wife","female","monica","champa","1886-09-02","1886","20","B00212","1901-06-05","Aucara","marcelina champa","champa","1901-04-06","1901","recorded_birth_year","15","True","True","False","needs_review","same_named_parent_pair and child/spouse timing within professor-approved ±15-year window; no marriage-date exclusion applied","False"
"potential_sibling","luciano champa | gabriela ramos","luciano champa","gabriela ramos","M462","1906-08-29","wife","female","monica","champa","1886-09-02","1886","20","B00424","1892-01-02","Aucara","silvestre champa","champa","1891-12-31","1891","recorded_birth_year","5","True","True","False","needs_review","same_named_parent_pair and child/spouse timing within professor-approved ±15-year window; no marriage-date exclusion applied","False"
"potential_sibling","luis condori | carmen diaz","luis condori","carmen diaz","M318","1919-10-06","husband","male","antonio","condori","1895-10-11","1895","24","B00530","1892-07-18","Aucara","juana condori","condori","1892-05-19","1892","recorded_birth_year","3","True","True","False","needs_review","same_named_parent_pair and child/spouse timing within professor-approved ±15-year window; no marriage-date exclusion applied","False"
"potential_sibling","luis condori | carmen diaz","luis condori","carmen diaz","M374","1920-12-19","wife","female","cecilia","condori","1900-12-24","1900","20","B00530","1892-07-18","Aucara","juana condori","condori","1892-05-19","1892","recorded_birth_year","8","True","True","True","needs_review","same_named_parent_pair and child/spouse timing within professor-approved ±15-year window; no marriage-date exclusion applied","False"
"potential_sibling","luis huaranca | francisca ochoa","luis huaranca","francisca ochoa","M242","1918-07-06","wife","female","eusebia","huaranca","1892-07-11","1892","26","B00823","1894-04-24","Aucara","leonidas huarancca","huaranca","1894-04-18","1894","recorded_birth_year","2","True","True","True","needs_review","same_named_parent_pair and child/spouse timing within professor-approved ±15-year window; no marriage-date exclusion applied","False"
"potential_sibling","manuel barrientos | vicenta huallpatuero","manuel barrientos","vicenta huallpatuero","M037","1909-07-24","wife","female","eusebia","barrientos","1886-07-29","1886","23","B00044","1889-03-30","Aucara","casimira barrientos","barrientos","1889-03-06","1889","recorded_birth_year","3","True","True","False","needs_review","same_named_parent_pair and child/spouse timing within professor-approved ±15-year window; no marriage-date exclusion applied","False"
"potential_sibling","manuel huamani | maria flores","manuel huamani","maria flores","M243","1877-02-11","wife","female","brigida","huamani","1861-02-15","1861","16","B0559","1858-09-17","Aucará","rosalía","huamaní","1858-09-05","1858","recorded_birth_year","3","True","True","True","needs_review","same_named_parent_pair and child/spouse timing within professor-approved ±15-year window; no marriage-date exclusion applied","False"
"potential_sibling","manuel mancco | simona aivar","manuel mancco","simona aivar","M265","1918-08-03","husband","male","francisco","mancco","1888-08-09","1888","30","B2001","1888-08-14","Aucará","pedro","mancco","1888-08-09","1888","recorded_birth_year","0","True","True","True","needs_review","same_named_parent_pair and child/spouse timing within professor-approved ±15-year window; no marriage-date exclusion applied","False"
"potential_sibling","manuel mancco | simona ayvar","manuel mancco","simona ayvar","M172","1914-06-30","husband","male","francisco","mancco","1892-07-04","1892","22","B00126","1898-07-04","Aucara","guillermo","mancco","","1898","baptism_event_year_fallback","6","True","True","False","needs_review","same_named_parent_pair and child/spouse timing within professor-approved ±15-year window; no marriage-date exclusion applied","False"
"potential_sibling","manuel medina | juliana huamani","manuel medina","juliana huamani","M076","1890-08-07","husband","male","sotero","medina","1865-08-13","1865","25","B1340","1871-09-24","Aucará","dionicio","medina","1871-09-10","1871","recorded_birth_year","6","True","True","False","needs_review","same_named_parent_pair and child/spouse timing within professor-approved ±15-year window; no marriage-date exclusion applied","False"
"potential_sibling","manuel mejia | josefa espinosa","manuel mejia","josefa espinosa","M415","1904-10-28","wife","female","gervacia","mejia","1872-11-04","1872","32","B0774","1866-03-25","Aucará","juliana","mejía","1866-03-19","1866","recorded_birth_year","6","True","True","True","needs_review","same_named_parent_pair and child/spouse timing within professor-approved ±15-year window; no marriage-date exclusion applied","False"
"potential_sibling","manuel mejia | josefa espinosa","manuel mejia","josefa espinosa","M415","1904-10-28","wife","female","gervacia","mejia","1872-11-04","1872","32","B1254","1871-01-27","Aucará","yldefonso","mejia","1871-01-22","1871","recorded_birth_year","1","True","True","True","needs_review","same_named_parent_pair and child/spouse timing within professor-approved ±15-year window; no marriage-date exclusion applied","False"
"potential_sibling","manuel peres | concepcion chalco","manuel peres","concepcion chalco","M400","1904-08-27","husband","male","acencio","peres","1876-09-02","1876","28","B00148","1890-02-03","Aucara","julian peres","peres","1890-01-29","1890","recorded_birth_year","14","True","True","False","needs_review","same_named_parent_pair and child/spouse timing within professor-approved ±15-year window; no marriage-date exclusion applied","False"
"potential_sibling","manuel quispe | tomasa roque","manuel quispe","tomasa roque","M259","1878-08-08","husband","male","romualdo","quispe","1852-08-14","1852","26","B0204","1850-04-25","Aucará","dionicio","quispe","1850-02-24","1850","recorded_birth_year","2","True","True","True","needs_review","same_named_parent_pair and child/spouse timing within professor-approved ±15-year window; no marriage-date exclusion applied","False"
"potential_sibling","marcelo huamani | ygnacia barrientos","marcelo huamani","ygnacia barrientos","M369","1920-10-18","wife","female","eulalia","huamani","1901-10-23","1901","19","B00889","1894-08-30","Aucara","alejandra huamani","huamani","1894-08-14","1894","recorded_birth_year","7","True","True","True","needs_review","same_named_parent_pair and child/spouse timing within professor-approved ±15-year window; no marriage-date exclusion applied","False"
"potential_sibling","marcelo huamani | ygnacia barrientos","marcelo huamani","ygnacia barrientos","M369","1920-10-18","wife","female","eulalia","huamani","1901-10-23","1901","19","B1958","1888-05-05","Pampamarca","rosalía","huamani","1888-04-20","1888","recorded_birth_year","13","True","True","False","needs_review","same_named_parent_pair and child/spouse timing within professor-approved ±15-year window; no marriage-date exclusion applied","False"
"potential_sibling","marcelo sanchez | josefa arango","marcelo sanchez","josefa arango","M146","1913-10-03","wife","female","carmen","sánchez","1891-10-08","1891","22","B00291","1901-12-04","Aucara","francisca javier sanchez","sanchez","1901-12-02","1901","recorded_birth_year","10","True","True","True","needs_review","same_named_parent_pair and child/spouse timing within professor-approved ±15-year window; no marriage-date exclusion applied","False"
"potential_sibling","marcelo sanchez | josefa arango","marcelo sanchez","josefa arango","M146","1913-10-03","wife","female","carmen","sánchez","1891-10-08","1891","22","B00740","1893-11-25","Aucara","presentacion cucho","sanchez","1893-11-15","1893","recorded_birth_year","2","True","True","True","needs_review","same_named_parent_pair and child/spouse timing within professor-approved ±15-year window; no marriage-date exclusion applied","False"
"potential_sibling","marcelo sanchez | josefa arango","marcelo sanchez","josefa arango","M281","1918-12-11","husband","male","demetrio","sanchez","1893-12-16","1893","25","B00291","1901-12-04","Aucara","francisca javier sanchez","sanchez","1901-12-02","1901","recorded_birth_year","8","True","True","True","needs_review","same_named_parent_pair and child/spouse timing within professor-approved ±15-year window; no marriage-date exclusion applied","False"
"potential_sibling","marcelo sanchez | josefa arango","marcelo sanchez","josefa arango","M281","1918-12-11","husband","male","demetrio","sanchez","1893-12-16","1893","25","B00740","1893-11-25","Aucara","presentacion cucho","sanchez","1893-11-15","1893","recorded_birth_year","0","True","True","True","needs_review","same_named_parent_pair and child/spouse timing within professor-approved ±15-year window; no marriage-date exclusion applied","False"
"potential_sibling","marcelo sanchez | josefa arango","marcelo sanchez","josefa arango","M337","1920-03-05","wife","female","francisca","sanchez","1901-03-10","1901","19","B00291","1901-12-04","Aucara","francisca javier sanchez","sanchez","1901-12-02","1901","recorded_birth_year","0","True","True","True","needs_review","same_named_parent_pair and child/spouse timing within professor-approved ±15-year window; no marriage-date exclusion applied","False"
"potential_sibling","marcelo sanchez | josefa arango","marcelo sanchez","josefa arango","M337","1920-03-05","wife","female","francisca","sanchez","1901-03-10","1901","19","B00740","1893-11-25","Aucara","presentacion cucho","sanchez","1893-11-15","1893","recorded_birth_year","8","True","True","True","needs_review","same_named_parent_pair and child/spouse timing within professor-approved ±15-year window; no marriage-date exclusion applied","False"
"potential_sibling","marcelo urbano | petronila ccoillo","marcelo urbano","petronila ccoillo","M137","1913-08-30","husband","male","ygnacio","urbano","1893-09-03","1893","20","B00210","1890-06-05","Aucara","felipe urbano","urbano","1890-05-17","1890","recorded_birth_year","3","True","True","True","needs_review","same_named_parent_pair and child/spouse timing within professor-approved ±15-year window; no marriage-date exclusion applied","False"
"potential_sibling","marcelo vega | yldefonza sarabia","marcelo vega","yldefonza sarabia","M325","1919-12-28","husband","male","francisco","vega","1899-01-01","1899","20","B00770","1894-01-21","Aucara","marcelo vega","vega","1894-01-15","1894","recorded_birth_year","5","True","True","True","needs_review","same_named_parent_pair and child/spouse timing within professor-approved ±15-year window; no marriage-date exclusion applied","False"
"potential_sibling","marcos cruz | francisca huallpatuero","marcos cruz","francisca huallpatuero","M336","1920-02-23","husband","male","víctor","cruz","1880-03-03","1880","40","B1099","1869-07-19","Aucará","romualdo","cruz","1869-07-08","1869","recorded_birth_year","11","True","True","True","needs_review","same_named_parent_pair and child/spouse timing within professor-approved ±15-year window; no marriage-date exclusion applied","False"
"potential_sibling","marcos cruz | francisca huallpatuero","marcos cruz","francisca huallpatuero","M336","1920-02-23","husband","male","víctor","cruz","1880-03-03","1880","40","B1353","1871-10-21","Aucará","bacilio","cruz","1871-10-13","1871","recorded_birth_year","9","True","True","True","needs_review","same_named_parent_pair and child/spouse timing within professor-approved ±15-year window; no marriage-date exclusion applied","False"
"potential_sibling","marcos poma | antonia roque","marcos poma","antonia roque","M279","1901-07-27","wife","female","juana","poma","1871-08-03","1871","30","B1100","1869-07-19","Aucará","juana maria trinidad","poma","1869-07-08","1869","recorded_birth_year","2","True","True","False","needs_review","same_named_parent_pair and child/spouse timing within professor-approved ±15-year window; no marriage-date exclusion applied","False"
"potential_sibling","marcos poma | antonia roque","marcos poma","antonia roque","M279","1901-07-27","wife","female","juana","poma","1871-08-03","1871","30","B1403","1875-12-25","","manuela","poma","1875-12-09","1875","recorded_birth_year","4","True","True","False","needs_review","same_named_parent_pair and child/spouse timing within professor-approved ±15-year window; no marriage-date exclusion applied","False"
"potential_sibling","marcos poma | antonia roque","marcos poma","antonia roque","M279","1901-07-27","wife","female","juana","poma","1871-08-03","1871","30","B1627","1884-04-13","Pampamarca|Aucará","reymundo","poma","1884-03-20","1884","recorded_birth_year","13","True","True","False","needs_review","same_named_parent_pair and child/spouse timing within professor-approved ±15-year window; no marriage-date exclusion applied","False"
"potential_sibling","marcos ramos | benita polanco","marcos ramos","benita polanco","M002","1908-07-26","husband","male","leocadio","ramos","1880-08-01","1880","28","B0826","1866-09-04","Aucará","agustina","ramos","1866-07-28","1866","recorded_birth_year","14","True","True","False","needs_review","same_named_parent_pair and child/spouse timing within professor-approved ±15-year window; no marriage-date exclusion applied","False"
"potential_sibling","marcos ramos | benita polanco","marcos ramos","benita polanco","M002","1908-07-26","husband","male","leocadio","ramos","1880-08-01","1880","28","B1022","1868-10-04","Aucará","francisca","ramos","1868-09-26","1868","recorded_birth_year","12","True","True","False","needs_review","same_named_parent_pair and child/spouse timing within professor-approved ±15-year window; no marriage-date exclusion applied","False"
"potential_sibling","mariano arimana | eusebia marcacuzco","mariano arimana","eusebia marcacuzco","M357","1920-08-18","wife","female","otilia","arimana","1902-08-23","1902","18","B01121","1895-12-13","Aucara","lucia arimana","arimana","1895-12-13","1895","recorded_birth_year","7","True","True","True","needs_review","same_named_parent_pair and child/spouse timing within professor-approved ±15-year window; no marriage-date exclusion applied","False"
"potential_sibling","mariano ccoillo | manuela quispe","mariano ccoillo","manuela quispe","M266","1880-08-03","wife","female","simona","ccoillo","1840-08-13","1840","40","B00718","1838-07-26","Pampamarca|santa iglesia","santiago","ccoillo","1838-07-25","1838","recorded_birth_year","2","True","True","False","needs_review","same_named_parent_pair and child/spouse timing within professor-approved ±15-year window; no marriage-date exclusion applied","False"
"potential_sibling","mariano champa | justa lopez","mariano champa","justa lopez","M140","1913-09-08","wife","female","aurelia","champa","1893-09-12","1893","20","B00345","1902-02-13","Aucara","raimunda champa","champa","1902-02-09","1902","recorded_birth_year","9","True","True","False","needs_review","same_named_parent_pair and child/spouse timing within professor-approved ±15-year window; no marriage-date exclusion applied","False"
"potential_sibling","mariano dias | santona quispe","mariano dias","santona quispe","M063","1910-07-27","husband","male","antonio","días","1890-07-31","1890","20","B00069","1889-06-02","Aucara","victoria dias","dias","1889-03-04","1889","recorded_birth_year","1","True","True","False","needs_review","same_named_parent_pair and child/spouse timing within professor-approved ±15-year window; no marriage-date exclusion applied","False"
"potential_sibling","mariano diaz | silvestra polanco","mariano diaz","silvestra polanco","M114","1912-10-03","husband","male","daniel","diaz","1893-10-07","1893","19","B00594","1893-01-08","Aucara","daniel dias","diaz","1893-01-02","1893","recorded_birth_year","0","True","True","True","needs_review","same_named_parent_pair and child/spouse timing within professor-approved ±15-year window; no marriage-date exclusion applied","False"
"potential_sibling","mariano diaz | silvestra polanco","mariano diaz","silvestra polanco","M340","1920-06-06","wife","female","andrea","díaz","1900-06-11","1900","20","B00594","1893-01-08","Aucara","daniel dias","diaz","1893-01-02","1893","recorded_birth_year","7","True","True","True","needs_review","same_named_parent_pair and child/spouse timing within professor-approved ±15-year window; no marriage-date exclusion applied","False"
"potential_sibling","mariano huallpatuero | benancia quispe","mariano huallpatuero","benancia quispe","M091","1912-03-07","husband","male","antonio","huallpatuero","1892-03-11","1892","20","B00063","1889-05-28","Aucara","ancelma huallpatuero","huallpatuero","1889-04-16","1889","recorded_birth_year","3","True","True","False","needs_review","same_named_parent_pair and child/spouse timing within professor-approved ±15-year window; no marriage-date exclusion applied","False"
"potential_sibling","mariano huallpatuero | benancia quispe","mariano huallpatuero","benancia quispe","M091","1912-03-07","husband","male","antonio","huallpatuero","1892-03-11","1892","20","B00792","1894-02-24","Aucara","juliana","huallpatuero","1894-01-23","1894","recorded_birth_year","2","True","True","False","needs_review","same_named_parent_pair and child/spouse timing within professor-approved ±15-year window; no marriage-date exclusion applied","False"
"potential_sibling","mariano huallpatuero | benancia quispe","mariano huallpatuero","benancia quispe","M091","1912-03-07","husband","male","antonio","huallpatuero","1892-03-11","1892","20","B00866","1894-07-30","Pampamarca","paulina huallpatuero","huallpatuero","1894-07-22","1894","recorded_birth_year","2","True","True","False","needs_review","same_named_parent_pair and child/spouse timing within professor-approved ±15-year window; no marriage-date exclusion applied","False"
"potential_sibling","mariano quispe | francisca condori","mariano quispe","francisca condori","M282","1880-10-14","husband","male","domingo","quispe","1842-10-24","1842","38","B0459","1855-01-06","Aucará","agueda","quispe","","1855","baptism_event_year_fallback","13","True","True","True","needs_review","same_named_parent_pair and child/spouse timing within professor-approved ±15-year window; no marriage-date exclusion applied","False"
"potential_sibling","mariano ramos | maria dias","mariano ramos","maria dias","M481","1907-08-02","wife","female","cicilia","ramos","1882-08-07","1882","25","B1610","1884-03-16","Pampamarca|Aucará","reymunda","ramos","1884-03-15","1884","recorded_birth_year","2","True","True","False","needs_review","same_named_parent_pair and child/spouse timing within professor-approved ±15-year window; no marriage-date exclusion applied","False"
"potential_sibling","mariano ramos | maria dias","mariano ramos","maria dias","M481","1907-08-02","wife","female","cicilia","ramos","1882-08-07","1882","25","B1617","1884-03-25","Pampamarca|Aucará","catalina","ramos","1884-01-25","1884","recorded_birth_year","2","True","True","False","needs_review","same_named_parent_pair and child/spouse timing within professor-approved ±15-year window; no marriage-date exclusion applied","False"
"potential_sibling","mariano ramos | maria dias","mariano ramos","maria dias","M481","1907-08-02","wife","female","cicilia","ramos","1882-08-07","1882","25","B1902","1887-12-20","Pampamarca","viviana","ramos","1887-12-05","1887","recorded_birth_year","5","True","True","True","needs_review","same_named_parent_pair and child/spouse timing within professor-approved ±15-year window; no marriage-date exclusion applied","False"
"potential_sibling","mariano serrano | espirita palomino","mariano serrano","espirita palomino","M228","1917-08-24","wife","female","antonia","serrano","1897-08-28","1897","20","B00623","1893-03-08","Aucara","juana serrano","serrano","1893-02-28","1893","recorded_birth_year","4","True","True","False","needs_review","same_named_parent_pair and child/spouse timing within professor-approved ±15-year window; no marriage-date exclusion applied","False"
"potential_sibling","mariano serrano | espirita palomino","mariano serrano","espirita palomino","M228","1917-08-24","wife","female","antonia","serrano","1897-08-28","1897","20","B00913","1894-10-21","Aucara","froilán hilarion palomino","serrano","1894-10-05","1894","recorded_birth_year","3","True","True","False","needs_review","same_named_parent_pair and child/spouse timing within professor-approved ±15-year window; no marriage-date exclusion applied","False"
"potential_sibling","mariano serrano | natividad avalos","mariano serrano","natividad avalos","M032","1909-07-14","husband","male","justo","serrano","1883-07-20","1883","26","B00156","1890-02-08","Aucara","candelaria serrano","serrano","1890-02-03","1890","recorded_birth_year","7","True","True","False","needs_review","same_named_parent_pair and child/spouse timing within professor-approved ±15-year window; no marriage-date exclusion applied","False"
"potential_sibling","mariano serrano | natividad avalos","mariano serrano","natividad avalos","M032","1909-07-14","husband","male","justo","serrano","1883-07-20","1883","26","B00451","1892-02-22","Aucara","gregorio serrano","serrano","1892-02-10","1892","recorded_birth_year","9","True","True","False","needs_review","same_named_parent_pair and child/spouse timing within professor-approved ±15-year window; no marriage-date exclusion applied","False"
"potential_sibling","mariano serrano | natividad avalos","mariano serrano","natividad avalos","M032","1909-07-14","husband","male","justo","serrano","1883-07-20","1883","26","B00631","1893-03-19","Aucara","josefa serrano","serrano","1893-03-16","1893","recorded_birth_year","10","True","True","False","needs_review","same_named_parent_pair and child/spouse timing within professor-approved ±15-year window; no marriage-date exclusion applied","False"
"potential_sibling","mariano serrano | natividad avalos","mariano serrano","natividad avalos","M032","1909-07-14","husband","male","justo","serrano","1883-07-20","1883","26","B2000","1888-08-12","Aucará","lorenzo","serrano","1888-08-10","1888","recorded_birth_year","5","True","True","False","needs_review","same_named_parent_pair and child/spouse timing within professor-approved ±15-year window; no marriage-date exclusion applied","False"
"potential_sibling","mariano serrano | natividad avalos","mariano serrano","natividad avalos","M070","1910-08-27","wife","female","timotea","serrano","1885-09-01","1885","25","B00156","1890-02-08","Aucara","candelaria serrano","serrano","1890-02-03","1890","recorded_birth_year","5","True","True","False","needs_review","same_named_parent_pair and child/spouse timing within professor-approved ±15-year window; no marriage-date exclusion applied","False"
"potential_sibling","mariano serrano | natividad avalos","mariano serrano","natividad avalos","M070","1910-08-27","wife","female","timotea","serrano","1885-09-01","1885","25","B00451","1892-02-22","Aucara","gregorio serrano","serrano","1892-02-10","1892","recorded_birth_year","7","True","True","False","needs_review","same_named_parent_pair and child/spouse timing within professor-approved ±15-year window; no marriage-date exclusion applied","False"
"potential_sibling","mariano serrano | natividad avalos","mariano serrano","natividad avalos","M070","1910-08-27","wife","female","timotea","serrano","1885-09-01","1885","25","B00631","1893-03-19","Aucara","josefa serrano","serrano","1893-03-16","1893","recorded_birth_year","8","True","True","False","needs_review","same_named_parent_pair and child/spouse timing within professor-approved ±15-year window; no marriage-date exclusion applied","False"
"potential_sibling","mariano serrano | natividad avalos","mariano serrano","natividad avalos","M070","1910-08-27","wife","female","timotea","serrano","1885-09-01","1885","25","B2000","1888-08-12","Aucará","lorenzo","serrano","1888-08-10","1888","recorded_birth_year","3","True","True","False","needs_review","same_named_parent_pair and child/spouse timing within professor-approved ±15-year window; no marriage-date exclusion applied","False"
"potential_sibling","mariano serrano | natividad avalos","mariano serrano","natividad avalos","M092","1911-11-19","wife","female","josefa","serrano","1885-11-24","1885","26","B00156","1890-02-08","Aucara","candelaria serrano","serrano","1890-02-03","1890","recorded_birth_year","5","True","True","False","needs_review","same_named_parent_pair and child/spouse timing within professor-approved ±15-year window; no marriage-date exclusion applied","False"
"potential_sibling","mariano serrano | natividad avalos","mariano serrano","natividad avalos","M092","1911-11-19","wife","female","josefa","serrano","1885-11-24","1885","26","B00451","1892-02-22","Aucara","gregorio serrano","serrano","1892-02-10","1892","recorded_birth_year","7","True","True","False","needs_review","same_named_parent_pair and child/spouse timing within professor-approved ±15-year window; no marriage-date exclusion applied","False"
"potential_sibling","mariano serrano | natividad avalos","mariano serrano","natividad avalos","M092","1911-11-19","wife","female","josefa","serrano","1885-11-24","1885","26","B2000","1888-08-12","Aucará","lorenzo","serrano","1888-08-10","1888","recorded_birth_year","3","True","True","False","needs_review","same_named_parent_pair and child/spouse timing within professor-approved ±15-year window; no marriage-date exclusion applied","False"
"potential_sibling","mariano tito | petronila huallpatuero","mariano tito","petronila huallpatuero","M339","1920-05-13","husband","male","aniceto","tito","1890-05-20","1890","30","B00562","1892-10-04","Aucara","hermenegildo tito","tito","1892-09-04","1892","recorded_birth_year","2","True","True","True","needs_review","same_named_parent_pair and child/spouse timing within professor-approved ±15-year window; no marriage-date exclusion applied","False"
"potential_sibling","mariano tito | tomasa quispe","mariano tito","tomasa quispe","M264","1918-07-18","wife","female","matilde","tito","1899-07-22","1899","19","B00348","1891-07-24","Aucara","francisco tito","tito","1891-07-22","1891","recorded_birth_year","8","True","True","False","needs_review","same_named_parent_pair and child/spouse timing within professor-approved ±15-year window; no marriage-date exclusion applied","False"
"potential_sibling","mariano tito | tomasa quispe","mariano tito","tomasa quispe","M264","1918-07-18","wife","female","matilde","tito","1899-07-22","1899","19","B00646","1893-05-03","Aucara","hermenejildo tito","tito","1893-04-03","1893","recorded_birth_year","6","True","True","False","needs_review","same_named_parent_pair and child/spouse timing within professor-approved ±15-year window; no marriage-date exclusion applied","False"
"potential_sibling","mariano tito | tomasa quispe","mariano tito","tomasa quispe","M264","1918-07-18","wife","female","matilde","tito","1899-07-22","1899","19","B01174","1896-03-10","Pampamarca|santa iglesia viceparroquial","juana bautista tito","tito","1896-02-22","1896","recorded_birth_year","3","True","True","False","needs_review","same_named_parent_pair and child/spouse timing within professor-approved ±15-year window; no marriage-date exclusion applied","False"
"potential_sibling","mariano vellido | monica aivar","mariano vellido","monica aivar","M221","1917-02-24","wife","female","remigia","vellido","1898-02-28","1898","19","B00109","1889-11-10","Aucara","toribia vellido","vellido","1889-11-10","1889","recorded_birth_year","9","True","True","True","needs_review","same_named_parent_pair and child/spouse timing within professor-approved ±15-year window; no marriage-date exclusion applied","False"
"potential_sibling","mariano vellido | monica ayvar","mariano vellido","monica ayvar","M191","1914-10-28","husband","male","gabino","vellido","1891-11-02","1891","23","B00519","1892-06-05","Aucara","feliciana vellido","vellido","1892-06-03","1892","recorded_birth_year","1","True","True","False","needs_review","same_named_parent_pair and child/spouse timing within professor-approved ±15-year window; no marriage-date exclusion applied","False"
"potential_sibling","martin apaico | gabriela mancco","martin apaico","gabriela mancco","M304","1919-07-25","husband","male","ramon","apaico","1899-07-29","1899","20","B00252","1901-08-31","Aucara","ramon nonato apaico","apaico","1901-08-19","1901","recorded_birth_year","2","True","True","True","needs_review","same_named_parent_pair and child/spouse timing within professor-approved ±15-year window; no marriage-date exclusion applied","False"
"potential_sibling","martin apaico | gabriela mancco","martin apaico","gabriela mancco","M347","1920-07-17","wife","female","deifilia","apaico","1902-07-22","1902","18","B00252","1901-08-31","Aucara","ramon nonato apaico","apaico","1901-08-19","1901","recorded_birth_year","1","True","True","True","needs_review","same_named_parent_pair and child/spouse timing within professor-approved ±15-year window; no marriage-date exclusion applied","False"
"potential_sibling","martin avalos | asunta de la cruz","martin avalos","asunta de la cruz","M033","1909-07-16","husband","male","josé","avalos","1885-07-21","1885","24","B00622","1893-03-08","Aucara","casimiro avalos","avalos","1893-03-04","1893","recorded_birth_year","8","True","True","False","needs_review","same_named_parent_pair and child/spouse timing within professor-approved ±15-year window; no marriage-date exclusion applied","False"
"potential_sibling","martin chinchai | manuela cruz","martin chinchai","manuela cruz","M310","1901-10-18","wife","female","concepcion","chinchai","1861-10-27","1861","40","B0924","1867-07-21","Aucará","ysac","chinchai","1867-05-22","1867","recorded_birth_year","6","True","True","False","needs_review","same_named_parent_pair and child/spouse timing within professor-approved ±15-year window; no marriage-date exclusion applied","False"
"potential_sibling","martin morales | dominga polanco","martin morales","dominga polanco","M206","1915-12-18","wife","female","aguida","morales","1897-12-21","1897","18","B00791","1894-02-23","Aucara","agueda","morales","1894-01-21","1894","recorded_birth_year","3","True","True","False","needs_review","same_named_parent_pair and child/spouse timing within professor-approved ±15-year window; no marriage-date exclusion applied","False"
"potential_sibling","martin morales | dominga polanco","martin morales","dominga polanco","M206","1915-12-18","wife","female","aguida","morales","1897-12-21","1897","18","B01178","1896-03-02","Pampamarca|santa iglesia viceparroquial","lázaro morales","morales","1896-02-10","1896","recorded_birth_year","1","True","True","False","needs_review","same_named_parent_pair and child/spouse timing within professor-approved ±15-year window; no marriage-date exclusion applied","False"
"potential_sibling","martin quispe | estefa chinchay","martin quispe","estefa chinchay","M234","1917-10-29","wife","female","carmen","quispe","1897-11-02","1897","20","B00345","1891-07-23","Aucara","dominga quispe","quispe","1891-05-24","1891","recorded_birth_year","6","True","True","True","needs_review","same_named_parent_pair and child/spouse timing within professor-approved ±15-year window; no marriage-date exclusion applied","False"
"potential_sibling","martin quispe | francisca sanches","martin quispe","francisca sanches","M479","1907-08-18","wife","female","carmen","quispe","1880-08-23","1880","27","B00284","1891-02-02","Aucara","maria natividad quispe","quispe","1890-09-05","1890","recorded_birth_year","10","True","True","True","needs_review","same_named_parent_pair and child/spouse timing within professor-approved ±15-year window; no marriage-date exclusion applied","False"
"potential_sibling","martin quispe | francisca sanches","martin quispe","francisca sanches","M479","1907-08-18","wife","female","carmen","quispe","1880-08-23","1880","27","B1020","1868-10-04","Aucará","felipe","quispe","1868-09-04","1868","recorded_birth_year","12","True","True","True","needs_review","same_named_parent_pair and child/spouse timing within professor-approved ±15-year window; no marriage-date exclusion applied","False"
"potential_sibling","martin quispe | francisca sanches","martin quispe","francisca sanches","M479","1907-08-18","wife","female","carmen","quispe","1880-08-23","1880","27","B1539","1883-07-18","Pampamarca","maria carmen","quispe","","1883","baptism_event_year_fallback","3","True","True","False","needs_review","same_named_parent_pair and child/spouse timing within professor-approved ±15-year window; no marriage-date exclusion applied","False"
"potential_sibling","martin quispe | francisca sanches","martin quispe","francisca sanches","M479","1907-08-18","wife","female","carmen","quispe","1880-08-23","1880","27","B1731","1885-02-02","Pueblo de Aucará","paulina","quispe","1885-01-24","1885","recorded_birth_year","5","True","True","False","needs_review","same_named_parent_pair and child/spouse timing within professor-approved ±15-year window; no marriage-date exclusion applied","False"
"potential_sibling","melchor ccanto | calista mancco","melchor ccanto","calista mancco","M273","1880-10-12","husband","male","mariano","ccanto","1855-10-19","1855","25","B0779","1866-03-31","Aucará","matiasa","ccanto","1866-02-23","1866","recorded_birth_year","11","True","True","True","needs_review","same_named_parent_pair and child/spouse timing within professor-approved ±15-year window; no marriage-date exclusion applied","False"
"potential_sibling","melchor ccanto | calista mancco","melchor ccanto","calista mancco","M426","1905-02-12","husband","male","tobias","ccanto","1873-02-19","1873","32","B0779","1866-03-31","Aucará","matiasa","ccanto","1866-02-23","1866","recorded_birth_year","7","True","True","True","needs_review","same_named_parent_pair and child/spouse timing within professor-approved ±15-year window; no marriage-date exclusion applied","False"
"potential_sibling","miguel pacheco | silvestra mendoza","miguel pacheco","silvestra mendoza","M439","1905-09-04","wife","female","justa","pacheco","1889-09-07","1889","16","B00039","1896-10-01","Aucara","wenceslao","pacheco","","1896","baptism_event_year_fallback","7","True","True","True","needs_review","same_named_parent_pair and child/spouse timing within professor-approved ±15-year window; no marriage-date exclusion applied","False"
"potential_sibling","nicolas huamani | brigida ccoyllo","nicolas huamani","brigida ccoyllo","M481","1907-08-02","husband","male","francisco","huamani","1880-08-07","1880","27","B1445","1882-11-01","","santosa","huamani","1882-10-18","1882","recorded_birth_year","2","True","True","False","needs_review","same_named_parent_pair and child/spouse timing within professor-approved ±15-year window; no marriage-date exclusion applied","False"
"potential_sibling","nicolas huamani | brigida ccoyllo","nicolas huamani","brigida ccoyllo","M481","1907-08-02","husband","male","francisco","huamani","1880-08-07","1880","27","B1640","1884-05-04","Pampamarca","eduarda","huamani","1884-04-20","1884","recorded_birth_year","4","True","True","True","needs_review","same_named_parent_pair and child/spouse timing within professor-approved ±15-year window; no marriage-date exclusion applied","False"
"potential_sibling","nicolas quispe | rosalia velasque","nicolas quispe","rosalia velasque","M183","1914-09-08","wife","female","juana","quispe","1894-09-12","1894","20","B00421","1891-12-24","Aucara","valentin quispe","quispe","1891-12-16","1891","recorded_birth_year","3","True","True","True","needs_review","same_named_parent_pair and child/spouse timing within professor-approved ±15-year window; no marriage-date exclusion applied","False"
"potential_sibling","nicolas serrano | juana urbano","nicolas serrano","juana urbano","M387","1904-07-03","husband","male","mariano","serrano","1872-07-10","1872","32","B1536","1883-07-18","Viceparroquia de Pampamarca","mariano del carmen","serrano","1883-07-10","1883","recorded_birth_year","11","True","True","False","needs_review","same_named_parent_pair and child/spouse timing within professor-approved ±15-year window; no marriage-date exclusion applied","False"
"potential_sibling","pablo quispe | encarnacion urbano","pablo quispe","encarnacion urbano","M048","1909-12-09","husband","male","mariano","quispe","1875-12-17","1875","34","B00155","1890-02-07","Aucara","juana quispe","quispe","1889-12-29","1889","recorded_birth_year","14","True","True","True","needs_review","same_named_parent_pair and child/spouse timing within professor-approved ±15-year window; no marriage-date exclusion applied","False"
"potential_sibling","pablo quispe | encarnacion urbano","pablo quispe","encarnacion urbano","M048","1909-12-09","husband","male","mariano","quispe","1875-12-17","1875","34","B1501","1883-03-24","","pablo","quispe","1883-03-16","1883","recorded_birth_year","8","True","True","False","needs_review","same_named_parent_pair and child/spouse timing within professor-approved ±15-year window; no marriage-date exclusion applied","False"
"potential_sibling","pablo quispe | encarnacion urbano","pablo quispe","encarnacion urbano","M106","1912-08-18","husband","male","juan","quispe","1893-08-22","1893","19","B00155","1890-02-07","Aucara","juana quispe","quispe","1889-12-29","1889","recorded_birth_year","4","True","True","False","needs_review","same_named_parent_pair and child/spouse timing within professor-approved ±15-year window; no marriage-date exclusion applied","False"
"potential_sibling","pablo quispe | encarnacion urbano","pablo quispe","encarnacion urbano","M106","1912-08-18","husband","male","juan","quispe","1893-08-22","1893","19","B1501","1883-03-24","","pablo","quispe","1883-03-16","1883","recorded_birth_year","10","True","True","False","needs_review","same_named_parent_pair and child/spouse timing within professor-approved ±15-year window; no marriage-date exclusion applied","False"
"potential_sibling","pablo quispe | gregoria condori","pablo quispe","gregoria condori","M261","1878-09-02","wife","female","fermina","quispe","1853-09-08","1853","25","B0065","1847-11-28","Aucará","maría santos quispe","quispe","","1847","baptism_event_year_fallback","6","True","True","True","needs_review","same_named_parent_pair and child/spouse timing within professor-approved ±15-year window; no marriage-date exclusion applied","False"
"potential_sibling","pascual roca | baltazara huallpatuero","pascual roca","baltazara huallpatuero","M352","1920-08-01","husband","male","basilio","roca","1895-08-07","1895","25","B00199","1890-05-03","Aucara","bacilio","roca","1890-04-18","1890","recorded_birth_year","5","True","True","True","needs_review","same_named_parent_pair and child/spouse timing within professor-approved ±15-year window; no marriage-date exclusion applied","False"
"potential_sibling","patricio huamani | candelaria cucho","patricio huamani","candelaria cucho","M289","1919-03-02","husband","male","damian","huamani","1897-03-06","1897","22","B00053","1889-05-03","Aucara","alejandra huamaní","huamani","1889-04-23","1889","recorded_birth_year","8","True","True","False","needs_review","same_named_parent_pair and child/spouse timing within professor-approved ±15-year window; no marriage-date exclusion applied","False"
"potential_sibling","patricio huamani | candelaria cucho","patricio huamani","candelaria cucho","M289","1919-03-02","husband","male","damian","huamani","1897-03-06","1897","22","B00621","1893-03-08","Aucara","damyan huamani","huamani","1893-02-23","1893","recorded_birth_year","4","True","True","False","needs_review","same_named_parent_pair and child/spouse timing within professor-approved ±15-year window; no marriage-date exclusion applied","False"
"potential_sibling","pedro achamisa | francisca paucar","pedro achamisa","francisca paucar","M252","1877-05-18","wife","female","maria","achamisa","1854-05-24","1854","23","B0015","1846-11-23","Aucará","martin achamisa","achamisa","1846-11-19","1846","recorded_birth_year","8","True","True","True","needs_review","same_named_parent_pair and child/spouse timing within professor-approved ±15-year window; no marriage-date exclusion applied","False"
"potential_sibling","pedro achamisa | francisca paucar","pedro achamisa","francisca paucar","M252","1877-05-18","wife","female","maria","achamisa","1854-05-24","1854","23","B0182","1849-09-12","Aucará","agustin","achamisa","1849-08-31","1849","recorded_birth_year","5","True","True","True","needs_review","same_named_parent_pair and child/spouse timing within professor-approved ±15-year window; no marriage-date exclusion applied","False"
"potential_sibling","pedro arango | basilia chalco","pedro arango","basilia chalco","M198","1915-06-14","husband","male","victor","arango","1895-06-18","1895","20","B00107","1889-11-03","Aucara","anjela arango","arango","1889-10-04","1889","recorded_birth_year","6","True","True","True","needs_review","same_named_parent_pair and child/spouse timing within professor-approved ±15-year window; no marriage-date exclusion applied","False"
"potential_sibling","pedro arango | basilia chalco","pedro arango","basilia chalco","M235","1917-11-06","husband","male","maximiliano","arango","1897-11-10","1897","20","B00107","1889-11-03","Aucara","anjela arango","arango","1889-10-04","1889","recorded_birth_year","8","True","True","True","needs_review","same_named_parent_pair and child/spouse timing within professor-approved ±15-year window; no marriage-date exclusion applied","False"
"potential_sibling","pedro ccanto | francisca avalos","pedro ccanto","francisca avalos","M478","1907-08-10","wife","female","matiasa","ccanto","1878-08-16","1878","29","B2004","1888-08-21","Iglesia viceparroquial de Chacralla","carmen","ccanto","1888-07-22","1888","recorded_birth_year","10","True","True","False","needs_review","same_named_parent_pair and child/spouse timing within professor-approved ±15-year window; no marriage-date exclusion applied","False"
"potential_sibling","pedro ccoillo | fausta tito","pedro ccoillo","fausta tito","M256","1878-08-07","husband","male","gabriel","coillo","1854-08-13","1854","24","B0397","1854-01-08","Aucará","gabriel","ccoillo","","1854","baptism_event_year_fallback","0","True","True","True","needs_review","same_named_parent_pair and child/spouse timing within professor-approved ±15-year window; no marriage-date exclusion applied","False"
"potential_sibling","pedro champa | rosa polanco","pedro champa","rosa polanco","M288","1881-07-17","wife","female","sipriana","champa","1856-07-23","1856","25","B0435","1854-05-20","Aucará","maria","champa","","1854","baptism_event_year_fallback","2","True","True","True","needs_review","same_named_parent_pair and child/spouse timing within professor-approved ±15-year window; no marriage-date exclusion applied","False"
"potential_sibling","pedro monje | bonifacia romero","pedro monje","bonifacia romero","M417","1904-10-28","wife","female","marcelina","monje","1886-11-01","1886","18","B00645","1893-04-23","Aucara","anselma monje","monje","1893-04-20","1893","recorded_birth_year","7","True","True","True","needs_review","same_named_parent_pair and child/spouse timing within professor-approved ±15-year window; no marriage-date exclusion applied","False"
"potential_sibling","pedro monje | bonifacia romero","pedro monje","bonifacia romero","M417","1904-10-28","wife","female","marcelina","monje","1886-11-01","1886","18","B2034","1888-11-08","Aucará","marcela","monje","1888-10-31","1888","recorded_birth_year","2","True","True","True","needs_review","same_named_parent_pair and child/spouse timing within professor-approved ±15-year window; no marriage-date exclusion applied","False"
"potential_sibling","pedro poma | gregoria javier","pedro poma","gregoria javier","M234","1917-10-29","husband","male","tomas","poma","1892-11-03","1892","25","B1924","1888-02-02","Aucará","emiliano","poma","1887-12-04","1887","recorded_birth_year","5","True","True","True","needs_review","same_named_parent_pair and child/spouse timing within professor-approved ±15-year window; no marriage-date exclusion applied","False"
"potential_sibling","pedro quispe | francisca sanchez","pedro quispe","francisca sanchez","M004","1908-08-03","husband","male","isidro","quispe","1884-08-08","1884","24","B01063","1895-10-04","Pampamarca|santa iglesia viceparroquial","mauricio quispe","quispe","1895-09-20","1895","recorded_birth_year","11","True","True","False","needs_review","same_named_parent_pair and child/spouse timing within professor-approved ±15-year window; no marriage-date exclusion applied","False"
"potential_sibling","pedro quispe | francisca sanchez","pedro quispe","francisca sanchez","M004","1908-08-03","husband","male","isidro","quispe","1884-08-08","1884","24","B1658","1884-06-19","Pueblo de Aucará","victoria","quispe","1884-05-29","1884","recorded_birth_year","0","True","True","False","needs_review","same_named_parent_pair and child/spouse timing within professor-approved ±15-year window; no marriage-date exclusion applied","False"
"potential_sibling","pedro quispe | maria santiago","pedro quispe","maria santiago","M065","1910-08-18","wife","female","teresa","quispe","1880-08-24","1880","30","B00403","1891-12-08","Aucara","maria quispe","quispe","1891-11-24","1891","recorded_birth_year","11","True","True","False","needs_review","same_named_parent_pair and child/spouse timing within professor-approved ±15-year window; no marriage-date exclusion applied","False"
"potential_sibling","pedro quispe | maria santiago","pedro quispe","maria santiago","M065","1910-08-18","wife","female","teresa","quispe","1880-08-24","1880","30","B1025","1868-10-04","Aucará","felipe","quispe","1868-08-20","1868","recorded_birth_year","12","True","True","False","needs_review","same_named_parent_pair and child/spouse timing within professor-approved ±15-year window; no marriage-date exclusion applied","False"
"potential_sibling","pedro quispe | maria santiago","pedro quispe","maria santiago","M094","1912-06-17","husband","male","lucas","quispe","1876-06-25","1876","36","B00403","1891-12-08","Aucara","maria quispe","quispe","1891-11-24","1891","recorded_birth_year","15","True","True","True","needs_review","same_named_parent_pair and child/spouse timing within professor-approved ±15-year window; no marriage-date exclusion applied","False"
"potential_sibling","pedro quispe | maria santiago","pedro quispe","maria santiago","M094","1912-06-17","husband","male","lucas","quispe","1876-06-25","1876","36","B1025","1868-10-04","Aucará","felipe","quispe","1868-08-20","1868","recorded_birth_year","8","True","True","True","needs_review","same_named_parent_pair and child/spouse timing within professor-approved ±15-year window; no marriage-date exclusion applied","False"
"potential_sibling","pedro quispe | maria santiago","pedro quispe","maria santiago","M326","1902-07-17","husband","male","lucas","quispe","1868-07-24","1868","34","B1025","1868-10-04","Aucará","felipe","quispe","1868-08-20","1868","recorded_birth_year","0","True","True","False","needs_review","same_named_parent_pair and child/spouse timing within professor-approved ±15-year window; no marriage-date exclusion applied","False"
"potential_sibling","pedro ramos | manuela vega","pedro ramos","manuela vega","M316","1919-08-31","husband","male","saturnino","ramos","1899-09-04","1899","20","B00231","1901-07-16","Pampamarca","benancio ramos","ramos","1901-06-26","1901","recorded_birth_year","2","True","True","False","needs_review","same_named_parent_pair and child/spouse timing within professor-approved ±15-year window; no marriage-date exclusion applied","False"
"potential_sibling","pedro ramos | manuela vega","pedro ramos","manuela vega","M316","1919-08-31","husband","male","saturnino","ramos","1899-09-04","1899","20","B00299","1891-02-24","Aucara","juliana ramos","ramos","1891-02-19","1891","recorded_birth_year","8","True","True","False","needs_review","same_named_parent_pair and child/spouse timing within professor-approved ±15-year window; no marriage-date exclusion applied","False"
"potential_sibling","pedro ramos | manuela vega","pedro ramos","manuela vega","M316","1919-08-31","husband","male","saturnino","ramos","1899-09-04","1899","20","B00934","1894-11-28","Aucara","ygnacio fermin ramos","ramos","1894-10-29","1894","recorded_birth_year","5","True","True","False","needs_review","same_named_parent_pair and child/spouse timing within professor-approved ±15-year window; no marriage-date exclusion applied","False"
"potential_sibling","pedro ramos | manuela vega","pedro ramos","manuela vega","M316","1919-08-31","husband","male","saturnino","ramos","1899-09-04","1899","20","B1691","1884-10-13","Pueblo de Aucará","leandro","ramos","1884-10-12","1884","recorded_birth_year","15","True","True","False","needs_review","same_named_parent_pair and child/spouse timing within professor-approved ±15-year window; no marriage-date exclusion applied","False"
"potential_sibling","pedro ramos | manuela vega","pedro ramos","manuela vega","M316","1919-08-31","husband","male","saturnino","ramos","1899-09-04","1899","20","B1805","1886-02-04","Pueblo de Aucará","benedicta","ramos","1886-01-05","1886","recorded_birth_year","13","True","True","False","needs_review","same_named_parent_pair and child/spouse timing within professor-approved ±15-year window; no marriage-date exclusion applied","False"
"potential_sibling","pedro ramos | manuela vega","pedro ramos","manuela vega","M316","1919-08-31","husband","male","saturnino","ramos","1899-09-04","1899","20","B1952","1888-05-03","Pampamarca","josefa","ramos","1888-04-03","1888","recorded_birth_year","11","True","True","False","needs_review","same_named_parent_pair and child/spouse timing within professor-approved ±15-year window; no marriage-date exclusion applied","False"
"potential_sibling","pedro ramos | manuela vega","pedro ramos","manuela vega","M467","1906-10-09","wife","female","fabriciana","ramos","1878-10-15","1878","28","B00299","1891-02-24","Aucara","juliana ramos","ramos","1891-02-19","1891","recorded_birth_year","13","True","True","False","needs_review","same_named_parent_pair and child/spouse timing within professor-approved ±15-year window; no marriage-date exclusion applied","False"
"potential_sibling","pedro ramos | manuela vega","pedro ramos","manuela vega","M467","1906-10-09","wife","female","fabriciana","ramos","1878-10-15","1878","28","B1691","1884-10-13","Pueblo de Aucará","leandro","ramos","1884-10-12","1884","recorded_birth_year","6","True","True","False","needs_review","same_named_parent_pair and child/spouse timing within professor-approved ±15-year window; no marriage-date exclusion applied","False"
"potential_sibling","pedro ramos | manuela vega","pedro ramos","manuela vega","M467","1906-10-09","wife","female","fabriciana","ramos","1878-10-15","1878","28","B1805","1886-02-04","Pueblo de Aucará","benedicta","ramos","1886-01-05","1886","recorded_birth_year","8","True","True","False","needs_review","same_named_parent_pair and child/spouse timing within professor-approved ±15-year window; no marriage-date exclusion applied","False"
"potential_sibling","pedro ramos | manuela vega","pedro ramos","manuela vega","M467","1906-10-09","wife","female","fabriciana","ramos","1878-10-15","1878","28","B1952","1888-05-03","Pampamarca","josefa","ramos","1888-04-03","1888","recorded_birth_year","10","True","True","True","needs_review","same_named_parent_pair and child/spouse timing within professor-approved ±15-year window; no marriage-date exclusion applied","False"
"potential_sibling","pedro ynca | rosalia huayta","pedro ynca","rosalia huayta","M148","1913-10-08","husband","male","juan de dios","ynca","1891-10-13","1891","22","B00606","1893-02-09","Aucara","juan ynca","ynca","1893-02-08","1893","recorded_birth_year","2","True","True","False","needs_review","same_named_parent_pair and child/spouse timing within professor-approved ±15-year window; no marriage-date exclusion applied","False"
"potential_sibling","pedro ynca | rosalia huayta","pedro ynca","rosalia huayta","M148","1913-10-08","husband","male","juan de dios","ynca","1891-10-13","1891","22","B01104","1895-11-16","Ishua|santa iglesia viceparroquial","serapia ynca","ynca","1895-11-13","1895","recorded_birth_year","4","True","True","False","needs_review","same_named_parent_pair and child/spouse timing within professor-approved ±15-year window; no marriage-date exclusion applied","False"
"potential_sibling","raimundo sanchez | juana avalos","raimundo sanchez","juana avalos","M276","1918-10-18","wife","female","maría jesús","sanchez","1898-10-22","1898","20","B00329","1902-01-12","Aucara","javina sanchez","sanchez","1901-12-28","1901","recorded_birth_year","3","True","True","False","needs_review","same_named_parent_pair and child/spouse timing within professor-approved ±15-year window; no marriage-date exclusion applied","False"
"potential_sibling","ramon huarancca | leocadia roque","ramon huarancca","leocadia roque","M113","1912-09-19","husband","male","manuel","huarancca","1892-09-23","1892","20","B00122","1889-12-09","Aucara","concepcion huarancca","huarancca","1889-12-07","1889","recorded_birth_year","3","True","True","True","needs_review","same_named_parent_pair and child/spouse timing within professor-approved ±15-year window; no marriage-date exclusion applied","False"
"potential_sibling","ramon huarancca | leocadia roque","ramon huarancca","leocadia roque","M113","1912-09-19","husband","male","manuel","huarancca","1892-09-23","1892","20","B00946","1894-12-28","Aucara","manuel jesus huarancca","huarancca","1894-12-24","1894","recorded_birth_year","2","True","True","True","needs_review","same_named_parent_pair and child/spouse timing within professor-approved ±15-year window; no marriage-date exclusion applied","False"
"potential_sibling","ramon quispe | fernanda ramos","ramon quispe","fernanda ramos","M291","1882-08-11","wife","female","juana","quispe","1867-08-15","1867","15","B0677","1865-01-01","Aucará","balentina","quispe","1864-12-12","1864","recorded_birth_year","3","True","True","True","needs_review","same_named_parent_pair and child/spouse timing within professor-approved ±15-year window; no marriage-date exclusion applied","False"
"potential_sibling","ramon ynca | gregoria huarcaya","ramon ynca","gregoria huarcaya","M056","1910-04-28","husband","male","ciprian","ynca","1890-05-02","1890","20","B00739","1893-11-25","Aucara","maximiliano ynca","ynca","1893-11-19","1893","recorded_birth_year","3","True","True","True","needs_review","same_named_parent_pair and child/spouse timing within professor-approved ±15-year window; no marriage-date exclusion applied","False"
"potential_sibling","raymundo sanchez | juana avalos","raymundo sanchez","juana avalos","M002","1908-07-26","wife","female","jesusa","sanchez","1886-07-31","1886","22","B1925","1888-02-02","Aucará","manuela jesus","sanchez","1888-01-03","1888","recorded_birth_year","2","True","True","False","needs_review","same_named_parent_pair and child/spouse timing within professor-approved ±15-year window; no marriage-date exclusion applied","False"
"potential_sibling","raymundo sanchez | juana avalos","raymundo sanchez","juana avalos","M141","1913-09-17","wife","female","sebastiana","sánchez","1895-09-21","1895","18","B1925","1888-02-02","Aucará","manuela jesus","sanchez","1888-01-03","1888","recorded_birth_year","7","True","True","False","needs_review","same_named_parent_pair and child/spouse timing within professor-approved ±15-year window; no marriage-date exclusion applied","False"
"potential_sibling","raymundo sanchez | juana avalos","raymundo sanchez","juana avalos","M142","1913-09-17","wife","female","dionicia","sánchez","1892-09-21","1892","21","B1925","1888-02-02","Aucará","manuela jesus","sanchez","1888-01-03","1888","recorded_birth_year","4","True","True","False","needs_review","same_named_parent_pair and child/spouse timing within professor-approved ±15-year window; no marriage-date exclusion applied","False"
"potential_sibling","raymundo vivanco | florentina zarate","raymundo vivanco","florentina zarate","M054","1910-04-07","wife","female","justa","vivanco","1891-04-11","1891","19","B01141","1896-01-08","Aucara","erasmo gonzalo vivanco","vivanco","1895-11-25","1895","recorded_birth_year","4","True","True","True","needs_review","same_named_parent_pair and child/spouse timing within professor-approved ±15-year window; no marriage-date exclusion applied","False"
"potential_sibling","raymundo vivanco | florentina zarate","raymundo vivanco","florentina zarate","M055","1910-04-07","wife","female","natividad","vivanco","1888-04-11","1888","22","B01141","1896-01-08","Aucara","erasmo gonzalo vivanco","vivanco","1895-11-25","1895","recorded_birth_year","7","True","True","True","needs_review","same_named_parent_pair and child/spouse timing within professor-approved ±15-year window; no marriage-date exclusion applied","False"
"potential_sibling","rufino urbano | antonia quispe","rufino urbano","antonia quispe","M018","1908-09-09","wife","female","rosenda","urbano","1881-09-15","1881","27","B1900","1887-12-19","Pampamarca","francisco","urbano","1887-12-04","1887","recorded_birth_year","6","True","True","False","needs_review","same_named_parent_pair and child/spouse timing within professor-approved ±15-year window; no marriage-date exclusion applied","False"
"potential_sibling","santiago bautista | casimira cayampe","santiago bautista","casimira cayampe","M142","1913-09-17","husband","male","anselmo","bautista","1891-09-22","1891","22","B00137","1889-12-27","Aucara","francisca bautista","bautista","1889-11-27","1889","recorded_birth_year","2","True","True","False","needs_review","same_named_parent_pair and child/spouse timing within professor-approved ±15-year window; no marriage-date exclusion applied","False"
"potential_sibling","santiago ccoillo | felipa sanchez","santiago ccoillo","felipa sanchez","M106","1912-08-18","wife","female","clara","ccoillo","1895-08-22","1895","17","B00165","1890-02-20","Aucara","dorotea","ccoillo","1890-02-08","1890","recorded_birth_year","5","True","True","False","needs_review","same_named_parent_pair and child/spouse timing within professor-approved ±15-year window; no marriage-date exclusion applied","False"
"potential_sibling","santiago ccoillo | felipa sanchez","santiago ccoillo","felipa sanchez","M214","1916-08-23","husband","male","nicolas","ccoillo","1894-08-28","1894","22","B00165","1890-02-20","Aucara","dorotea","ccoillo","1890-02-08","1890","recorded_birth_year","4","True","True","False","needs_review","same_named_parent_pair and child/spouse timing within professor-approved ±15-year window; no marriage-date exclusion applied","False"
"potential_sibling","santiago ccoyllo | felipa sanches","santiago ccoyllo","felipa sanches","M482","1907-08-03","husband","male","damian","ccoyllo","1879-08-09","1879","28","B1550","1883-09-27","Pueblo de Aucará","cosme","ccoyllo","1883-09-22","1883","recorded_birth_year","4","True","True","False","needs_review","same_named_parent_pair and child/spouse timing within professor-approved ±15-year window; no marriage-date exclusion applied","False"
"potential_sibling","santos condori | juana quispe","santos condori","juana quispe","M075","1910-09-06","wife","female","espirita","condori","1887-09-11","1887","23","B00117","1889-11-28","Aucara","saturnino condori","condori","1889-11-25","1889","recorded_birth_year","2","True","True","True","needs_review","same_named_parent_pair and child/spouse timing within professor-approved ±15-year window; no marriage-date exclusion applied","False"
"potential_sibling","santos condori | juana quispe","santos condori","juana quispe","M075","1910-09-06","wife","female","espirita","condori","1887-09-11","1887","23","B00532","1892-07-18","Aucara","fermin condori","condori","1892-07-03","1892","recorded_birth_year","5","True","True","True","needs_review","same_named_parent_pair and child/spouse timing within professor-approved ±15-year window; no marriage-date exclusion applied","False"
"potential_sibling","santos espejo | martina poma","santos espejo","martina poma","M155","1913-10-22","wife","female","beatriz","espejo","1894-10-26","1894","19","B00050","1896-10-13","Pampamarca|santa iglesia viceparroquial","maria zaragoza","espejo","1896-10-13","1896","recorded_birth_year","2","True","True","False","needs_review","same_named_parent_pair and child/spouse timing within professor-approved ±15-year window; no marriage-date exclusion applied","False"
"potential_sibling","santos espejo | martina poma","santos espejo","martina poma","M155","1913-10-22","wife","female","beatriz","espejo","1894-10-26","1894","19","B00312","1891-05-03","Aucara","simon espejo","espejo","1891-04-23","1891","recorded_birth_year","3","True","True","False","needs_review","same_named_parent_pair and child/spouse timing within professor-approved ±15-year window; no marriage-date exclusion applied","False"
"potential_sibling","santos espejo | martina poma","santos espejo","martina poma","M155","1913-10-22","wife","female","beatriz","espejo","1894-10-26","1894","19","B00362","1891-09-22","Aucara","tiburcia espejo","espejo","1891-08-23","1891","recorded_birth_year","3","True","True","False","needs_review","same_named_parent_pair and child/spouse timing within professor-approved ±15-year window; no marriage-date exclusion applied","False"
"potential_sibling","santos espejo | martina poma","santos espejo","martina poma","M155","1913-10-22","wife","female","beatriz","espejo","1894-10-26","1894","19","B1986","1888-07-19","Pampamarca","manuela corpus","espejo","1888-05-30","1888","recorded_birth_year","6","True","True","False","needs_review","same_named_parent_pair and child/spouse timing within professor-approved ±15-year window; no marriage-date exclusion applied","False"
"potential_sibling","santos espejo | martina poma","santos espejo","martina poma","M207","1915-12-27","wife","female","maría santos","espejo","1897-12-30","1897","18","B00050","1896-10-13","Pampamarca|santa iglesia viceparroquial","maria zaragoza","espejo","1896-10-13","1896","recorded_birth_year","1","True","True","False","needs_review","same_named_parent_pair and child/spouse timing within professor-approved ±15-year window; no marriage-date exclusion applied","False"
"potential_sibling","santos espejo | martina poma","santos espejo","martina poma","M207","1915-12-27","wife","female","maría santos","espejo","1897-12-30","1897","18","B00312","1891-05-03","Aucara","simon espejo","espejo","1891-04-23","1891","recorded_birth_year","6","True","True","True","needs_review","same_named_parent_pair and child/spouse timing within professor-approved ±15-year window; no marriage-date exclusion applied","False"
"potential_sibling","santos espejo | martina poma","santos espejo","martina poma","M207","1915-12-27","wife","female","maría santos","espejo","1897-12-30","1897","18","B00362","1891-09-22","Aucara","tiburcia espejo","espejo","1891-08-23","1891","recorded_birth_year","6","True","True","True","needs_review","same_named_parent_pair and child/spouse timing within professor-approved ±15-year window; no marriage-date exclusion applied","False"
"potential_sibling","santos espejo | martina poma","santos espejo","martina poma","M207","1915-12-27","wife","female","maría santos","espejo","1897-12-30","1897","18","B1986","1888-07-19","Pampamarca","manuela corpus","espejo","1888-05-30","1888","recorded_birth_year","9","True","True","False","needs_review","same_named_parent_pair and child/spouse timing within professor-approved ±15-year window; no marriage-date exclusion applied","False"
"potential_sibling","santos espejo | martina poma","santos espejo","martina poma","M238","1918-02-21","wife","female","corpusa","espejo","1890-02-27","1890","28","B00050","1896-10-13","Pampamarca|santa iglesia viceparroquial","maria zaragoza","espejo","1896-10-13","1896","recorded_birth_year","6","True","True","False","needs_review","same_named_parent_pair and child/spouse timing within professor-approved ±15-year window; no marriage-date exclusion applied","False"
"potential_sibling","santos espejo | martina poma","santos espejo","martina poma","M238","1918-02-21","wife","female","corpusa","espejo","1890-02-27","1890","28","B00312","1891-05-03","Aucara","simon espejo","espejo","1891-04-23","1891","recorded_birth_year","1","True","True","False","needs_review","same_named_parent_pair and child/spouse timing within professor-approved ±15-year window; no marriage-date exclusion applied","False"
"potential_sibling","santos espejo | martina poma","santos espejo","martina poma","M238","1918-02-21","wife","female","corpusa","espejo","1890-02-27","1890","28","B00362","1891-09-22","Aucara","tiburcia espejo","espejo","1891-08-23","1891","recorded_birth_year","1","True","True","False","needs_review","same_named_parent_pair and child/spouse timing within professor-approved ±15-year window; no marriage-date exclusion applied","False"
"potential_sibling","santos espejo | martina poma","santos espejo","martina poma","M238","1918-02-21","wife","female","corpusa","espejo","1890-02-27","1890","28","B1986","1888-07-19","Pampamarca","manuela corpus","espejo","1888-05-30","1888","recorded_birth_year","2","True","True","False","needs_review","same_named_parent_pair and child/spouse timing within professor-approved ±15-year window; no marriage-date exclusion applied","False"
"potential_sibling","santos espejo | martina puma","santos espejo","martina puma","M443","1906-03-18","husband","male","yldefonso","espejo","1881-03-23","1881","25","B00727","1893-11-12","Pampamarca|santa iglesia","santos espejo","espejo","1893-11-07","1893","recorded_birth_year","12","True","True","False","needs_review","same_named_parent_pair and child/spouse timing within professor-approved ±15-year window; no marriage-date exclusion applied","False"
"potential_sibling","santos huamani | geronima chinchay","santos huamani","geronima chinchay","M112","1912-09-09","wife","female","dominga","huamani","1892-09-13","1892","20","B01047","1895-08-30","Aucara","josé calasans huamaní","huamani","1895-08-26","1895","recorded_birth_year","3","True","True","True","needs_review","same_named_parent_pair and child/spouse timing within professor-approved ±15-year window; no marriage-date exclusion applied","False"
"potential_sibling","santos mancco | petronila asto","santos mancco","petronila asto","M148","1913-10-08","wife","female","felisfora","mancco","1894-10-12","1894","19","B00766","1894-01-18","Aucara","telésfora","mancco","1894-01-04","1894","recorded_birth_year","0","True","True","False","needs_review","same_named_parent_pair and child/spouse timing within professor-approved ±15-year window; no marriage-date exclusion applied","False"
"potential_sibling","santos mancco | petronila asto","santos mancco","petronila asto","M204","1915-12-09","husband","male","andres","mancco","1895-12-13","1895","20","B00766","1894-01-18","Aucara","telésfora","mancco","1894-01-04","1894","recorded_birth_year","1","True","True","True","needs_review","same_named_parent_pair and child/spouse timing within professor-approved ±15-year window; no marriage-date exclusion applied","False"
"potential_sibling","santos quispe | catalina flores","santos quispe","catalina flores","M310","1901-10-18","husband","male","ambrocio","quispe","1861-10-27","1861","40","B0695","1865-03-01","Aucará","martin","quispe","1865-02-14","1865","recorded_birth_year","4","True","True","False","needs_review","same_named_parent_pair and child/spouse timing within professor-approved ±15-year window; no marriage-date exclusion applied","False"
"potential_sibling","santos rojas | manuela quispe","santos rojas","manuela quispe","M278","1918-10-20","husband","male","prudencio","rojas","1893-10-25","1893","25","B00027","1896-08-18","Chacralla","jacinto","rojas","1896-07-19","1896","recorded_birth_year","3","True","True","True","needs_review","same_named_parent_pair and child/spouse timing within professor-approved ±15-year window; no marriage-date exclusion applied","False"
"potential_sibling","sebastian barrios | betsabe roca","sebastian barrios","betsabe roca","M342","1920-06-18","husband","male","moises","barrios","1899-06-23","1899","21","B00026","1889-02-16","Aucara","samuel barrios","barrios","1889-02-14","1889","recorded_birth_year","10","True","True","True","needs_review","same_named_parent_pair and child/spouse timing within professor-approved ±15-year window; no marriage-date exclusion applied","False"
"potential_sibling","sebastian condori | carmen barrientos","sebastian condori","carmen barrientos","M163","1914-03-15","wife","female","rufina","condori","1896-03-18","1896","18","B00987","1895-03-22","Pampamarca|santa iglesia viceparroquial","melchora condori","condori","1895-01-21","1895","recorded_birth_year","1","True","True","False","needs_review","same_named_parent_pair and child/spouse timing within professor-approved ±15-year window; no marriage-date exclusion applied","False"
"potential_sibling","sebastian flores | silvestra condori","sebastian flores","silvestra condori","M163","1914-03-15","husband","male","jesus","flores","1894-03-19","1894","20","B00785","1894-02-18","Aucara","manuel jesús","flores","1894-01-02","1894","recorded_birth_year","0","True","True","False","needs_review","same_named_parent_pair and child/spouse timing within professor-approved ±15-year window; no marriage-date exclusion applied","False"
"potential_sibling","sebastian huamani | ynocencia bendezu","sebastian huamani","ynocencia bendezu","M229","1917-08-25","husband","male","apolonio","huamani","1897-08-29","1897","20","B00839","1894-04-21","Aucara","mariano huamaní","huamaní","1894-04-13","1894","recorded_birth_year","3","True","True","False","needs_review","same_named_parent_pair and child/spouse timing within professor-approved ±15-year window; no marriage-date exclusion applied","False"
"potential_sibling","sebastian sanchez | leocadia quispe","sebastian sanchez","leocadia quispe","M088","1912-02-06","husband","male","alverto","sánchez","1890-02-10","1890","22","B00153","1890-02-05","Aucara","paula sanchez","sanchez","1890-01-21","1890","recorded_birth_year","0","True","True","True","needs_review","same_named_parent_pair and child/spouse timing within professor-approved ±15-year window; no marriage-date exclusion applied","False"
"potential_sibling","sebastian sanchez | leocadia quispe","sebastian sanchez","leocadia quispe","M088","1912-02-06","husband","male","alverto","sánchez","1890-02-10","1890","22","B00878","1894-07-17","Pampamarca","feliciano sanchez","sanchez","1894-06-17","1894","recorded_birth_year","4","True","True","False","needs_review","same_named_parent_pair and child/spouse timing within professor-approved ±15-year window; no marriage-date exclusion applied","False"
"potential_sibling","sebastian sanchez | leocadia quispe","sebastian sanchez","leocadia quispe","M373","1920-10-28","husband","male","felix","sanchez","1898-11-02","1898","22","B00153","1890-02-05","Aucara","paula sanchez","sanchez","1890-01-21","1890","recorded_birth_year","8","True","True","True","needs_review","same_named_parent_pair and child/spouse timing within professor-approved ±15-year window; no marriage-date exclusion applied","False"
"potential_sibling","sebastian sanchez | leocadia quispe","sebastian sanchez","leocadia quispe","M373","1920-10-28","husband","male","felix","sanchez","1898-11-02","1898","22","B00878","1894-07-17","Pampamarca","feliciano sanchez","sanchez","1894-06-17","1894","recorded_birth_year","4","True","True","False","needs_review","same_named_parent_pair and child/spouse timing within professor-approved ±15-year window; no marriage-date exclusion applied","False"
"potential_sibling","segundo pauccar | gregoria mancco","segundo pauccar","gregoria mancco","M185","1914-09-28","husband","male","pablo","pauccar","1893-10-02","1893","21","B00058","1896-11-05","Aucara","maria zaragosa","pauccar","1896-11-02","1896","recorded_birth_year","3","True","True","True","needs_review","same_named_parent_pair and child/spouse timing within professor-approved ±15-year window; no marriage-date exclusion applied","False"
"potential_sibling","seledonio bautista | eduarda sanches","seledonio bautista","eduarda sanches","M390","1904-07-30","wife","female","patrocinia","bautista","1876-08-05","1876","28","B00280","1891-01-09","Aucara","melchor bautista","bautista","1891-01-06","1891","recorded_birth_year","15","True","True","False","needs_review","same_named_parent_pair and child/spouse timing within professor-approved ±15-year window; no marriage-date exclusion applied","False"
"potential_sibling","severino marcacuzco | narcisa aivar","severino marcacuzco","narcisa aivar","M285","1919-02-21","husband","male","carmilón","marcacuzco","1884-02-29","1884","35","B2009","1888-08-30","Aucará","felipe","marcacuzco","1888-08-22","1888","recorded_birth_year","4","True","True","True","needs_review","same_named_parent_pair and child/spouse timing within professor-approved ±15-year window; no marriage-date exclusion applied","False"
"potential_sibling","silvestre mejia | antonia medina","silvestre mejia","antonia medina","M242","1918-07-06","husband","male","rufino","mejía","1893-07-11","1893","25","B00688","1893-08-11","Aucara","tiburcio","mejia","1893-07-30","1893","recorded_birth_year","0","True","True","True","needs_review","same_named_parent_pair and child/spouse timing within professor-approved ±15-year window; no marriage-date exclusion applied","False"
"potential_sibling","silvestre quispe | gabriela vega","silvestre quispe","gabriela vega","M038","1909-07-25","wife","female","mercedes","quispe","1887-07-30","1887","22","B00235","1901-07-21","Pampamarca","brigida quispe","quispe","1901-07-15","1901","recorded_birth_year","14","True","True","True","needs_review","same_named_parent_pair and child/spouse timing within professor-approved ±15-year window; no marriage-date exclusion applied","False"
"potential_sibling","silvestre quispe | gabriela vega","silvestre quispe","gabriela vega","M038","1909-07-25","wife","female","mercedes","quispe","1887-07-30","1887","22","B00438","1892-02-02","Aucara","antonia quispe","quispe","1891-12-04","1891","recorded_birth_year","4","True","True","False","needs_review","same_named_parent_pair and child/spouse timing within professor-approved ±15-year window; no marriage-date exclusion applied","False"
"potential_sibling","silvestre quispe | santona flores","silvestre quispe","santona flores","M475","1907-06-10","husband","male","prudencio","quispe","1882-06-15","1882","25","B1911","1888-01-02","Iglesia de Aucará","micaela","quispe","1887-10-04","1887","recorded_birth_year","5","True","True","False","needs_review","same_named_parent_pair and child/spouse timing within professor-approved ±15-year window; no marriage-date exclusion applied","False"
"potential_sibling","simeon perez | micaela huamani","simeon perez","micaela huamani","M013","1908-08-26","husband","male","francisco","pérez","1890-08-30","1890","18","B00211","1901-06-03","Aucara","angela perez","perez","1901-05-30","1901","recorded_birth_year","11","True","True","False","needs_review","same_named_parent_pair and child/spouse timing within professor-approved ±15-year window; no marriage-date exclusion applied","False"
"potential_sibling","simeon perez | micaela huamani","simeon perez","micaela huamani","M013","1908-08-26","husband","male","francisco","pérez","1890-08-30","1890","18","B1957","1888-05-05","Pampamarca","alejandra","perez","1888-04-29","1888","recorded_birth_year","2","True","True","False","needs_review","same_named_parent_pair and child/spouse timing within professor-approved ±15-year window; no marriage-date exclusion applied","False"
"potential_sibling","simeon vega | feliciana barrientos","simeon vega","feliciana barrientos","M283","1901-08-04","husband","male","fidel","vega","1879-08-09","1879","22","B00793","1894-02-24","Aucara","pedro nolasco","vega","1894-01-31","1894","recorded_birth_year","15","True","True","False","needs_review","same_named_parent_pair and child/spouse timing within professor-approved ±15-year window; no marriage-date exclusion applied","False"
"potential_sibling","simeon vega | feliciana barrientos","simeon vega","feliciana barrientos","M283","1901-08-04","husband","male","fidel","vega","1879-08-09","1879","22","B1999","1888-08-04","Pampamarca","ignacia","vega","1888-07-31","1888","recorded_birth_year","9","True","True","True","needs_review","same_named_parent_pair and child/spouse timing within professor-approved ±15-year window; no marriage-date exclusion applied","False"
"potential_sibling","simon cuevas | concepcion lucana","simon cuevas","concepcion lucana","M265","1918-08-03","wife","female","sabina","cuevas","1898-08-07","1898","20","B1561","1883-10-24","Pueblo de Aucará","teresa","cuevas","1883-10-12","1883","recorded_birth_year","15","True","True","False","needs_review","same_named_parent_pair and child/spouse timing within professor-approved ±15-year window; no marriage-date exclusion applied","False"
"potential_sibling","simon huallpatuero | natividad javier","simon huallpatuero","natividad javier","M282","1918-12-12","wife","female","jerónima","huallpatuero","1899-12-16","1899","19","B00653","1893-05-06","Aucara","raymundo huallpatuero","huallpatuero","1893-04-06","1893","recorded_birth_year","6","True","True","True","needs_review","same_named_parent_pair and child/spouse timing within professor-approved ±15-year window; no marriage-date exclusion applied","False"
"potential_sibling","simon quispe | maria ramos","simon quispe","maria ramos","M041","1909-07-26","husband","male","dionisio","quispe","1882-08-01","1882","27","B00262","1890-12-02","Aucara","narciso quispe","quispe","1890-11-02","1890","recorded_birth_year","8","True","True","False","needs_review","same_named_parent_pair and child/spouse timing within professor-approved ±15-year window; no marriage-date exclusion applied","False"
"potential_sibling","simon quispe | maria ramos","simon quispe","maria ramos","M041","1909-07-26","husband","male","dionisio","quispe","1882-08-01","1882","27","B00651","1893-05-04","Aucara","apolinario quispe","quispe","1893-04-14","1893","recorded_birth_year","11","True","True","False","needs_review","same_named_parent_pair and child/spouse timing within professor-approved ±15-year window; no marriage-date exclusion applied","False"
"potential_sibling","simon ramos | josefa huamani","simon ramos","josefa huamani","M044","1909-08-14","husband","male","basilio","ramos","1884-08-19","1884","25","B00074","1889-06-15","Aucara","simona ramos","rámos","1889-05-31","1889","recorded_birth_year","5","True","True","False","needs_review","same_named_parent_pair and child/spouse timing within professor-approved ±15-year window; no marriage-date exclusion applied","False"
"potential_sibling","simon ramos | josefa huamani","simon ramos","josefa huamani","M044","1909-08-14","husband","male","basilio","ramos","1884-08-19","1884","25","B00105","1897-06-27","Aucara","guillermo","ramos","1897-06-24","1897","recorded_birth_year","13","True","True","False","needs_review","same_named_parent_pair and child/spouse timing within professor-approved ±15-year window; no marriage-date exclusion applied","False"
"potential_sibling","simon ramos | josefa huamani","simon ramos","josefa huamani","M044","1909-08-14","husband","male","basilio","ramos","1884-08-19","1884","25","B00948","1894-12-30","Aucara","eusebia ramos","ramos","1894-12-14","1894","recorded_birth_year","10","True","True","False","needs_review","same_named_parent_pair and child/spouse timing within professor-approved ±15-year window; no marriage-date exclusion applied","False"
"potential_sibling","sinforino huamani | gregoria ccoyllo","sinforino huamani","gregoria ccoyllo","M488","1907-10-21","wife","female","felipa","huaman","1887-10-25","1887","20","B01007","1895-05-07","Pampamarca|santa iglesia viceparroquial","doroteo estanislao huamaní","huamaní","1895-04-01","1895","recorded_birth_year","8","True","True","False","needs_review","same_named_parent_pair and child/spouse timing within professor-approved ±15-year window; no marriage-date exclusion applied","False"
"potential_sibling","sinforoso roque | melchora javier","sinforoso roque","melchora javier","M304","1901-10-06","husband","male","marcelo","roque","1873-10-12","1873","28","B1274","1871-02-21","Aucará","maria","roque","1871-01-22","1871","recorded_birth_year","2","True","True","False","needs_review","same_named_parent_pair and child/spouse timing within professor-approved ±15-year window; no marriage-date exclusion applied","False"
"potential_sibling","tiburcio ccanto | luisa diaz","tiburcio ccanto","luisa diaz","M301","1919-07-16","husband","male","alejandro","ccanto","1899-07-20","1899","20","B00780","1894-02-11","Aucara","ricardo","ccanto","1894-02-06","1894","recorded_birth_year","5","True","True","False","needs_review","same_named_parent_pair and child/spouse timing within professor-approved ±15-year window; no marriage-date exclusion applied","False"
"potential_sibling","tiburcio condori | saturnina garcia","tiburcio condori","saturnina garcia","M091","1912-03-07","wife","female","marcela","condori","1887-03-13","1887","25","B00068","1889-05-31","Aucara","tiburcia condori","condori","1889-05-01","1889","recorded_birth_year","2","True","True","False","needs_review","same_named_parent_pair and child/spouse timing within professor-approved ±15-year window; no marriage-date exclusion applied","False"
"potential_sibling","tiburcio condori | saturnina garcia","tiburcio condori","saturnina garcia","M104","1912-08-08","husband","male","hipólito","condori","1892-08-12","1892","20","B00068","1889-05-31","Aucara","tiburcia condori","condori","1889-05-01","1889","recorded_birth_year","3","True","True","False","needs_review","same_named_parent_pair and child/spouse timing within professor-approved ±15-year window; no marriage-date exclusion applied","False"
"potential_sibling","tiburcio condori | saturnina garcia","tiburcio condori","saturnina garcia","M401","1904-08-28","wife","female","marcela","condori","1874-09-04","1874","30","B00068","1889-05-31","Aucara","tiburcia condori","condori","1889-05-01","1889","recorded_birth_year","15","True","True","True","needs_review","same_named_parent_pair and child/spouse timing within professor-approved ±15-year window; no marriage-date exclusion applied","False"
"potential_sibling","tiburcio sanchez | lorenza aime","tiburcio sanchez","lorenza aime","M218","1916-12-20","husband","male","carmilón","sanchez","1888-12-26","1888","28","B00753","1893-12-09","Aucara","ysabel sanchez","sanchez","1893-11-25","1893","recorded_birth_year","5","True","True","False","needs_review","same_named_parent_pair and child/spouse timing within professor-approved ±15-year window; no marriage-date exclusion applied","False"
"potential_sibling","tiburcio serrano | dionicia sanches","tiburcio serrano","dionicia sanches","M472","1906-10-21","husband","male","ygnacio","serrano","1883-10-26","1883","23","B00968","1895-02-23","Aucara","marcelina serrano","serrano","1895-02-07","1895","recorded_birth_year","12","True","True","False","needs_review","same_named_parent_pair and child/spouse timing within professor-approved ±15-year window; no marriage-date exclusion applied","False"
"potential_sibling","tiburcio serrano | ynocencia avalos","tiburcio serrano","ynocencia avalos","M249","1918-07-07","wife","female","luisa","serrano","1896-07-11","1896","22","B00818","1894-04-01","Aucara","juan clímaco","serrano","1894-03-29","1894","recorded_birth_year","2","True","True","True","needs_review","same_named_parent_pair and child/spouse timing within professor-approved ±15-year window; no marriage-date exclusion applied","False"
"potential_sibling","tomas sanchez | cayetana quispe","tomas sanchez","cayetana quispe","M086","1912-01-02","wife","female","casimira","sánchez","1893-01-05","1893","19","B00320","1902-01-01","Aucara","manuel circunion","sanchez","1901-12-02","1901","recorded_birth_year","8","True","True","True","needs_review","same_named_parent_pair and child/spouse timing within professor-approved ±15-year window; no marriage-date exclusion applied","False"
"potential_sibling","tomas sanchez | cayetana quispe","tomas sanchez","cayetana quispe","M256","1918-07-08","wife","female","mónica","sanchez","1898-07-12","1898","20","B00320","1902-01-01","Aucara","manuel circunion","sanchez","1901-12-02","1901","recorded_birth_year","3","True","True","True","needs_review","same_named_parent_pair and child/spouse timing within professor-approved ±15-year window; no marriage-date exclusion applied","False"
"potential_sibling","tomas sanchez | cayetana quispe","tomas sanchez","cayetana quispe","M308","1919-08-21","husband","male","gregorio","sanchez","1897-08-25","1897","22","B00320","1902-01-01","Aucara","manuel circunion","sanchez","1901-12-02","1901","recorded_birth_year","4","True","True","False","needs_review","same_named_parent_pair and child/spouse timing within professor-approved ±15-year window; no marriage-date exclusion applied","False"
"potential_sibling","toribio bautista | evarista damian","toribio bautista","evarista damian","M383","1904-06-16","wife","female","sevastiana","bautista","1881-06-21","1881","23","B00719","1893-11-01","Aucara","fructuosa","bautista","1893-10-28","1893","recorded_birth_year","12","True","True","True","needs_review","same_named_parent_pair and child/spouse timing within professor-approved ±15-year window; no marriage-date exclusion applied","False"
"potential_sibling","toribio bautista | evarista damian","toribio bautista","evarista damian","M383","1904-06-16","wife","female","sevastiana","bautista","1881-06-21","1881","23","B1938","1888-03-19","Yshua","victoria","bautista","1888-03-09","1888","recorded_birth_year","7","True","True","False","needs_review","same_named_parent_pair and child/spouse timing within professor-approved ±15-year window; no marriage-date exclusion applied","False"
"potential_sibling","trinidad huarcaya | natividad mejia","trinidad huarcaya","natividad mejia","M076","1890-08-07","wife","female","agustina","huarcaya","1870-08-12","1870","20","B0838","1866-10-26","Aucará","eduardo","huarcaya","1866-10-25","1866","recorded_birth_year","4","True","True","False","needs_review","same_named_parent_pair and child/spouse timing within professor-approved ±15-year window; no marriage-date exclusion applied","False"
"potential_sibling","trinidad sanchez | manuela ramos","trinidad sanchez","manuela ramos","M178","1914-07-22","husband","male","gregorio","sánchez","1893-07-26","1893","21","B00347","1902-02-17","Pampamarca","maria sanchez","sanchez","1902-01-18","1902","recorded_birth_year","9","True","True","True","needs_review","same_named_parent_pair and child/spouse timing within professor-approved ±15-year window; no marriage-date exclusion applied","False"
"potential_sibling","valentin chalco | rosa bustillos","valentin chalco","rosa bustillos","M054","1910-04-07","husband","male","marcos","chalco","1888-04-11","1888","22","B00094","1889-08-25","Aucara","sixto chalco","chalco","1889-08-25","1889","recorded_birth_year","1","True","True","True","needs_review","same_named_parent_pair and child/spouse timing within professor-approved ±15-year window; no marriage-date exclusion applied","False"
"potential_sibling","valentin chalco | rosa bustillos","valentin chalco","rosa bustillos","M170","1914-06-08","husband","male","fidel","chalco","1875-06-17","1875","39","B00094","1889-08-25","Aucara","sixto chalco","chalco","1889-08-25","1889","recorded_birth_year","14","True","True","True","needs_review","same_named_parent_pair and child/spouse timing within professor-approved ±15-year window; no marriage-date exclusion applied","False"
"potential_sibling","valentin chalco | rosa bustillos","valentin chalco","rosa bustillos","M170","1914-06-08","husband","male","fidel","chalco","1875-06-17","1875","39","B1290","1871-04-02","Aucará","francisco","chalco","1871-03-31","1871","recorded_birth_year","4","True","True","True","needs_review","same_named_parent_pair and child/spouse timing within professor-approved ±15-year window; no marriage-date exclusion applied","False"
"potential_sibling","valentin chalco | rosa bustillos","valentin chalco","rosa bustillos","M334","1902-09-08","husband","male","fructuoso","chalco","1880-09-12","1880","22","B00094","1889-08-25","Aucara","sixto chalco","chalco","1889-08-25","1889","recorded_birth_year","9","True","True","False","needs_review","same_named_parent_pair and child/spouse timing within professor-approved ±15-year window; no marriage-date exclusion applied","False"
"potential_sibling","valentin chalco | rosa bustillos","valentin chalco","rosa bustillos","M334","1902-09-08","husband","male","fructuoso","chalco","1880-09-12","1880","22","B1290","1871-04-02","Aucará","francisco","chalco","1871-03-31","1871","recorded_birth_year","9","True","True","False","needs_review","same_named_parent_pair and child/spouse timing within professor-approved ±15-year window; no marriage-date exclusion applied","False"
"potential_sibling","valentin chalco | rosa bustillos","valentin chalco","rosa bustillos","M430","1905-05-23","husband","male","sixto","chalco","1886-05-27","1886","19","B1290","1871-04-02","Aucará","francisco","chalco","1871-03-31","1871","recorded_birth_year","15","True","True","True","needs_review","same_named_parent_pair and child/spouse timing within professor-approved ±15-year window; no marriage-date exclusion applied","False"
"potential_sibling","valentin chinchay | maria huamani","valentin chinchay","maria huamani","M324","1919-12-13","wife","female","dionisia","chinchay","1893-12-18","1893","26","B01036","1895-07-17","Pampamarca|santa iglesia viceparroquial","fernanda chinchay","chinchay","1895-06-07","1895","recorded_birth_year","2","True","True","False","needs_review","same_named_parent_pair and child/spouse timing within professor-approved ±15-year window; no marriage-date exclusion applied","False"
"potential_sibling","valerio quispe | manuela javier","valerio quispe","manuela javier","M266","1918-08-11","husband","male","delacruz","quispe","1898-08-15","1898","20","B00204","1900-10-16","Cabana","remijio","quispe","1900-09-30","1900","recorded_birth_year","2","True","True","False","needs_review","same_named_parent_pair and child/spouse timing within professor-approved ±15-year window; no marriage-date exclusion applied","False"
"potential_sibling","vicente ccoillo | agustina urbano","vicente ccoillo","agustina urbano","M088","1912-02-06","wife","female","maria","ccoillo","1892-02-10","1892","20","B00215","1890-06-14","Aucara","espírita","ccoillo","1890-05-15","1890","recorded_birth_year","2","True","True","True","needs_review","same_named_parent_pair and child/spouse timing within professor-approved ±15-year window; no marriage-date exclusion applied","False"
"potential_sibling","vicente ccoillo | agustina urbano","vicente ccoillo","agustina urbano","M207","1915-12-27","husband","male","martín","ccoillo","1895-12-31","1895","20","B00215","1890-06-14","Aucara","espírita","ccoillo","1890-05-15","1890","recorded_birth_year","5","True","True","True","needs_review","same_named_parent_pair and child/spouse timing within professor-approved ±15-year window; no marriage-date exclusion applied","False"
"potential_sibling","vicente ccoillo | agustina urbano","vicente ccoillo","agustina urbano","M277","1918-10-18","husband","male","calixto","ccoillo","1898-10-22","1898","20","B00215","1890-06-14","Aucara","espírita","ccoillo","1890-05-15","1890","recorded_birth_year","8","True","True","False","needs_review","same_named_parent_pair and child/spouse timing within professor-approved ±15-year window; no marriage-date exclusion applied","False"
"potential_sibling","vicente sanchez | ynes espinoza","vicente sanchez","ynes espinoza","M131","1913-07-24","wife","female","margarita","sánchez","1896-07-27","1896","17","B01175","1896-03-10","Pampamarca|santa iglesia viceparroquial","angelina fulgencia sanches","sanchez","1896-02-03","1896","recorded_birth_year","0","True","True","False","needs_review","same_named_parent_pair and child/spouse timing within professor-approved ±15-year window; no marriage-date exclusion applied","False"
"potential_sibling","victoriano polanco | maria espinosa","victoriano polanco","maria espinosa","M023","1908-10-12","husband","male","antonio","polanco","1879-10-19","1879","29","B00228","1890-07-18","Aucara","siriaco","polanco","1890-05-19","1890","recorded_birth_year","11","True","True","True","needs_review","same_named_parent_pair and child/spouse timing within professor-approved ±15-year window; no marriage-date exclusion applied","False"
"potential_sibling","victoriano polanco | maria espinosa","victoriano polanco","maria espinosa","M023","1908-10-12","husband","male","antonio","polanco","1879-10-19","1879","29","B1219","1870-10-04","Aucará","juana","polanco","1870-09-16","1870","recorded_birth_year","9","True","True","True","needs_review","same_named_parent_pair and child/spouse timing within professor-approved ±15-year window; no marriage-date exclusion applied","False"
"potential_sibling","victoriano polanco | maria espinosa","victoriano polanco","maria espinosa","M023","1908-10-12","husband","male","antonio","polanco","1879-10-19","1879","29","B1369","1875-06-09","","medardo","polanco","1875-06-08","1875","recorded_birth_year","4","True","True","False","needs_review","same_named_parent_pair and child/spouse timing within professor-approved ±15-year window; no marriage-date exclusion applied","False"
"potential_sibling","victoriano polanco | maria espinosa","victoriano polanco","maria espinosa","M282","1901-08-04","husband","male","gerardo","polanco","1879-08-09","1879","22","B00228","1890-07-18","Aucara","siriaco","polanco","1890-05-19","1890","recorded_birth_year","11","True","True","False","needs_review","same_named_parent_pair and child/spouse timing within professor-approved ±15-year window; no marriage-date exclusion applied","False"
"potential_sibling","victoriano polanco | maria espinosa","victoriano polanco","maria espinosa","M282","1901-08-04","husband","male","gerardo","polanco","1879-08-09","1879","22","B1219","1870-10-04","Aucará","juana","polanco","1870-09-16","1870","recorded_birth_year","9","True","True","False","needs_review","same_named_parent_pair and child/spouse timing within professor-approved ±15-year window; no marriage-date exclusion applied","False"
"potential_sibling","victoriano polanco | maria espinosa","victoriano polanco","maria espinosa","M282","1901-08-04","husband","male","gerardo","polanco","1879-08-09","1879","22","B1369","1875-06-09","","medardo","polanco","1875-06-08","1875","recorded_birth_year","4","True","True","False","needs_review","same_named_parent_pair and child/spouse timing within professor-approved ±15-year window; no marriage-date exclusion applied","False"
"potential_sibling","ygnacio barrientos | josefa urbano","ygnacio barrientos","josefa urbano","M271","1918-09-04","wife","female","felipa","barrientos","1900-09-08","1900","18","B00189","1900-10-04","Pampamarca","damiana","barrientos","1900-09-26","1900","recorded_birth_year","0","True","True","False","needs_review","same_named_parent_pair and child/spouse timing within professor-approved ±15-year window; no marriage-date exclusion applied","False"
"potential_sibling","ygnacio chinchay | margarita mancco","ygnacio chinchay","margarita mancco","M166","1914-05-04","wife","female","josefa","chinchay","1894-05-08","1894","20","B00674","1893-06-29","Aucara","pedro chinchay","chinchay","1893-06-27","1893","recorded_birth_year","1","True","True","False","needs_review","same_named_parent_pair and child/spouse timing within professor-approved ±15-year window; no marriage-date exclusion applied","False"
"potential_sibling","ygnacio chinchay | margarita mancco","ygnacio chinchay","margarita mancco","M166","1914-05-04","wife","female","josefa","chinchay","1894-05-08","1894","20","B01023","1895-07-04","Aucara","agripina chinchay","chinchay","1895-06-20","1895","recorded_birth_year","1","True","True","False","needs_review","same_named_parent_pair and child/spouse timing within professor-approved ±15-year window; no marriage-date exclusion applied","False"
"potential_sibling","ygnacio echaccaya | hipolita espinosa","ygnacio echaccaya","hipolita espinosa","M327","1920-01-06","wife","female","amelia","echaccaya","1900-01-10","1900","20","B00488","1892-05-04","Aucara","agustina echaccaya","echaccaya","1892-04-14","1892","recorded_birth_year","8","True","True","True","needs_review","same_named_parent_pair and child/spouse timing within professor-approved ±15-year window; no marriage-date exclusion applied","False"
"potential_sibling","yldefonso sanchez | juana huallpatuero","yldefonso sanchez","juana huallpatuero","M155","1913-10-22","husband","male","nasario","sánchez","1891-10-27","1891","22","B1764","1885-10-31","Pueblo de Aucará","visenta","sanchez","1885-10-25","1885","recorded_birth_year","6","True","True","False","needs_review","same_named_parent_pair and child/spouse timing within professor-approved ±15-year window; no marriage-date exclusion applied","False"
"potential_sibling","ysidro huarcaya | ygnacia mejia","ysidro huarcaya","ygnacia mejia","M059","1910-05-28","wife","female","ponceana","huarcaya","1890-06-01","1890","20","B00323","1902-01-01","Aucara","manuel circunion huarcaya","huarcaya","1902-01-01","1902","recorded_birth_year","12","True","True","True","needs_review","same_named_parent_pair and child/spouse timing within professor-approved ±15-year window; no marriage-date exclusion applied","False"
"potential_sibling","ysidro huarcaya | ygnacia mejia","ysidro huarcaya","ygnacia mejia","M059","1910-05-28","wife","female","ponceana","huarcaya","1890-06-01","1890","20","B00605","1893-02-04","Aucara","nicolasa huarcaya","huarcaya","1893-02-03","1893","recorded_birth_year","3","True","True","True","needs_review","same_named_parent_pair and child/spouse timing within professor-approved ±15-year window; no marriage-date exclusion applied","False"
"potential_sibling","ysidro huarcaya | ygnacia mejia","ysidro huarcaya","ygnacia mejia","M059","1910-05-28","wife","female","ponceana","huarcaya","1890-06-01","1890","20","B1881","1887-11-12","Iglesia de Aucará","andres avelino","huarcaya","1887-11-09","1887","recorded_birth_year","3","True","True","False","needs_review","same_named_parent_pair and child/spouse timing within professor-approved ±15-year window; no marriage-date exclusion applied","False"
"potential_sibling","ysidro osorio | basilia gavilan","ysidro osorio","basilia gavilan","M117","1912-10-18","wife","female","angelina","osorio","1893-10-22","1893","19","B00159","1899-11-20","Aucara","juana","osorio","1899-11-10","1899","recorded_birth_year","6","True","True","False","needs_review","same_named_parent_pair and child/spouse timing within professor-approved ±15-year window; no marriage-date exclusion applied","False"
